,language,language,language,language,language,memory,memory,memory,memory,memory,executive_function,executive_function,executive_function,executive_function,executive_function,speed,speed,speed,speed,speed
,target,cookieTheft,wave,picnicScene,journaling,target,cookieTheft,wave,picnicScene,journaling,target,cookieTheft,wave,picnicScene,journaling,target,cookieTheft,wave,picnicScene,journaling
sample_name,,,,,,,,,,,,,,,,,,,,
83,0.1275136977426567,0.1988336555910808,wave1,0.1987187471703555,0.198740195725944,-0.0208416004634395,0.1982054297684804,wave1,0.1981132921385654,0.1978844857055669,0.9049319425661132,0.1319743583413632,wave1,0.1321388789359585,0.1321429771283004,-0.2931249522626943,0.1419142729281862,wave1,0.1419998883041101,0.142271001478155
84,1.5909996034411122,0.1641747483624545,wave1,0.164067139464956,0.1641769925719838,0.8230068675731378,0.2783463283435455,wave1,0.2779950432788974,0.2780900025162344,0.9850799541672212,0.0151347719770745,wave1,0.0152115306930787,0.0151822985972148,0.2703901960584017,-0.1225918031853148,wave1,-0.1218795944268376,-0.1216324042794448
85,-0.1375634546671918,0.68491397951213,wave1,0.6840417750564312,0.6843602828140387,-0.1412879584720527,0.6540630335020301,wave1,0.6532084129438769,0.6533764041227081,-1.4527595557191588,0.5181456768159556,wave1,0.5177643825634879,0.5176978658267608,-1.356771763118752,0.4004799441562875,wave1,0.4001793254480871,0.4001453290060936
86,0.0849978788587147,0.2225706060486459,wave1,0.2225291437033222,0.2222079952638694,-0.4466850333524393,0.1784294340082997,wave1,0.1780890148131012,0.1785275164126603,0.2044406063108743,0.3187182986917567,wave1,0.3183801072239296,0.3182298776454173,-1.0627851816960208,0.2681148190000815,wave1,0.2685669965305461,0.2679421593145481
88,0.1236477469678027,0.0915717472344143,wave1,0.0916676248453084,0.0914823195056956,0.1054574288416571,-0.2139911075074582,wave1,-0.2137476608288648,-0.2134784335804204,0.2686569185337796,0.2092169542917346,wave1,0.2090916917807055,0.20890191666233,-0.2343059026251225,0.2770162554464856,wave1,0.2774573962491014,0.2769789452447384
89,0.9477145613081764,0.0698165567641307,wave1,0.070019807711268,0.0699930389843858,0.9164716170704468,-0.244920757885087,wave1,-0.2443360515868343,-0.2440598238639787,0.7214983144981956,0.1612058698069465,wave1,0.1612492398909755,0.1610771743915859,0.2628928432399975,0.2090914196836761,wave1,0.2092902205263591,0.2090342527204422
90,0.0988909012404879,0.1473054262791687,wave1,0.1473616283576154,0.14740510244226,-0.5882865783337745,0.0984362609271704,wave1,0.0987414433118155,0.0987493907374211,-2.0841135303309404,0.1708314133291695,wave1,0.1710352426941714,0.1711432462720401,0.070312470940905,0.1077171328661699,wave1,0.1076474220127166,0.1076108389201311
91,-0.2470823624642878,0.030774867825157,wave1,0.030819418264821,0.0309625170904478,1.0613184245685725,-0.367287871470042,wave1,-0.3669532792632175,-0.367052398771408,0.3360119839550906,0.4063114783198974,wave1,0.4059488632761504,0.4060368036922329,0.3777593782942584,0.2926440861908206,wave1,0.2925514548550548,0.2924475248104044
92,-0.8950476860310591,0.2142379150906359,wave1,0.2140425367001843,0.2144929886802522,0.4402711860986426,-0.0350632976681348,wave1,-0.0351361469584669,-0.0347311247561556,-0.2372919774368483,0.1641213428155155,wave1,0.1641985701490778,0.1642447493855912,-0.5187345792887774,0.0773197199652892,wave1,0.0773176521732259,0.0774112684553908
93,0.90025917826159,-0.0857312530612638,wave1,-0.0854216012811232,-0.0853802326298586,1.2083291796518605,-0.0944047177902155,wave1,-0.0938327598039604,-0.0937444359084989,1.46049661022357,-0.0741188544536439,wave1,-0.073732857770963,-0.073880527421229,0.4768352878233019,-0.1389291167356328,wave1,-0.1382655162486479,-0.1385732188220934
97,-0.1251982077137691,0.1049251557135203,wave1,0.1051115545460289,0.1049975473901699,-1.1056300432497954,0.2487371831655375,wave1,0.2484545400198392,0.2479414405565245,0.0551392778519724,0.3181178982230673,wave1,0.3179257047329938,0.3178047027654619,0.6633776603176247,0.4480100134296155,wave1,0.4475864365979978,0.4475961716564821
98,-1.6813213924202113,0.550077829460398,wave1,0.5492597429012828,0.5488607420173625,-2.436185028070028,0.2593176205405529,wave1,0.2595267844063382,0.2597795207127618,-0.979034761005394,0.6353064889482044,wave1,0.6350268692827371,0.6350710136798118,-0.7510437149379476,0.4768563253435688,wave1,0.4764696047273091,0.4766467736089896
101,-0.3009252742390148,-0.3889565411935849,wave1,-0.3886982323230477,-0.3885664977422319,-1.839421822887495,-0.1121950306558258,wave1,-0.111897258759115,-0.1114845025511491,-1.163842341180762,-0.721463317843232,wave1,-0.7202403113176831,-0.7206015856072575,-0.710630343748174,-0.6160611108741221,wave1,-0.6152446562307907,-0.6150935294913804
102,0.6295419212732077,-0.2087006268687675,wave1,-0.2081696414995578,-0.2084054179965188,1.0811122531762964,0.1758812810582768,wave1,0.1754414218442662,0.1759546689522507,1.2209484874432552,-0.0989710918446915,wave1,-0.0986753442754682,-0.0988770986372169,1.2794755866617906,0.204301913094729,wave1,0.2048805218823932,0.204367363841454
103,0.5164686363300379,0.4590868238292557,wave1,0.4588671837889039,0.4588313154049911,-1.7036287301480215,0.0901838694998594,wave1,0.0904451256346471,0.0906486907238438,0.4560446049166364,0.5587125060087763,wave1,0.5581475344984284,0.5580241169560687,0.257827823330663,0.3918358608192078,wave1,0.3917286261198595,0.3914927491526505
104,1.9556646331997072,0.3595764754217405,wave1,0.3592393126096052,0.3591748810979969,0.8000030472828137,0.4016748001690277,wave1,0.4013813475054063,0.4011292975720407,1.2697681841745168,0.3341094973648064,wave1,0.3339849756771538,0.3339417182110642,1.1750990677122564,0.0722293105541164,wave1,0.0723390728123037,0.0728121799760971
105,0.5516670223548814,0.1953950735122699,wave1,0.194843477555866,0.1951316355389533,-0.3431896881513977,-0.1713084082636752,wave1,-0.1709790914941004,-0.170497770274178,0.4103175848846254,0.4302711324590232,wave1,0.4299399042732227,0.4297749943186161,0.0782405775118678,0.4209169730588988,wave1,0.4202231252817356,0.4206125139700449
107,-0.4978171093164543,0.2379947514832215,wave1,0.2378037850562325,0.2379855141296163,0.2182324389106167,0.355458072458198,wave1,0.3554089223390803,0.3554691921111738,-1.4589017459552942,0.0726642117927556,wave1,0.0730249784854362,0.0730948254445318,-0.8576570796572779,-0.0536977816984355,wave1,-0.0536394613926087,-0.0536205180162833
109,1.7757488579552432,0.0246961771123843,wave1,0.0243970069733569,0.0246465402331112,0.1597477902275357,-0.3265028460926286,wave1,-0.3259505429347969,-0.3254583490849893,1.5047184001503622,0.2320751535603432,wave1,0.2320320846498035,0.2318126597087842,2.342263696536211,0.2066035733520758,wave1,0.2062307621708971,0.2065661972820315
110,1.7243512698407577,0.1158277853054597,wave1,0.1154318210910285,0.1158347278563316,1.004971008856422,-0.2747347479555179,wave1,-0.2745848857157086,-0.2747566506531432,0.693853676163841,0.2464022359211304,wave1,0.2462075955934457,0.2464352585952234,0.5615221351585333,0.019375746042639,wave1,0.0200340402319715,0.0194522648596994
111,-0.0080758738104662,-0.5484659525121431,wave1,-0.5475208157265623,-0.5471483077645933,-1.639321512723408,-0.4464735551029901,wave1,-0.4460487620493423,-0.4455991856790435,-0.3910118572919149,-0.3254655280228571,wave1,-0.3246525741061365,-0.3245846070691092,-0.7119963967651363,-0.0586306429624805,wave1,-0.0585199975772022,-0.0583141768164426
112,1.1244009817362226,0.0791982370977453,wave1,0.0792419341418045,0.0792928438589025,0.1849612764562636,0.4607181587367813,wave1,0.4605785528165368,0.4604736214257688,1.3716042788474947,0.2494238957844949,wave1,0.2495635335796422,0.2496306251583184,1.5593196682301913,0.2396492547303491,wave1,0.2394414611509286,0.2395452038744448
115,-1.6770258971332803,-0.3916476463538222,wave1,-0.3909330554488414,-0.3909248998464777,-1.6863648032843852,0.117728037635144,wave1,0.1179420310632612,0.1181175014662049,-1.9304551311986025,-0.3372349511646477,wave1,-0.3364539346865813,-0.3367093978965976,-1.345215478086579,-0.0698761573589986,wave1,-0.0692815858087297,-0.0696106367220537
119,1.2638566985939406,0.1058868021550135,wave1,0.1060669600214697,0.1060746080417566,0.5096319685673147,0.4883017261887842,wave1,0.4882022615617415,0.4882551622589922,1.4089609865166035,0.2533227378125231,wave1,0.2532247997872703,0.253011090310874,1.1562754899551562,0.2510970445665247,wave1,0.2511550316460411,0.2509159398206514
120,-0.2910323674809579,0.0037327649942551,wave1,0.0040275175863995,0.0041147039548141,-0.5831192765323929,0.3545657622819068,wave1,0.3542456100740615,0.3541855345275352,1.049083586546853,0.2132961565450998,wave1,0.2133492338923074,0.213121653994135,-0.3575505068151014,0.2250421653273694,wave1,0.2252503261746438,0.225690530678751
122,-0.8985957200449888,-0.2779651074402216,wave1,-0.2774066729538309,-0.2771362212103403,-0.853440104266455,0.0842638366791475,wave1,0.0841136802185625,0.0843764707531622,-0.7839484315302231,-0.1524869476417267,wave1,-0.1518955203035286,-0.1519047731464604,-1.3454620604790726,0.0505800871935053,wave1,0.0506572162228348,0.0507468023041801
123,0.3728859081187028,-0.1132567499424719,wave1,-0.1129269466302034,-0.1126210517570265,0.2232109965420194,-0.1191971197700818,wave1,-0.119161606950229,-0.11873823461062,0.359008778824946,0.2128273206577662,wave1,0.2128600153533215,0.2129923511955758,0.6464840115105512,0.1950646356665477,wave1,0.1949129504197437,0.1950427145986077
124,0.1195516526752519,-0.0343060809910085,wave1,-0.034135020990913,-0.0337060211965636,0.8702426561933236,-0.3104171889390732,wave1,-0.3101162333953626,-0.3097650977568629,-1.1398992739670837,-0.0043399623999145,wave1,-0.0039705325352594,-0.0039359778931944,-0.3949875153317401,0.0612150521450884,wave1,0.061153208688279,0.0613402860226676
127,1.0610745792689102,-0.3606354703917587,wave1,-0.3599556625271645,-0.3596849823121268,1.5309819060622802,0.0033612835371943,wave1,0.003325557657418,0.0036034214029412,0.3671390042715691,-0.2049644536646611,wave1,-0.2043103050331558,-0.204288146127215,0.3011411278435906,-0.0313945463164478,wave1,-0.0312225802693953,-0.0311230588911227
128,-0.9954748939605506,0.2618294596635752,wave1,0.2617264424178244,0.2616491728692106,-0.1309482506092666,0.3445602709661965,wave1,0.3439742456837233,0.3437284915441543,-1.140118771460095,0.0051735748364677,wave1,0.0054052396279214,0.0051313031199428,-0.8146500992334664,-0.1316161844281406,wave1,-0.1309540358759952,-0.1312904678787771
129,-2.17363683598968,0.0554958060388226,wave1,0.0557029534578863,0.0557540967769416,-0.2099014556122037,-0.3072220969959282,wave1,-0.3066504904172628,-0.3065800082622064,-0.6534408731732292,0.2512566010165314,wave1,0.2512671347555103,0.2510255779262077,-2.8251280990424936,0.2651658853095073,wave1,0.2654136321377753,0.2657381914467615
130,-0.2251185306775135,0.4299670297400544,wave1,0.4294659385189665,0.4298066205583586,0.665475434772903,0.4385108738884293,wave1,0.4379482549044813,0.4381725695905218,-0.16512328214111,0.3083070532530827,wave1,0.3081932354759471,0.308191783127498,-0.5813349800753402,0.1361286682283546,wave1,0.1361475653521719,0.1361340802290635
132,0.032607668058338,0.193216574061857,wave1,0.1931977783136254,0.193247395964802,-0.1288104112670345,-0.0657624691285089,wave1,-0.0656946870519809,-0.0655003714168783,-0.2096618090721632,0.2002970631429957,wave1,0.2003154190842578,0.2001391921020464,-0.211837761582304,0.0851106155110874,wave1,0.0855492342885179,0.0858323828036715
133,1.0134905526822566,0.0603885700172075,wave1,0.0606293144601839,0.0606830935699445,1.0283453555239457,-0.3393759552894672,wave1,-0.3386268565250098,-0.3386639220184354,1.0461438020421372,0.3711562855149856,wave1,0.3710846841615077,0.3708387002933128,0.4811119712810019,0.3620459974232745,wave1,0.3621528721000035,0.3626033132973456
134,-0.4636889201423938,0.115533469346156,wave1,0.1155576241883722,0.1155517151471257,-1.149700067941612,-0.287430161495129,wave1,-0.2870013265812267,-0.2870071566866788,-0.7230069980174789,0.3717268596342893,wave1,0.3715015429751456,0.3715790276572428,-0.5420091706071402,0.2955519786327355,wave1,0.2953934539629973,0.2957357876533778
135,0.0320999300700703,0.0804067227001374,wave1,0.0801977620453934,0.0799425318499746,-1.0870539028433934,0.1893565881008028,wave1,0.1896367698249146,0.1897722770161389,-0.153660002845558,-0.2229087547101015,wave1,-0.2220353374182472,-0.2221671985015697,-1.0257107899370492,-0.2783809263270863,wave1,-0.2775299887589349,-0.2776003722330376
136,0.4455017066543169,0.0329125855906466,wave1,0.0328010103059649,0.0325648979556016,-2.260356797851577,-0.4113002868236828,wave1,-0.4102612701727737,-0.4099978397104649,0.3831270545724705,0.3533203459695472,wave1,0.3535001673879349,0.3533143349300286,-0.8544068605819595,0.2120347679784557,wave1,0.2121823128534982,0.2121173060302032
137,0.1964584242415069,0.1560829234716895,wave1,0.1561411868056633,0.1561576593581325,1.70200434389953,0.1138349213323147,wave1,0.114128720867814,0.1141987297504526,-0.9427793283163536,0.2174316182730662,wave1,0.2173966197360524,0.2172482970514002,-0.6978842696954091,0.1513251106109323,wave1,0.1515428082229112,0.1513387571156287
138,-2.528899944112497,-0.3634758803183598,wave1,-0.3632041615375577,-0.3629070680681572,-0.7006640534081091,-0.0229493606414662,wave1,-0.0227994943657191,-0.0223565837885991,-1.7528565378629553,-0.0523215234722006,wave1,-0.0519690178686306,-0.0520690085237899,-1.9811771726158312,0.0476668648778204,wave1,0.0475638411217804,0.0477935321581277
139,0.7567696340733142,-0.115404425409142,wave1,-0.1153740285034122,-0.1155415471890118,0.861836603692779,0.3015073709288693,wave1,0.3015858705560381,0.301836861258459,0.7268523017419799,0.0120076818055959,wave1,0.0125773053472374,0.0125394222264091,0.2315913859706644,0.0428235647990279,wave1,0.0431480694653744,0.043222374883929
140,-1.52313995565173,-0.5692870470169076,wave1,-0.5681850322702069,-0.5683550899670375,-0.8322927770572043,-0.5095712115362337,wave1,-0.5087143873740071,-0.5084578889871244,-2.532905118032879,-0.300986569017315,wave1,-0.3001513981993313,-0.3003230759912463,-1.325373947615493,-0.1872101972772849,wave1,-0.1867323889818027,-0.1863528290293733
141,-2.2536068161335856,0.3161306816909324,wave1,0.3155565444500202,0.315872306787981,-0.4452793794738175,0.7469116566665802,wave1,0.7455321654311154,0.7459363061656711,-2.238815321419642,0.3053041718839422,wave1,0.3050717220137757,0.3050498891474609,-1.023959574954848,0.4152144318553314,wave1,0.4151737301576769,0.4147181816808848
142,-1.5521804540443724,-0.1481049890939605,wave1,-0.1477171509763062,-0.1474458693177744,-1.442289890943498,-0.20112560206442,wave1,-0.2009506097577442,-0.2005415688505231,-0.9807109234463603,0.2792472752570447,wave1,0.2791774115801793,0.2793684117186517,-1.54632284254295,0.1833218385815497,wave1,0.1831661199043752,0.1833143226023485
143,-1.1241992386874382,-0.4394506716841505,wave1,-0.438959328072651,-0.4391412734767496,0.2351286074456673,-0.0730315539734389,wave1,-0.0724992213711535,-0.0721772047989719,-0.9028998817227026,-0.2481111404331432,wave1,-0.2471740655702375,-0.2473190544896942,-2.127512254942153,-0.0287877100093101,wave1,-0.0283922418638156,-0.0282787243712333
145,-1.1028871876468882,0.2870416379039728,wave1,0.2869637377418927,0.2870085694877586,-2.325726825185101,-0.0252566006315798,wave1,-0.0251123057701635,-0.0250056735439067,0.2019066467196101,0.389556821992871,wave1,0.3894385475578824,0.3892043161960125,-1.0185880961090203,0.2596365412297904,wave1,0.2598345916797868,0.260206383137181
146,-0.137453391647147,-0.2796791094543872,wave1,-0.2790677134909544,-0.2790975571913919,-0.1745960984008969,-0.2667630805272321,wave1,-0.266474264658878,-0.2667110877639231,0.6226666636991879,0.2366977189620457,wave1,0.2366164001757073,0.236651257862328,0.1865371795467825,0.3968533680360291,wave1,0.3965333356225529,0.3965631582746585
147,0.5840179508399318,0.0371200991521103,wave1,0.0369318715010554,0.0372364329266697,-0.0501894249357846,0.4815928564499857,wave1,0.4806086407048499,0.4809564732160748,1.0463061306072967,0.0027370960710038,wave1,0.0029067289770003,0.0029370865973521,1.0344198911213145,0.098689308783691,wave1,0.0990516882073928,0.098654460179859
149,0.3905703626533044,0.0801342870721372,wave1,0.0802542207584297,0.0803486982573454,-0.1490376303365319,0.3997602643851761,wave1,0.3991256651196035,0.3988784728939487,-0.5309807535115179,0.3093360130939729,wave1,0.3091275993727372,0.3090278915516949,-0.5353630402053816,0.2706402497513996,wave1,0.2706818069413253,0.2703303472166805
150,0.7954608543296317,0.0378319788245113,wave1,0.0376470701645645,0.0374710561194068,1.3429334538134785,0.4665990686688177,wave1,0.4664535715534788,0.4667596001155081,0.7775896166207059,0.1974038622075625,wave1,0.1977391671232456,0.1977294929331575,0.9286580385747084,0.2244590019088305,wave1,0.2244621608934555,0.2246418537617637
151,1.3101812219851483,0.4512755584117232,wave1,0.4508948521964566,0.4508368028879117,0.3769800079891195,0.1415127511261395,wave1,0.1413911294506457,0.141454927806205,1.1804625610918582,0.5377429510911975,wave1,0.5373256831728366,0.5372908631804094,1.5221378785962048,0.370202853659933,wave1,0.3698920474293935,0.3702967073834716
152,-0.1029295988037536,0.1785567487461001,wave1,0.1784490558317584,0.1787117658919772,0.5112585997549784,0.5248425991974461,wave1,0.5241014907204329,0.5243686853028542,-2.049843529028116,0.2117749520724945,wave1,0.2118210330189371,0.2117887220099799,-1.784978822319341,0.2815496288341212,wave1,0.2814194059701091,0.2814050316906695
153,-0.090393066135252,-0.2375937154693926,wave1,-0.2376192933480388,-0.2374235162301153,-0.5557178724273614,-0.0585128154697428,wave1,-0.0583427095341116,-0.0578425885523384,-0.1092979599965183,-0.1613664330387089,wave1,-0.1608415357599842,-0.1610627560154601,-1.3047211406652166,0.0106331707788473,wave1,0.0106734020208944,0.0109079755830631
154,-0.4759642899443517,-0.271971603351219,wave1,-0.2713349843833913,-0.2716317969270579,-2.20143254277022,0.0429284329236388,wave1,0.0425888479619803,0.0432618683641335,-0.6346586567024828,-0.0291558322773242,wave1,-0.0290625351270561,-0.0291144793997459,-1.3419203192876752,0.1531311449422492,wave1,0.1537699926926186,0.1531338105966602
157,-1.6229416710476725,-0.3903574732021593,wave1,-0.3894791885045425,-0.3894267948278564,0.0868580951664462,-0.4549728666869487,wave1,-0.45415175086637,-0.4542280022839354,-1.6524641420175132,0.1632609242509622,wave1,0.163452439401822,0.163195618633643,-1.6487460948723658,0.3061518758344334,wave1,0.3062984792880831,0.306856179536844
158,-0.9112804576290964,-0.047726974032743,wave1,-0.0472721477143134,-0.0472395436776371,0.7242763436305777,-0.046690892795041,wave1,-0.0465681842104356,-0.0464999554846833,-0.6361078420872188,0.2914590444839461,wave1,0.2915366772421263,0.2912073733845478,-0.0141007679784007,0.3278574776996234,wave1,0.3279342680661161,0.3283898040928742
160,0.1595667677479382,-0.0214439061479887,wave1,-0.0212538198611964,-0.0210036849373667,0.957327951714961,0.3077432639435844,wave1,0.3073191161240938,0.3076142496891483,0.4535253423696602,0.1286602642870387,wave1,0.1287990426711014,0.1288590072654061,1.0912065538397149,0.095607506003382,wave1,0.0956855893259249,0.0957005493347357
162,0.2542255439406932,-0.1449365179926137,wave1,-0.1444142426404081,-0.1445533268707023,0.9278563094372,-0.0151617464189768,wave1,-0.0151680503936871,-0.015552659867593,0.2339845196657983,0.0537587444217301,wave1,0.0539300977498612,0.0537822201981169,1.3037002778658004,0.126610324439562,wave1,0.126662677544805,0.1266714028171621
163,-0.9037964453054512,0.0400945778733105,wave1,0.0404144601724635,0.0403901299826868,-0.0170173437207655,0.1124849775267541,wave1,0.1127535002372265,0.1129673723123458,-1.5815519374818978,0.2965189184014012,wave1,0.2963614749799526,0.2961184510735373,0.4090401441153145,0.3650229408621465,wave1,0.3649593713395397,0.3647144481604866
165,-0.5837139320892694,0.0270197712436429,wave1,0.0271287105039351,0.0272310415492378,0.966581968641579,0.4473392912990789,wave1,0.4472137566956825,0.4471575113371798,-1.6406347655001383,0.0949236038888263,wave1,0.0952855071232356,0.0952903216801879,-1.0827903042363252,0.1679997750666476,wave1,0.1677903574738606,0.1679331323907405
169,-0.5309864633211145,-0.0257445037919081,wave1,-0.0255440654373919,-0.0253147602618497,1.159189463004163,0.2748951545192495,wave1,0.2745312632470826,0.2748149965409385,1.4851275470902865,0.1794126064755448,wave1,0.1794764721132324,0.1795653521372122,1.2326177796878917,0.1073407571774506,wave1,0.1073936329874429,0.1074179798467831
170,0.2124497141487794,0.1153462318032615,wave1,0.114867027581174,0.1151763531496232,0.3496654801999989,0.5260810946473237,wave1,0.5254277061222291,0.5258757015243,-1.1434823561613194,0.2568327996581315,wave1,0.2567468089076571,0.2567197720083923,-1.765870490838193,0.2865984450211178,wave1,0.2862504756278058,0.286495325438186
173,-1.8731959846861332,-0.0070341712319956,wave1,-0.0069011373656748,-0.0064788123320576,0.1523421941035382,-0.2940187407489845,wave1,-0.293736539661092,-0.2933938504448876,-0.0436879776201324,0.0335402985369215,wave1,0.0338608451573276,0.0338946633754442,0.5198332403287227,0.0927562759325879,wave1,0.0926541780173168,0.0928410465671287
174,0.9036830816976168,0.1525477115663238,wave1,0.152170449876265,0.1525246832223961,-0.4725080106260278,-0.1743882403559092,wave1,-0.174317409735817,-0.1743440060166977,-0.6905150940178127,0.2118322255027034,wave1,0.211812223765107,0.2118267634331312,-1.1072694901556264,0.3214760225388075,wave1,0.3217434449633944,0.3212064237937932
175,-0.1652692864182847,-0.1827153598293301,wave1,-0.182151929214314,-0.1821252207790581,-1.062390482278094,-0.1735779073923614,wave1,-0.1728351636325878,-0.1726723333470386,0.1029670393039615,0.1386551582356479,wave1,0.1387383091361227,0.1384847978457426,-0.1202052973449206,0.1191705918954397,wave1,0.1194572768151429,0.1191617033914526
176,-0.059503807350373,-0.1413683278048334,wave1,-0.141433473003361,-0.1410224057750437,-0.1877432773978835,-0.0699339915525224,wave1,-0.0700650010803992,-0.0700055428680269,-0.0649551920238556,-0.0210741626149442,wave1,-0.0208445454420487,-0.0207815334831824,0.0258508695075548,0.0683757070263332,wave1,0.0688952428492341,0.0683198187201472
177,-0.8580387868836254,0.0127375049002976,wave1,0.0130109608237957,0.013009482107953,-0.2284405057639784,0.4589729369652838,wave1,0.4588544295575284,0.4589598699963232,0.122367868923678,0.0725123488440255,wave1,0.0726719825815671,0.0724646996639346,0.5595122118213146,0.1175269606933415,wave1,0.1178087580526069,0.1174988159727576
179,-1.1904033155634597,-0.2230748239989725,wave1,-0.2225224386698511,-0.2223643979894717,-1.482908302774945,-0.2555270744866275,wave1,-0.2546713585125727,-0.2547293068200594,-0.2313111711157765,0.160857638048453,wave1,0.1611706073799161,0.1610685133310914,-0.1196526429882877,0.3704200699470477,wave1,0.369924135234679,0.3700340068464885
183,1.5943425278315158,-0.3689672058343102,wave1,-0.3682563283986441,-0.3682498707570124,1.3974821126862234,-0.0941450518660178,wave1,-0.0942039333228264,-0.0942442473933198,0.5174046603178939,-0.0109465087927974,wave1,-0.0106894945173411,-0.0107441751393394,1.1585486263341478,0.0780477023479145,wave1,0.0783790997368403,0.0781221446813658
184,1.6359959057962556,0.3152981520468086,wave1,0.3150474219732641,0.314783133655807,1.201065409504457,0.3502550188740401,wave1,0.3496700753257047,0.3501459207855702,0.5285440784831738,0.2902800895901478,wave1,0.2899370316303926,0.2897800645681645,0.6205193512065625,0.054595279524823,wave1,0.055307527985468,0.0546934886685017
185,0.0295216091037317,-0.065079606310722,wave1,-0.0648192142683471,-0.0650728902753688,-1.4983824487980768,0.2899249474957737,wave1,0.2892589652879194,0.2899390809425529,-2.2968918340112254,0.1192288283389633,wave1,0.1190504717940257,0.1190743108202712,-2.301680035876477,0.082728619485753,wave1,0.0834226678144907,0.0827757241341926
186,-0.0869017217201416,-0.021737350140183,wave1,-0.0220429236314685,-0.0217801253569183,0.6765651425098792,0.4580587412614733,wave1,0.4575054733137776,0.4579473619341864,0.2434053513723356,-0.0223535612999409,wave1,-0.0220547085542798,-0.0221539527040647,0.7195113996431695,0.0717580583302938,wave1,0.071718006441602,0.0719281347912534
188,-1.3348901428414457,-0.2211844195138963,wave1,-0.2206536896089306,-0.2205663599051444,-0.9572998753119538,0.1272151311140031,wave1,0.1270763116222352,0.1271284877434494,-0.4951560290437359,-0.0727597706091488,wave1,-0.0724676630282624,-0.0727178813418086,0.3522460107806292,0.1189617102609574,wave1,0.1193864560351351,0.1196013640681791
189,1.97455827867301,-0.0766373132621371,wave1,-0.0763445334850361,-0.0762592744569585,0.2568239236455544,0.3707575983539762,wave1,0.3701123431476029,0.3702878847293352,1.114611360543787,-0.120950423369054,wave1,-0.1206564771943309,-0.1208415618417787,0.5377479923668056,-0.0593233905623232,wave1,-0.0587112908430962,-0.0585377218145944
190,-1.0462062716763028,-0.3000949677429118,wave1,-0.2994605618167761,-0.2994378472324027,-3.075974700706919,-0.273715474527175,wave1,-0.2734839843445944,-0.273673980643343,-1.330788562392204,0.070285030019931,wave1,0.0703898274182209,0.0703399854302347,-1.6802098176732445,0.0058086391650971,wave1,0.0060653663043719,0.0059949490673279
193,0.9322749196140632,0.1373026872784394,wave1,0.1373770689516543,0.1371128557447213,1.1456680850444254,0.1825118927872513,wave1,0.1821947102848591,0.1825623474117195,0.4190139565026906,0.0656714822354498,wave1,0.0657805751123405,0.0654308657089743,0.1010698006527345,0.132035432766066,wave1,0.1326907349475552,0.1321735047371921
195,0.398348273313366,0.0790833716786505,wave1,0.0791832573242217,0.0792921805354056,-0.6548062859668582,0.0602597585165466,wave1,0.0604916593978001,0.0603865600367162,0.8939263022435081,0.1928841699065794,wave1,0.1928750759002092,0.192740865512576,0.8339607721616397,0.1774421289542142,wave1,0.1777978927105838,0.1781665104553391
196,0.5702870859532085,0.0139191711024109,wave1,0.0136951631960067,0.0140765879389422,1.2962815617045504,-0.3550252599960778,wave1,-0.3547281324388044,-0.3548145830508885,0.4771511583445918,0.1462650502344686,wave1,0.1463224483160763,0.1463794345605267,1.2140246214803063,0.170849373878844,wave1,0.1713146192187486,0.1708198529384616
197,-1.2009495048811136,0.2991490313345111,wave1,0.2988774646273391,0.2989190062363243,-0.8025254295513244,0.2722064053482501,wave1,0.2720175156608863,0.2717386705617753,-1.4401586442608003,0.2690846743365878,wave1,0.2690310986677264,0.2690921121219891,-0.6728599687735081,0.2445423377877947,wave1,0.2444825610927133,0.2447722075071344
198,-1.3550291599613202,0.1696409667487168,wave1,0.1691617246887017,0.1694638940197305,-1.2418912695216624,0.1466050063804415,wave1,0.1465048394933171,0.1469354354152535,-1.2399812342806755,0.2651958219245781,wave1,0.2650702086561681,0.2649541811857726,-0.9056746887253182,0.1787094766968761,wave1,0.1783846722138821,0.1786804826517362
199,-1.8352252644649067,-0.0838176606242874,wave1,-0.083445211406495,-0.083437976162679,-0.9590226695955644,-0.4348765476639985,wave1,-0.4339762464122926,-0.4337346488147674,-0.888609440052533,0.0473032805986293,wave1,0.0475194774528786,0.0473405914198401,-1.6666285918020969,0.0401520453016396,wave1,0.0405917545026034,0.0403021422123383
200,0.4531900643487172,0.0850411450768588,wave1,0.0850433215221646,0.0853836044116174,-1.2524606760484922,0.0994194550300487,wave1,0.0993084033707692,0.0995043158463431,0.5394349661197662,0.0243871234232468,wave1,0.0247183378981603,0.0247077100265153,0.8380734529065784,0.0143918182314277,wave1,0.0144888954997308,0.0145697363683585
201,-0.2794877558383217,-0.0634984998258109,wave1,-0.0636040279381035,-0.0632443667691284,-0.5864404004297771,-0.3860370653178261,wave1,-0.3856722183943434,-0.385843531162846,0.522565345064795,-0.0565819085931176,wave1,-0.0563638377481301,-0.0561229892445545,0.8250880764920278,-0.1966549168618042,wave1,-0.1957263579018676,-0.1962848208380941
202,0.3240258942498535,0.2928920378082538,wave1,0.2927032602286827,0.2927860204627255,-0.8723009390656851,0.3144546060258418,wave1,0.31412426097227,0.3142451620480483,-0.2661389223160925,0.1600399732073963,wave1,0.1600346051937108,0.1597664620702265,-0.5279702105533447,0.2183503740778822,wave1,0.2186783348435549,0.2187388015198467
203,0.4946544368346748,0.3954128161322362,wave1,0.3947524045772183,0.3945200161158996,1.6484033703839824,0.4838537683962816,wave1,0.483729006021973,0.4839747766351658,0.6482555526142411,0.227868434394053,wave1,0.2281907087164628,0.2280901726762921,0.7449614732742191,0.0988433768041094,wave1,0.0990621268100532,0.0991572560364974
204,-0.6662547985982391,-0.0195425703945209,wave1,-0.0197337728787774,-0.0194704629037887,-2.500795151411773,-0.4386457749658629,wave1,-0.4379286407403585,-0.4374140978093895,-1.530572909050369,0.3598410475396437,wave1,0.3596343937271428,0.3594484057365311,-0.5395295523153012,0.2124968153927646,wave1,0.2121356710546881,0.2124415268457
205,1.115175406790163,-0.1917941139894547,wave1,-0.1912441459909415,-0.1913076518308842,0.8285876350486829,-0.4548074837836312,wave1,-0.4541928818591777,-0.4539497530551998,0.8784397326744848,-0.224925060902533,wave1,-0.2241965627333568,-0.2243785709850394,0.1931544349346694,-0.0386063871019549,wave1,-0.038277378753157,-0.0380919890185284
206,-1.678560601100203,0.4406336988913072,wave1,0.4404279401950838,0.4403794745020911,-0.6378450973024277,0.1160353976685014,wave1,0.1162146756307903,0.1164562510667052,-0.1496051231233601,0.4814419081491505,wave1,0.4809840943529961,0.4808659076141108,-2.388364210188495,0.3539613266295038,wave1,0.3539267960605587,0.3536579795333069
207,0.0607098260035041,0.2183787529772993,wave1,0.2182153045466981,0.2182409728810801,0.8517052643893702,0.1932751094039119,wave1,0.1932005282876225,0.1929256390601063,-0.4576999366843052,0.2150185524881394,wave1,0.2150434687071567,0.2150921610919085,-1.283831758229991,0.1688048010113828,wave1,0.1688469708686627,0.1691561371031081
208,-0.4860500677155502,0.3057324248776879,wave1,0.3054530286998677,0.3052615947525278,0.2742103842654919,-0.0272702214793902,wave1,-0.0273111861424812,-0.0269445591939462,-1.328733403077362,0.494977291195728,wave1,0.4943111511161597,0.4943471772796952,0.4932835673127152,0.2434920494056747,wave1,0.2439302026566323,0.2433454021668953
209,0.4901939277069885,0.232128766963363,wave1,0.2321559429472631,0.2321574359853079,0.0360989123643736,-0.156085948714402,wave1,-0.1554460860595651,-0.155261061688617,1.1059425275853063,0.3458373924810984,wave1,0.3455882048431535,0.3454595400170419,1.2227062924345198,0.1306019095785408,wave1,0.1308812929628774,0.1305744359767592
210,0.0996491936831052,0.2085579297428074,wave1,0.2079925999128184,0.208287253257437,-0.3343313566771134,0.2348680206995309,wave1,0.2346407594198799,0.2350551180240442,-0.2910709025858746,0.1882388348059663,wave1,0.1882073494095278,0.1880732479117731,-1.1814935870898022,0.1827259891256524,wave1,0.1823815130254077,0.1826980323936404
211,0.5655655832154789,0.1697617222313613,wave1,0.1697899626827969,0.169765813569399,-0.670110374200834,0.2382426954575242,wave1,0.2382414627845978,0.2384088435227186,0.9526235311743896,0.0755425013448032,wave1,0.075698965767964,0.075564842951165,1.1226370404380055,0.1212339542093152,wave1,0.1215375453901241,0.1212707216010175
212,0.0039235564200056,0.2711759671878287,wave1,0.2707032299449604,0.2704015922896751,-2.5209295073053917,0.4085494449029436,wave1,0.4085373538363392,0.4087376763281862,0.0655480673747038,-0.0340999969492942,wave1,-0.0334759692954006,-0.0335563417822714,-0.3775795239452211,-0.0671280190086183,wave1,-0.0666760176331767,-0.0665895433235522
213,0.2354482986864424,0.3131646696034242,wave1,0.3124412044276052,0.3126851590410532,-0.4342113582911205,-0.0391259301636522,wave1,-0.0389985588880846,-0.0384678502989498,-1.2644298263285696,0.5244482583037776,wave1,0.524017059932386,0.5238583945812821,-3.2345076055306112,0.2804065680014948,wave1,0.2800583431864049,0.2803322971904007
214,1.370531115523932,0.4303593638302984,wave1,0.4299621561360677,0.4300193869107257,1.0594071664209297,0.1594159121902287,wave1,0.1591620349187361,0.1587868255482658,1.4532577874426027,0.5063270453690131,wave1,0.5058335997026985,0.5057644914834855,1.2230713618965514,0.3520172598192033,wave1,0.351808385135658,0.3516835893080528
215,1.9028897265786016,0.3993589813077028,wave1,0.3986794063264222,0.3985363605206128,0.4851071567639776,0.4355897075163946,wave1,0.4355167774166011,0.4357669622332629,1.5287540270154625,0.3510399657128705,wave1,0.3512349132444828,0.3510879843499225,1.4947122727376272,0.1296278818851314,wave1,0.129861232276293,0.1298757392985463
216,0.4680201050441101,0.4078774400952477,wave1,0.4075513233771465,0.4072776218299049,0.9004121208617416,0.3934442467927444,wave1,0.3929106140979448,0.3931605486709285,-0.797647396654051,0.439562803801083,wave1,0.439138631599568,0.4389219097599151,1.1247919639130115,0.47349128560579,wave1,0.4736619426839914,0.4731382664453705
217,-0.8047565458566676,0.1500431128133104,wave1,0.1499615210142298,0.1502768828942949,-0.7081755039045204,-0.0792070792861584,wave1,-0.0786370325736026,-0.0785821658579509,0.3528706578813264,0.2231941962177093,wave1,0.2234090609414838,0.2234034786448522,0.0474646496134488,0.0698071016996258,wave1,0.0697130406727065,0.0697163510693015
218,0.2392246199882839,0.2682614212213531,wave1,0.2682100687158572,0.2680084329056987,1.2015071118132463,0.4201874899243472,wave1,0.419541187858155,0.4192152962399413,-0.7474865287857565,-0.1217553003689199,wave1,-0.1213280057021451,-0.1216814130592817,-1.2587828038693925,-0.1723891623557906,wave1,-0.1716855208836551,-0.1719626728236451
219,-1.0112616721568664,0.138656885988508,wave1,0.1387196325064828,0.1388282453984959,0.1521215726649321,0.1457339653738091,wave1,0.1459647595453311,0.146043297985594,-2.07968532865113,0.0125182397417138,wave1,0.0129644238720245,0.0129744302409411,-0.1983566381141205,0.083055841734504,wave1,0.0828856781918768,0.0829322586293235
220,-1.1767455638319582,0.2829909468790386,wave1,0.2824248740624676,0.2827831454159249,-1.6950488152526693,-0.0363393846940164,wave1,-0.0364788367476037,-0.0365663932795524,0.2025292249368452,0.2892377067879148,wave1,0.289006292162973,0.2891768099543688,-0.2946166005165148,0.1931127602858706,wave1,0.1935435507633964,0.1929039489071648
222,-0.5252681418241361,0.0798673706478819,wave1,0.0800761172868692,0.0800889431544643,-0.0470168258544844,-0.3519060196346538,wave1,-0.3510445491744928,-0.3508720834292579,0.3974277383140382,0.3332309279949557,wave1,0.3330394182105431,0.3328523692367666,-0.9074019122954796,0.2631364771524391,wave1,0.2632113424878261,0.2630298523915941
224,0.0658048447150068,0.033287234486349,wave1,0.0330077411866178,0.0332775569527816,-1.5135922405498543,-0.3747586124708176,wave1,-0.3741353716795764,-0.373628489668994,0.3322522658480042,0.3784192462863097,wave1,0.3781817224315126,0.3780008117360595,-0.6055052287663599,0.2643793244014291,wave1,0.2639357051030701,0.2642628449226837
225,-0.2871482464397034,0.1011171805419386,wave1,0.100713487170359,0.1011483467902439,-0.7881578995335402,-0.3396493521744527,wave1,-0.3394392683501074,-0.3395577438779934,0.4701098856182159,0.3787252027071344,wave1,0.37845403001789,0.3785205817464145,0.7279708932092391,0.2824998319854172,wave1,0.282828914680033,0.2823380928969403
226,-1.6683087703197872,-0.1281793702487105,wave1,-0.1277735185901271,-0.1277909147511268,0.1386425159374206,-0.3834656516993967,wave1,-0.3827294479215458,-0.3824130867354082,-3.483308800233545,-0.1234234676365921,wave1,-0.1229752543137718,-0.1231428281043449,-1.4478414133275672,-0.0386656386234283,wave1,-0.0380768137739711,-0.0384309594796206
228,1.9485239585186207,0.4133629612071654,wave1,0.4130976973823184,0.4131268402294374,1.378581814657009,0.1538905361241801,wave1,0.1536322187038109,0.1538962186915323,1.6151649216625008,0.3341926640212779,wave1,0.334097182340583,0.3337872197791488,1.2332872833474904,0.2651281050997942,wave1,0.2653340620028845,0.2654943086216088
229,0.7698768552940273,0.373514146588638,wave1,0.3732083192410897,0.3731466537277745,0.677103477735292,0.4754698667272471,wave1,0.4750455607701335,0.4748939928140817,0.9448214245126252,0.1886361576598427,wave1,0.1887644431889517,0.1886308798163503,0.4403834213574009,0.064544995712994,wave1,0.0646820245047906,0.0650541088974511
230,0.7920627905547183,-0.043247109963204,wave1,-0.0429785985603002,-0.0430852673039657,1.0665425265197357,-0.3268756396083527,wave1,-0.3265454876632772,-0.3267490647433422,1.3052346131120844,0.0751733015341694,wave1,0.0753194542254028,0.0752416278550848,1.3869385336422435,0.0922112247959894,wave1,0.0923812411827971,0.0923835137387477
232,-0.4116717663517571,0.0993300736480144,wave1,0.0990831919985714,0.0988884725612643,0.1385319218332603,0.1078447369232287,wave1,0.1081678136883423,0.1084986897614865,-2.7265033883724854,0.0746023022690608,wave1,0.0751782653653289,0.0749480837407959,-1.6761963736377743,0.0779741859011926,wave1,0.0782143150442473,0.0783216270702237
233,0.2246139144973953,0.2515097559786111,wave1,0.2514183674856859,0.2511402143037208,-0.2077395724026178,0.2577393463037801,wave1,0.2573396795624443,0.2576782831299747,0.6437504886627516,0.2480763655119635,wave1,0.2479116602136666,0.2476448289945518,0.9699598809776812,0.2793224848729945,wave1,0.279767901045221,0.2792284064355514
234,-1.4164644334833,0.2257048416697608,wave1,0.225334001826054,0.22500921593,1.083536790835636,-0.1661830075066106,wave1,-0.1654645219421158,-0.1651354675294101,0.7644979598891782,0.49399335806683,wave1,0.4939691287547906,0.4938587694925375,0.8901348709308923,0.4263186512934044,wave1,0.426031063271018,0.4261680982343009
237,0.3831242515760649,0.094172643144327,wave1,0.0938132361983589,0.0941025852002623,0.8071508813050582,0.0644664225838037,wave1,0.0644854110727765,0.0649246481216473,0.1880720608570751,0.2146692774347066,wave1,0.2146207815001261,0.2144895324351902,-0.1002994094334165,0.0976098687772961,wave1,0.0974104127131387,0.0976787029712266
239,0.2879927101606995,0.1121934293463896,wave1,0.1122867599771258,0.1124777644441029,1.018250905755518,-0.2657246186824867,wave1,-0.2649034400972879,-0.2648785269614807,1.033963237071982,0.3321602575167117,wave1,0.332217545948964,0.3322140946121303,0.8958291640635221,0.2876505727026431,wave1,0.2873158772858828,0.2873079921651545
241,-0.0046562549514424,-0.27018929194291,wave1,-0.2698788644871083,-0.2696389256773534,0.9098901872170018,-0.2163812586900765,wave1,-0.2162935507967666,-0.2161712939348196,-0.1934731623009481,-0.4019889384911281,wave1,-0.401235869172587,-0.4011353192529805,-0.3522188070021216,-0.3260716192797413,wave1,-0.3250971576216413,-0.3253224623231475
242,-0.5151494027701606,0.1773275828410527,wave1,0.1767716759682475,0.1770377899061971,-0.1322316251980967,0.2860637852250248,wave1,0.2857677472234273,0.2861648264921864,-0.2854596902568856,-0.0031524018634713,wave1,-0.002934808321357,-0.0031158312213132,0.3971381621268747,0.0865465309261276,wave1,0.086327355678458,0.0866428563397029
243,0.981494837268366,0.543554150172937,wave1,0.5426789603465826,0.5424802728218981,1.5750361691197576,0.6111696803768187,wave1,0.6108666000714447,0.6111652689276972,1.5437455814455188,0.46202526565221,wave1,0.4620631528748199,0.4619670707785811,1.8590225765084016,0.2876630493356493,wave1,0.2875815501103644,0.2877370556535969
244,0.5196851198135165,0.078812795870565,wave1,0.0786550317229405,0.0782958776215129,0.8786458604207728,-0.297748292474953,wave1,-0.2968448342451237,-0.296568621323551,-0.5236647866086326,0.2561715140707242,wave1,0.2564371804012236,0.2563223026668496,1.0356295770885926,0.2371035657758479,wave1,0.2371168274973982,0.2371934993580381
247,0.5770193520974203,0.2128179427487518,wave1,0.212808229258807,0.2127952983114457,-0.3058282780459641,0.2289371374066388,wave1,0.2290003185984789,0.2291250671173836,0.4738837802440292,0.1914472496599175,wave1,0.1914424280353774,0.1913025473272764,0.7556982042155738,0.1914907807192034,wave1,0.1916707053357619,0.1914494469189488
248,1.2226063661704871,0.567439882424901,wave1,0.5665692144800647,0.5668555794966341,1.1864076085724615,0.570218675900701,wave1,0.5691047290200039,0.5692986581996947,0.5741015023858816,0.5098117895837655,wave1,0.5092494803089034,0.5093820021083246,-0.221857425073628,0.3561294611200225,wave1,0.3562390334040032,0.3557676595681564
249,-0.6174421281371923,0.3806147815378841,wave1,0.380028885975232,0.3796792110690908,-1.026311376581793,0.0535586802112821,wave1,0.0540418087571814,0.0542392770560318,0.807720020140669,0.4851680039117662,wave1,0.4851001619958123,0.4850924829656095,0.9476270603802072,0.2809400158437067,wave1,0.2809262369559754,0.2809551179932905
250,-0.2412357785777591,0.3752131575928396,wave1,0.3748706153853421,0.3749610495856047,-1.0134218699526554,0.0830555844470266,wave1,0.0828757811326576,0.082551050898171,-0.4578437334847623,0.4873016796950343,wave1,0.4868264220210981,0.4867764422708552,-0.1491228524947322,0.2988366016696509,wave1,0.2987120073900445,0.2985698003368753
251,0.1548595291812565,0.135102471451701,wave1,0.1350416255427142,0.1354239001844104,-2.0806987089413145,-0.2096349129294347,wave1,-0.209414120625132,-0.2090350592516563,0.4089632018880271,0.2995410668078466,wave1,0.2994223240570905,0.299585324916509,-0.1395859781788549,0.0465184119887522,wave1,0.0465199816811545,0.0466510943807553
252,1.8379895987803812,0.1222780296568799,wave1,0.1222257613905297,0.1223204878480974,1.3844356369419757,0.2048271915447274,wave1,0.2045181728901529,0.2047056211941881,1.1449424621122049,-0.0872308281990016,wave1,-0.0870576281281033,-0.0872148180911301,1.8594740693160323,-0.0184414409271312,wave1,-0.0177949989383535,-0.017784097082816
254,-0.3423018885775173,-0.0787144956592271,wave1,-0.0783433892319278,-0.0783140662370635,1.0016140714660244,0.235812599856675,wave1,0.2359692363405513,0.2359318165562233,-0.343714862769312,0.0352222682402152,wave1,0.0356668465264398,0.0356115140023198,-0.1036312407407421,0.3039905797823839,wave1,0.3035538599202463,0.303723421546166
257,-0.2172974010215509,-0.4836509913152964,wave1,-0.4832925608282412,-0.4828462851592631,-0.7270838118992603,-0.4821952893972269,wave1,-0.4817692767012057,-0.4817401438365073,-1.4324619382492236,-0.2054650892302296,wave1,-0.2049001583602083,-0.2049274567070802,-2.934792581418325,-0.0338044964674549,wave1,-0.0331491736870799,-0.033556546465958
258,-0.3519204946639137,-0.328649477237163,wave1,-0.3285709176590611,-0.3280640344351648,-1.8685479254437352,-0.4057703393497948,wave1,-0.4055284750126228,-0.4055248229682714,-0.6824180820814387,0.1145329748962424,wave1,0.1146491380522638,0.1146234732096029,0.5528325733609337,0.1493369944961735,wave1,0.1497645452579147,0.1493509086528923
260,-0.3192732674717353,0.357666918945973,wave1,0.357386397283764,0.3573984957755972,-0.6898389089327877,0.1049226177514239,wave1,0.1047310759199117,0.1043698002530266,-2.1030856908385904,0.3896936725188092,wave1,0.3893678853093555,0.3892664049044411,-0.475312038485281,0.2431044946831176,wave1,0.2430515303575838,0.2429435445825508
261,-0.1062775374394457,-0.2312329134784707,wave1,-0.2306591519573462,-0.230567254725283,0.8202750921601157,0.0859048117176189,wave1,0.0859369530761616,0.0858907406200132,0.4483221351859597,0.0246968306092437,wave1,0.0249196859235582,0.0246792146305258,1.0202349557067856,0.1891384177765759,wave1,0.1894586115137954,0.189793176486179
262,1.7052198316396243,0.23497680283517,wave1,0.2344968239444229,0.2348247757265804,0.6922398396060085,0.6475557612479831,wave1,0.6463035702537346,0.6466766840161245,0.712949661939894,0.261022760046135,wave1,0.2608445833971782,0.2608460299696684,0.7794668338740278,0.3283480948715522,wave1,0.3284202024652038,0.3279879279336214
263,-1.529129658327915,-0.0446521881736123,wave1,-0.0449116933398361,-0.0444461663410557,-1.3682428051275353,-0.0543457653989921,wave1,-0.0545665639897706,-0.0545387366496495,-0.6949121113378831,0.2251559615121801,wave1,0.2250402330211538,0.2251128651976528,0.5267070604023086,0.1919542534049065,wave1,0.1923220813019683,0.191748698192738
264,-1.8731103493738908,-0.2167234684428111,wave1,-0.2161780081568553,-0.2160928796207066,-1.0019972041531882,0.1373452927241721,wave1,0.137636626014561,0.1376385768177045,-2.1077551410163835,-0.1949803155770422,wave1,-0.1942328603381138,-0.1943282460663165,-1.0184194999164122,0.1416600850255467,wave1,0.1413446442868869,0.1415074450458651
266,0.4354613585724302,0.0847232775062825,wave1,0.0848381989408626,0.0848026895376261,0.5031142706147838,0.4691159339765408,wave1,0.4687750390609472,0.4686204276770421,0.5981275266077787,0.1187684007660463,wave1,0.1189750668817231,0.1189678807915486,-1.3687124625878422,0.2197015563722627,wave1,0.2196406759796715,0.2199830778759787
267,-0.8598761329967736,-0.0515222508691712,wave1,-0.0512665494216488,-0.0513311986119149,-0.9800857967914456,0.2847711604577218,wave1,0.2847137301679149,0.2844883052962957,0.8568727599646527,0.1490909790682568,wave1,0.1492169970180263,0.1492587413326407,1.2761202394795037,0.1039043022542315,wave1,0.1039842204013755,0.1044375701890479
268,-0.4032155072239299,-0.1849903561732374,wave1,-0.1845027402669931,-0.1844544140113945,-0.6790319671251354,0.1981896948396252,wave1,0.1985130322583136,0.1985624218634557,0.359158459437312,-0.0471275716953798,wave1,-0.0467865060117034,-0.0470033414885728,0.5178280699484817,-0.0855337979634556,wave1,-0.0849686991078587,-0.0853156244730458
269,0.1986692572421522,0.1979258741362505,wave1,0.1972997761342134,0.1976138036054062,0.4214057333733369,0.6542425614744077,wave1,0.6534075053903708,0.6538371462767331,0.697997858346044,0.2420193774849238,wave1,0.2419363841530214,0.2419111216547259,0.7309727518017062,0.3492005756976354,wave1,0.3487461925375167,0.3490242884844429
270,-0.3386217547293215,0.0158975957330561,wave1,0.0160230595226869,0.0160692079382172,-0.5962367415470685,0.3908822351072464,wave1,0.3908425400347085,0.3907219610571774,-0.0066264424141972,0.2169568204804639,wave1,0.217121246946591,0.2172173294793615,-0.9746745161004248,0.1750572440049034,wave1,0.1749539479887774,0.1750124376184343
271,1.9888850553924224,0.1389549404624583,wave1,0.139001678614455,0.1389775381644857,1.3468674451851532,0.530181636011798,wave1,0.5297484084595688,0.5296027638841635,0.9810153345258122,0.1358150727625173,wave1,0.135999435946716,0.1359909259903888,0.8623723689178476,0.2684903172255605,wave1,0.2683651925531026,0.2686829471883302
272,-0.6282106048124115,-0.3221870960412596,wave1,-0.3215928359365352,-0.3215943373856229,-0.8870912127279736,-0.0532909734100154,wave1,-0.0529414515565088,-0.0531934083412562,-1.1340850321578737,-0.037306209388507,wave1,-0.0369428755164618,-0.0368202074162584,0.6192849344138621,0.0809766108082433,wave1,0.0811456322971962,0.0814775096917071
274,0.352812028617417,-0.2562358320830343,wave1,-0.2560164844755569,-0.2561127768454848,1.0848937477175835,0.0731464297015991,wave1,0.0734643424238217,0.0738529470899411,0.1485907134765471,0.100213947293334,wave1,0.1007395358037025,0.1005768314589906,0.2869364039930278,0.2075553596173575,wave1,0.2076057846129774,0.2077530651049978
275,0.2891856750797143,-0.3344782293498108,wave1,-0.3337325359925719,-0.3336810449742396,0.087220507700545,-0.4000142844345523,wave1,-0.3989685129750521,-0.3988508342769322,1.393176595532103,0.1785169458914615,wave1,0.178583383464528,0.1782671307681618,1.3795683758545223,0.265881318237167,wave1,0.2659285499798267,0.2657787904852484
276,-0.8339756562833056,-0.5227372362267414,wave1,-0.5218042043062082,-0.5217703883939006,-0.1905360297317678,-0.4709542966986267,wave1,-0.4699300146610187,-0.4697057279275868,-0.5493056889300536,-0.1906792288151033,wave1,-0.190087059619423,-0.1903903937972944,0.4329450236299283,0.0015714076171841,wave1,0.0020615589255452,0.0017710101940821
277,-0.8184358438390009,-0.2676397617022428,wave1,-0.2670290030667066,-0.2670287852526398,-2.3890138549046114,-0.3395832741424428,wave1,-0.3390227007167518,-0.3389485152161998,0.0971436025841403,0.1220958076456155,wave1,0.1222432869384833,0.1223599860568702,-0.2040891792032009,0.3506254386794248,wave1,0.3504159721489249,0.3506762304262559
279,0.732167745886139,-0.2934769210336011,wave1,-0.2928062453041501,-0.2931229200505926,1.399786356147055,-0.0003222627750793,wave1,-0.000629361665324,9.581572013743488e-05,0.5237665140871008,-0.0075598631007913,wave1,-0.0075336873370144,-0.0075359124201352,0.0077558773482542,0.1368402762433807,wave1,0.137496760693119,0.1368205618868596
282,0.0488262807026576,-0.3449107938684794,wave1,-0.3442003451291646,-0.3440845901104321,-1.5357338365708388,-0.4131790187270777,wave1,-0.4120947300147161,-0.4122187740169353,0.1179036263006062,0.171776026372741,wave1,0.1720191043052679,0.1720242716941393,-1.0420364934238575,0.2496980917652769,wave1,0.2494668328951872,0.2494451182820143
283,0.4258694497255292,-0.1494794040634582,wave1,-0.1490164289110792,-0.1490294332648917,-0.6824891764707107,-0.0864238640917816,wave1,-0.0863786094171766,-0.0866803762478518,0.0020268275736668,0.1796483582876774,wave1,0.179619943845262,0.1795532376765839,0.2040160471667299,0.1732262100472835,wave1,0.173227328303361,0.1731795997533701
284,0.949494128344849,-0.2794089620849764,wave1,-0.278668074980344,-0.2786291202012518,0.0791321099480298,-0.3273563874181616,wave1,-0.3268082560622006,-0.326775798895354,1.7721379211924382,0.1588152222688991,wave1,0.1590139053026683,0.1586771246369324,1.6112138142870662,0.3361511754312573,wave1,0.3362734674231082,0.3366823692546281
288,0.5493555850006754,0.167929705667952,wave1,0.1673615317336247,0.1676765286851344,-0.1024843351348085,0.5984770583427242,wave1,0.5977205681291323,0.5981592925085447,0.2428536096958785,0.2673642005301763,wave1,0.2672547824171004,0.2672335069270467,0.3524667956765298,0.334052589461554,wave1,0.3336278134421916,0.3338928197735477
289,1.117470973775817,-0.2054570417716071,wave1,-0.2049179219447464,-0.2052228586823884,-1.1354000350771198,0.0907366238769913,wave1,0.0903440016706687,0.0909990800241187,0.8529017019669347,0.0765278647293556,wave1,0.0764612560351483,0.0764589825254042,-0.7788965994202165,0.2393432575242638,wave1,0.2398585763881831,0.2392097153792105
290,0.4353683920434871,0.1439013744008125,wave1,0.1440865122706477,0.1438952096482076,0.5583608959468896,0.610878210707611,wave1,0.6100768429851322,0.6096147007139843,-0.1557998672640819,0.0792444962503914,wave1,0.0794139946676101,0.0791323532285538,-0.5323864310635706,0.2311174935009877,wave1,0.2311747630327779,0.2309564684591814
291,-0.1376580585256135,-0.2893491861486811,wave1,-0.2890023096285304,-0.2893940105495477,-0.124268584936129,-0.2716226360542961,wave1,-0.2707842223667471,-0.2704525657916838,-0.5703733708850448,0.1028406624128782,wave1,0.103244293126718,0.1032669372558511,0.7768899178968001,0.3294179479980525,wave1,0.3292051212520094,0.3294463916451857
292,1.2845695686724523,0.4409219790080619,wave1,0.4401822227375177,0.440048872791633,0.1608230067232597,0.47238455534431,wave1,0.472259975526859,0.4725251763538733,0.4463892146774175,0.4160410408467435,wave1,0.4161567926474613,0.4160111991056737,-0.5934026809295609,0.1827894891586125,wave1,0.1829383171701024,0.1829699421766163
293,-0.5143571282560432,-0.2562358320830343,wave1,-0.2560164844755569,-0.2561127768454848,-0.2898219540009904,0.0731464297015991,wave1,0.0734643424238217,0.0738529470899411,0.4675152391932508,0.100213947293334,wave1,0.1007395358037025,0.1005768314589906,0.8078058772523509,0.2075553596173575,wave1,0.2076057846129774,0.2077530651049978
294,-0.0405205468189803,-0.035975267953365,wave1,-0.0356281916296868,-0.0357258967596162,-0.1097285714757845,0.3213745190870334,wave1,0.3209201053655799,0.3206089742544034,-0.2563671156732291,0.2078593217994425,wave1,0.207858389628785,0.2077488199062912,-1.1856208150482757,0.4491687208119488,wave1,0.4489305695861228,0.4487363046406528
295,-1.488429343992189,-0.209436238712727,wave1,-0.2090278152982047,-0.2087365190712224,-0.901781833485852,-0.0924222241384714,wave1,-0.0917844166550995,-0.0918061596526219,-0.3953583169044742,0.0066618208718101,wave1,0.0071927589501672,0.0070821966636402,-1.2071208917639202,0.1192354258828325,wave1,0.1190098353064684,0.119129956598145
297,-1.4858734464506758,-0.39342635316058,wave1,-0.3926970031789646,-0.3926484960626836,-1.448326852358194,0.0004397204054079,wave1,0.0009383355108895,0.0010172948631944,0.0319918992032114,-0.1791470854640191,wave1,-0.1785780787092072,-0.1788485316720856,0.5032193890163424,-0.0314734178557044,wave1,-0.0309766766522706,-0.0312446069919701
298,0.2951453747340702,0.0614937618223221,wave1,0.0615597762704225,0.0618844332274557,-0.9840958070005756,0.0879374220826257,wave1,0.0876655342474224,0.0880687701456202,0.8288911972766809,0.2634816929667647,wave1,0.2634594615872936,0.2635003901014923,1.1896995711075722,0.3579068030517844,wave1,0.3575744824605302,0.3576750612669772
300,-1.2007991078140512,-0.2312329134784707,wave1,-0.2306591519573462,-0.230567254725283,-0.3335450266667276,0.0859048117176189,wave1,0.0859369530761616,0.0858907406200132,-0.5127662270595501,0.0246968306092437,wave1,0.0249196859235582,0.0246792146305258,-1.2219989937651656,0.1891384177765759,wave1,0.1894586115137954,0.189793176486179
304,0.8745139956283986,-0.2935996756069047,wave1,-0.2929042050708698,-0.2930425601475078,0.903002722091257,0.0575952503255461,wave1,0.0574104730733897,0.0572328510350503,0.310892991466095,-0.0831573401104118,wave1,-0.0827595962091579,-0.0829056734894307,1.0256084489631987,0.1105524607180593,wave1,0.1108141527340176,0.1106241661689202
305,1.1001747549282193,-0.4598599614165323,wave1,-0.4590020548681743,-0.4588397948027948,-0.5133741630910161,-0.503645662227128,wave1,-0.5024363834414732,-0.5025278417311451,1.5333872208661397,-0.0195557756331148,wave1,-0.0190568154322601,-0.0190852745529988,1.406932628024966,0.1126192122801684,wave1,0.1124924878036155,0.1124643410832011
306,-0.125976550245005,-0.1790047914184404,wave1,-0.1785013197362585,-0.1784901838880007,1.057984032662774,0.2315149909543291,wave1,0.231658157788715,0.231756077529418,-0.3786275553370224,0.0221327220848708,wave1,0.0224052204654177,0.0221399563055089,0.7834027098678393,0.2138701065308592,wave1,0.214004126175105,0.2138066389353489
311,1.030883501987414,0.0061978536135636,wave1,0.0063417745026375,0.0066803236432595,-2.24852096244005,0.0529837137610649,wave1,0.0527523777480032,0.0531728662745061,0.7668309419320757,0.1917150626823776,wave1,0.1917870823693175,0.191829530877827,-0.4142761182362424,0.2940784322261355,wave1,0.293827901568346,0.2939290023580296
312,0.1104174785406326,0.0127375049002976,wave1,0.0130109608237957,0.013009482107953,0.7579094593389759,0.4589729369652838,wave1,0.4588544295575284,0.4589598699963232,0.6581056321111135,0.0725123488440255,wave1,0.0726719825815671,0.0724646996639346,1.1943076806831892,0.1175269606933415,wave1,0.1178087580526069,0.1174988159727576
314,0.479595647354648,-0.0448046851881415,wave1,-0.0445805786626946,-0.0447912474275958,-0.5746920295900956,0.3653765597595762,wave1,0.3646566301585119,0.3652377148371586,-1.3905421316491569,0.0384339715722008,wave1,0.0384450754764826,0.0383524780247603,-0.963740742334707,0.0848215704627126,wave1,0.0855229843619776,0.084961022278742
315,-0.1514529059813931,-0.3053501527114201,wave1,-0.3046855139803596,-0.3046837511179049,0.6219730462413858,-0.0243853116395206,wave1,-0.0238553332104217,-0.0239617610016128,-0.1378299560695,-0.0568145739476764,wave1,-0.0563178528050258,-0.0562506854909574,0.4608359908941643,0.0641951989139551,wave1,0.0641691329412282,0.0641594746429808
318,-1.414881529354424,-0.3275888317366499,wave1,-0.3269947115125308,-0.3271239143574004,-2.1997969056537836,-0.2289849657529494,wave1,-0.2289276883381449,-0.2283483104665672,-3.4276601662690664,-0.1173968139545649,wave1,-0.117205113471301,-0.1172207109149381,-1.261114201114285,-0.052522429322962,wave1,-0.0516357459374982,-0.0521628952747519
319,-0.3530403595190061,-0.1298876118624659,wave1,-0.1295327272656992,-0.1294416598740688,0.5543403485005334,0.3144862171724,wave1,0.313938399148402,0.3140840035406226,-0.2879705914665345,-0.137786137170539,wave1,-0.1374792634259231,-0.1376298865213771,0.5565339454066385,-0.0904709438563833,wave1,-0.089821425372423,-0.0896023434954836
321,-0.8208325928872522,0.1738549912060872,wave1,0.1738355580562459,0.1737719443244553,-0.5603022743409272,0.1797234940808944,wave1,0.1793720739072801,0.1791805662530476,-1.125078598609495,0.1374044889948605,wave1,0.1374810500747897,0.1373307353178087,-0.811234172933683,0.1555516069173979,wave1,0.1558027377386682,0.1555309324068441
322,0.2183119849453809,0.376926631942221,wave1,0.3767202713496426,0.3767094955556805,0.2534057850371731,0.4002732628696616,wave1,0.4001879606782578,0.4002930570849515,0.1067195381967932,0.2604500840477686,wave1,0.2603093777258947,0.2602232642944762,0.4263257791164012,0.0784728652318551,wave1,0.0788144791996607,0.0784885254052824
324,0.4189081626431706,0.5227743287936412,wave1,0.5219292277086732,0.5217256758004475,-0.8040507092399217,0.5931679747298482,wave1,0.5928901139840961,0.5931813343003149,-0.1245074171903309,0.4294799484913855,wave1,0.4295575605508829,0.4294608209462559,-0.4472162528241988,0.2609002191273754,wave1,0.2608612504387044,0.2610081989471726
325,-0.0127529985668426,0.1048956279858876,wave1,0.1046274148166976,0.1045225236824113,-0.7583048250974559,0.0649623175736313,wave1,0.0653293898167879,0.0656640742628549,0.240140946344867,0.1997689952623743,wave1,0.2002127977315514,0.1999367311132006,-0.8621681979540453,0.1086548743134884,wave1,0.1089096724104849,0.1089367397817523
326,-0.3241492235248,0.4251096088215206,wave1,0.4246518402079874,0.4244695177172007,-0.6004682546602311,0.0857051229992483,wave1,0.0855515813317724,0.0858424872867858,1.2924638474908057,0.6206000937623797,wave1,0.6197772903991381,0.6198301523062169,1.4461443608802644,0.3845683695720165,wave1,0.3848088900177726,0.384247228018306
327,-0.9094749631237724,0.2335192921331756,wave1,0.2331332592199663,0.2328393169552391,-0.006241375191737,-0.1312614722655034,wave1,-0.1305340482188977,-0.1303855029653502,-1.258791503181276,0.3661581230660115,wave1,0.3662586905344133,0.3661997791396455,0.8963201953157336,0.116498176296069,wave1,0.1168085688985287,0.1166968122518403
328,0.7453007533931275,-0.0988799657620577,wave1,-0.0984899668652158,-0.0987450680810418,0.2578091306221937,-0.47036271332231,wave1,-0.4698899907891418,-0.4693869296162002,-0.0051417992817434,0.1367463863170739,wave1,0.1365984399187181,0.1365414855044613,0.1670590978995141,0.0764878458529534,wave1,0.0771983805596255,0.0765755469025737
329,0.4512762323822474,0.5321427821819212,wave1,0.5316092566137919,0.5316982583981623,0.7885423589038216,0.5439047660447507,wave1,0.5430920418414469,0.5427938703396018,0.5413125186241488,0.4375204952317414,wave1,0.4371354209706063,0.4369794998836259,0.3788108221139326,0.2611693865903149,wave1,0.2612701231184847,0.2608701806269174
330,0.5099585062764643,-0.0284919561957682,wave1,-0.0284938019154449,-0.0288765413850567,0.6767711577853237,-0.3910564148826996,wave1,-0.3900216599712105,-0.389784137412871,-0.8555722287366151,0.0781206553856338,wave1,0.0786014056206706,0.0784835678259899,-1.1328587869334878,0.100263204156872,wave1,0.1004942650957085,0.1005274324364877
331,1.4915917360013695,0.094172643144327,wave1,0.0938132361983589,0.0941025852002623,0.7889195793023306,0.0644664225838037,wave1,0.0644854110727765,0.0649246481216473,0.7162559841767746,0.2146692774347066,wave1,0.2146207815001261,0.2144895324351902,0.4239047107643371,0.0976098687772961,wave1,0.0974104127131387,0.0976787029712266
335,-0.291549735299862,0.0821661066167003,wave1,0.0821732805406481,0.0824834860082167,-0.7466584779205404,-0.1553222723939772,wave1,-0.1546428364817905,-0.1546036117080836,0.7432752922193234,0.1853654786530765,wave1,0.1856129963014774,0.1856364677777431,1.0606721396818468,0.0017484649020834,wave1,0.0017641149980781,0.0017223512558642
336,-0.1453408477838497,0.1934653360984988,wave1,0.1933408366390725,0.1933614756996753,1.1797871039328578,0.1747325209378147,wave1,0.1746822277634478,0.1744198186395879,-0.6849784709120739,0.1808894592183483,wave1,0.1809687456366711,0.1810031991297345,0.7697415921245581,0.1433154434376945,wave1,0.1433937309065013,0.1436982659297109
337,0.2863021468796015,0.181908184550787,wave1,0.181358641522399,0.1816330295343901,0.34786617398871,-0.150572725592348,wave1,-0.1502723373849838,-0.1497990598849249,0.4992403347542524,0.3381186534232984,wave1,0.3379090887104233,0.3377202436172292,0.6941424197655492,0.376113241937797,wave1,0.3754775543787185,0.375867117463771
338,-0.8613174450718799,0.2839678694681029,wave1,0.2836788640015344,0.2840116459517126,-0.2678665196327994,0.2781913780042917,wave1,0.2778320322022691,0.2779889259045751,-0.6027630212896427,0.1706815388202562,wave1,0.1708304712256267,0.1707562051527416,0.3012796223014933,0.2147105612377244,wave1,0.2145706098536903,0.214631087091523
339,1.005169996121943,0.2720003281763347,wave1,0.2715721915936381,0.2711984725499622,0.7040262562076492,-0.0431293753744363,wave1,-0.0425101677199273,-0.0423510178168857,0.8932513842586889,0.3116248497673307,wave1,0.3117683393945242,0.3117573235513599,1.1927604991895693,0.1414686990129798,wave1,0.1416762692757235,0.1416621705363476
341,-0.4079912975511993,0.3278955503317704,wave1,0.3276150360265044,0.3277099092910636,0.7301439672950694,0.4269385321300268,wave1,0.4263788745020268,0.4265146649636032,0.8800280079119286,0.1286553249743641,wave1,0.1286448863132802,0.1285149804067763,0.0676623635598708,0.0120072436109308,wave1,0.0125474659011623,0.0127183845858593
342,1.3268521470433166,0.3227852827029254,wave1,0.3226154022934226,0.3226994481949765,0.0029643519865792,0.2938863983596617,wave1,0.2937360699361603,0.2937400063538987,0.1002563588281116,0.3188941351654027,wave1,0.3187861962833703,0.3184936146361093,0.0229251700366749,0.3464683746446499,wave1,0.3466159031472668,0.3468103744908097
343,-0.2259452352153572,0.5096451032797596,wave1,0.5090995966295421,0.5088818933212459,-0.3988242737460573,0.5732599251901156,wave1,0.5724690753236328,0.5727579331273962,-0.9483620327582536,0.4150823284650831,wave1,0.4146522673106041,0.4144282274040032,-0.5321779892489877,0.2607668917535235,wave1,0.2611985376589534,0.2606836588469268
344,-0.6791299615112306,0.363202688121242,wave1,0.362853628134892,0.3629560284772824,0.3928474271801309,0.4157539869802126,wave1,0.4156270437056925,0.4156189059631118,0.4728017307906095,0.3432431613357181,wave1,0.3432296036814535,0.3433815941169003,0.2617890018806016,0.102187041677791,wave1,0.1021820122649475,0.1021655094580278
345,-0.8751952332986103,-0.0202617710942577,wave1,-0.0199756813963251,-0.0199765868485418,-0.1612133556486411,-0.2967888276092484,wave1,-0.2960446754535962,-0.295776502241773,-2.9281488928456505,-0.0559932875411031,wave1,-0.0556726539850396,-0.0557904660542993,-2.386715386352412,-0.1913707030409508,wave1,-0.1905713009958357,-0.1910222744686574
346,1.6447069378126715,0.5230556221324878,wave1,0.5226151890318926,0.5226960499389721,0.5567628047245864,0.5569550101837842,wave1,0.5563653139901755,0.5564242101643403,1.2540932848225743,0.401630823609843,wave1,0.4014249026663933,0.4011706199264543,0.2816078472245144,0.2848228568503905,wave1,0.284994748504929,0.2852226043706311
347,0.0907864053356735,0.4615070401280386,wave1,0.4607374988234326,0.460609008928777,-1.9372457785848,0.4906902514466673,wave1,0.4905399740898897,0.490812626267231,-0.3945520941651982,0.4480672997021816,wave1,0.4481439272327047,0.4479990178032652,-0.0215246927197466,0.2092548725920655,wave1,0.2093616277886158,0.209401786058261
348,-0.8711275875598433,0.2307489060882113,wave1,0.2301833181300701,0.2305999104019269,0.34237503176348,-0.1784538524415529,wave1,-0.1784596832349793,-0.1786175661526624,0.1668337987956773,0.3983324991568344,wave1,0.3979333493299788,0.3981445724782655,-0.8041754596554147,0.1535103665325998,wave1,0.1539987659427881,0.1533966252816482
349,0.8280262595384489,0.0596603508591292,wave1,0.0597979683016046,0.0596887011369265,-0.3465633508848632,-0.2163749529342436,wave1,-0.2161571269502298,-0.2164205505238423,-1.5224797989769157,0.1746868340915214,wave1,0.1746998797226625,0.174624407507251,-0.0943151046429397,0.2162860791246344,wave1,0.2162704240155942,0.2162786816452049
354,0.3289729782057711,0.4203219602982356,wave1,0.4200745360160757,0.4200752596445479,0.7645218350444427,0.3925804215294809,wave1,0.3925560091267647,0.3926185895833979,-0.2443227026699936,0.3730176560406313,wave1,0.3727177079617039,0.372625902641001,0.230503899549668,0.1508098048856365,wave1,0.1510242918125998,0.1507448279860432
355,1.043067297068516,0.3353787580116614,wave1,0.3351808410372823,0.3353436647310884,1.4284855136083794,-0.0501049969705126,wave1,-0.0495891300431369,-0.0495593598945328,1.150378457800253,0.555226072055546,wave1,0.555016651142118,0.5549819809988479,1.706703050773049,0.5379278744799689,wave1,0.5372837113203877,0.5373703062669113
356,1.4158425081701709,0.4847655550582553,wave1,0.484042173599411,0.484297053868632,1.4212134684993196,0.5330267488194981,wave1,0.532004764691617,0.5322089401777587,1.1688270529369436,0.3413544711056961,wave1,0.3410257131166334,0.3411597932035697,0.7489621475299781,0.2495248839271863,wave1,0.2497666986682689,0.2493011069435892
357,-1.227080556646411,0.1988336555910808,wave1,0.1987187471703555,0.198740195725944,-2.6476832294459896,0.1982054297684804,wave1,0.1981132921385654,0.1978844857055669,-0.8054614348648548,0.1319743583413632,wave1,0.1321388789359585,0.1321429771283004,-0.5602502155480753,0.1419142729281862,wave1,0.1419998883041101,0.142271001478155
358,-1.682081666869737,-0.0982361722605859,wave1,-0.0978508940922041,-0.0980830290946365,-2.196523694636566,-0.4388365714071349,wave1,-0.4383846350151012,-0.4379283181588317,-2.1533667791578406,0.0804097910079955,wave1,0.0803799638680522,0.0802568157057042,-2.406566583038269,0.0656815336714642,wave1,0.0664121330616927,0.0658340520787901
359,-1.2520081786934951,0.2703906027530015,wave1,0.2702756799190714,0.2699718946911716,-0.6621721555910669,0.2401175255587147,wave1,0.2397235329064087,0.2401033635762959,-2.436413319379329,0.3366449355098035,wave1,0.336313329180669,0.3361297470592443,-2.198869706245858,0.316864207742775,wave1,0.31725148723279,0.3166627452676602
360,0.2050207763469342,0.2357813065198317,wave1,0.2356716120234276,0.2355838290700964,0.8204157383364156,0.3526666024241071,wave1,0.3524149749267317,0.352292015121712,-1.18928477141275,0.0600597591806462,wave1,0.0603830507908167,0.0602083895723368,-2.445953563514965,-0.0665573824797855,wave1,-0.0662399722656975,-0.0658580537858938
361,-0.6975244612144512,0.0549276823516463,wave1,0.0550976646699025,0.0549586434165275,-2.109786070096717,0.0921744695512973,wave1,0.0919214404350476,0.0917538036147646,0.5739416387357601,-0.059715507054043,wave1,-0.0593582257745289,-0.059562160305212,1.4286461051546149,-0.0193722532046287,wave1,-0.0188712651492004,-0.0191145869643542
362,-0.8619388423667325,0.1123266575239675,wave1,0.1124028216520608,0.1121682810367826,-1.1256032871429045,-0.2656524896441278,wave1,-0.2653792238157454,-0.2650212701177465,-1.2414722420600477,0.3577749736245073,wave1,0.3573630533791139,0.3573225852878359,-0.5524793028917594,0.3237845387635858,wave1,0.3241518849365639,0.3235782890628969
363,1.2450523798884028,0.282277147267672,wave1,0.2821962792336695,0.2821799724431343,0.9271175185092208,0.2781158878191495,wave1,0.2781262333931372,0.2782355604782879,0.5369012994174132,0.2909132834780552,wave1,0.2907647196125686,0.2906235664104628,-0.8350962059095383,0.2820145452799547,wave1,0.2820513572388243,0.2818677097453465
364,-0.1473021225056119,0.376926631942221,wave1,0.3767202713496426,0.3767094955556805,1.4641771299050437,0.4002732628696616,wave1,0.4001879606782578,0.4002930570849515,-0.827275554086063,0.2604500840477686,wave1,0.2603093777258947,0.2602232642944762,-0.7456522846362691,0.0784728652318551,wave1,0.0788144791996607,0.0784885254052824
365,0.1192273335493183,0.0468625504665778,wave1,0.0470958757888018,0.0471492320473136,0.9966669320139236,-0.3323256763092544,wave1,-0.3316619924462652,-0.3316405991948766,-1.032287550685646,0.2960074985741322,wave1,0.2959881622503603,0.2957516054317969,-0.7188322400337809,0.2972493381046892,wave1,0.2974490041128239,0.2978332896823123
366,0.2939108140399084,0.422173461392086,wave1,0.4217752718185241,0.4217225518034684,0.0197029845797075,0.4893465269877936,wave1,0.4889162391189668,0.4887059085791544,0.5484805152835323,0.3083071924762248,wave1,0.30824057547715,0.3081653573035896,0.3134494522463531,0.1205894459760875,wave1,0.1206419974158531,0.1210574809807077
367,1.5190946752945294,0.1751454106245589,wave1,0.1748502138997519,0.1751026820119641,1.208716980130265,0.2078225057153618,wave1,0.207278788963155,0.2075023991038046,1.3769491131172158,0.0888658172581631,wave1,0.0889806218483739,0.088993684770203,0.9745741635764176,0.1771030444987455,wave1,0.1774416235981883,0.1771170666383589
368,-0.0684089718828671,0.5133334374705452,wave1,0.5129209766231952,0.5130040913441121,-0.4618287456001742,0.5319293374180963,wave1,0.531431489745631,0.5314412432557963,0.2226430937186009,0.4444998688861973,wave1,0.4442675157327823,0.4440177171701519,1.3634879769985428,0.3170234127939101,wave1,0.3171472839267381,0.3174347497836509
369,-0.2693141825438821,0.1672013247154999,wave1,0.167277129178873,0.1673168232094328,0.5297268415092593,-0.1882512045869121,wave1,-0.1878840469466213,-0.1877538878970673,0.1497697828475881,0.2960949744581659,wave1,0.2960648350493048,0.2957528728975355,0.8225826903216741,0.3377448350547125,wave1,0.3379026270339069,0.3381355150535181
371,2.072056922253447,0.4545053890813167,wave1,0.4536863464174626,0.4540647653239583,1.0057142351803672,0.1055058750743428,wave1,0.1051372912305798,0.1050708983904616,0.4450126679769515,0.5154696156542808,wave1,0.5149332029308247,0.5150790851451403,-0.7687196633548881,0.3952697541030289,wave1,0.3954440144248116,0.3947740172182318
372,1.4706173618623144,0.4862804998187585,wave1,0.4857690959304442,0.4855541600508885,0.6935830129491062,0.5581680684474157,wave1,0.5573938437624764,0.5576885286925808,1.2693517342427345,0.3791902467298063,wave1,0.378814321736141,0.3785735899477056,-0.2907106836373332,0.2307627836516761,wave1,0.2312373534264263,0.2307268358102206
373,-0.2423630096486627,0.4335127233183232,wave1,0.4328109308400741,0.432500254681086,0.5749168953551184,0.5729682209138018,wave1,0.5727334731806191,0.5729889770758709,0.6688047415953737,0.1667877294349152,wave1,0.1671567055023989,0.1671041222042862,0.6000191674337559,0.1236240044080882,wave1,0.1237412804136914,0.1239326239472015
374,1.1188157411980302,0.2741326414800941,wave1,0.2736391379219366,0.2734407960203809,0.5682186614856769,0.2826689000647326,wave1,0.2827551336061624,0.2831480950069136,1.58867737753542,0.2982804426389344,wave1,0.2985746802893562,0.2983727634859522,1.212102801349218,0.2872699446073443,wave1,0.2871450270093018,0.2873661225818719
375,0.0237243867780856,-0.0171997471328968,wave1,-0.0169336183452608,-0.0168772596687796,-1.2232556272020352,-0.3561539133922916,wave1,-0.3555707638177608,-0.3554714907442099,0.5755575002183698,0.1463838435463321,wave1,0.1464711364711687,0.146276256895066,0.0275110231495011,0.162836101944008,wave1,0.1632220632853351,0.1635250737753446
376,0.9081864404789284,0.3872535241320337,wave1,0.3868652207756265,0.3871202616296992,-0.1070538341282211,0.1185313982965799,wave1,0.1188247840025579,0.1188492941467583,-0.3953809256408274,0.5330111008734704,wave1,0.5328310807906413,0.5328430852166364,-1.2481080825763928,0.3386855986428093,wave1,0.3383229946223019,0.3383803488771567
377,0.7750618178461987,0.476228450318771,wave1,0.4751964174801561,0.4754365261641199,0.7350010848475598,0.251397832786563,wave1,0.2511120179766223,0.2515981241726276,0.6286178150031932,0.4220149744305078,wave1,0.421684099348517,0.4215044258326014,0.2995210556943627,0.3748056822576199,wave1,0.3742820125838881,0.3746230299868886
378,0.498264263320137,0.5439657898239183,wave1,0.5433066813118068,0.5436740589151681,0.409442776636546,0.1692470709763045,wave1,0.1689387586703932,0.1692407877529993,1.4128106342493267,0.5981287971377836,wave1,0.5976376966475685,0.5976745399846723,0.488471522315283,0.4601834992285471,wave1,0.459691272539286,0.4597819207215438
379,1.444258181211285,0.4054073528978882,wave1,0.4051663489865752,0.405140799369713,1.6532211477818877,0.4603115772227052,wave1,0.4601072124278161,0.4602395697876723,1.4258840211723889,0.2471730816723842,wave1,0.247047220494861,0.2469652612260724,1.556493410439675,0.0985774683174027,wave1,0.0989000677763924,0.0985658287305634
381,-0.1331748892869063,-0.0632679448281609,wave1,-0.0630117438595335,-0.0631828847067962,-0.8816581092899696,-0.2996886310500334,wave1,-0.2994360597716527,-0.2989395428474763,0.1188783738952846,-0.0135790838894611,wave1,-0.0135223401914772,-0.0136684151434685,0.3894946252533544,-0.2027960135901916,wave1,-0.2017282078572615,-0.2022879123415057
382,-0.6712260556688735,-0.0187710664108159,wave1,-0.0184570716637896,-0.0184260972237683,-0.4233138567494283,-0.4611986488024454,wave1,-0.4601652027163493,-0.4600048440600187,0.1221183946811645,0.2438226338009059,wave1,0.2437628791171497,0.2435729755817119,1.206968531701432,0.1505609299123346,wave1,0.1508006232854461,0.1505904720756218
384,0.7948689535044267,0.4814268047918659,wave1,0.4804211968411071,0.4806829716364741,0.441881176354147,0.1827945873019584,wave1,0.1826031094899244,0.1831070064332104,0.5669596245018445,0.5748724436029807,wave1,0.5743463332254245,0.5742042355829385,-1.8095148242057335,0.4370096562994687,wave1,0.43641045102621,0.4367457903967357
385,0.2976384189250559,0.2041521827864282,wave1,0.204134414393127,0.2038386676858915,-0.8014078922032702,0.1955190701358338,wave1,0.1951736312693393,0.1955712151393174,0.5989568331477563,0.2310349740089932,wave1,0.2308633779097175,0.2306299322480889,0.9172826006024516,0.2302602663426254,wave1,0.2307716277475327,0.2301956206033202
386,0.9737981894115912,0.1475842032361869,wave1,0.1476405223268757,0.1475256291038558,-0.5780902799996737,-0.1267696252227389,wave1,-0.1265143584118725,-0.1263817577663886,0.9367492797361602,0.2429889713242645,wave1,0.2430237960671628,0.242892058578505,0.7874060404491551,0.0750069545568053,wave1,0.0751047994545977,0.0755249882231395
387,0.7751414975957474,0.1481242240092282,wave1,0.1480343742924756,0.1484583095107901,-1.750199711361512,-0.1410312667820574,wave1,-0.1409355064451236,-0.140534232732518,0.7655182308050295,0.1980620784099682,wave1,0.198088341904455,0.1981935777732342,0.2568523258172545,0.0292969046762702,wave1,0.0293385722540828,0.0294512151383341
388,-0.2983612503595396,0.5343237395508357,wave1,0.5337369600845613,0.5335396907671862,0.4267652339292082,0.6225695616111391,wave1,0.6217376763158324,0.6219734793554939,0.4169198359498419,0.3955165766560822,wave1,0.3951475019553054,0.39487349766015,0.3341903104398918,0.2809639135741875,wave1,0.2813702785867982,0.2808964224420098
389,-3.0829145914391263,0.2096133346928915,wave1,0.2094639496804403,0.2093301731174274,-0.9007039287665013,-0.0215818251074699,wave1,-0.0216017144692075,-0.0213062527051445,-1.4797119915645929,0.234239221857988,wave1,0.2340288850935046,0.233865457993728,-2.1286566690402724,0.1005599859906956,wave1,0.1012100044104882,0.1007333126992853
392,0.6048427124838088,0.5405171951907222,wave1,0.5397115961418049,0.539973110128336,0.86392365241088,0.5788756200551425,wave1,0.5777795227717514,0.5779908538778608,-0.2185059972489748,0.4146053774417417,wave1,0.4141779717733715,0.4143037688660937,0.1270402125534981,0.3152167448607567,wave1,0.3153754523084521,0.3148998889794347
393,-1.3225125624264964,0.048799386160319,wave1,0.0486960309445105,0.0482770006122258,0.7965741932421064,-0.2353920750280731,wave1,-0.2345024708752161,-0.2344211192844949,-0.4204294435120512,-0.0542691716547018,wave1,-0.0536845897869323,-0.0537022427322365,-0.1856731716013766,-0.1394909407412335,wave1,-0.138837177859396,-0.1389371171759939
394,0.0434036736211586,0.3206253385648993,wave1,0.3199053563077929,0.3202323240667359,0.7065834557455736,0.3144694538245435,wave1,0.3141284219049413,0.3145405647250755,-0.5631519414699925,0.3638058103768623,wave1,0.3635259907064468,0.3634407007518977,0.7767708694912693,0.3412374965016282,wave1,0.3406607847695805,0.3410106649105335
395,1.067125086670195,0.0896664470414244,wave1,0.0898027750023268,0.0895678387792838,-0.1329510594039102,0.1843476018860584,wave1,0.1840427358022467,0.1843740363375834,0.582014097628361,-0.0691150183154629,wave1,-0.0687745712204375,-0.0692231600812918,-0.1769119654302819,0.0612233780919331,wave1,0.0619819281564802,0.0615200153985762
396,0.3467294231223411,0.2959060634552587,wave1,0.2957496496670545,0.2954660992944163,-1.3669552142164314,0.2874137285718506,wave1,0.2869817549913825,0.2873085662288013,-1.143860773857671,0.3189633293498377,wave1,0.3186913156020257,0.3184577701374511,-0.554713911785659,0.3374049703482134,wave1,0.3377672238118825,0.3372191761709466
397,0.311436430329075,0.1139542076593124,wave1,0.1140622288139944,0.1138008747334019,-0.5993064677839728,0.1673164101714881,wave1,0.1670159880781619,0.1673893437340504,-1.1255039443158166,0.0283706331540076,wave1,0.0285353288795233,0.0281691342417298,-1.0907573295154205,0.1022785362034699,wave1,0.1029760733558771,0.1024634384410732
399,-0.2319113570071071,-0.0364128204698868,wave1,-0.0361641912742543,-0.0361880360081297,0.1469520573088366,0.023934946149505,wave1,0.0240696099313492,0.0239538725541107,-0.6599824006716809,-0.1917120647564143,wave1,-0.191041815572234,-0.1911652807337449,0.2058443872425646,-0.0952305314425049,wave1,-0.0948105132847659,-0.0945822330240723
400,0.7872019579069073,0.4022526656249692,wave1,0.4015748049541017,0.4018842413961905,1.2521461608094613,0.3717662263133775,wave1,0.3709101508846261,0.3710404712578882,-0.820258378980006,0.4131484852384286,wave1,0.4127012373914955,0.4128801929860453,-0.636661530230881,0.1798612340891969,wave1,0.1801976578034715,0.1797746997467719
401,-0.1602532771418808,0.1795888101735021,wave1,0.1795912519919904,0.1796909460648945,-1.2559720127071743,0.145084050090582,wave1,0.1452165273724798,0.1451218481005328,0.8123400001383199,0.281454624109125,wave1,0.281382431686172,0.2811816010319853,0.0623966055418626,0.2751068657926933,wave1,0.2753364225209617,0.2756742867063672
402,0.4039817294007368,0.6174977971264431,wave1,0.6167372489537802,0.6166251680600346,0.8781820270032413,0.3520444354575545,wave1,0.3516463802968437,0.3517035545679945,0.389497289369733,0.6895427722962411,wave1,0.6887386604613122,0.6886590578244678,0.8613350792334241,0.5952226625847021,wave1,0.5951744459208401,0.5947590690233084
403,0.4128968307104434,0.2241596870422659,wave1,0.2239748852844254,0.2243152023408323,0.9695097959045028,-0.183092369837112,wave1,-0.1829121257982573,-0.1826576594797513,0.4605665665080078,0.4102231192943593,wave1,0.4100480716426082,0.4101043424105703,0.0629018007818321,0.378824714254371,wave1,0.3783499326862802,0.378543803539526
404,0.3569041961109341,0.3734730691520864,wave1,0.3726373096871835,0.372879826237006,-0.568564125325868,0.4715886064105355,wave1,0.4710085011187973,0.4714563504227936,-0.1319811196526609,0.2149728529304521,wave1,0.2149204062760802,0.2147738212037225,0.1067976554383166,0.0533717229177738,wave1,0.0533426421489426,0.0535640415986326
406,0.4130633824678865,0.3352710907669363,wave1,0.3349562718315729,0.3351008595093341,-0.1497565279926936,0.422413146751217,wave1,0.4222723268042746,0.4223062915643106,-0.9295096868531462,0.2280657125838969,wave1,0.2282223636390015,0.22831885678723,-2.065264777307743,0.0583254769262649,wave1,0.0582973414111485,0.0583209741460478
407,0.8594805981436348,0.5486160580842254,wave1,0.5475212272903152,0.5478024262966348,0.1374887771937355,0.6287228643858772,wave1,0.6279169109260437,0.6283536522501721,0.0664443025190078,0.40993190717774,wave1,0.4095961999041809,0.4095041816030039,1.4142085901150414,0.267822906052749,wave1,0.2674722440445846,0.2677479165978206
409,1.5263629317589715,0.2566936419971636,wave1,0.2562846962281225,0.2559226019157091,-0.5938219008638341,-0.1135636640772834,wave1,-0.1129111990051665,-0.112573238097108,0.3641932953460985,0.4851420033060724,wave1,0.4851155084040538,0.4850294153662052,-0.3608981447278037,0.4548454442971256,wave1,0.4544815246694284,0.4546712398647933
410,-0.4325041138564774,0.2149120712362319,wave1,0.2144911040852201,0.2143679839489357,1.0852399017421497,0.1845278297944483,wave1,0.1847354484912906,0.185109695981493,-0.5346381345227632,0.3193365821378616,wave1,0.3196264512031089,0.3193766229207021,-0.6486600174707822,0.2360518415193177,wave1,0.2360717217827256,0.2361865080696532
411,0.7563509294707241,0.2037881112446262,wave1,0.2033999259913508,0.2036993251388854,-1.7120152401584638,0.1724327671759195,wave1,0.1718819412731208,0.1720673157185143,-0.6043854917092102,0.2485911261966444,wave1,0.2484779785581916,0.2485089484160818,-1.7703920379309124,0.2252155342896304,wave1,0.2254993994807532,0.2251878286502042
415,1.1687947426101877,0.0596603508591292,wave1,0.0597979683016046,0.0596887011369265,0.3296885507912033,-0.2163749529342436,wave1,-0.2161571269502298,-0.2164205505238423,1.60927600086378,0.1746868340915214,wave1,0.1746998797226625,0.174624407507251,0.8878588154384736,0.2162860791246344,wave1,0.2162704240155942,0.2162786816452049
416,0.1744689085818598,0.5295099945976849,wave1,0.5291689890693616,0.5291915462635777,1.3276434002359845,0.2064996369803483,wave1,0.2063195057397465,0.2064867228790604,1.1169226947649775,0.5572440980551551,wave1,0.5569899092301448,0.5566051260900907,0.5270394866483117,0.473309642998706,wave1,0.4732298750992882,0.4734854041318958
417,-0.3887015431775785,0.1668563952349172,wave1,0.1668137576570857,0.166813497359178,0.1308278276920902,0.1423394425066155,wave1,0.1420169177460763,0.1418662259518574,-1.7124860758934113,0.1963982648678074,wave1,0.1963801523827365,0.1962709919584958,0.2731761416961903,0.1746332542068505,wave1,0.1748653884776668,0.1745649046654496
419,0.272975489929833,-0.0150829316126964,wave1,-0.0149640128372926,-0.0148511348963046,-0.0458928980705197,-0.4030230808123045,wave1,-0.4026477775005723,-0.4027376299456793,0.489037192588811,0.3308055479515709,wave1,0.3305520666215183,0.330618490029721,0.5018597918363737,0.2230245629445629,wave1,0.2230313992352382,0.2229385390570753
420,0.4783779832408829,0.4566718304160146,wave1,0.4561331808632647,0.4564668823216697,-0.3253278749488825,0.4546363199869592,wave1,0.4540554318919658,0.4542711013584333,0.4789181137004152,0.3431928816934075,wave1,0.3430334063858422,0.3430311075415984,1.1956405398785552,0.1673992303738542,wave1,0.1673781632221742,0.1673644817042844
421,-0.2211586098498,-0.2251628774941283,wave1,-0.2246753625712785,-0.2247364945334962,-1.7772913970484507,-0.1796089093216482,wave1,-0.179175634016652,-0.179304559161754,-0.6998585226722223,-0.2887756500350407,wave1,-0.2879794482103701,-0.2881111466475063,-1.6011361085071134,-0.2657142123146067,wave1,-0.2650704237270908,-0.2647758345251784
423,1.3147527897825488,0.3666465649847117,wave1,0.3662866002088539,0.3665178999145385,-0.9726616310643424,0.0772636345911629,wave1,0.0776184488518664,0.0776141922007046,0.460089071744309,0.5716087658047788,wave1,0.5713601364901015,0.5714144538177572,-0.1756016746787108,0.326103364256922,wave1,0.3258074852525568,0.3258225217700546
424,1.5256247514021666,0.3721705650285896,wave1,0.3719131697313835,0.3718401169145673,0.9593676604354542,0.0834009664035106,wave1,0.0833559422076239,0.0834570272178302,1.3279750858324082,0.4325939623325601,wave1,0.432343916426734,0.432266367908332,1.553421764079291,0.2888858906100441,wave1,0.2886907041547487,0.2890814844949619
425,-0.5754580910875107,0.5535867595480676,wave1,0.5527037622858274,0.5524629941691764,0.3293131274608257,0.6456964694272664,wave1,0.6453527721158867,0.6456528906551795,-1.0000502286953583,0.4189744402367416,wave1,0.4190520998752925,0.4189796046537711,0.260608442700562,0.2876438802430009,wave1,0.2875310235118952,0.2877309280470938
427,-0.1108928429972196,0.4380282003779112,wave1,0.4375225494313768,0.4378134066377304,0.8162559109321507,0.3690141520605074,wave1,0.3685543178854946,0.3686590708970867,1.1364857077996044,0.3762773283340379,wave1,0.3761563761657929,0.3760770920468161,1.0394924991145118,0.3972184526228303,wave1,0.396846660608272,0.3969056684451981
428,-0.1826906827957953,0.2889098792867917,wave1,0.2884246442564709,0.2886992270091549,0.8568401616398151,0.3079027223477323,wave1,0.3071809488489491,0.3073182661514689,-0.5186637534249801,0.204380633465818,wave1,0.2042223449699882,0.2044072177990439,0.186300495019916,0.0385265120515556,wave1,0.0390398557677273,0.0386274652161337
429,1.1381136597320054,0.4272546768401721,wave1,0.4268925152276546,0.4269804378776782,1.0248296255134808,0.4925048382632896,wave1,0.4919293086146282,0.4920267132189141,0.7661151643735249,0.2674454024061884,wave1,0.2673350177489092,0.2671426318434059,0.0537457006690252,0.1490425003806985,wave1,0.1493978827036934,0.1495973869771251
430,0.8599220876774357,0.2873155395743682,wave1,0.2871724216347407,0.287110180398573,0.2894869374094921,0.3632414018556922,wave1,0.3626340167182702,0.3623833870500244,1.166770491215375,0.0457233601173933,wave1,0.0458976218385859,0.0456342815982407,1.2040416818330029,-0.0957573681442844,wave1,-0.095146478775131,-0.0954887902405998
431,0.6206298547323386,0.5023327227493525,wave1,0.5019906838496048,0.5019607244237531,0.5395777298185519,0.5285527000085054,wave1,0.5282738627236873,0.5283857923583907,-0.0508021954423457,0.3819054643181327,wave1,0.3815854392853153,0.3815014411420441,0.5531595457986198,0.2215759508364944,wave1,0.2217042739108685,0.2214202806681182
432,1.077916338387446,0.2550877349078,wave1,0.2550029659724853,0.2550649592152188,1.066586039859141,0.2255483270186434,wave1,0.2256701996370197,0.2257159832660832,1.6787717691688346,0.2045601563211303,wave1,0.2047533718458936,0.2047967002827684,0.91607187754311,0.2187348400995546,wave1,0.2184631356362148,0.2185151607243319
433,-0.6867852926005987,-0.0838361670434111,wave1,-0.0834667765065229,-0.0835114318765584,-0.1260433216364156,-0.3979057507258449,wave1,-0.3973534955914447,-0.3971924908697196,0.1758046343786633,-0.0170420500960295,wave1,-0.01663881796008,-0.0167353643669097,-0.0784905507125687,0.0773814719160178,wave1,0.0775426996483253,0.077780775649583
434,0.4846460339576645,0.1871047875720435,wave1,0.1871104044420912,0.1871622249738413,-1.0085846867226074,-0.0927384097522084,wave1,-0.0925757047332368,-0.0924305682863609,-0.0416943764341352,0.2498371024519513,wave1,0.2498216898187554,0.2496492983108861,-0.4566050136973412,0.1202364832741997,wave1,0.1206232372437178,0.1209663843533805
436,0.2409759518467424,-0.2371225050665979,wave1,-0.2365279246184075,-0.2364338576859836,0.4945414112253076,0.0668432954050265,wave1,0.0669584754212005,0.0668633571991853,-0.8694475320708791,0.0702595226228993,wave1,0.0704491653222977,0.0702146857035984,-0.4415807077227875,0.2238080068627692,wave1,0.2240759024288593,0.2244696596209545
437,-0.5092228802016745,0.0896432157063867,wave1,0.089832244590379,0.0898178548625768,1.048967438912912,-0.2704879095998412,wave1,-0.2698212311536,-0.2695828690253509,0.672097413746616,0.2429429167229246,wave1,0.2428742629965101,0.2426967457994406,0.8569375471285406,0.2473572923399424,wave1,0.2474830082645933,0.2472597625089711
438,-0.8049562052148708,-0.1324922369065875,wave1,-0.1321178382995811,-0.132024442167282,-1.1033456908763222,0.2931369504105138,wave1,0.2926756032658065,0.2927719265373388,-0.4126656200683348,-0.0845429753538095,wave1,-0.0842749632781169,-0.0844217248187207,-0.3174587091516551,-0.0521681530824927,wave1,-0.0515751306552785,-0.0512961738487701
439,-0.7958118662541832,0.4299670297400544,wave1,0.4294659385189665,0.4298066205583586,-0.445043504359064,0.4385108738884293,wave1,0.4379482549044813,0.4381725695905218,-2.2874182631953945,0.3083070532530827,wave1,0.3081932354759471,0.308191783127498,-0.9343031486077168,0.1361286682283546,wave1,0.1361475653521719,0.1361340802290635
441,0.7426396134841355,-0.357385014795034,wave1,-0.3571527066888698,-0.3568694390894574,1.1564571327907829,0.0403385456951869,wave1,0.0403972382407523,0.040824589242406,-0.3406060746228143,-0.1750076609008378,wave1,-0.1744950137019482,-0.1746227422192098,0.9838669571767564,0.0122651218180659,wave1,0.0122003340178999,0.0124442508148251
443,-0.4195919276274776,-0.1296018398555413,wave1,-0.1292897141240999,-0.129465188858823,-0.092787132694253,-0.124211476922223,wave1,-0.1242903032831643,-0.1237086158539677,-0.5228080689093644,0.2423213050427408,wave1,0.2419426689944974,0.2421267494721326,0.0180980673788685,0.205589670038574,wave1,0.206104438448383,0.2054956938074495
444,-1.419169836001019,-0.2822384252926094,wave1,-0.2815552798605373,-0.2815466191354162,-1.9313628304325392,-0.2524238354115641,wave1,-0.2516931333419968,-0.2514875534119131,0.1831841686864549,0.1026036807108841,wave1,0.1027709455425507,0.1024676543547002,-1.9421709756913923,0.2963100897059595,wave1,0.2963476644425444,0.2961603801928087
445,1.897840019850473,0.1639054030617808,wave1,0.1640179927550977,0.1640879674474893,1.4473214232084903,0.5165196755971325,wave1,0.5159166050845537,0.515946418445023,0.7287754301567796,0.2708717694470876,wave1,0.2708849874444367,0.2705500236104977,-0.5578756459488242,0.3189575811336326,wave1,0.3190542001797156,0.3193586789196267
446,0.4639526866271057,-0.3988561217069113,wave1,-0.39807772282928,-0.3981040595524943,0.0108814571269726,-0.4793094617558476,wave1,-0.4785448210061364,-0.4784760674468337,-0.1197165371170411,0.0486566167607778,wave1,0.0489021789796,0.0490078566516354,-0.3537407940707651,0.2256497423737219,wave1,0.2256053994906134,0.225908765670841
447,-0.1739245615773051,0.258563071413211,wave1,0.2583423751311851,0.2585840173047544,0.3633835125215743,0.5736431884538138,wave1,0.5728466453621179,0.5730877108969359,1.1837726220182063,0.3136888387189447,wave1,0.3136005126663248,0.3135657121383308,1.3538622507615998,0.3748423274262089,wave1,0.3745927090037954,0.3745777497627668
448,-0.2071778342817425,0.0693850907762252,wave1,0.0691237239702658,0.0694536657328162,0.5611806659165213,0.4767042493277299,wave1,0.4756952759606491,0.4760261639266719,0.6077527776315952,0.1062651543589061,wave1,0.1062890481729628,0.1063262777156919,0.6926238531245854,0.1437833935650438,wave1,0.1440912095430652,0.1436975300532116
449,0.0401576784532081,-0.3767068953714113,wave1,-0.3763066695087668,-0.376474339714255,-0.399558353022344,-0.0158533722488924,wave1,-0.0154016449318321,-0.0150562866526255,-0.3580318521727459,-0.1449743250864262,wave1,-0.1441607228354083,-0.1443039899092945,-0.6664135857316371,0.0491839037914607,wave1,0.0494547828738728,0.0495947080201705
450,-1.06782452178025,-0.0236201787677413,wave1,-0.0234315536010157,-0.0236218448821318,0.5689815891513421,0.4116328878125726,wave1,0.4108766197698677,0.4114045207764414,-1.932244183901426,0.0144904205862244,wave1,0.0145698547810795,0.014427183465099,0.0772078396656027,0.1013268216472054,wave1,0.1020088429250754,0.1014878789999594
451,0.7260544057741095,-0.2753371399491465,wave1,-0.2747040616303852,-0.2749547110694613,-0.5050089327727793,0.099011727646096,wave1,0.0986416667513377,0.099220126054725,1.0513266932167509,-0.1482633089918628,wave1,-0.147925121771431,-0.1481101500651478,1.4534472073922993,0.1278995903499716,wave1,0.1285834695977963,0.1280378654441494
454,1.2978847224196084,0.0010246976796976,wave1,0.000899829707678,0.0006721798154684,1.425241039421558,0.4579072284577701,wave1,0.4577822735841823,0.4580747585299898,0.5630538158149804,0.0847658186741763,wave1,0.0852269246400453,0.0852395448414448,0.667227008276536,0.1680281766420181,wave1,0.1680892145684473,0.1682962090931494
455,-0.8985183971691056,0.0774655117370249,wave1,0.0771411584655248,0.0775142162249489,0.0694762606679349,0.4232897392172098,wave1,0.4223056803337007,0.4225935080158024,0.1920596421651591,0.2338617209379423,wave1,0.2336967998025523,0.2337558791187151,0.2372582201187147,0.16675985733955,wave1,0.1670416507529035,0.1666666226193524
459,0.1920819461039739,0.0400945778733105,wave1,0.0404144601724635,0.0403901299826868,0.6340681534191429,0.1124849775267541,wave1,0.1127535002372265,0.1129673723123458,0.3359507713223365,0.2965189184014012,wave1,0.2963614749799526,0.2961184510735373,-0.5872666299792639,0.3650229408621465,wave1,0.3649593713395397,0.3647144481604866
461,0.1462778003454005,-0.4983747797766741,wave1,-0.4977522291295045,-0.4980187321713726,1.1948369862307069,-0.5660212924088945,wave1,-0.5648006215335917,-0.5645443467161577,0.346707734949683,-0.0165118629009853,wave1,-0.0159207194114207,-0.015998414087012,0.0859369667085416,0.0991533440435456,wave1,0.0994335276029791,0.0994198300719994
462,0.4513843475304801,-0.3626625318675591,wave1,-0.361988926313026,-0.3616015431090269,1.598302518815204,-0.2459970642825186,wave1,-0.2458348787297961,-0.2453247961040065,-0.1006949114380698,-0.1782267038383318,wave1,-0.1776802281398886,-0.177570800143832,-1.0047227891462258,-0.1044788059635899,wave1,-0.1042368708361066,-0.1041143022303221
463,-0.4849472511794613,-0.404626407080574,wave1,-0.403836580092034,-0.4037652835237648,1.5801441304888988,-0.0762066034478735,wave1,-0.0756092465635732,-0.07565408860299,0.6572064675197441,-0.2926862030893671,wave1,-0.2918593857697551,-0.2918681432635297,0.3519859537225561,-0.0595578713636603,wave1,-0.0595486490168976,-0.0595211099440421
464,-1.7611774412852128,-0.2490833859876233,wave1,-0.2489807456152623,-0.2485911767898189,-1.8185251163276444,0.060131378364964,wave1,0.0596573138117749,0.0599396257393093,-2.0971561753425942,0.0161386388881759,wave1,0.0163604960835512,0.0163140550413398,0.326542392914157,0.076617374919879,wave1,0.0770194202967108,0.0767984722419214
465,0.3632058191402665,0.4570279209626769,wave1,0.4563201516315916,0.4565933817235553,1.2119349310930958,0.4781436722934039,wave1,0.4771779282620466,0.4773577886592443,-0.3543121686699624,0.3658934894995642,wave1,0.3655254943002877,0.3656746772275845,0.9343320124697578,0.2261138090177851,wave1,0.2263880112112032,0.2259362495943261
466,-0.6986694963012265,-0.3029987226129677,wave1,-0.3023413055255707,-0.3022515070040343,-0.9228866320775836,0.0483554749271534,wave1,0.0487733701365095,0.0487662926636222,-0.1629761748241636,-0.2664245127994349,wave1,-0.2655985303870534,-0.2656718230963191,-1.234309470775557,0.0464655561485092,wave1,0.0462799238979279,0.046396650700818
467,1.0812490313223797,-0.0271506646969609,wave1,-0.026962634148041,-0.0271295565160297,-0.1346112941776835,0.4415948474260836,wave1,0.440820833854432,0.4413008906378136,0.5755366546524049,-0.0476988343477247,wave1,-0.0474952224920328,-0.0477045222826193,-0.261017694098151,0.0876071195247034,wave1,0.0883120548919993,0.0878369787156814
468,1.6528530812470124,-0.3055981806806859,wave1,-0.305287401638283,-0.3055247571805656,0.3743120378712481,0.0975322633392563,wave1,0.0978411532959375,0.0982126795876334,1.1028817710707972,-0.14272986291844,wave1,-0.1419390820737202,-0.1420334280480825,1.0725019349249365,0.119212748176227,wave1,0.1193083104082607,0.1195627919789671
469,-0.5162926075202352,-0.2337017971579418,wave1,-0.2331947228932192,-0.2329789963796189,0.7131076798353404,0.051679500404864,wave1,0.0516121932275129,0.0518356933119082,-0.2123120140965404,0.0247799405547712,wave1,0.0251278487471646,0.0251753636016178,0.4043914395372645,0.1321953177859084,wave1,0.132149573222688,0.1322571833687646
470,-1.4595894954443338,0.5188192211270817,wave1,0.5182674876241826,0.5183701430137866,-0.9439807500220307,0.5777594953869459,wave1,0.5774012726884913,0.5774179209003426,-0.031670107283771,0.4511448541688743,wave1,0.4510224253018957,0.4511229316662366,-0.3285719108731129,0.2639924402554293,wave1,0.2637499542235353,0.2638246210280622
471,1.2513553868877685,-0.0872030819931263,wave1,-0.0868485243128033,-0.0867970206335241,1.8460848002998556,0.2341713252025465,wave1,0.2337121110600586,0.2335390096588958,1.2133446918957111,0.108294762870054,wave1,0.1083633343965576,0.1082292389790219,0.2242168774824026,0.0491039552623287,wave1,0.0494699900744939,0.0491296856542689
472,-0.5673549553708169,-0.3892664520362615,wave1,-0.3884112031283041,-0.3886423622079006,-0.4414087162012062,-0.2917267557714651,wave1,-0.2913778213795668,-0.291673843611822,0.1757636600265034,-0.0784370129185246,wave1,-0.0780457546537208,-0.0781462137869445,0.6811906661910111,0.1768370039998597,wave1,0.1768162607549588,0.1769293271549233
473,-0.9574063282563376,-0.2544883344078912,wave1,-0.2538960038490316,-0.2538023382382681,-2.3300324706099707,0.0694961808343371,wave1,0.0695323612890778,0.0694957587313823,0.0658821540460925,-0.008376226959842,wave1,-0.0081300137682988,-0.0083552386091704,0.565585265794064,0.1562702887273823,wave1,0.1566347932965285,0.1569622660258788
474,0.2555849196210604,-0.3501923756802001,wave1,-0.3495424218977194,-0.3492104765619115,0.8792316515424968,0.1029368094386866,wave1,0.1027491331021977,0.1031461568298872,-0.0301935381762089,-0.3076873307221424,wave1,-0.3069836175480038,-0.3069144397832055,0.5095574872023056,-0.2821623189836422,wave1,-0.2816009505583637,-0.281583380286897
477,1.0071906325040292,0.0861625245378325,wave1,0.0857396262309383,0.0860494306949845,0.5737028377613009,0.4728828002210065,wave1,0.4723058824044613,0.4727622214071386,0.6090719340508868,0.2807730626145629,wave1,0.2806604277326766,0.2806373337344358,-0.0702318372304113,0.2710565514729052,wave1,0.2707380474515254,0.2709692864302404
478,-0.5107449429461222,-0.1885993675626351,wave1,-0.1880152729715447,-0.1881120549031456,0.7172445365190624,-0.1273852994700944,wave1,-0.1270766941817727,-0.1268557101361081,-0.6327263940878313,0.0023035438868403,wave1,0.0026985419111644,0.0026059992918683,0.1860391767251981,0.1733731374271397,wave1,0.1733633869264325,0.173676930586721
479,1.3105810821408117,0.114532279434524,wave1,0.1144952124008269,0.1149053372082522,0.4973230011061157,-0.1929806613072903,wave1,-0.1928018961892201,-0.1924030116830654,0.6418516322863425,0.2131457787166357,wave1,0.2131468697927789,0.2132817001974436,0.27298965939699,0.0059382833490308,wave1,0.0060008626456417,0.0061229794123418
480,-1.4392647270618049,-0.434468011644071,wave1,-0.4337276198105916,-0.4338216546003802,-0.8465177661212049,-0.265617511716271,wave1,-0.2655006959659777,-0.264948303717767,-2.6901381356743315,-0.3402359424893855,wave1,-0.3396846468673664,-0.3398326484923557,-4.559607225352102,-0.1924680810128755,wave1,-0.1913808716518767,-0.1918425282889277
481,0.007662254393931,-0.1789730447385521,wave1,-0.1784625035893775,-0.1785247581735266,-0.2612399482486848,0.1483930066141985,wave1,0.1481045821526931,0.1479034712408053,-0.5243751747661146,0.1059641583321523,wave1,0.1060903930454045,0.1059982404193812,-0.0729944816205975,0.283738944886552,wave1,0.2837532235894365,0.2835353384128599
483,-0.846385157783545,-0.3298004029049604,wave1,-0.3290766652752743,-0.3290205267735919,-0.8790001355185854,-0.2824089757481484,wave1,-0.2820506450484036,-0.281975099165706,-0.2904883030816418,0.0118734120028342,wave1,0.0121541849032792,0.0120030460039944,-1.6605436185467326,0.0225605305699462,wave1,0.0230402494735805,0.0235360582931846
484,1.2109299321563112,0.4554904783455322,wave1,0.4549623663277509,0.4553305240273477,0.0074027059464755,0.0825113617056499,wave1,0.0823261435465803,0.0826435334763038,0.192320048730014,0.5434061478768653,wave1,0.542984100924907,0.5430521754085491,-0.6855716763989294,0.3719216815906083,wave1,0.3715336370378774,0.3716343764278935
485,-0.7873133410952888,-0.0162026157396691,wave1,-0.0158904921260755,-0.0158500607756882,-0.0803021476823197,0.3230186563043219,wave1,0.3232027883545051,0.323216945278249,-0.0189638504378997,0.1858048866118118,wave1,0.1858100441938763,0.1855895916383134,-1.2868156029094104,0.1263954802143607,wave1,0.1266254578778082,0.1263661604077856
487,0.9120453544033352,0.2903787610393925,wave1,0.2901458109911679,0.2902017180697572,1.186609428802423,0.6904111227717155,wave1,0.6899431399781352,0.6898789024839024,0.3533691763257555,0.3783281350954592,wave1,0.3783436509586251,0.3783305552044169,-0.8214834410967077,0.4638245834059671,wave1,0.4632780911092443,0.4635178209798998
489,0.7028031900062073,-0.0200918519830492,wave1,-0.0199516054092163,-0.0197340149235198,1.4833494625323267,0.1217461305413335,wave1,0.1220269801029875,0.1220884948221842,-0.4521242897053739,-0.1995004559043398,wave1,-0.198819704331197,-0.1987255390991686,-0.7737041877497708,-0.3267378359983858,wave1,-0.32635604528917,-0.3264324385408558
490,-0.9168864395117704,-0.0811235477054909,wave1,-0.0806771481255753,-0.0806958521594553,-1.177772709674112,0.0212277126478196,wave1,0.0215980851964096,0.0218379527171831,-2.383604304738057,0.1277432124622943,wave1,0.127829417204907,0.1275885333047306,-0.7846234849793227,0.2109402188546928,wave1,0.2111198932512383,0.2108129264560382
491,-0.9416647253561196,-0.1025122535229416,wave1,-0.10252003007048,-0.1022107268232974,-1.6362251326132278,0.3329171807400791,wave1,0.3321418676004058,0.3324504484202296,-1.0424865346194463,-0.1211811298736127,wave1,-0.120852410950929,-0.1207903481259333,-0.4690937713960483,-0.0549861050336611,wave1,-0.0544275543979513,-0.054790552602934
492,-0.7512851190367767,-0.1604217371841931,wave1,-0.1605104129570924,-0.1600584887423983,1.3285704765263455,-0.1533231705718697,wave1,-0.1533844843391451,-0.1533707582514271,-1.5749789448081446,0.0738133557059086,wave1,0.0739017338774141,0.073990847721153,-2.2253420863782085,0.0581465586848485,wave1,0.0586839788290733,0.0581308172578187
493,0.607191406396951,-0.3812051953808744,wave1,-0.3804805185835074,-0.3803737341629356,1.0659828433901355,-0.0501677468643194,wave1,-0.0499455852853426,-0.0500320374483763,0.9878834076485804,-0.0803032724202811,wave1,-0.0800099424246706,-0.0801475301435216,1.341428958963188,0.0641304475699652,wave1,0.0646076273649158,0.0650178031539009
494,2.2653972033715184,-0.0262581727972219,wave1,-0.0260420591699486,-0.0261016564663358,1.368948957918577,0.3043267547148546,wave1,0.3042432894049701,0.3040056302016091,1.5570672434182176,0.1824223939434559,wave1,0.1824949786367735,0.1825509513424403,0.9208631927442192,0.1291895503527468,wave1,0.1292335725418448,0.1296915109260711
495,1.3962546745709197,0.3421379061688204,wave1,0.3419404848316375,0.3418454317236125,1.5651294083885323,0.4385503068222349,wave1,0.4378701604696422,0.4375693092978969,1.3092106935974992,0.0640396497765752,wave1,0.064196914056663,0.063914488904161,0.6790327899858133,-0.0445978978429308,wave1,-0.0440685436644573,-0.0443930316694391
496,0.5422394588282594,-0.2105590847103907,wave1,-0.2100913981788822,-0.2103049625600209,-0.7914040462245615,0.2205913852219979,wave1,0.2200200019417411,0.2206874900870866,0.598554174269031,-0.1605270023894376,wave1,-0.1602526867037736,-0.1603949157008797,0.1957703081288633,-0.1122153900742983,wave1,-0.1112384415198499,-0.1118134050278605
497,0.5942931888712603,0.1521603056398356,wave1,0.1522921672385778,0.1522975963874216,1.4568928340441656,0.5225291190252365,wave1,0.522391722960777,0.5224344456055464,0.8877947888631524,0.3172698419098221,wave1,0.3170786996133443,0.3168642728330415,0.8331321198062477,0.3110724094824499,wave1,0.3110354760273974,0.3108214800271036
498,0.4592943357160542,-0.3247658792511858,wave1,-0.3241194772563074,-0.3239454876131526,1.2414999980863843,-0.0878762496998463,wave1,-0.0877188003848037,-0.087503639220847,0.4269678170697121,0.0688829826121761,wave1,0.0691431958397352,0.0692803886271702,0.4274708450721156,0.0734026602442878,wave1,0.0734025739367502,0.0735381809964561
499,-1.2984357624337373,-0.2182934781128918,wave1,-0.2177124444502853,-0.2176696777633855,-0.8288849473363865,-0.1451785899341865,wave1,-0.145108106467125,-0.1449227141430836,0.4957014770755396,-0.0028956124008935,wave1,-0.0026007536754651,-0.0028279747646345,-0.0144143464713773,0.0462772949182778,wave1,0.0467402790777932,0.0470859798635651
500,-2.842358503390099,-0.2433745450828806,wave1,-0.2427387152118865,-0.2428478064979067,-2.3423004710850064,-0.2127538482116736,wave1,-0.2123099865029983,-0.2121314654875089,-3.206273154161261,0.0371418092931934,wave1,0.0374697627076785,0.0374080460995274,-2.6552942944137836,0.1292616573829225,wave1,0.1293038588056202,0.129675553487251
501,-1.4446738373945824,0.2190889478718001,wave1,0.2190713987551691,0.2190520956291937,1.66224191851276,0.2237506908471908,wave1,0.2235704662076786,0.2236735898588517,-0.7467641452819174,0.4299077530028383,wave1,0.4296348144284629,0.4296959663022726,0.0179697216470791,0.5726267228968559,wave1,0.572059522630462,0.5723754755200853
502,-0.1389416341321505,-0.2446673163788422,wave1,-0.2441381235406921,-0.2441221625017198,0.2172941815165111,0.0620951804957522,wave1,0.0622660087605714,0.0620753762855747,-0.4387234353872182,-0.0884435866150417,wave1,-0.0879696764650175,-0.0878949397734158,0.1087324067124957,0.1472502104873819,wave1,0.1473443078889326,0.1475904574948089
503,-0.4082549608834172,0.0518130686707276,wave1,0.051925905029029,0.0518821934386111,-0.6425126018832757,0.38393249335552,wave1,0.3837347111330181,0.3834928134960867,-0.5096888769229722,0.234007710917778,wave1,0.234007606421466,0.2340761762069907,-0.2036348722935057,0.2025137725100078,wave1,0.2024600982805943,0.2028987090653872
504,-1.882547372955553,-0.1052654329061137,wave1,-0.1049885153540559,-0.1047671348963383,-0.0434000954773059,-0.0408975435978847,wave1,-0.040326611015694,-0.0404100284527429,-1.262616437335568,0.2474653066066328,wave1,0.2476605278114461,0.2476258369565565,-1.737716010774258,0.2526950853769268,wave1,0.2524192008663515,0.2525032235196994
505,0.5699266382565618,0.1367853983659495,wave1,0.1368191542740648,0.1367936941356815,1.235186375678907,0.5081855572772515,wave1,0.5077930753135277,0.5076136956972296,-0.5315258505658252,0.1870661441996213,wave1,0.1871641563615491,0.1871854243183208,-1.040678796140046,0.2718535705219996,wave1,0.2717187176754275,0.2720704239639248
506,1.0369986105179172,0.1367853983659495,wave1,0.1368191542740648,0.1367936941356815,1.1065700691247395,0.5081855572772515,wave1,0.5077930753135277,0.5076136956972296,0.913702522149247,0.1870661441996213,wave1,0.1871641563615491,0.1871854243183208,0.964635470209895,0.2718535705219996,wave1,0.2717187176754275,0.2720704239639248
507,-1.9073064962900776,-0.2317028700283724,wave1,-0.2315126033303137,-0.2316464187801631,0.8287065581158124,0.1174660356031429,wave1,0.1177301186868802,0.1181286267368597,-2.2292586596775146,0.0873441534068349,wave1,0.0878773538215947,0.0877385021836704,-1.7919118217235548,0.2297083284654466,wave1,0.229691127032878,0.2298920245595296
508,0.5687926718038444,-0.3053501527114201,wave1,-0.3046855139803596,-0.3046837511179049,1.2046728423837858,-0.0243853116395206,wave1,-0.0238553332104217,-0.0239617610016128,0.4598767610163198,-0.0568145739476764,wave1,-0.0563178528050258,-0.0562506854909574,0.4665423078148248,0.0641951989139551,wave1,0.0641691329412282,0.0641594746429808
509,-0.6391563400861613,-0.1619002637117034,wave1,-0.1614322000514151,-0.1616968255254588,0.0315813355107183,0.1789679463222791,wave1,0.1785086596645795,0.1790579338927863,0.2189410922439942,0.0330711164793204,wave1,0.033136602522354,0.0330346241042946,0.4763548907306749,0.274580456428289,wave1,0.2750550386807722,0.2744874401772275
510,-0.5177759656994178,-0.2680142173985765,wave1,-0.2678895613692469,-0.2675730794987614,0.5487122205923896,0.0763041063114683,wave1,0.076310035227184,0.0767439390702361,0.0797353653897877,0.030675157334351,wave1,0.0309051536942616,0.0308301692578308,0.1305187005965567,0.1581430665724767,wave1,0.1578716743606855,0.1581358958906559
511,-0.8077434389836026,-0.0752368041875943,wave1,-0.0748415939960398,-0.074767160580883,0.7743205598664082,0.2463935575391026,wave1,0.2461452765356012,0.2461888242229631,-1.5968979222545214,0.0800013665510542,wave1,0.0801832746205236,0.0798363636248044,-0.4371395841486876,0.2845985035992965,wave1,0.2848042742278076,0.2850018109175895
514,-1.101041907783574,0.0896474661662947,wave1,0.0896761495639379,0.0899190473198872,-1.6520408862120712,0.4074186482378812,wave1,0.4068577461225018,0.4071292905048127,-1.3895402935149446,0.2145088606236111,wave1,0.2145416365757346,0.2145694523537316,-1.8742782842553116,0.2089625308247477,wave1,0.2089056368127803,0.2089104634450893
516,1.1117823217843066,0.0270197712436429,wave1,0.0271287105039351,0.0272310415492378,1.1764455243287886,0.4473392912990789,wave1,0.4472137566956825,0.4471575113371798,1.013349110833392,0.0949236038888263,wave1,0.0952855071232356,0.0952903216801879,0.9094364065607016,0.1679997750666476,wave1,0.1677903574738606,0.1679331323907405
519,2.1717220291351405,-0.1894458326440888,wave1,-0.1893253102817955,-0.1890266131017828,1.477425691355755,0.2610055595514896,wave1,0.2603481142474321,0.2606451293584678,1.3010647519553082,-0.2382514223373468,wave1,-0.2377666965413549,-0.2376922758784814,1.1518640520306145,-0.155421262286344,wave1,-0.1547362766119698,-0.1550835754440583
520,-0.3846067201400235,-0.2388010760360321,wave1,-0.2382825873953296,-0.2380876052713509,-0.0206064352883756,0.0201192016242444,wave1,0.0201103299158423,0.02032249085761,-0.1588100225180721,0.0743502265792142,wave1,0.074624372033228,0.074701134631119,-0.6805357098017968,0.1422007807176974,wave1,0.1421326868209007,0.1422494822218535
522,-0.7410100034470297,-0.1656246605607566,wave1,-0.1652261520170622,-0.165422349586006,0.5779334740625562,0.2829958415875942,wave1,0.2823696208242492,0.2829787708986549,0.2686585560572759,-0.1478173629266796,wave1,-0.1475285816647469,-0.147704287280256,0.3712113633776533,-0.0669701809376001,wave1,-0.0660529915177441,-0.0665919032562263
523,0.116982096642786,0.0648326926689954,wave1,0.0646153964057875,0.064402160358369,-1.4691411565153334,0.5155681012152873,wave1,0.5153620773318628,0.5156773086051878,0.5054572759460271,0.1846275495185535,wave1,0.1849675421638531,0.1849821424290797,-1.4766505415690396,0.2481713980483852,wave1,0.2481048664909383,0.2483378949790939
524,-0.1621379215423637,-0.1604517870496228,wave1,-0.1599896281092675,-0.1599424276040263,-0.5644355970435352,0.2162061829939158,wave1,0.2165094650122611,0.2165538326811639,-1.0384017336297586,-0.0131834717113881,wave1,-0.0128910901798604,-0.0131085112082598,-1.2624326270995043,-0.0551193842278344,wave1,-0.0546023554071189,-0.0549368122492693
526,0.0153546530236042,-0.1754013813248385,wave1,-0.1748227189124345,-0.1747791911122209,-0.6244930617330383,-0.1558829683132782,wave1,-0.1556453542436738,-0.1555782304142662,-1.489566566173349,0.1703180122859177,wave1,0.1704838848497579,0.1702358855853681,-1.4390399326327992,0.1920423371342467,wave1,0.1922981415486197,0.1927778403792889
528,-0.3124721497398128,-0.4990847922925331,wave1,-0.4986130844931708,-0.4982548423098029,-0.53553598577573,-0.1559653983771122,wave1,-0.1560883250948096,-0.1558388865658234,-0.4026589360979364,-0.319323974388745,wave1,-0.3186528941802407,-0.3186621277708075,0.1275271316514125,-0.2094803819845817,wave1,-0.2087194190487332,-0.2088957161709895
530,-0.082468928574642,-0.211017329803439,wave1,-0.2104600133838794,-0.2104478933433193,-0.902027710190596,-0.2573569852820029,wave1,-0.2569262980029095,-0.2568094441955867,0.1427381798070355,0.0887691533498258,wave1,0.0889832046887288,0.0890682927040131,-0.9583046100305564,0.3979429427681499,wave1,0.3976769570418003,0.3978796788097957
532,0.0049498738357596,-0.0236953412952446,wave1,-0.0235632805343489,-0.0236370901537591,-1.192069101365571,0.1169838879764129,wave1,0.1167082797195251,0.1170247243841123,1.1534832094358645,0.1262432695931865,wave1,0.1261951689285192,0.1261299538712639,0.6063057375240406,0.3001760393434634,wave1,0.3005731950154831,0.3001692952417991
533,0.2343958073441633,-0.2728613340627085,wave1,-0.2726115610816452,-0.2727551106630682,-0.4416537217378972,0.0794523555280442,wave1,0.0797698994628719,0.080153435921797,0.1329751691376423,0.0222695432992904,wave1,0.0228816252468927,0.0227414573691774,1.1194390988701304,0.1784196763116272,wave1,0.1784842670582699,0.1786678662180662
534,0.3368349748192939,-0.1633254205307376,wave1,-0.1629704200405272,-0.1628825509211746,0.0425373241774349,0.2346442849603319,wave1,0.2348232612912072,0.2347200531331296,0.7447050049680798,-0.0030419075615564,wave1,-0.0026046339821663,-0.0025128526270845,1.3412679466939217,-0.0257440021373726,wave1,-0.025639704314569,-0.025632829295733
535,1.405278403386756,0.0823473775876259,wave1,0.0821717777095324,0.0817634305919913,1.2356288623633118,0.1733235012386758,wave1,0.173617396976097,0.1738938177553639,0.556588990463131,0.3800139352451629,wave1,0.3800128694532393,0.3801684095953453,0.1783039258965938,0.4549968422463856,wave1,0.4545960870333154,0.4548593973986642
536,-1.4922842689565536,-0.187390625853936,wave1,-0.1870090755780321,-0.187109213519928,0.6815052318493537,-0.0649458849372026,wave1,-0.0650449806669375,-0.0645937504772306,-0.003758501078882,-0.0133733552795418,wave1,-0.0132725592237865,-0.0133213307590942,-0.4119299758797133,0.1067251858031868,wave1,0.1073927505548304,0.1069288998334754
537,0.0919138703261,-0.6930722900572612,wave1,-0.6923336102906901,-0.6921221399812336,-2.401813822643101,-0.6888955845044645,wave1,-0.6878094038430344,-0.6872893007668909,0.2527648162299644,-0.2454761192385616,wave1,-0.2448061028833627,-0.2450477128468672,0.5476313456410588,-0.133365334733119,wave1,-0.1331967675832386,-0.1329913979984294
538,-0.8004185780640504,-0.4162722632273131,wave1,-0.4154066020418262,-0.4155903478494506,-1.1335194050718618,-0.3452680549166267,wave1,-0.3448727623678329,-0.3451229751516362,0.0455867444651565,-0.0547600380084395,wave1,-0.0544117524956361,-0.0544823479655708,0.4560965070926425,0.1629452040593178,wave1,0.162951991429672,0.1630428066727399
539,-2.379861744024256,-0.14034028625609,wave1,-0.1402414495738537,-0.1399800239553838,-2.313672888414942,0.3694056752411964,wave1,0.368639841920393,0.3689840039653732,-2.5720929299468676,-0.2989250827213263,wave1,-0.2983476525393262,-0.2983036064861677,-3.3353269532344267,-0.1157549658793877,wave1,-0.1151253854292753,-0.1154990865286936
540,0.214868017678343,-0.2081548807432562,wave1,-0.2075995486629833,-0.2075094262026062,0.4206255692170038,0.1022697927856873,wave1,0.1022979523001338,0.1022421392194233,-0.0499045004773843,0.0574876665236404,wave1,0.0576874205691569,0.0574317508613325,-1.800602751051289,0.2219089494212946,wave1,0.2221849407909008,0.2225265684306389
541,-0.5422737991536697,-0.2212761496959418,wave1,-0.2212103583823665,-0.220832177082777,-0.5546784958555965,0.1081595400607434,wave1,0.1076257473031249,0.1078306296627468,-0.5204313166389247,-0.041785334831756,wave1,-0.0415999253065262,-0.0414737912653602,-0.352109467641102,-0.1634836006562,wave1,-0.1627840930883451,-0.1630851114522238
543,1.145768232397604,-0.4747313656272516,wave1,-0.4738809853029131,-0.4739121227131291,0.5919652204431359,-0.1558704901495434,wave1,-0.1553939288461166,-0.1555390916554549,1.081359440100511,-0.2989047711207866,wave1,-0.2981178485447806,-0.2981106847184129,1.2256448638973032,-0.0748310556072343,wave1,-0.0744355051586413,-0.0741652293995022
545,0.0631330062095138,0.0112085253903201,wave1,0.0114872706523866,0.0114993952488872,-0.3967435446965671,0.4187299147176376,wave1,0.4187075080274663,0.4187807468193752,-0.048845993191435,0.1222768479840425,wave1,0.1223688055981824,0.1221568049008603,0.5962498140451971,0.1300767450921846,wave1,0.1303261440565885,0.1300368769087744
547,-1.8401597189202428,0.0903940218292787,wave1,0.0904196826739678,0.090526780221222,-1.1038216168978765,0.5198747598903085,wave1,0.5196451324094585,0.5196046166145386,-1.2664499673479674,0.1263865245523534,wave1,0.1267223730486992,0.1266982600600237,-1.1031005766540547,0.2340757774381028,wave1,0.2337597700838015,0.2339476132227414
548,-0.1525949029018807,0.0037327649942551,wave1,0.0040275175863995,0.0041147039548141,-1.486211730346832,0.3545657622819068,wave1,0.3542456100740615,0.3541855345275352,-0.5578883591971373,0.2132961565450998,wave1,0.2133492338923074,0.213121653994135,-1.7250516497630946,0.2250421653273694,wave1,0.2252503261746438,0.225690530678751
549,-0.0926768347018185,-0.1942952067229445,wave1,-0.1936920396825684,-0.193895834641479,0.3275170415149918,0.1971900833282518,wave1,0.1968766527615324,0.1965980854525475,-0.8052226368361949,-0.0542859608741649,wave1,-0.0539097914882479,-0.0540947205151632,-0.6889018989645508,0.206454231523326,wave1,0.2065628398384354,0.2064074424235443
550,0.7147019690080304,-0.3962119085852125,wave1,-0.3959295486012096,-0.3956589670715749,-0.1254326989151937,-0.3859076367827595,wave1,-0.3852642686938142,-0.3847694701747387,1.0599119661466303,0.0220860416438007,wave1,0.0223646354318721,0.0221966581652158,1.1225268352671782,0.2114804005456276,wave1,0.2111243646397075,0.2114346008498641
552,-2.2580614326998107,-0.0845480103279733,wave1,-0.0841731689112461,-0.0841113031839121,-0.7622514405868704,0.2591616116120957,wave1,0.2592814293417541,0.2592792979762651,-2.097959322263914,-0.0474232509185383,wave1,-0.0468555712213374,-0.0469595998359262,-1.2668302707867871,0.2915178791893969,wave1,0.291031533491873,0.2912424120741235
553,0.5079970072604885,0.0721473120148891,wave1,0.0722007805146142,0.0719761230294037,0.5495269630138381,0.4461250475896519,wave1,0.4453144430063498,0.4458662887372247,1.0041931689202168,0.2179097139187389,wave1,0.217650368718278,0.2176411036355126,1.008590296072003,0.2341967297905472,wave1,0.2346844490323685,0.2341007147088676
554,1.1741312305937035,-0.1298876118624659,wave1,-0.1295327272656992,-0.1294416598740688,1.7110186783656691,0.3144862171724,wave1,0.313938399148402,0.3140840035406226,0.7011767501976275,-0.137786137170539,wave1,-0.1374792634259231,-0.1376298865213771,0.3821540390910377,-0.0904709438563833,wave1,-0.089821425372423,-0.0896023434954836
557,-0.1685316522562258,-0.0789484970840173,wave1,-0.0785336716468541,-0.078610513903097,-0.1586890378447952,-0.0438020431241673,wave1,-0.0436039976674092,-0.0434320207114341,-0.0137742890173366,0.1484773991200327,wave1,0.148643438178968,0.1486076703038668,-0.7822092993822013,0.2836448254974463,wave1,0.2834788578996338,0.283811566834749
558,0.0184854112598926,-0.051969352823963,wave1,-0.0517371407082767,-0.0514045711589314,1.04671845801036,-0.0166607575721464,wave1,-0.0167889133299918,-0.0163613793841237,-1.4668222012554113,0.1757446623531466,wave1,0.1758351629310988,0.1759079847144635,-0.6852759132618079,0.2394721961403667,wave1,0.2392824178687873,0.2393932625334542
559,-0.5361692456065572,-0.1177834608166006,wave1,-0.1178489343650337,-0.1174640684301228,-0.2313110536852445,0.2017688799205378,wave1,0.2010961035177453,0.2014181245789218,0.4579189273784486,0.131754657051085,wave1,0.1318304176621478,0.1317523136169813,0.4396132767298172,0.223028079119458,wave1,0.2232448430667807,0.2229900589167723
560,0.2692931005152419,0.0693743894313354,wave1,0.0689469059837311,0.0694254311182427,-0.1801357147319079,0.0447222719319341,wave1,0.0443431342998291,0.0443848829327772,0.9563407983667892,0.3714570797799448,wave1,0.3711429167482372,0.3711990543825463,1.288184255916855,0.3236277457747062,wave1,0.3238282090933852,0.3232353944647889
562,3.68965489433626,0.0400945778733105,wave1,0.0404144601724635,0.0403901299826868,0.6107885655573702,0.1124849775267541,wave1,0.1127535002372265,0.1129673723123458,2.1372454397773,0.2965189184014012,wave1,0.2963614749799526,0.2961184510735373,1.7977693413587903,0.3650229408621465,wave1,0.3649593713395397,0.3647144481604866
566,-0.3585257141540771,-0.0794176891707981,wave1,-0.0796112490623746,-0.0793469753269109,0.0442655091344439,0.3467719825918135,wave1,0.3463767798790375,0.3468363189213245,-1.9826750745405508,0.029631019534274,wave1,0.0298733293047749,0.0297820858017799,-1.8358078732068728,0.0437290092910331,wave1,0.0437445111923064,0.0439276290433827
567,0.7136843411374718,-0.0476910456002946,wave1,-0.0474676015168326,-0.0476550190430035,1.541731449815512,0.3952410925771208,wave1,0.3945034024404442,0.3950369860521759,0.6625031072974933,-0.0226052226435617,wave1,-0.0224703620699884,-0.0226296856946857,0.5020775116924491,0.0709130646524685,wave1,0.0716383745220101,0.0711219598684118
568,1.2053318468015517,0.5863348533922095,wave1,0.58580126775333,0.5858739383233666,0.4317320008931888,0.6402771802307606,wave1,0.6394951551624731,0.6396329075171846,0.3712589464934701,0.3766325860624829,wave1,0.3764348544591988,0.3761427671596028,0.494223471992167,0.2880045990521448,wave1,0.288180013369845,0.28830239034509
569,0.3665058972488987,0.2801173906826374,wave1,0.2794589091314269,0.2797028701954431,1.3617784268489146,0.3041865761115917,wave1,0.3038484621734282,0.3043209653046318,-0.2343450433997564,0.2789627978763632,wave1,0.2788409563080686,0.2787067887439175,-0.1442302336583844,0.0038729899546696,wave1,0.0039364483166281,0.004116733992022
570,1.0198669696692348,0.4931390699188634,wave1,0.4927400374773306,0.492797134747065,0.1275776782974443,0.4768261566704995,wave1,0.4765895760134929,0.476668586081077,0.5792402017901742,0.3801737796381534,wave1,0.380175766453499,0.3801457827975583,0.5652153018691448,0.4828660571020105,wave1,0.48221686333218,0.4824045149020429
574,1.4781413349889183,0.3684735586987076,wave1,0.3678068755960511,0.3681532475062803,1.667865820450166,0.0689343145908033,wave1,0.0686580685652337,0.0686020043133514,1.56416783739401,0.3415287782545433,wave1,0.3412319138646844,0.3413790663364056,1.6937251166600098,0.2860147207020029,wave1,0.2863239493241993,0.2856608584273543
575,0.8186919511375971,-0.0711037173526525,wave1,-0.0707451871686031,-0.0708868455858791,1.2504085834233232,0.125235926802702,wave1,0.1252794736103325,0.1252926139275811,-3.4793972276771266,-0.3518901442222111,wave1,-0.3509351256790389,-0.3512624348049824,-1.3148873782013533,-0.3669881636508422,wave1,-0.3662476561151319,-0.3659208759755937
576,1.2782260983810392,0.3772710055775479,wave1,0.3770369594395732,0.3771151086863324,0.0046435313897607,0.3499720177431918,wave1,0.3497244688709305,0.349758175660502,0.7785931933053559,0.3405948688803778,wave1,0.3404668829859752,0.3401394554213187,1.4846651795101509,0.3822045135989255,wave1,0.3823077322410506,0.3824564119425086
577,0.5441502631212601,0.1852665480822761,wave1,0.1852071196544431,0.1851009464690232,-0.6372083622061234,-0.1583736871604749,wave1,-0.1580465530439055,-0.1580392312809118,0.0657096487704306,0.4547643017902008,wave1,0.4544327814580011,0.4544202486050137,-0.5075292920748752,0.1361692561688864,wave1,0.1361620468706413,0.1366905239100609
578,-1.944220417028356,0.2218511096999039,wave1,0.2217989357321213,0.2220086525140137,-1.8948212604997483,-0.1322441533844817,wave1,-0.131615791761028,-0.1315532952848618,-1.0272142665830868,0.3668164397511926,wave1,0.3668592175165199,0.3667911518750253,-0.3379415450277178,0.4015495783720773,wave1,0.4010088393021094,0.4010894481971346
579,1.4877079424151194,0.2991490313345111,wave1,0.2988774646273391,0.2989190062363243,0.5942181938322607,0.2722064053482501,wave1,0.2720175156608863,0.2717386705617753,0.9642590488575252,0.2690846743365878,wave1,0.2690310986677264,0.2690921121219891,0.9229754297305884,0.2445423377877947,wave1,0.2444825610927133,0.2447722075071344
580,0.5132166534874771,0.3344766857900235,wave1,0.3341533359867071,0.3344598930700898,-0.700051973470455,0.1106774031483704,wave1,0.1109765380847637,0.111049430134669,-0.5305780904789363,0.3758625880229684,wave1,0.3759066590056068,0.3758564422213022,-0.980038592992286,0.2658337784612493,wave1,0.2654715598965403,0.2655674157517949
581,0.652816294695792,0.3163161025441302,wave1,0.3160270924826776,0.3161481674950309,0.246721803886199,0.3824906770397697,wave1,0.382409292847221,0.3824143550714919,0.706949904250487,0.2682074417504434,wave1,0.2682934562224612,0.2684322320662107,0.3925790739847219,0.0470207325864414,wave1,0.0470578523196885,0.0470388739481058
582,1.2271463309379849,0.3522562257457973,wave1,0.351877534250427,0.3521690263403876,-0.0686793321857424,0.2881917845114323,wave1,0.2878462823791119,0.2879662996942038,1.4144369468593545,0.3235210451504315,wave1,0.3234661181814113,0.3234182414825592,0.423216603087088,0.3125408891464029,wave1,0.3122679774750411,0.3123370982763109
583,-0.6291615772240946,0.1757975169245096,wave1,0.175476047658059,0.1757503976755612,0.1534968510175011,0.1777882973936179,wave1,0.1772603879688034,0.1774633305782958,-0.3776087110650327,0.1512710508342478,wave1,0.1512960814175805,0.1513201704853251,-0.2250598033065219,0.1854501616400436,wave1,0.1857814911159214,0.18546569763324
584,1.44313210654943,0.5381351217424031,wave1,0.5376410231100339,0.5377172054660193,0.7788030613428418,0.6084150451461413,wave1,0.6076396143901824,0.607796593258282,0.0818906691688828,0.3086672087361927,wave1,0.3085181920144914,0.3082572553169199,0.0455157950876941,0.2195323769193954,wave1,0.2198003629493634,0.2199086011980655
585,0.1031576990732636,0.4529473832096616,wave1,0.4524398430596487,0.4523008659090267,-0.3804088900167023,0.1719962177892727,wave1,0.1717727928241513,0.1719640758899812,-0.0096186626479289,0.5501287362182867,wave1,0.5494767836716514,0.5494133538523829,-0.0848194228466302,0.398779606931585,wave1,0.3990076841415526,0.3985314730086118
586,-0.1965071831913974,0.0321437355176281,wave1,0.0318179064829093,0.0320601263534298,0.7445065729719722,-0.2889544131459242,wave1,-0.2884551656492232,-0.2879714299752006,-1.0376748520573644,0.1742478497801879,wave1,0.1742779848973238,0.1740444050013964,-0.2256810647221138,0.1924755318508068,wave1,0.1921158957524102,0.1924582821289537
587,1.638798930875098,0.5391366858264645,wave1,0.5386260350126942,0.5386514828759722,-0.1039047707212468,0.5830416839890971,wave1,0.5821975660682814,0.5818584009289927,0.4117601547082535,0.3792728653412459,wave1,0.3789807868155787,0.3787839538569172,-0.0267713880469197,0.2419816039259033,wave1,0.2421012781117933,0.2417306129288053
588,-0.2487791094153823,0.2306244584177382,wave1,0.2305594516102763,0.2305283114852577,0.688877852414741,0.3815402530324722,wave1,0.3813680331577128,0.3815675423028729,0.1912120765843821,-0.0480640889065544,wave1,-0.0477743897095528,-0.0478476224544348,0.3218721272796542,-0.1287938990765292,wave1,-0.128100283943521,-0.1285411788579509
589,-0.5798403908897765,0.3856749772901845,wave1,0.3853472439889128,0.3853565365802852,0.2498515499627422,0.3688057681642775,wave1,0.3682560882899284,0.367981945580293,0.0544452656699285,0.4196364324224521,wave1,0.4193162326433314,0.4192220003375023,-0.4715318374347236,0.4493860704323829,wave1,0.4492091361632975,0.448915877080254
590,0.7526994124986626,0.501152568298015,wave1,0.5006339094471238,0.5007714374736117,0.8798234147133873,0.487168128325937,wave1,0.4864065171144878,0.4861542128158267,-0.0184646148001394,0.4571400665152753,wave1,0.4567163772900747,0.4565907706808619,0.4159028506326613,0.2454806173593787,wave1,0.2456121339578299,0.2451889493541335
591,0.5196356222838903,0.3365698416916964,wave1,0.3362421618918183,0.3363321179730956,0.4573965819310478,0.478114152946595,wave1,0.4773699598934521,0.4776031447044401,-0.5877591533975361,0.0258531235277349,wave1,0.025909617926347,0.0257746571470912,-0.3704900828827734,-0.0570361493336258,wave1,-0.0563951470133597,-0.0563435989217351
592,0.5516693176621535,0.2362692136136113,wave1,0.2357429531014206,0.236129435416609,-0.6426261534082747,-0.1365211687791946,wave1,-0.1365447821276947,-0.136581718693629,1.322355512875547,0.3843838016922936,wave1,0.3841263800840897,0.3841396997548156,1.2561525701120004,0.4261720038452574,wave1,0.4263111920029103,0.4257676192712233
593,0.6432732653229642,0.314289561734329,wave1,0.314221711549009,0.3141924220921918,-0.2075476259712236,-0.0171573136616748,wave1,-0.0167770571864654,-0.0165420325385342,1.2795520352613592,0.3573200845880253,wave1,0.3570465795765887,0.3569259221618239,1.7673636822949246,0.206258893097781,wave1,0.2064446359589373,0.2061336828084554
594,0.6460903229271872,0.2845810518039081,wave1,0.2840737218660805,0.2843830104572583,0.6776565364097725,0.2414586703224267,wave1,0.24079682145686,0.2409927306855716,-0.221800534055462,0.3551763436940351,wave1,0.354919238023148,0.354937865822349,0.452011569075908,0.3195793929053498,wave1,0.3197443022583816,0.3194181669330628
596,1.2321570911385986,0.1136539163771174,wave1,0.1136616712848938,0.1136945197838702,1.5694479758699966,0.0707452615946113,wave1,0.0704898490289038,0.0703894195759539,0.3854333246531568,0.178311604425898,wave1,0.1783082128511987,0.1782187389105546,0.1032252763342111,0.1251489967182222,wave1,0.1254599026479071,0.1251423241248226
597,0.0806379262172312,0.2880458403234536,wave1,0.2878552517435564,0.2878814628983253,-0.0584069327364327,-0.1005239576414097,wave1,-0.1003739316095054,-0.1003532415776954,0.7529705637955372,0.4378865336142974,wave1,0.4375795998877194,0.4376518166782044,1.1421975846883117,0.4520514813104138,wave1,0.451686861330865,0.4519572361779113
598,-0.1444623154795444,0.0114305577912386,wave1,0.0116449299166448,0.0115057053208652,-0.3858135357354583,-0.2520737573531479,wave1,-0.2518154897183819,-0.2520693631347206,0.5558820544386798,0.0946890828324668,wave1,0.0948163040719402,0.0947193320020493,1.2315244546586008,0.1446665904279609,wave1,0.1447535404642337,0.1447728299019973
600,1.6103637100873638,0.3044575466315065,wave1,0.3041533396927791,0.3045150255265256,0.2048820029930175,-0.072994695101882,wave1,-0.0729543829898797,-0.0726157396310595,0.6673630061392578,0.464571879194785,wave1,0.4642432326015744,0.4643730057879349,0.6149783607800497,0.2279250540465502,wave1,0.2277034932574987,0.2278240320558432
602,-0.5115512443985866,0.0735843128549156,wave1,0.0732211955829545,0.0736527654578736,0.0480153955914628,-0.3636356157320638,wave1,-0.3633870704817455,-0.3635090526715644,-1.6784913743605658,0.3424802473384902,wave1,0.3422581461057525,0.3423288000471034,-1.0939292788139932,0.2504325358294498,wave1,0.2508022199413934,0.2503162345039877
603,1.223094246551366,0.5107392373904561,wave1,0.510186801361974,0.5099923189243633,1.1936725868907327,0.6074514116445096,wave1,0.6066361979442336,0.6068778059325555,0.1121998038283093,0.3592558632548841,wave1,0.3589413634381149,0.3586506782881375,-0.077011135652875,0.2507468964433046,wave1,0.2511964366711565,0.2507269827865406
604,-0.71363176878574,0.0736529847915925,wave1,0.0737202139322203,0.0738264848211629,-0.6846526403754889,0.0885207094787604,wave1,0.0885815783026887,0.0885833996504049,-0.11393341732799,0.0740019697725472,wave1,0.0740733999589197,0.0739444851522025,-0.5500954857406546,0.0795579181460672,wave1,0.0800561698632328,0.0802991876830565
605,0.5630665563170978,0.2708445824565371,wave1,0.2706053287551127,0.2708333640140182,0.0164352872124847,0.4401820207991783,wave1,0.4400065151860154,0.4401239502937674,0.302679599661369,-0.0155030779710558,wave1,-0.0149976268028246,-0.0150121976808919,0.5239300273513133,-0.030601752792106,wave1,-0.030674281301717,-0.0305701106563207
606,1.0466645372285457,0.3106290060409126,wave1,0.3103886675780897,0.3104159554478659,-0.8500941998829433,0.2814211837679039,wave1,0.2809561404126048,0.2807366043778394,0.6383983825287771,0.3650812557538224,wave1,0.3648306008050638,0.3647450726675173,-0.719449366983328,0.3633996832305433,wave1,0.3633539688375118,0.3630485505210459
607,-0.5194066353885138,-0.1201789130189135,wave1,-0.1200501530304093,-0.1204174023035245,0.1616315995646006,-0.4417619423186569,wave1,-0.440596776098209,-0.4405725809164251,0.3455790048551022,-0.2141899050399472,wave1,-0.2133907830095515,-0.2134596897360082,0.3039275645009507,-0.3269133970364216,wave1,-0.3258996126343339,-0.3261462733884731
609,-0.3484117272317356,0.1475399489163911,wave1,0.1475330436634114,0.1475327481836943,-0.579330994095464,-0.2448018873889342,wave1,-0.2444396186532223,-0.2444242062837203,0.9673833492748606,0.3597918743177093,wave1,0.3595949801730929,0.3596564646474522,1.2892594992287785,0.3215026351212598,wave1,0.3213130524857256,0.3216269617804782
610,-0.8195722707072498,0.5729135928784764,wave1,0.5724978793625374,0.5724646745218079,-2.688984288529229,0.578797941162681,wave1,0.5784643664348122,0.578560885609826,-0.0084482661203149,0.4802161266013638,wave1,0.4797535341431633,0.4796681316422806,-0.5105009622731549,0.3130463802753671,wave1,0.3130301008055993,0.312783899349287
611,-0.7073535573939828,0.2604268104727767,wave1,0.2599835700874587,0.2602547220142722,0.6979292133216402,0.2845769913627817,wave1,0.2838932240478741,0.2840269050114626,-0.3318348883263978,0.166398844619577,wave1,0.1662914090119884,0.1664803891877024,-0.6503436925173443,0.0053449927337265,wave1,0.0059001704096803,0.0054929101532469
612,-2.0802687323320677,0.1810639870515336,wave1,0.1810383654193101,0.1809406419165984,-1.6282376279905864,0.312328472378418,wave1,0.3121293800445895,0.3120313588672857,-2.1114620687240326,-0.0131050811907322,wave1,-0.0126682699622806,-0.0128711098750389,-0.5013715890095428,-0.1207911094249713,wave1,-0.1203971353772058,-0.1200250578931755
613,0.5828308323431934,0.1513388502942162,wave1,0.1513531167898868,0.1513079259555007,-0.952046307975416,-0.084169887695614,wave1,-0.0841576089574274,-0.0844396990286933,0.9968097514248588,0.1292442720586269,wave1,0.1292812347076152,0.1291342418568212,0.5732520541250961,-0.0290355255851541,wave1,-0.0286903938987463,-0.0287819769795213
614,-1.0676952816756164,0.1150820806367706,wave1,0.1151439923901435,0.1149558468568922,-1.668638734296189,-0.1984290102560685,wave1,-0.1982028576107738,-0.197939353571592,-0.3118090198156676,0.2466948337399985,wave1,0.2465135428191147,0.246340334347261,-0.1594747106313702,0.3071672729696788,wave1,0.3075655249751141,0.3070825601349558
615,-0.1308060049689778,-0.1883139355616079,wave1,-0.1879282605739594,-0.1878622495869637,-0.1506701045605743,-0.4421389577976732,wave1,-0.4416239151165678,-0.4414093498481001,-2.0697788793225422,-0.1602435016433733,wave1,-0.1599316874387714,-0.1600199102187466,0.4074431226019949,-0.1127324306141009,wave1,-0.1119711834447543,-0.1117791114100106
617,-0.8666875778246103,0.5784451969204113,wave1,0.5777987986622332,0.5775729233334207,-0.2779772177201328,0.6179866042176994,wave1,0.617146700073141,0.6174179620056035,0.1402137151652051,0.5208099631743917,wave1,0.5202196516111224,0.5200457401746292,-0.502830427768571,0.3499973498196358,wave1,0.3503010206798225,0.3497733593599681
618,0.1353871750684887,0.0222133625069339,wave1,0.0223433502272459,0.0223449024767069,-2.6595716866817667,-0.3112027349517872,wave1,-0.3109038680985945,-0.3110806553269989,0.1723129526588055,0.2541039155607064,wave1,0.2539841097761498,0.253979528413056,-0.6485701678650396,0.2185652383077093,wave1,0.2185623358741238,0.2185198732171039
619,1.5517417271901963,0.4333160585531693,wave1,0.4326605464975505,0.4322786202620955,1.2103756399894143,0.1277740014442132,wave1,0.1281604937216722,0.1283744795730674,0.235804641529344,0.510071852335756,wave1,0.5099602033004732,0.5099774918183696,1.032670501526369,0.3369184616950049,wave1,0.3367846181265125,0.3368750190166342
620,1.2740428816973344,0.0588556223967435,wave1,0.058948977297107,0.058932566408808,0.1976437434582732,-0.3483813711093081,wave1,-0.3478622988450498,-0.3478768141998657,1.657568509880836,0.3486679924286422,wave1,0.348468969549002,0.3485482550220293,1.229398132905556,0.2439031093676346,wave1,0.2438118105182117,0.2441777628957427
621,1.7506169652626336,0.4693225497149479,wave1,0.4690804270976493,0.4690172957797617,-0.9016428687463904,0.1782406279323921,wave1,0.1782972157854906,0.1785660716472922,0.577162404337421,0.4695023016736812,wave1,0.4690558019014854,0.4689420416362899,1.1265195476873229,0.3780603738348972,wave1,0.3780005239157575,0.3777241865962363
622,2.47797642790164,0.4406336988913072,wave1,0.4404279401950838,0.4403794745020911,1.5345759983342828,0.1160353976685014,wave1,0.1162146756307903,0.1164562510667052,1.766470140575885,0.4814419081491505,wave1,0.4809840943529961,0.4808659076141108,1.7286746730800877,0.3539613266295038,wave1,0.3539267960605587,0.3536579795333069
623,0.6326899073463349,0.2350692424967418,wave1,0.2348885116704909,0.234728599364752,-1.2093530549493523,-0.040475852325745,wave1,-0.0404883433177458,-0.0401513587047419,0.2204767762481091,0.3303305893538319,wave1,0.3299450327567954,0.3298647061334883,-0.4502504314841475,0.1423335874022216,wave1,0.1429206744183522,0.1423939468169559
624,0.847052453621307,0.0709251026593846,wave1,0.0710378177816644,0.0710224748285746,-1.8565415198676003,-0.3027599531083128,wave1,-0.3023213567438839,-0.3022685506814261,0.2050474922715177,0.2543528449707168,wave1,0.2543236127924624,0.2543423827488822,-0.0592298131879382,0.2425139622309738,wave1,0.2424364994536284,0.2427364920551001
625,0.1926489911449239,0.4365955538250539,wave1,0.4360880557090847,0.4364836123142783,0.2677098789628976,0.1020832356588734,wave1,0.101851815728893,0.1021886187455358,1.0789411273953913,0.458736996567292,wave1,0.4584300515951127,0.4584700423913148,0.3165454050156741,0.3339644419302136,wave1,0.3336336768607805,0.3337253456198703
626,-0.4742687682065599,-0.6108007075636812,wave1,-0.6097521581478942,-0.6095021062668411,-0.2499207198118788,-0.594596117439628,wave1,-0.5932650284064765,-0.5932820807519442,0.106875167863484,-0.3447663197123443,wave1,-0.3438197696326825,-0.3439377642927075,-0.6441574200628701,-0.0732308621671362,wave1,-0.0732696039860944,-0.0732633039029255
627,1.0457404032833393,0.0700440231238819,wave1,0.0701881809657443,0.0700707449948832,1.3623439327731548,0.2301969718553799,wave1,0.2301045966931799,0.2300562570861783,1.154201935921276,-0.1619400476026982,wave1,-0.161274116351783,-0.1615328172891943,0.3325399803224185,-0.229918769239599,wave1,-0.229370985908805,-0.2290188609483977
628,-0.8648308728592382,-0.5330425064397741,wave1,-0.5320918901048319,-0.5318276451465964,-1.0865794789609216,-0.586412352740773,wave1,-0.5857170191215209,-0.5853300958301657,0.2692083218904328,-0.0103416313276236,wave1,-0.0099690985189153,-0.0097556088464083,-0.6563665672096883,0.0221846341346862,wave1,0.0221462541497627,0.022397416379777
629,-2.409995706824009,0.284753518747221,wave1,0.2842714149602621,0.2845591565283292,-0.9593552105774198,0.2693190015998744,wave1,0.2686430342548856,0.268860327060661,-3.5359114699063983,0.2966016302347198,wave1,0.2964310931677301,0.2964387281996341,-1.7969626145674649,0.3129695936847973,wave1,0.3131403708339634,0.3128048527446336
632,-1.0408608809485766,-0.4761285591272011,wave1,-0.4752907691487604,-0.4748968028179905,-0.64722801766289,-0.3504607924408092,wave1,-0.3501542323582483,-0.3496214763188454,-0.6997873848394961,-0.2730404857443822,wave1,-0.2723768558068473,-0.2722360566664272,0.4908358687861098,-0.2219404188586536,wave1,-0.2215572457175421,-0.2214247433540719
633,-1.7719644924392828,-0.4727315411601235,wave1,-0.4719509268354539,-0.471849320142527,-0.8130676928420301,-0.5436876824457095,wave1,-0.5431451590646468,-0.5431794985839606,-0.1801597801016499,0.174658588267042,wave1,0.1746155345860537,0.1747269549493885,-0.8663830430911814,0.2090956692292985,wave1,0.2090757011730344,0.2090387741106013
636,-2.65580634764045,-0.1819438687442683,wave1,-0.1813841135343942,-0.1813710490784913,-2.425560145578408,-0.1344606007520158,wave1,-0.1338123738787369,-0.1336169207328875,-0.9566751643328908,0.0897149903779552,wave1,0.0898652683220697,0.0896164728575044,-0.6702329448070926,0.1078539653601575,wave1,0.1081711819154737,0.1078548879119018
637,0.3711566278130552,-0.5340020367008664,wave1,-0.5335948435888049,-0.5331337944660559,-0.4266438097282251,-0.5558220609925203,wave1,-0.5553077189038816,-0.5553071184454005,0.7283115378765324,-0.2156292055768252,wave1,-0.2150593526849418,-0.2150673692384481,1.2148262952671065,-0.0885892868195357,wave1,-0.0878631551703013,-0.0882512282235422
638,1.436095658919883,0.3825413313530301,wave1,0.3821007411419188,0.3824757629273385,1.713335554443909,0.4414931675146094,wave1,0.4409033066453049,0.4411555843601868,1.457180066135066,0.1852319680587719,wave1,0.185282908406499,0.1852545183109366,1.2722791691575326,0.0641301478693216,wave1,0.064250342559434,0.0642279389149073
640,-1.023001864845566,0.1341279551429063,wave1,0.1342310604127189,0.1342286294833824,0.6691337588067248,0.5067073939451587,wave1,0.5059809248287426,0.5056412295157742,-0.6588857627671085,0.2640451792882586,wave1,0.2639243388464013,0.2637640035183562,-0.1836221653340883,0.2958450430869391,wave1,0.2958344246045515,0.2955286717099573
641,-0.6458936247402794,-0.2592055724173462,wave1,-0.2585099543654051,-0.2586911041452585,0.679843135373121,0.1650622199672926,wave1,0.164715418342832,0.1644934684978274,0.5879131351377893,-0.2968808143881954,wave1,-0.2962127058279368,-0.2965034021509308,0.026372838786356,-0.2511571485869381,wave1,-0.2503773327348708,-0.2506205152690392
643,0.3387848215827668,0.5188192211270817,wave1,0.5182674876241826,0.5183701430137866,0.8161542237897871,0.5777594953869459,wave1,0.5774012726884913,0.5774179209003426,0.2192906359534451,0.4511448541688743,wave1,0.4510224253018957,0.4511229316662366,0.2928176057506095,0.2639924402554293,wave1,0.2637499542235353,0.2638246210280622
644,0.5027142525585736,0.2048841318916788,wave1,0.2049533266543172,0.2049293655786616,0.1787339617890861,0.6378285514793608,wave1,0.6374609696669805,0.6375577894028336,-0.5948799998536175,0.2874282199712128,wave1,0.2872721298095013,0.2870662276221771,1.025082725886728,0.3488930685117876,wave1,0.3488216308197382,0.3485913293740048
645,0.3144227288172677,0.0383986438466773,wave1,0.0386409392547008,0.0386247753138598,1.29046999983612,0.5173703769826813,wave1,0.5171351198520445,0.5172676557146515,0.3094321231965335,0.0557537668144381,wave1,0.0559325020374383,0.0557295889799103,-1.6815703057696467,0.1361020097800666,wave1,0.1363669416795598,0.1360492380455994
646,0.2177704843259219,0.0254004089605203,wave1,0.0255839815359503,0.0254928132982165,-0.8289698344711138,0.0373892602877763,wave1,0.0371848344710623,0.0370625853013688,0.8500634033406205,-0.0380277250920514,wave1,-0.0377111943478977,-0.0378849491667431,-0.6986130025183358,-0.034278088361052,wave1,-0.0337476048304241,-0.0340139789765189
647,-1.6638301446942525,0.2361488389067446,wave1,0.2361152347432674,0.2361011739207549,-0.1012835922581531,0.245395273930579,wave1,0.2454407643449873,0.2455603815709245,-0.9465120652003088,0.2248498961202145,wave1,0.2247968923307459,0.2246565709145775,0.3477645004472559,0.2217388631043046,wave1,0.2218709795894446,0.2216622541520458
648,-1.2482870576496157,0.1169066599075423,wave1,0.116819679644901,0.1169304973899574,-1.728615259605427,0.2687628838359942,wave1,0.2683307605469988,0.2684936945968065,-1.586620054571592,-0.1075017395529539,wave1,-0.107337297640161,-0.1073386984718086,-1.865201421319512,-0.2273935065279067,wave1,-0.2265356170141801,-0.2263625467607857
649,-0.425405481008238,0.2537404080704805,wave1,0.2530539180906927,0.2532551360712677,0.6447689864107241,0.434552991101241,wave1,0.4340316460296883,0.4344712005995398,-0.76921442518724,-0.0341677028845922,wave1,-0.0338823014041212,-0.0340909666327114,0.1435563139153454,-0.1329978958157989,wave1,-0.1327627407708794,-0.1325695721608824
650,-0.4079569658570008,0.1836461010607991,wave1,0.1835218715540908,0.1833527981079002,0.1487547086401109,0.6172840040660736,wave1,0.6163279881700519,0.6167083242181628,0.7132955290076504,0.2205939566952599,wave1,0.2204251095955074,0.2202992710660076,0.5780019716591442,0.3481043997197963,wave1,0.3484406147287562,0.3479714897851453
651,-1.026817413660919,0.0180868721244243,wave1,0.0183466403867357,0.0180274440540001,-0.9887990370561384,0.0118665506878972,wave1,0.0116946267051483,0.0122323153491999,0.8418093634668089,0.0513080679886512,wave1,0.0513382345054451,0.0511057230107288,0.68135479549479,0.0183968350810317,wave1,0.0192004571183604,0.0185704273297415
652,-1.3512187657762984,-0.2057216092212881,wave1,-0.2057246058643601,-0.2054865114180258,0.6643084841408432,0.2220748570617429,wave1,0.2218610326820379,0.2223299095053116,-1.1226322424322748,-0.0930970985865594,wave1,-0.0926763826982116,-0.0928024440709366,-1.5904024987527277,-0.1027032519918052,wave1,-0.10246672129855,-0.1023251914131174
653,-0.8994363980725443,-0.27861813652826,wave1,-0.2781193527559575,-0.2779294982638633,-1.5258295890796258,0.2008720266329019,wave1,0.2010892530743219,0.2010833109016275,-0.6889841390050138,-0.3289753628256895,wave1,-0.3280751150726593,-0.3281080503951747,-0.0126956716486102,-0.1775769964570763,wave1,-0.1774639909741521,-0.1773785832870335
655,0.2584507069007816,0.1425583926395339,wave1,0.1425123111966826,0.1427411823429176,1.0233329920981231,0.4401330740414926,wave1,0.4395349561463131,0.4397890427595274,0.184710562745838,0.2820299873002894,wave1,0.2819735863917028,0.2819997776461134,-0.4239103846952044,0.270931325176984,wave1,0.2707951417856468,0.2707996010642261
656,0.0843833460138489,0.1604896710906252,wave1,0.1605305642108526,0.1602635146607783,-0.4845881906329345,0.197662183182451,wave1,0.1973283229156786,0.1976902102137357,0.1613916233298751,0.1027108455054879,wave1,0.1027645989350536,0.1024314103492023,0.0267336727420418,0.1617021400128344,wave1,0.1623152794398075,0.1617934999212396
657,1.0385886528759856,0.0922185068661937,wave1,0.091771328262629,0.0920742315170967,1.265096022641295,0.5081554692675535,wave1,0.5075277292824459,0.5079762546928118,0.466653527355847,0.2214841307931868,wave1,0.2214482915331724,0.2214115213907198,1.2669629770453958,0.2544295450603479,wave1,0.2541289107968562,0.2543669470894082
659,2.596555351613229,0.6888834952668168,wave1,0.6881026318653196,0.6881021467682606,1.0908785341524752,0.7238477857777234,wave1,0.7230857155168765,0.7228187534377638,1.2988360622832338,0.5498538734431775,wave1,0.5494126337116896,0.5494198049330463,1.880844582681554,0.3788629374269302,wave1,0.3785587275103578,0.3789524172391535
660,-0.1532425518810375,0.493208962427988,wave1,0.4922073979180238,0.4924828876026849,-0.2919020029047316,0.5544981787892821,wave1,0.5537980591076289,0.5542440774849305,0.1428566599368197,0.3961068853051049,wave1,0.3957995173733858,0.3957017427873947,-0.9642645018853374,0.2179111074329549,wave1,0.2176408513691856,0.2178964703712517
661,-0.8136679999216849,0.2399303090814253,wave1,0.2399618802099501,0.2400242646978341,-0.7082114155810086,0.587591426331865,wave1,0.5868892291337814,0.5869393612189134,-1.327587923869588,0.3209250805776485,wave1,0.3209012784129111,0.3205163426077632,-0.2900956509663851,0.385066093345778,wave1,0.3850776889395379,0.3853433873975939
662,-0.9805096853806626,0.5447663174138668,wave1,0.5440978767385278,0.544431208183989,-2.663748270123582,0.5387693599482761,wave1,0.5380691081903375,0.5382696909813542,-0.0637293272026407,0.3976134470638801,wave1,0.3973873791419382,0.3973537777748281,-1.3098525037182909,0.2527359961079422,wave1,0.2526151385425396,0.252591448771676
663,-0.4743780762653309,-0.1796269655792204,wave1,-0.1796690187135233,-0.1794236717820059,0.2986037784380409,-0.1566213736474165,wave1,-0.1563192517770085,-0.1557844187054283,-0.3892537603246794,0.2054438535891113,wave1,0.2054887064647298,0.2053522827171044,-0.354934477620805,0.1870714873963294,wave1,0.1868843303522184,0.1871128792478713
664,1.4444443979792967,0.4294997780914854,wave1,0.4288071952501458,0.4290986267035169,0.785334641575524,0.4243430500703581,wave1,0.4234326574224628,0.4235878779360461,1.3178088519635136,0.3898460674693602,wave1,0.3894385406271397,0.389602695204875,1.1060134950244045,0.2028719031316621,wave1,0.2031776697857649,0.2027401318843004
665,-0.403213366369024,-0.2209747712658899,wave1,-0.2203619615012059,-0.2205179924738104,0.390139375037462,0.1456032499809105,wave1,0.145333453818559,0.1451005401314997,0.0868480091613098,-0.0304719744947338,wave1,-0.0301392244230328,-0.03029405914647,-0.1254097477771885,0.1928872348428892,wave1,0.1930232928959128,0.1928449193363158
666,1.754451033315808,0.1475391726042136,wave1,0.1474809521431672,0.1477303578814846,1.7332766264124742,0.4742348434941663,wave1,0.4735746355809278,0.473839757281765,1.3186584459996296,0.2307547900639772,wave1,0.2307717243306262,0.2307690115933469,0.1380158236126961,0.260647120837345,wave1,0.2605339671855153,0.2605290665176935
667,0.9767303871627868,0.0413133689536629,wave1,0.0413952213504785,0.0416496272560338,-0.1235296977622823,0.1486666757529525,wave1,0.1489631726430577,0.1489398519971064,0.8876433451706387,0.2691658318852081,wave1,0.2693789517302651,0.2692443351007429,0.6929926304169803,0.397392722767189,wave1,0.3968368283845829,0.3970534639291017
668,-0.1344845189938865,-0.3129656614086613,wave1,-0.3128029853907179,-0.3123910925361168,0.5315628622271347,-0.2467113172642533,wave1,-0.246587570146698,-0.2465706465140854,0.5298526558812953,-0.1907222721830903,wave1,-0.190272285076444,-0.1901737163171692,0.3877794696012518,-0.1245381727059585,wave1,-0.1237722724754165,-0.1243074752761893
669,0.6181269865644056,-0.0277425269580673,wave1,-0.0275386289603973,-0.0272331921389894,0.3918718237158047,-0.0331354243174117,wave1,-0.0332220911884302,-0.0328138153634866,0.7501744225719748,0.2660515990341745,wave1,0.2660194467541574,0.2661205377400664,0.6408471848353124,0.2806954067173061,wave1,0.2804434722935162,0.2805632913044706
670,0.7099572477971099,0.1137484527303432,wave1,0.1137443308685198,0.1138421102000207,0.7898879416332528,0.5365950979507595,wave1,0.5363425606622968,0.5362954499991458,0.6025093032884624,0.164108267469033,wave1,0.1643942471098636,0.1643767893745733,0.2064094425870763,0.2616427359975531,wave1,0.2613057172509959,0.2614947775253163
671,-0.7025772327770321,0.1425583926395339,wave1,0.1425123111966826,0.1427411823429176,0.0934519600071568,0.4401330740414926,wave1,0.4395349561463131,0.4397890427595274,-1.1387271866797082,0.2820299873002894,wave1,0.2819735863917028,0.2819997776461134,-1.0933015018032954,0.270931325176984,wave1,0.2707951417856468,0.2707996010642261
672,0.882130384426411,0.2183787529772993,wave1,0.2182153045466981,0.2182409728810801,1.209564054366149,0.1932751094039119,wave1,0.1932005282876225,0.1929256390601063,1.1964694129521969,0.2150185524881394,wave1,0.2150434687071567,0.2150921610919085,0.975294549181872,0.1688048010113828,wave1,0.1688469708686627,0.1691561371031081
673,0.3537508672482301,0.4284435544597081,wave1,0.4278031972431311,0.4280513666046999,1.3025718834887048,0.4870402825143066,wave1,0.4860929085667381,0.4862898297349077,0.1269732337411254,0.266851814538688,wave1,0.2666231293903478,0.2667654635416818,-1.1227670435553323,0.1833258443280307,wave1,0.1836513069688982,0.1831958421842989
674,1.1786207190533438,0.0146505108601315,wave1,0.0147731983781906,0.0150775608314592,0.6800904101960255,0.4246039202798213,wave1,0.4239776371968105,0.4242965529591675,0.7888489856033862,-0.0006391685863282,wave1,-0.0003158381328887,-0.0003430647229076,0.878178092674881,0.0924942949707534,wave1,0.09260595388006,0.0925929310968287
675,0.1237622863048039,-0.0964398470065532,wave1,-0.0959439767755714,-0.0959078454268362,-0.06565673513298,-0.0814312988108169,wave1,-0.0812980550624621,-0.0812104454822867,0.8751194391039568,0.2240027574675817,wave1,0.2241298538977966,0.2238307372950784,1.0625378310963096,0.2588258505063613,wave1,0.2589962590861582,0.259437754616462
676,0.6537935751841094,0.1898180309652114,wave1,0.1897383548214709,0.1897532800029026,0.7183141832785953,0.1594952728475766,wave1,0.1591535173233,0.1589981357820624,-0.8762550251790886,0.2345334727970723,wave1,0.2344606059264323,0.2343622524692369,-2.342021803251091,0.2092478581862325,wave1,0.2094305607642506,0.2091244572590576
677,0.3119637475523356,0.0512519479154545,wave1,0.0514467885858838,0.0513938984798076,0.4811911084940366,0.034983531692902,wave1,0.0350878001691231,0.0351644078236658,-0.331010447722538,0.3744774518922193,wave1,0.3742778441813188,0.3743429741667663,-0.5952677262333546,0.4208429259689011,wave1,0.4204766741689242,0.4208663550489532
678,-1.6956630487232007,-0.328787244391152,wave1,-0.3286222734082518,-0.3284167870824768,-0.3567209557042298,-0.2699146842819352,wave1,-0.2694469770521591,-0.2689104744042786,-2.375560935650855,-0.0205528134868989,wave1,-0.020190193943509,-0.0203851580408044,-1.7996160641156769,-0.0142507240164789,wave1,-0.0141429886664715,-0.0139560527821359
679,0.001563488120824,0.0038805683671716,wave1,0.0036141533390062,0.004019217234521,1.4532532699031897,0.3030924003838909,wave1,0.3022447472141808,0.302477658848571,0.9864107361303088,0.250477844934748,wave1,0.250269620269568,0.250362564001982,1.032346853353451,0.0939038906452551,wave1,0.0942785841479458,0.0939380807720519
680,0.5348016283315385,0.230548843843456,wave1,0.230529636742688,0.2305243746226762,1.082023534773629,0.6142879228737437,wave1,0.6134532343815398,0.6130539387195264,0.894846680442446,0.3517775217276332,wave1,0.3515395270768805,0.3513815434127115,0.791296332428208,0.4153353898748107,wave1,0.4151457854591441,0.4148466631468464
681,2.2004401701651743,0.0111417076313454,wave1,0.011037542132025,0.0113130625443851,1.1644439344771784,0.0112018688286933,wave1,0.0109130956505657,0.0110730793872525,1.2906827495382425,-0.0107633358195604,wave1,-0.0105287764524484,-0.0104689633211534,0.46892220176794,0.0006968098382331,wave1,0.0012628016253086,0.0009861283288447
682,0.4470855404682254,0.0185924466469437,wave1,0.018289131808736,0.0185304361431434,-1.3305291148512657,0.1116817590857478,wave1,0.1116349483664568,0.1120510322390243,0.6004822851825369,-0.1053363768280103,wave1,-0.1049574890952532,-0.1051693125931189,1.0572474186045246,-0.0789245487005723,wave1,-0.0788870980885239,-0.0786252317064165
683,0.5005256190587838,0.0294874184215082,wave1,0.0295894434906967,0.0297876369378751,1.0504566028442917,0.0860010544613677,wave1,0.0863928368136969,0.0863054215695212,0.9869038678512132,0.3943313095268739,wave1,0.3943470757062852,0.3943034867467945,1.0382524155701105,0.4032793165293243,wave1,0.4028306358086564,0.4029638749709264
684,0.5887009286154449,-0.0364909210386303,wave1,-0.0362992032725366,-0.0362016733407024,-0.4154599897013635,0.3755097232346934,wave1,0.3754871483289531,0.3754151862808109,-0.0741938883862771,0.062813477283665,wave1,0.0632010102588551,0.0632348287175343,0.1586122740354188,0.1025682220330488,wave1,0.1024645516352434,0.1025620711076651
688,-0.2800445810380735,0.2349603739489508,wave1,0.2349675229406042,0.2348989973784373,1.3556155583832383,0.6495083444979892,wave1,0.6486481929906596,0.6482077953479113,-0.6177429112763283,0.2921399561412173,wave1,0.2919966500876659,0.2917980023094725,-0.0270824021836097,0.3946062076028112,wave1,0.3944379385119226,0.3941678842134151
689,2.270404152912519,0.476002679576425,wave1,0.4752852160558188,0.4749131100346363,1.454020324219517,0.1659645712172723,wave1,0.1662973465167927,0.1665264174445231,1.4992793728008604,0.5775079608533068,wave1,0.5773137301192398,0.577332339005017,1.427157178840417,0.3924002167299118,wave1,0.3921783576479553,0.3922858747540766
690,-0.8575555460526478,0.3883432382842072,wave1,0.388046317117486,0.3880104981779951,-0.4251039819123543,0.1634754598055136,wave1,0.1632298438066981,0.1628231134404609,0.5964425866062212,0.3692676804012474,wave1,0.3689792424901198,0.3688480903051493,1.2523165914024297,0.2604500076134506,wave1,0.2603641306492313,0.2602792129144411
691,-0.3722137521328306,-0.3750353830745553,wave1,-0.3742144040549898,-0.3743631723575517,-0.691715003999867,-0.2649601037800955,wave1,-0.2647061118265066,-0.2649646854985472,0.0385125795027624,-0.1799265908865256,wave1,-0.1794423400025661,-0.1796057381775712,0.5884032094881789,-0.1548526213235501,wave1,-0.1543808764152558,-0.1543785611242951
692,0.9222816072993246,0.2645517668690181,wave1,0.2645359198122167,0.264508869497389,0.8588781992085986,-0.0532778796775671,wave1,-0.0528575535543235,-0.0526121958951522,0.5466565996517295,0.2881384518985157,wave1,0.2879643715612128,0.2878447533508763,1.1917879883397946,0.143837508692294,wave1,0.144121681714437,0.1437858117967616
693,0.2834037091618798,0.4169319975531879,wave1,0.4162403487897904,0.4160127185428027,1.0730809241452914,0.5022053245169138,wave1,0.5020548654464485,0.5023082915715591,-1.3615719677942146,0.262183896971396,wave1,0.262464692098335,0.2623647702804396,-0.2920583629747906,0.1259946148438159,wave1,0.1261701646459549,0.1262739760899364
694,-0.0763679567744198,-0.3944111895679673,wave1,-0.393762226580502,-0.3935192830235969,-2.292905753925822,-0.3290266758703085,wave1,-0.3280467424786556,-0.3281504049820093,0.1648412895102608,-0.0127994426554922,wave1,-0.0123162370003189,-0.0122905771171535,-0.4438214697314612,-0.0558318213805454,wave1,-0.0557027206596389,-0.0557599158910277
696,-0.9265245164865292,-0.3423021393937688,wave1,-0.3416745665977163,-0.3415786030021051,-0.4689185205175366,0.0451367611820842,wave1,0.0450184157286134,0.04511863757692,-0.9542369933789184,-0.2469670267771263,wave1,-0.2465496758987745,-0.2467219727579305,-0.0899570675144695,-0.0490272761075252,wave1,-0.0483765569017798,-0.0481975555359264
697,0.0869568527107737,0.047529487276734,wave1,0.0476063079697644,0.0478280525211763,-0.2630683878250147,0.1251573627516061,wave1,0.1254908793928718,0.1254322410277496,0.0035422152075533,0.3517978747211951,wave1,0.3518865904411676,0.3518007214509879,-1.0180418826101818,0.4144265003208132,wave1,0.4139131955251461,0.4140888744207716
698,-0.5706121916483736,0.0873999972984474,wave1,0.0870231177263854,0.0874392163051811,-1.30168046565741,0.1557989203402551,wave1,0.155336153464182,0.1554450994234227,0.7607469300855703,0.219910647270912,wave1,0.2198214077270082,0.2198406160780028,0.2841374491118547,0.3283230515460966,wave1,0.3285099397704327,0.3278852504961317
701,0.9165787128331264,-0.0426493623554278,wave1,-0.0424401540681698,-0.0421421090274471,-0.9577956811015128,0.3572438331580445,wave1,0.3567176136187917,0.3570431988914733,1.1660264152246127,-0.0158763541155517,wave1,-0.0155371029034971,-0.0155340268569663,0.6635655048190469,0.0406396702195385,wave1,0.0408079973405794,0.0408045977997817
702,0.0100696066811171,0.3209776065067578,wave1,0.3206748951952161,0.3208846092037887,1.1595446085011976,0.4734017978527703,wave1,0.4731808675627794,0.473285352037,0.3853025077318023,0.0642603914686856,wave1,0.0646621736446351,0.0646608339072571,0.2386359219826877,0.0260065118294388,wave1,0.0258897242368865,0.0259962082717877
703,0.2398380941080633,-0.0476910456002946,wave1,-0.0474676015168326,-0.0476550190430035,-0.1866210404907278,0.3952410925771208,wave1,0.3945034024404442,0.3950369860521759,-0.0491908006761427,-0.0226052226435617,wave1,-0.0224703620699884,-0.0226296856946857,0.0636769682870368,0.0709130646524685,wave1,0.0716383745220101,0.0711219598684118
704,-0.0783154593324184,-0.1389940729066727,wave1,-0.1385573492548484,-0.1386477650448003,0.880813362943181,-0.1712052378392297,wave1,-0.1707978043582137,-0.1707354617638615,0.4105867101983516,0.2801545873106605,wave1,0.2800790324072673,0.2801342307881951,0.666052598578254,0.2437645896896879,wave1,0.2436320975279172,0.244089307989754
705,-0.8565649088305785,-0.2593835712710565,wave1,-0.2586560312213614,-0.2588994478288066,0.0722467941711551,0.1987218001611639,wave1,0.1983515052219741,0.1980889135808134,-0.9747636240627116,-0.3637613547313419,wave1,-0.3629890134270398,-0.3633197608399144,-0.3127353553072531,-0.276083658062091,wave1,-0.2752760359583354,-0.2754903523094222
706,-0.2136108370686879,0.20541588629131,wave1,0.2052945104878137,0.2053549714741654,0.0230457803981844,0.6026479012465579,wave1,0.6023048609318237,0.602231415693994,-0.7166947793662309,0.3121299499089442,wave1,0.3122191960363552,0.3122283189283246,-0.8260616081943194,0.3707552566654482,wave1,0.3703356809959779,0.3705295681385692
708,0.3874998842420193,-0.071041096919203,wave1,-0.0712783910163712,-0.0710289373858233,1.2923568968822066,0.4235420492240077,wave1,0.4230395974688806,0.4234819036058613,0.4339872949334565,-0.0970844557858495,wave1,-0.0966812460479448,-0.0967999478771396,-0.038113529199773,0.0046947532399239,wave1,0.0047526710897662,0.0049489193962072
709,0.7296477911769848,0.2047968392157203,wave1,0.2043906598471773,0.204123122176329,-0.1310660508455484,0.6908919836364551,wave1,0.6904559029975439,0.6908185029719154,0.6011235728084506,0.2892174145674889,wave1,0.2894047334107988,0.2894703462717539,1.0663703084470173,0.4043317151496894,wave1,0.4039540284244906,0.4043268173080762
710,-0.2061040660615513,0.193475971807479,wave1,0.1935457920084922,0.1936117500609608,1.1900412310609938,0.55507003475291,wave1,0.5543753156481185,0.5544447909139544,-0.3920311869986038,0.2561166496855868,wave1,0.2561388199066209,0.255784067079659,0.1329417822514845,0.317747901348645,wave1,0.3178506793736708,0.3181024198787809
712,-1.036061343843484,-0.0151075698729195,wave1,-0.0149369649214539,-0.0146458042301986,-1.421283876877331,0.3742063999957097,wave1,0.373660654521158,0.3739776782799653,-0.416162830964232,0.0202495757586402,wave1,0.0205419228921213,0.0205441691231722,0.130118386272748,0.0722778884557806,wave1,0.0724057424012607,0.0724021109341545
713,0.3744210458572145,0.1290703772170527,wave1,0.1290165962337752,0.1293224062446243,0.789476581316552,0.096235092749118,wave1,0.0961517357715056,0.096319383442381,-1.694433932544562,0.1452777658091528,wave1,0.145445717587995,0.1454625351893932,-1.6445249426410198,0.0836781236995402,wave1,0.0836781662355243,0.0837679014099461
714,-0.0197176164516392,0.0321311925422191,wave1,0.0322072092865712,0.032561091602385,0.2749429556013895,0.0680321043511511,wave1,0.0679562191005491,0.0681693251733117,0.3074011761988224,-0.0482648623943073,wave1,-0.0478397672224202,-0.0478487441761077,0.279578747527636,-0.0472242075121412,wave1,-0.0470487742230174,-0.0469674802372388
717,0.7152202154832608,0.3626222368553369,wave1,0.3623518330859021,0.3624478324096467,-0.4603692587710823,0.4108581364360114,wave1,0.4104727706561898,0.4104910337238506,0.6074761304037555,0.2905635877465552,wave1,0.2904427382952509,0.2902896056090501,-0.4401078691858815,0.1487757578785224,wave1,0.1491222512823628,0.1494268800501538
719,0.23070585465005,0.3516075339595332,wave1,0.3514360443828594,0.3514730176262428,-1.616831525114194,0.0626791430880232,wave1,0.0626240240072898,0.0628098178377513,0.2382962788155759,0.3644069843812617,wave1,0.3642997503283492,0.3640264390269904,-0.9576548984516632,0.2618956354760834,wave1,0.2620990265631102,0.2623651480139403
720,0.0619501681021813,0.2257048416697608,wave1,0.225334001826054,0.22500921593,0.3909626018418252,-0.1661830075066106,wave1,-0.1654645219421158,-0.1651354675294101,1.3658287846310406,0.49399335806683,wave1,0.4939691287547906,0.4938587694925375,0.1168569467734563,0.4263186512934044,wave1,0.426031063271018,0.4261680982343009
721,0.4382549474585524,0.4814268047918659,wave1,0.4804211968411071,0.4806829716364741,-0.4836695382252872,0.1827945873019584,wave1,0.1826031094899244,0.1831070064332104,0.7584243351541391,0.5748724436029807,wave1,0.5743463332254245,0.5742042355829385,0.037591540058454,0.4370096562994687,wave1,0.43641045102621,0.4367457903967357
722,0.41504465237491,0.5472981556803495,wave1,0.5467045531181357,0.5468723549811071,0.1599985408515482,0.5217642753846317,wave1,0.520963571199871,0.5207021082314189,-0.2253216312187283,0.5314208720575565,wave1,0.53088991821255,0.5307859857391718,-0.5132361074276967,0.3156955603413938,wave1,0.3157267403366409,0.3152924248828646
723,-0.2747276851654738,0.3228273946978688,wave1,0.3226562921694108,0.3226902481365493,-0.0720680713859651,0.2728318899939491,wave1,0.2728892915604682,0.2729153513213304,0.3507731927870833,0.3164881519032574,wave1,0.3165327297254918,0.3165959756883738,-0.237245976859685,0.2989417260917915,wave1,0.2986107036736503,0.2986660883971755
724,1.0351322527636333,0.2928855250578036,wave1,0.2928343204748894,0.2927925290287884,-0.6097796653244606,0.0087863300654726,wave1,0.0090841717427118,0.009356903936435,0.6383349008314505,0.2755412270818753,wave1,0.27537986163027,0.2752645953842954,0.1205198656921637,0.1669728556640616,wave1,0.1672332159956794,0.1668897068106675
725,-0.543503571308824,0.4902002678032822,wave1,0.4898066011813908,0.4898915019343259,-1.1833745155916322,0.5159780675147293,wave1,0.5154835893221826,0.5155029490603215,0.3616596119712068,0.4121601521029016,wave1,0.411950534897466,0.4117160008072519,-0.2238137160004174,0.2835833384067616,wave1,0.2837524533930115,0.2840329122887507
727,-0.7530336319795071,0.1271531046416126,wave1,0.1272355077411489,0.1272558131650108,-0.270346920461232,0.0615387973645659,wave1,0.0618988906638086,0.0618780799786166,0.5952257931622548,0.208835683820806,wave1,0.2089699193906533,0.209120062233066,1.0557594280146465,0.0935021219099082,wave1,0.0935019074234391,0.093422911792376
728,0.4627833162096065,0.4494877597023131,wave1,0.4492057337444214,0.4491916506152252,0.7794642258258063,0.4517569561478752,wave1,0.4516152595131332,0.4517050576570632,1.1467936373769276,0.3611275558877962,wave1,0.3608416479082212,0.3607539710560428,1.022559675392709,0.1705215676696675,wave1,0.170717751432158,0.1704295537625135
729,1.0610500685465434,0.1360237327511642,wave1,0.1360019111713499,0.136099972221072,0.6614953095579399,0.1687048689975169,wave1,0.1685779992751598,0.1686586398298589,0.4620003807016907,0.0490865871430897,wave1,0.0491699082438167,0.0490020137948491,-1.5864744252337653,0.0806123713650001,wave1,0.0811183073373926,0.0812558648488354
732,-1.697758722858099,0.0360110598631249,wave1,0.0362096964844669,0.0362672305841163,-0.853225690020275,-0.0043003059908987,wave1,-0.0038500741511976,-0.003844631876683,-2.1248849080844168,0.0585152686701262,wave1,0.0588491004973479,0.0589727051225523,-1.871321448758931,-0.0137396602002512,wave1,-0.0136601537339557,-0.0137437890910032
733,-0.6348342382258693,0.4697275870568428,wave1,0.4687585382345522,0.4690274945581495,-0.8521224686118964,0.5378139311117492,wave1,0.5371377888490264,0.5375842488644776,0.6438487775062766,0.3604116212154277,wave1,0.3601546766061486,0.3600471333277221,0.1856391161694036,0.1853256088969414,wave1,0.1851031916634457,0.1853520066792219
734,-0.7226260368662656,0.1760500155525595,wave1,0.1760165293772331,0.176113503340461,0.2175357822169593,0.1756589810477676,wave1,0.1756170161894029,0.1756294868451332,-1.8543730571152597,0.1642254665505095,wave1,0.1642302449667917,0.1640348116251538,-0.2145767620564246,0.1795741927662343,wave1,0.1799425449987636,0.1801543549121229
735,-0.5918434487552564,0.4629623938470065,wave1,0.4624792974675075,0.4622904433853162,-0.7081693752309907,0.576957144689813,wave1,0.5761756638529449,0.5764288260717232,-0.8509986661546952,0.2858329561128507,wave1,0.2856285674995695,0.2853045923699113,-2.149468511902773,0.1899750358573253,wave1,0.1905112480166957,0.1900507304653074
737,-0.3927667087275714,0.5729135928784764,wave1,0.5724978793625374,0.5724646745218079,0.6835547079105361,0.578797941162681,wave1,0.5784643664348122,0.578560885609826,0.7245578362906027,0.4802161266013638,wave1,0.4797535341431633,0.4796681316422806,0.8498721953116603,0.3130463802753671,wave1,0.3130301008055993,0.312783899349287
738,-0.1676114152326645,0.1136539163771174,wave1,0.1136616712848938,0.1136945197838702,-0.0726091568875662,0.0707452615946113,wave1,0.0704898490289038,0.0703894195759539,0.5779748265328527,0.178311604425898,wave1,0.1783082128511987,0.1782187389105546,-0.0976625655581747,0.1251489967182222,wave1,0.1254599026479071,0.1251423241248226
739,1.6626558907838234,0.4673565208003358,wave1,0.4663537064423141,0.4666015253129609,0.0416151894049789,0.2071367770038982,wave1,0.2069118360202052,0.2074073592110287,1.129151154438677,0.4812771527615634,wave1,0.480873759197313,0.4807078823986558,0.2628669603237953,0.3899830890634019,wave1,0.3894452888241039,0.389780311785699
741,-1.1371365721744522,0.3476666310616334,wave1,0.3472906018552604,0.3476868184572317,0.26435859536141,0.0147896523893245,wave1,0.0146821695608492,0.0150342792965705,-0.4479408825044345,0.4026337398476374,wave1,0.4023972747921436,0.4024684408001098,-0.4447518737513654,0.2453636435540275,wave1,0.2451375138142277,0.2452392445616781
742,0.1371130365629203,0.2356964538673783,wave1,0.235729181189099,0.2356944488116693,0.040507798285421,-0.1241004486114948,wave1,-0.1236474569076307,-0.1234077824950861,1.152369241338896,0.3993123208734348,wave1,0.3990125820886507,0.39883756786388,0.5856084405110262,0.4236842852638606,wave1,0.4235444405560961,0.4233754494901819
743,-1.7001008197331389,0.5202594414271392,wave1,0.5199035247756006,0.5198861763336021,0.4549280228449606,0.5024824141931071,wave1,0.5022851933064484,0.5023596367314626,-1.504318961274504,0.4594488250775927,wave1,0.4590203439507381,0.4589312139488679,-0.4278865959466086,0.2619188832252174,wave1,0.2619705683536106,0.2617202125437456
744,1.8001406814351733,0.595299270402175,wave1,0.5943558543180177,0.5941247980256342,0.3596036994215825,0.681365759222841,wave1,0.6809721451028885,0.6812871426145763,1.5243446287129307,0.4845049121933659,wave1,0.4845026151191448,0.484431413009056,1.543885000914985,0.3414106518428174,wave1,0.3412123576817995,0.3414293935054113
745,-0.9555427377101956,0.2599599433825028,wave1,0.2598597233519102,0.2597656727017232,-1.5813722862006654,-0.0214225053668216,wave1,-0.0213175360200207,-0.0212006138669416,0.7525681457264696,0.3386183227234056,wave1,0.3385103670666107,0.3384056447982289,0.3910585989366298,0.1818238430360402,wave1,0.1817755645758422,0.182181247277125
747,-0.2519771543930147,-0.2225390761927925,wave1,-0.2220815886431044,-0.2220622713401876,-0.1045491055618746,0.0428900452756927,wave1,0.0431042729027128,0.0428354266527812,1.0955098415291094,0.0473457082042045,wave1,0.0475847726433555,0.0477340802977011,1.1169524739590746,0.1774656479543083,wave1,0.1775046786774133,0.1778220970318608
748,0.3396335870820697,0.022361689741133,wave1,0.0222131025688673,0.0220888322498299,1.1144711417437183,-0.0077698172049638,wave1,-0.0073006488215203,-0.0069963454209531,-2.447296975272383,0.0662224871872608,wave1,0.0668274626434642,0.0665490552314963,0.439045395501308,0.0049185845134893,wave1,0.0053387318855674,0.005331295082352
749,0.991507302051264,0.3828515711511673,wave1,0.3824759762307557,0.3826019010141435,0.6879404983634142,0.455520302039495,wave1,0.4553341780483787,0.4553549475266781,0.1297544387735013,0.3041766574251754,wave1,0.3042327485270026,0.3043425137431075,-0.1014209675379388,0.1138672527994971,wave1,0.1137965355159605,0.1138225760010052
750,-2.588767523548626,0.0593616302227255,wave1,0.05892394688937,0.0591993350422698,-0.2394657269144858,0.1570942382631738,wave1,0.1569473235019026,0.1574451346235353,-3.368944102623498,0.2947887961627292,wave1,0.2946746421818972,0.2945703423064222,-1.2574488478908434,0.4185499654682724,wave1,0.4179940432815536,0.4183114324230259
753,0.3816193637324298,0.1775200147978479,wave1,0.1774551678056972,0.1774724778983951,1.6489771626824776,0.202726280417897,wave1,0.2026162213446042,0.2024339459034755,0.3788263655347716,0.0461312884987052,wave1,0.0464371483124503,0.0463968577736437,0.9253132651389664,0.113630587812895,wave1,0.1137610140008408,0.1139938888340768
754,-0.074034847056088,-0.0146948548961863,wave1,-0.0145582918307708,-0.0147017410613329,-0.1033071710516798,0.0210206660693377,wave1,0.0208077773987878,0.0212667188780229,1.425086288779994,0.3078141848580493,wave1,0.3074025376315417,0.3075372191362948,1.458766458349655,0.3337146672485975,wave1,0.3340550742711212,0.3335143646833869
755,-1.9264545493488576,0.0842607388026748,wave1,0.0844380373309052,0.0843924831801257,0.5575403769851848,0.1013519204151197,wave1,0.1013459651957421,0.101477432954442,-1.282223354896092,0.3089700413699168,wave1,0.3088867432787268,0.308906653145927,-0.5999024439470042,0.4423717767935869,wave1,0.4419853070687739,0.442312211105493
756,-1.4744315054347312,-0.1128014403241705,wave1,-0.113036164900222,-0.1125176221197121,1.3616394749786,-0.2013454189936528,wave1,-0.2014170137230716,-0.2014645070494424,-0.9697164704627664,0.3013515348904794,wave1,0.3011034894628359,0.3012205463175657,-1.9153390461063495,0.1249620700503426,wave1,0.1254169417283541,0.1248889997564967
757,-0.539369545352874,0.0942152968299892,wave1,0.0939428703611504,0.0942542359179228,-0.7972315590084812,0.5291934211079773,wave1,0.5281319841492974,0.528487226923427,-1.2966425877902283,0.0780040929057159,wave1,0.0780727138509038,0.0780947993809402,-0.6302383905480992,0.1649208868061899,wave1,0.1651996505057573,0.1647922369833485
758,-0.7691389625165032,0.0139129788888889,wave1,0.0140553486643795,0.0142697698611446,0.96473003986299,0.2917058993598924,wave1,0.2912993965635,0.2914772703352251,-0.4092239973321753,0.1760231863171106,wave1,0.1761885647226646,0.1761414824959979,-0.844621652944904,0.3775786146829971,wave1,0.3772491095557692,0.3773267042837673
760,-0.6529444068265577,-0.1682566786321576,wave1,-0.1683382504970101,-0.1680309348109761,-1.1278327653078248,-0.1209949265090101,wave1,-0.1207294760453009,-0.1202637002498,-1.197187058330397,0.1705157475925315,wave1,0.1705586089793082,0.1704366586497442,-0.76294139175767,0.457746842331272,wave1,0.4570077519346211,0.4573990937642422
761,0.6270386640883623,0.1652593769296985,wave1,0.1653412331877933,0.1653051679323894,0.3958046373713091,-0.0814565701941786,wave1,-0.0810587461955146,-0.0807607709687124,-1.5211201671411685,0.0977869191613247,wave1,0.0978791437173296,0.0977666976912872,-1.1013051489127594,0.0099446902743344,wave1,0.0104522646462243,0.0100472162539734
762,-0.1350726508509649,0.1084102759039591,wave1,0.1084711347558557,0.1084394573143778,0.307706108642805,0.4666640024809204,wave1,0.4663372979432924,0.4661367897755334,-0.3898456089070192,0.2034189439921139,wave1,0.2034845725081373,0.2035215427488075,-0.3401983117612322,0.2488307532225137,wave1,0.248723202474265,0.2491040951517803
763,0.7412282129266284,-0.0200627582300048,wave1,-0.0198984371765722,-0.0195162675257178,-1.2551933581597945,-0.3644223911624478,wave1,-0.3640131230073173,-0.3636914183580828,0.1349824204413947,0.1398687486905936,wave1,0.1400442165892215,0.140136239568301,0.3266868213593975,0.1058842395936418,wave1,0.1057483342311282,0.1059539569077263
764,-0.2875515096289279,-0.0542482225970309,wave1,-0.0542326826378035,-0.0546288739326362,0.5149253084975672,0.0199281004030695,wave1,0.0204303126341653,0.0206601295947086,0.4362472598091174,0.2224668341869112,wave1,0.2226719837972556,0.2227999817391176,0.4229946949645205,0.2905295871618369,wave1,0.2904210769050587,0.2905888141264753
765,0.4949732430483453,0.3120927608151743,wave1,0.3115957346094156,0.3118650331845565,1.2427457661934385,0.3214521322092044,wave1,0.320723986610362,0.3209657986536848,0.0633153998205535,0.2726948532141349,wave1,0.2725628107775533,0.272555331447379,-0.2019584642464813,0.3377708402303831,wave1,0.3379072456278866,0.337557806519362
766,1.8262610711798808,0.6235320123607697,wave1,0.6227524458926421,0.6230646126132076,0.3937256406178051,0.5860749667636427,wave1,0.5853214501040609,0.5854959904951798,1.1880012635741637,0.4993019405182888,wave1,0.4989418923187065,0.4989057394944816,1.0998388932522538,0.3458406819368362,wave1,0.3456008253278044,0.34557659383255
767,-0.8191389007717608,-0.1204061461108065,wave1,-0.1200686911744135,-0.11983968210725,-2.39266703522957,0.1800868847679939,wave1,0.1798288491758113,0.1800395698640156,-0.4786224637062016,0.0587102793366931,wave1,0.0590261511628733,0.0590121110505406,0.0904891794408826,0.2346751803858281,wave1,0.2345181079616058,0.2346062421806451
768,0.8778419738490281,-0.1604752983975194,wave1,-0.160129371050369,-0.1598565245962184,1.1855128564390052,-0.0564978742974774,wave1,-0.0559095826898558,-0.0559444748910699,1.0532167527273897,0.086368032882256,wave1,0.0867939250925935,0.0866967240250515,0.8297750879809328,0.1768605688467633,wave1,0.1765892509540346,0.1767119826627715
769,1.2264084250284837,0.2848578266913736,wave1,0.2841115178442907,0.2843116732629104,0.3648160563712405,0.4961773889871897,wave1,0.4955699759956168,0.4959999335646449,1.5785076728456913,-0.0586913492674682,wave1,-0.058382223458293,-0.0585946327839369,1.0549137751761573,-0.1174918251255992,wave1,-0.1172874146558076,-0.1170811972732833
770,-0.1445841127644184,0.0410556435367257,wave1,0.0406698512580603,0.0411451864066707,0.4662408806926461,0.0199677184255354,wave1,0.0196280245133416,0.0196663126754704,0.0765452791036823,0.3353847455018166,wave1,0.3351196185524676,0.3351798774710839,0.7605690704784392,0.2909375174262389,wave1,0.2911795775473528,0.2905915424683207
771,-0.988920960887603,-0.2581616720330971,wave1,-0.2579126934636299,-0.2581821567535295,0.1282025159109373,0.165167064659566,wave1,0.1653890977428149,0.1657770897278161,-1.1212660829942966,-0.1243222538215352,wave1,-0.1235655084493762,-0.1236349789262633,0.05049801368673,0.1687145475540751,wave1,0.1686998790961477,0.16901550699924
772,0.7622237198003052,0.0841186680002706,wave1,0.0841130303270237,0.0842231896005477,0.6880325643793003,-0.2953106302355834,wave1,-0.2950436978924671,-0.2951932097537124,1.4367591657992358,0.4259035724710064,wave1,0.4255248354829558,0.4255935297056042,0.9241254467130036,0.3430455749671764,wave1,0.3428728317019203,0.3427856761211901
773,-1.2956976945301577,0.0844874131725062,wave1,0.084140669110869,0.0845342455446607,-2.1375296081193538,0.1878447242705051,wave1,0.1873641013562262,0.1874935755325234,-0.4591438463000826,0.1548399486815537,wave1,0.15484272983204,0.1548509686130348,0.3365989971746341,0.3180674281498603,wave1,0.3182634400976655,0.3176311429927809
774,-1.9359353197832012,-0.0436717766508869,wave1,-0.0437953692177157,-0.0434437990069782,-0.8668142804270894,0.3206621250866629,wave1,0.3198582833543973,0.3202344771693198,-1.3247075691549062,0.1137879046491767,wave1,0.1139049812992674,0.1137922445682773,-0.0034126849677433,0.2993895938547741,wave1,0.2995065066460062,0.2992184547222336
775,0.0350322913072084,-0.0299170896951376,wave1,-0.0296059056477812,-0.029627769324727,0.3127182708854414,0.2468080505066024,wave1,0.2469541524428503,0.2468682754302674,-1.3514710885785968,0.1886851232707302,wave1,0.1889096471619813,0.1889166168418181,-0.1768908616793142,0.3688580705949976,wave1,0.3684330315188545,0.3685633324339526
776,-0.8917878311170935,0.2576772905100696,wave1,0.2575776696977364,0.2575320180264394,-1.1607467511360925,0.4429505172143316,wave1,0.4426567439573762,0.4428830652653551,-2.22452491631586,-0.0635164652098672,wave1,-0.0632112548515466,-0.0632803692174055,-2.804616622468107,-0.1076143813027972,wave1,-0.1069418880747533,-0.1073896630058147
777,-0.7116370386022395,-0.3737688558788389,wave1,-0.373017281717336,-0.3729876669066553,-0.4572936841552422,-0.0759175129351265,wave1,-0.0753167090952678,-0.0754034235477215,0.587886253863083,-0.17070273849633,wave1,-0.1700551967945431,-0.1700081279291561,-0.0698605738048657,-0.0163480768539347,wave1,-0.0163142755251925,-0.0163274169004023
778,-1.0120521475651314,-0.1806348911338958,wave1,-0.1800850738037275,-0.1800991971677373,-1.0195783190620744,-0.0524725906147719,wave1,-0.0520199569159459,-0.0517596845237176,-1.455312447526345,-0.0112978024425973,wave1,-0.0110124720299527,-0.0112511997081441,-1.396238459662554,0.0866254941867472,wave1,0.0870011534341381,0.0866448843741393
779,0.2724238542807371,0.1295642197672507,wave1,0.1296361528971544,0.1295467227651648,0.8475860086286413,0.2121925150801775,wave1,0.2117447900540798,0.2115640055902923,0.5210445414967475,-0.1359975629483304,wave1,-0.1355764945462351,-0.1358627521191434,0.0605802970041917,-0.2886027906228234,wave1,-0.2877080116736536,-0.2880441579192616
780,-0.0169723562853376,-0.0603090850917139,wave1,-0.0601016979414571,-0.0602626141679404,-1.0048901828034624,-0.0434847776370867,wave1,-0.0436398614696098,-0.043122273065194,0.818591912592178,0.2932886179647105,wave1,0.2928664526293127,0.2930342488424702,0.7880166778653572,0.2843177711351676,wave1,0.2847246277544368,0.2841475649218361
781,-0.4531469943169884,-0.4212655255120779,wave1,-0.4207444873357732,-0.4210485681256167,0.0009402208412589,-0.4300292182423151,wave1,-0.4289240530198683,-0.428824105322402,-0.2313144081716279,-0.1465739542002549,wave1,-0.1458782967469815,-0.1458562600883955,0.1568841656094147,-0.1351765194403723,wave1,-0.1344814783186241,-0.1346292811824717
782,-0.1758774491981587,0.255141703261234,wave1,0.2549016669540209,0.2549991860551113,-1.3088511629433923,0.4025186171939062,wave1,0.4018800973512063,0.4020931903420063,-0.3763276257032477,-0.0302705784908446,wave1,-0.0301686577975982,-0.0302540783617434,-0.6019599263753639,-0.1264119381386431,wave1,-0.1256812821922975,-0.1255915595368682
783,0.3214311662421767,0.5260705948459782,wave1,0.5257037875835106,0.5256727400055438,0.7841970038960762,0.545396947181542,wave1,0.5450997505000724,0.5452065497147328,-0.4580863532993163,0.414949688695523,wave1,0.414581831154251,0.4144973528119442,-0.6167198647118232,0.2521527925808703,wave1,0.2522327897268223,0.251961388740038
784,-1.9210381934840657,-0.6024256732598094,wave1,-0.6018398313363735,-0.601616746295464,-0.3007207775794802,-0.1573258230826232,wave1,-0.1569759404740641,-0.1565394214019942,-3.2864832072644696,-0.4859896220673646,wave1,-0.485038567238678,-0.4852488504403162,-2.258587664173492,-0.2979834856031381,wave1,-0.2975890640953614,-0.2974213320565049
786,0.1096867630777093,0.0050029437557927,wave1,0.0046570362452866,0.0049268736842739,-1.448649997228057,0.0814189399664936,wave1,0.0813791043309269,0.0818866651430728,0.5668084798432615,0.2825932240841956,wave1,0.2825060968129983,0.282396130505084,0.6516212291000538,0.3690863736562195,wave1,0.3686107793109875,0.3689081423375597
787,1.2502279131654648,-0.061484223259958,wave1,-0.0611299784756494,-0.0611144711272507,1.0584396852262692,0.3657045898765162,wave1,0.3657408797050504,0.3658293162047449,1.289472540233202,0.0214799918322519,wave1,0.0217170676565439,0.0215065852217632,1.6563739617490931,0.0386098658635662,wave1,0.0390038274382775,0.03867704140282
788,-0.9870309122700672,-0.4584484101371617,wave1,-0.457733342256394,-0.4572997810075389,-0.9404214327917108,-0.2021663173364284,wave1,-0.2013874148377185,-0.2012816716291562,-1.9407334043360311,-0.5465764765857919,wave1,-0.5453021736323806,-0.5455667271315863,-2.9486202784384568,-0.1835886154468983,wave1,-0.1836754820593228,-0.1834853650469352
789,1.1542868851632204,0.1953950735122699,wave1,0.194843477555866,0.1951316355389533,-0.2244928427215752,-0.1713084082636752,wave1,-0.1709790914941004,-0.170497770274178,2.0046900354941584,0.4302711324590232,wave1,0.4299399042732227,0.4297749943186161,1.7951041358206974,0.4209169730588988,wave1,0.4202231252817356,0.4206125139700449
790,1.0186308574730842,-0.1316380338277233,wave1,-0.1311344351459492,-0.131137277002903,0.0346085984495266,-0.0569896903376559,wave1,-0.056479746218846,-0.0562620230216042,0.9528228752953178,0.1088261654443194,wave1,0.1089447163154833,0.108699787509497,0.1222317933573492,0.1590129920957776,wave1,0.1592620739904732,0.1589502760509202
791,0.2849333143416663,-0.0850994767131413,wave1,-0.0847293017938944,-0.084739767417412,-0.1939913240299297,0.4288813345328665,wave1,0.4287434680957053,0.4289011441808849,1.0956217136743134,-0.1163344067321261,wave1,-0.1159096057463411,-0.116109737281602,1.1402918484141755,-0.0175348241547084,wave1,-0.0170273949250372,-0.0174069796436558
793,0.5003661795555935,0.1159535983367677,wave1,0.1159339749051938,0.1157499923123598,1.0248847724931878,0.538998138627204,wave1,0.5381142573167892,0.53855980274281,-1.0735112079783733,0.1727655098372342,wave1,0.1726385890618016,0.1725293035590342,-0.7866275542380486,0.2697748014706167,wave1,0.2702199567591641,0.2697180922421383
794,0.4158011563138828,0.021573492841806,wave1,0.0212241394815197,0.0215075580280802,-0.67028621474638,0.4546506574218542,wave1,0.4540999872199046,0.4545498763289436,0.2163016541567968,0.1138244871464887,wave1,0.1139407988547726,0.1138747873775362,0.043963458993006,0.1568359325911847,wave1,0.1566786565810475,0.1568961200399496
796,-0.6208561794274062,0.026511708229973,wave1,0.0266389281712835,0.0269303521395589,-1.7927933878226563,0.0017491961038682,wave1,0.0016221984546087,0.0020129978584944,-0.447489388166329,0.3358634799733531,wave1,0.3357389891178652,0.3358385865691764,0.1893177618230512,0.3438642446761765,wave1,0.3435314163005677,0.3436507161220236
797,-2.5906887953936666,0.0167776130160022,wave1,0.01656826630748,0.016913224169123,0.2825601455687852,0.4012425957949169,wave1,0.4003240445256174,0.4006265313041331,-1.1277412864579217,0.0972521974773079,wave1,0.0972804257658226,0.0973369177560008,-0.7011632582237339,0.0902109748189509,wave1,0.0905882625153801,0.0902136602980402
799,-0.4009801869805905,-0.0175968972071723,wave1,-0.0176414398778207,-0.0179861230053145,1.3634040435738026,0.02850042475084,wave1,0.028982298178084,0.0292259795326992,-0.412626827620685,0.3355270747782709,wave1,0.3356068648876914,0.3357126169925063,-0.3325335250155609,0.3471343508201891,wave1,0.3469673962860901,0.3471080763303422
800,0.6502723125929986,-0.0668250232198222,wave1,-0.0669902676780319,-0.0666995429319011,-1.1291469409547297,0.2671648430228511,wave1,0.2668876355822019,0.2673683724734207,1.0635129655250843,0.243884017312118,wave1,0.2438394492564667,0.2437990380619578,0.6431957930541415,0.1292833122318465,wave1,0.1291911989005604,0.1293600927254367
801,1.594570747638486,0.4971961348771379,wave1,0.4969030773617395,0.496929531831175,1.01943030723423,0.1618305946152739,wave1,0.1617509908814461,0.1618788383887047,1.3839900560553864,0.5695374923636144,wave1,0.5692797321036999,0.5689140351055265,0.2819277685091734,0.4706717202990493,wave1,0.4705918588812283,0.4709003257207086
802,-1.3466087193956806,0.0983260869980035,wave1,0.0978542693297663,0.0981499425116653,0.436557212546381,0.5454579102781371,wave1,0.5447775061692942,0.5452176957167917,-0.7558323573205468,0.1606076336451815,wave1,0.1606493733943411,0.1605988777516117,0.1182328944169712,0.236956494643159,wave1,0.2366744330436602,0.2369190117403489
803,0.604488559641668,-0.0852519637924166,wave1,-0.0848589742893978,-0.0849237896627409,-0.0945753398219576,0.2526984096882305,wave1,0.2523067876370386,0.2520459528236145,-0.0384159644421318,0.1937675161763653,wave1,0.1937774497642695,0.1936873269583093,-1.0232413646490814,0.4003794614988883,wave1,0.4002191254656087,0.4000074251027612
805,0.7510315941712726,0.0374391022998598,wave1,0.0377660264599361,0.0377553119090517,1.3413454983522783,0.0715078951509326,wave1,0.0718739045937361,0.0720551923987692,0.6999254057338524,0.3435131073979323,wave1,0.3432922643977634,0.3430443957947615,1.5774755477174969,0.3740562417190882,wave1,0.3739656982947776,0.3737409908961346
807,0.0736992736809781,0.0859219083351842,wave1,0.0856740954824334,0.0854656982000569,-0.8826586923052424,0.5346728767795526,wave1,0.5344399938841673,0.5347627294912329,0.2686290826068743,0.2173481847034927,wave1,0.2176483681559319,0.2176636232539478,-0.5476831161210806,0.2747422659824893,wave1,0.2746334651469634,0.2748751097324026
808,-0.215892541558392,0.2903457401070422,wave1,0.289784132020138,0.2901185313844859,-0.1505166160858656,0.6945248515140313,wave1,0.6931974725524751,0.6935774544931826,0.3134018466369122,0.3319893453640419,wave1,0.3317149858524701,0.3317082147600878,0.5414045395694488,0.392691306786774,wave1,0.3926819156601479,0.3922399636836357
809,-0.938960405122664,-0.0980441721932434,wave1,-0.0977574433015209,-0.0974457089385625,-0.4500913665296069,0.3231052761838369,wave1,0.3226184521090058,0.322961065306061,0.5515350363418436,-0.0889438594619618,wave1,-0.0885100414641419,-0.0885053047634369,0.601462525737465,-0.022776141151132,wave1,-0.0225266945214009,-0.0225296131972774
811,2.41939642276064,0.1667409970210903,wave1,0.1665956050527571,0.1664991731143116,1.5030564757547409,0.2490436851952296,wave1,0.2486184626302002,0.2488889024884993,0.6880577855807275,0.4186014970434208,wave1,0.4181127967609499,0.4181807966341742,-0.6459213715505348,0.5449465582609576,wave1,0.5449935019779477,0.5445549541041059
812,0.3594641687918624,0.058434095439088,wave1,0.0585898974559995,0.0585493633418174,0.7133069248444607,0.4493286757089233,wave1,0.4490138640399265,0.4488716524719826,0.935769630690643,0.0841972075285601,wave1,0.0844586347190872,0.0844372213342481,1.549985391509898,0.1934287592296951,wave1,0.1934051084692073,0.1937428153382058
814,-1.0508167075829833,-0.0489918489469314,wave1,-0.0492466930575275,-0.0489826308484345,0.5716396569621246,0.0070012507893538,wave1,0.0070674754755789,0.0075843984683697,-0.30040205304673,0.2697505500583258,wave1,0.2696902921297389,0.2695747045811175,-0.6711319759519146,0.3194411442765403,wave1,0.3190458319981135,0.3193228263180624
816,-2.590219320984815,0.2076540323891905,wave1,0.2076720834436741,0.2076516723060003,-2.140902044945475,0.5963847333043417,wave1,0.5955705499608768,0.5951757668671753,-3.4595419552836892,0.3151286617226686,wave1,0.3149436571524527,0.3147748629306272,-2.5571075578630547,0.380149829472835,wave1,0.3800105066544626,0.3797169237289666
819,0.6865732003425608,0.2537404080704805,wave1,0.2530539180906927,0.2532551360712677,-0.9425358221672928,0.434552991101241,wave1,0.4340316460296883,0.4344712005995398,-0.1508510219681781,-0.0341677028845922,wave1,-0.0338823014041212,-0.0340909666327114,-0.9660940787614344,-0.1329978958157989,wave1,-0.1327627407708794,-0.1325695721608824
820,-0.8722946003857185,0.2070781909316017,wave1,0.206639344995394,0.2069640313088761,-0.5902253033671847,0.6239792871209288,wave1,0.6227649470834039,0.6231345649985421,-2.3253168858901585,0.2250424070308088,wave1,0.224912887935909,0.2249184534982879,-1.343333606976291,0.2959405575007425,wave1,0.2960536836286073,0.2956263074595273
821,-2.0369107330566307,0.3200182213660883,wave1,0.3198477763062684,0.3199143664473816,0.0284000251661952,0.2986516157480613,wave1,0.2986685862579666,0.2987299192984628,-1.62642666866089,0.239227454777134,wave1,0.2393898765479691,0.2394042270851739,0.3105556833914668,0.2886737028466813,wave1,0.2882896850379704,0.2883864643272485
822,0.6546366599813056,0.3920142060608794,wave1,0.3914049553407629,0.3911026553467444,-0.5084562894906881,0.0386559185885801,wave1,0.0391519900330679,0.0393554660574211,0.0136338325449084,0.560092850289227,wave1,0.5599454079964999,0.5599147676868962,0.4153444479679273,0.3083257558333733,wave1,0.3083000445426795,0.3082928170359033
823,-0.0891231408270239,0.2209089762020947,wave1,0.2204994355705673,0.2202445293947769,1.0182152473030155,0.2632219738751389,wave1,0.263343098504984,0.26371473904836,0.6729137711759463,0.1514334308523429,wave1,0.1518927768347405,0.1517127391722111,-0.1388166999932336,0.2079639613675669,wave1,0.2079344227304901,0.2081731872598513
824,0.8917710778531477,0.0741861885237353,wave1,0.0742057464730061,0.0746078176357225,0.5102334623495296,-0.2449047486385153,wave1,-0.2446785506073385,-0.2443614117802199,0.5738582213878164,0.1455862325820731,wave1,0.1457615762232109,0.1457931711358926,0.6073927567625924,0.1871280126239755,wave1,0.1869055618569008,0.1870917446186841
826,0.2268974431014026,0.1802170118641206,wave1,0.1800914087187197,0.1803833370128598,0.3004817073668017,0.1269913325426934,wave1,0.1268737744187203,0.1270240459026286,-0.0248852251212861,0.2142652482078417,wave1,0.2143428194869059,0.2143580413817731,1.1142996781549404,0.1444072605725712,wave1,0.1443301645544154,0.1444194472075203
827,-0.053338796958872,0.3573073211807659,wave1,0.3566886915442294,0.3565359905685116,-0.741867294353417,0.3985807532230496,wave1,0.3985597696840135,0.3987948002578285,-0.4927091111940856,0.2848267034258412,wave1,0.2851020465607322,0.2849538272904864,1.0276138820100909,0.0762033979342883,wave1,0.0765217015854366,0.0765190366840934
828,0.4553778199459562,0.1600735670086174,wave1,0.1600756105118356,0.1598586158361169,-0.3054101140327924,-0.2013044111380028,wave1,-0.2010886820939543,-0.2007894398663878,0.5524689592308636,0.3760889422794999,wave1,0.375681858219862,0.3756082191550032,0.1785039976055818,0.3749458841204973,wave1,0.375244116827125,0.3747068806402425
829,0.1740597090637462,0.2558610048286848,wave1,0.2551848967273677,0.2553947863629897,-1.0816100938865945,-0.0162476030560091,wave1,-0.0161527028359912,-0.0156368279440469,0.1189657004042537,0.3006667403344939,wave1,0.300536836916785,0.3003204248409475,0.9407149744130024,0.1515860026782953,wave1,0.1514127914784472,0.1516803151545147
830,0.0009501806711435,0.4529473832096616,wave1,0.4524398430596487,0.4523008659090267,0.1234720168794301,0.1719962177892727,wave1,0.1717727928241513,0.1719640758899812,-0.1016256881163731,0.5501287362182867,wave1,0.5494767836716514,0.5494133538523829,0.516018633127057,0.398779606931585,wave1,0.3990076841415526,0.3985314730086118
831,0.0629908546575001,0.166311623048526,wave1,0.1659177016243793,0.166262007070284,-0.0885661757536775,-0.1304932861387201,wave1,-0.1304792107428419,-0.1305808658007311,0.1497047291868153,0.1324864006101425,wave1,0.1324649587459285,0.1326516681597831,0.0406837995249523,0.0561182892577016,wave1,0.0567222138746538,0.0561039052883504
833,1.0753660607378666,0.021520760765357,wave1,0.0217423928279231,0.0217720119895806,0.1424877145228934,0.0836465100065803,wave1,0.0835096430872077,0.0831338749562564,0.8058300971391057,0.3854680214211944,wave1,0.385153267921772,0.385121365469835,0.967203412823868,0.4029760744403335,wave1,0.4026405238710569,0.4025820237298248
834,-0.0690012332351151,0.1255974585934581,wave1,0.1256522860875722,0.1255920994050624,-0.7238296372865209,-0.1031270993626516,wave1,-0.10309298207904,-0.1033702088179922,0.8591467903041873,0.0881649735497415,wave1,0.0882602637216271,0.0881025709209145,-0.0551732510476739,-0.0656581543145626,wave1,-0.0652604788973222,-0.0653464336182613
835,-0.6155944790405344,0.2481397930849396,wave1,0.2479324757424344,0.2482106868575156,-1.6620373540117364,-0.0093142398254358,wave1,-0.0088403508927844,-0.0088117325776352,-0.2794000202860914,0.3810345202348701,wave1,0.3810404858278502,0.3810615869278615,-2.0577642015144773,0.1847638042537734,wave1,0.1845787174724121,0.1845871294989647
836,0.925913728019754,0.5253672704921382,wave1,0.5247198401853108,0.5250805063117081,0.8962153147179089,0.5589402135622261,wave1,0.558192867044158,0.5584127834015129,0.925319922460333,0.3116378351998563,wave1,0.311527649838111,0.3114663477297539,-0.3296392210279003,0.2132517568644795,wave1,0.2131904561121968,0.2131576439331559
838,0.8526826653060395,0.5113306844676803,wave1,0.5105089427653823,0.5102585373198404,-0.1693178558193393,0.6097433976534519,wave1,0.6094500031345724,0.6097350875240148,0.6845798769518404,0.3522069201065666,wave1,0.3523657788889237,0.3522920098341479,-0.3843803477803362,0.2335580978954292,wave1,0.2335312314013575,0.2337138865998957
839,2.090375759724631,0.3215701661707196,wave1,0.3213248846496962,0.3211351118710327,-0.3513609273837668,-0.0250401603002529,wave1,-0.024992353591864,-0.0248282036461941,0.9058492282706412,0.5175966196704089,wave1,0.5170366558052404,0.5169466258032198,0.77282855777843,0.5669670888617453,wave1,0.5669966647547862,0.5665202853615325
840,0.474651882079625,0.2225110874742124,wave1,0.2225378374911979,0.2225997572060623,1.616981418595719,0.5940540548881422,wave1,0.5932672037267651,0.5933762374257937,1.3257447456541276,0.2401885668996445,wave1,0.240219743204138,0.2398458653578751,1.875807509471636,0.3167451654314363,wave1,0.3168534815022054,0.3170524007243662
841,1.2590364454210583,0.3924893199938115,wave1,0.3921828348675638,0.3921138317131147,-0.1540914520485895,0.0767289564670429,wave1,0.0767044397098918,0.0767593257010456,0.4876942373123187,0.5154964187563134,wave1,0.5151079545665382,0.5150745274299102,0.1531174904333208,0.3175883686965136,wave1,0.3173471875986268,0.3177762405644412
842,-0.1088758680045366,-0.3589400703034419,wave1,-0.3585722032040187,-0.3586927700455079,0.0390396475609386,-0.0226601315255181,wave1,-0.022207329886235,-0.0218563055544431,0.0892477603414531,-0.0624064991022642,wave1,-0.0616840667250794,-0.0618500483084712,0.2611037590843879,0.0799317977562729,wave1,0.080185797823353,0.0802898915120541
843,-0.3823515425801983,0.4440826810095994,wave1,0.4436953783921911,0.4436364080002486,0.7791623837228229,0.1150257259400854,wave1,0.11495060215652,0.1149806378144088,0.6854094862100213,0.584002135015258,wave1,0.5835039090804357,0.5834989974112146,0.2272485959167317,0.3708871761731976,wave1,0.3705701201945836,0.3710082646762759
844,-0.796300478809583,-0.2726258832150587,wave1,-0.2719819136847874,-0.2719335133572989,-0.5256032169860643,-0.2037372529525011,wave1,-0.2035656564938556,-0.2034104034532707,0.4623566308411997,-0.021104247836324,wave1,-0.0207959499494235,-0.0209879479344853,0.6080619830780928,0.0143623180182125,wave1,0.0148636612888301,0.0152548943209437
845,1.4806910563973714,0.4156002139067869,wave1,0.4151066865648736,0.4154949288083247,0.8391272388540806,0.4935432535167836,wave1,0.4928703318754659,0.4931245304674363,-0.1303173218004653,0.167488986184207,wave1,0.1675659852506756,0.1675082836600878,-1.2131703047383255,0.0867721047922493,wave1,0.086872450692676,0.0868405929418742
847,2.0772258142806357,-0.0228244562849793,wave1,-0.0225764630882527,-0.0226344070640778,1.0726358722804956,0.3467862021573972,wave1,0.3466283937864437,0.3464563700271416,1.4062381178518828,0.0836213213251753,wave1,0.0838703792885424,0.0838661182242646,1.1357619478501049,0.1227167821608446,wave1,0.1227824267082279,0.1231737457555449
848,-0.892275815219399,-0.0039603717725654,wave1,-0.0037642503831217,-0.0038073398269019,-0.202514404459719,-0.0170588893499834,wave1,-0.0172152746217273,-0.0172920846513817,-0.3804519049452376,-0.0163966537511873,wave1,-0.0161218909597838,-0.0162652619542199,-0.0399708067911721,-0.0482377725839421,wave1,-0.0476792866569881,-0.0479684550024536
849,0.176268442982266,-0.0272734557118126,wave1,-0.0269557770779587,-0.0270237412752287,0.2885524014160722,-0.0253069321916879,wave1,-0.0251224105799844,-0.0250087045267425,-0.4543789932537691,0.2711890989475072,wave1,0.2711547085282548,0.2711771463395722,-0.1195753346885228,0.3414579182241392,wave1,0.3412046086022365,0.3415805144913683
851,-0.1721234409060511,0.4772241153581589,wave1,0.4768028076128379,0.4767497607172977,0.4666983263513367,0.1605942212754922,wave1,0.1604474263736745,0.1604987861919679,-0.2992250964806994,0.5721417917729146,wave1,0.5716694944021405,0.5716489143478798,0.7498877051248376,0.3970073587756412,wave1,0.3966583983181807,0.3970676148265722
852,-0.5426723419944506,0.2483786165525349,wave1,0.247716086849071,0.2479249923432211,-0.0307458878812272,0.3902754875554425,wave1,0.3898152531839612,0.3902639842456475,0.4272372649058164,0.0278905749889523,wave1,0.0280990854972761,0.0279039608952321,0.5186998913538645,-0.1145626649129503,wave1,-0.1143465470404039,-0.114159732811062
853,0.2245976597826794,0.273805212586565,wave1,0.2736812119320885,0.2734003467085818,0.6145976579698031,0.2726098200554617,wave1,0.2721939470502844,0.2725266657834314,0.8697153457400614,0.2836765238079066,wave1,0.2834579935960857,0.2832077997521471,1.0693799275504514,0.3084302401299303,wave1,0.3088340083178942,0.3082902109272505
854,0.3094971684276886,0.3991078328829788,wave1,0.3987267422456696,0.3988322501206326,-0.3042230984488372,0.1011765817942404,wave1,0.1009760265907692,0.1006467059272057,-0.1899914488932379,0.5256113317587502,wave1,0.5250808312120648,0.5250416603538256,-0.5577504173815901,0.334907504642682,wave1,0.3347313096831506,0.3345835070518912
855,0.5671072487996847,0.257746903238591,wave1,0.2574946368120039,0.2578343274574908,0.8917845030618926,0.2627762159114948,wave1,0.2624340283762023,0.2625995791589239,1.230713683416378,0.1352951901244437,wave1,0.1354901921064784,0.1354167884450043,1.7527138938587452,0.1839782438805141,wave1,0.1838773516000537,0.1839380761776267
856,-0.8738284809095701,-0.256773654189696,wave1,-0.2565586208872554,-0.2562538409479597,0.7069009724734507,-0.2981375569633208,wave1,-0.2980125711831162,-0.2979527279381936,-1.092585185333861,-0.199547186542794,wave1,-0.1990894289219649,-0.1989561675659867,-1.0316562936653897,-0.2887940199735109,wave1,-0.2878610105895006,-0.288059787641829
857,0.1898151353660488,0.3909659329324457,wave1,0.3905984484989184,0.3905397933071841,0.9881039672924689,0.445438513903268,wave1,0.4450770843308612,0.4448457318566258,-0.1356461621996887,0.3216133359758024,wave1,0.321517854841733,0.3214585451123435,0.463417507884547,0.0963808466238936,wave1,0.0964622165336766,0.0969066543483504
858,-0.5276152865422953,0.0504364117426132,wave1,0.0505072288325814,0.0508479523562512,-0.1119009979090249,-0.349228844668451,wave1,-0.3488132745110153,-0.3485286526527471,-0.572188821990584,0.2961033580175638,wave1,0.2960680860672815,0.2961872348243839,-0.0696518723636609,0.2051401956793927,wave1,0.2048695123304233,0.2050835339612903
859,0.9060158480484524,0.4957785002319986,wave1,0.4952563011699907,0.4953683201362447,1.4644144010758855,0.561713428981616,wave1,0.5613771208517425,0.561400372209289,0.3548692252663043,0.4142006853785995,wave1,0.41412740694065,0.4142213251923186,0.0554773021967538,0.2366113939889199,wave1,0.2363897039349616,0.2364631548722309
862,0.0302383923907384,0.4484253892150684,wave1,0.447482051162646,0.4477445524561214,-1.3030708519096823,0.1254021217741424,wave1,0.1252924926073569,0.1258051922378039,0.5175876269232927,0.5946202000888247,wave1,0.5940747871555311,0.5939369099163941,1.0664639245449568,0.4174616822461975,wave1,0.4168984155455585,0.4172202999794762
863,1.7871273954791145,0.4265617052255566,wave1,0.4257583306855502,0.4261552070515116,1.0332105782959922,0.0495788266987827,wave1,0.0492681974775358,0.0491771785697673,1.216464101731166,0.5380526708324482,wave1,0.5374796613537338,0.537640541499909,0.3364329301680221,0.369548132998531,wave1,0.3697580603576195,0.3691020281361041
864,0.2823806533740441,0.1267308042567148,wave1,0.1263799680582274,0.1267328846753393,0.302293878594,0.0281563191933741,wave1,0.0277508228631627,0.0278603549581678,0.5737727819783529,0.3173111382460001,wave1,0.3170765829122888,0.3171524137470571,0.620039511972055,0.1539879379208654,wave1,0.154365381039674,0.1540975554824723
866,0.0821882612868758,0.1117020523212646,wave1,0.1117580054895281,0.1118630225969774,1.2959455206341752,0.0976805517729512,wave1,0.0978228729233231,0.0977567434597016,0.2554980352884581,0.184498756448746,wave1,0.1844941848824876,0.1843391804289568,0.9383740223158888,0.1778158520956052,wave1,0.1781766459195159,0.1784934070535443
867,-0.3517745464221461,0.0294874184215082,wave1,0.0295894434906967,0.0297876369378751,1.2132044787674314,0.0860010544613677,wave1,0.0863928368136969,0.0863054215695212,-0.2509247782155214,0.3943313095268739,wave1,0.3943470757062852,0.3943034867467945,-0.5730857514118352,0.4032793165293243,wave1,0.4028306358086564,0.4029638749709264
868,-0.488628102955907,0.0858446430490952,wave1,0.0859748628617774,0.0859947383511682,-1.459392602158581,0.0636511667507277,wave1,0.0639993709095999,0.0640846819506288,0.5244677832499802,0.1173126235277071,wave1,0.1174220181710457,0.1172751196484307,-0.2957986849190789,0.0608760653262993,wave1,0.0612367628468767,0.0609950513111518
871,-0.7255067966566068,0.0419814241020257,wave1,0.0417093106625662,0.0419921227515431,-0.5025880304365511,0.0003499041921787,wave1,0.0004630142367235,0.0009100536305232,-0.3954118743994308,0.1987562923958693,wave1,0.1987348750917396,0.198598245641124,-0.0217228713551969,0.0484763222831756,wave1,0.0483550982057993,0.0486023923931852
872,-0.8514699908978576,0.3789490890748085,wave1,0.3787631717438021,0.3787288942997101,-1.698982741467931,0.384860396105987,wave1,0.3847022545839992,0.384823409627376,0.0434317184084021,0.3757011870050213,wave1,0.3754246449059877,0.3752867162599249,0.3187923250570322,0.3933632254018996,wave1,0.3932367706785213,0.3930824224639701
873,-0.1236807558894692,-0.2049321929074196,wave1,-0.2045155977400908,-0.2045089086651209,-0.9619151119392152,-0.0567114652997434,wave1,-0.0563398505218003,-0.0561305697089825,-0.996718202942858,-0.4056928727226803,wave1,-0.4048498083451648,-0.4049797945529236,-0.2893525791480782,-0.3262567650979458,wave1,-0.3252603877269907,-0.3256909187667763
874,1.4837821175003707,0.4406074675089317,wave1,0.4403819193549101,0.4404140427629246,0.2827734438476423,0.1014409863040372,wave1,0.1014649545039064,0.1015629457598364,0.6035896629042488,0.5474111749101832,wave1,0.5471741023923179,0.5468433313293005,0.5489172803847,0.4338331349314403,wave1,0.4337992768316382,0.4341535855415845
875,0.0114601507765947,0.5621618900756453,wave1,0.5610648439190831,0.5613597231055514,0.4063675994709193,0.6047891031842613,wave1,0.6040172266089495,0.6044616954932399,0.5790538898809067,0.5014553527369953,wave1,0.5009985987041735,0.5009301097850828,0.8801461304622099,0.3145687877118743,wave1,0.3141563971887388,0.3144322801644969
876,0.1567930759091637,-0.2935996756069047,wave1,-0.2929042050708698,-0.2930425601475078,0.742999177089057,0.0575952503255461,wave1,0.0574104730733897,0.0572328510350503,-1.8972378221139052,-0.0831573401104118,wave1,-0.0827595962091579,-0.0829056734894307,-3.4066857279268885,0.1105524607180593,wave1,0.1108141527340176,0.1106241661689202
877,-0.3170196491710697,-0.4983747797766741,wave1,-0.4977522291295045,-0.4980187321713726,0.1143418915361994,-0.5660212924088945,wave1,-0.5648006215335917,-0.5645443467161577,-1.2864530970830033,-0.0165118629009853,wave1,-0.0159207194114207,-0.015998414087012,-0.3159782065324807,0.0991533440435456,wave1,0.0994335276029791,0.0994198300719994
883,0.3017700197331684,0.0257718128824413,wave1,0.0258770810137873,0.0259868023016289,0.8125412673032014,0.0565750679847506,wave1,0.0566428120105756,0.0566637820494352,0.773615169881123,0.0053699024043539,wave1,0.0054902034780003,0.0053924483400297,0.9445257419648094,0.0132328472735473,wave1,0.0138202753781936,0.0140489195709842
884,0.8526580638366748,-0.1109194497416319,wave1,-0.1111208699692399,-0.1108915150010361,-0.6350326875570287,0.0294881564009189,wave1,0.029527280155089,0.0300271817205265,1.5166089080014462,0.0324671360840814,wave1,0.0327221682737973,0.032549405802588,1.1910976447733357,0.1830599336440008,wave1,0.1828488387572248,0.1831182259422687
885,-1.2880464520324917,-0.1445395688844382,wave1,-0.144616936805746,-0.1442819762813899,-0.3302141741709234,0.2266093154232823,wave1,0.2263993406393866,0.2268153207327018,0.3532430387929825,0.0882637252554318,wave1,0.0883983427447795,0.0883444326891754,0.6076981890806316,0.2844289948936924,wave1,0.283958830393359,0.2842708953055401
887,0.5790698677898082,0.1218524070433697,wave1,0.1215850325710876,0.1218743256639918,0.3849302348337025,0.1032961109323503,wave1,0.1028571877524965,0.1030318086834604,-1.1981477384268804,0.1391616059923781,wave1,0.1391955914583866,0.139238927214186,-1.304581707432208,0.1296431549583491,wave1,0.1300472665571678,0.1297505098776616
888,-0.3467189616959218,-0.2525106075444804,wave1,-0.2519249369959174,-0.2518833672445247,0.5097121378272902,0.1038097799063086,wave1,0.1041951306764567,0.1042437044677818,-0.3501681960211632,0.0218139931785235,wave1,0.0220939805057824,0.0218206574608228,-0.1190826512963037,0.1483485691582977,wave1,0.1485609309536676,0.1483678383793951
889,-0.424480802932731,-0.2808416955339408,wave1,-0.2802711683208891,-0.2799444459068709,-0.4528905795999066,-0.2578570602379335,wave1,-0.2576380642210274,-0.2571742029907506,-0.3687098566150592,0.0497995145807463,wave1,0.0500394425458343,0.0502049407699398,-0.0926925887960381,0.01453695867086,wave1,0.0146070543235734,0.0147473490123437
890,-0.5937261106361637,-0.3006647020704057,wave1,-0.3000265653893593,-0.3002705964569784,0.3224964768737041,-0.3742418046459496,wave1,-0.3740093047046359,-0.3733949002814604,0.8631248146143039,0.1970375756967821,wave1,0.1967403364019841,0.1969306902882146,1.301963945211286,0.3275190004917296,wave1,0.3278982205088032,0.3272520757476183
891,0.7145322891019569,0.0240573540910443,wave1,0.0241767942625376,0.0239808076470627,0.4311910257025218,0.4442129230477135,wave1,0.4434198681592274,0.443936274765157,0.7496050369157891,0.0878823879916321,wave1,0.0878518080251145,0.0877424847426113,0.0748890736472426,0.1618671956438205,wave1,0.1624628842972455,0.16193296406721
892,0.1325747506482053,-0.3729464416440662,wave1,-0.3722357326607979,-0.3722459175873578,0.890556675378892,-0.0567361047190476,wave1,-0.0563991337419308,-0.0565608506858935,0.2469898708174656,-0.2107683201699175,wave1,-0.2101100105375635,-0.2100762337739197,-1.449560190173271,0.0230101786557873,wave1,0.0232739103490816,0.0235299089876584
893,-1.3251135850725506,0.045131630952698,wave1,0.0452151040886946,0.0450395777815927,0.8415707594939527,0.490636340299498,wave1,0.4898068066524786,0.490269775340656,0.3828506370370661,0.0637625046555867,wave1,0.0637995586180228,0.0636402008357861,-1.4083598416301972,0.1791611537857889,wave1,0.1797357773082033,0.1792471039166201
894,-0.0056418900055122,-0.0007576317191382,wave1,-0.0005275752396503,-0.0004475029586494,1.0768239713364605,0.4217762265632595,wave1,0.4211161173805998,0.4212628832636217,-0.3426907913112859,-0.0149825423221682,wave1,-0.0147656661256737,-0.0149974844520349,0.2882110120478356,0.0443173659999309,wave1,0.0447897089878474,0.0449847613310787
895,0.7772708640450926,-0.231442212641228,wave1,-0.2308758653074661,-0.230822029812565,0.9442638656230298,0.0841228525727692,wave1,0.0845795264452255,0.0845908971830257,0.5699854253582302,0.1023425573673966,wave1,0.1025077426909744,0.1022297821673323,0.3304912815370558,0.1908224999814435,wave1,0.1909549410273462,0.1907956637817051
897,-0.1634711862881349,0.0319815657791451,wave1,0.0321784333305201,0.0321328761442123,-1.1652840131084066,0.4293794676265569,wave1,0.4290909240406856,0.4289611185684475,0.2157569834298501,0.0493556467409828,wave1,0.0496721066411627,0.0496364705837124,0.2400133967134402,0.1670334571728672,wave1,0.1670471860112635,0.1673801708807972
898,0.2563111577942487,0.1346194571633416,wave1,0.1343079575080711,0.1340674102498659,-1.513124722332321,0.6032859815175917,wave1,0.6029648752308612,0.6033040151412732,0.6790520970530889,0.2371271016959871,wave1,0.237391151882519,0.2374313110108276,0.8216263818776008,0.3258660084011914,wave1,0.3256442766156643,0.3259474816831555
899,-0.7096736645563876,0.3693489235644445,wave1,0.3686554665077258,0.3690239406853291,0.2705461865143252,0.0345512780530598,wave1,0.0342969884984373,0.0342200205494999,-1.0044637363175095,0.4037847275063146,wave1,0.4033991898603091,0.4035574314494918,-0.2885243528308353,0.2947790200618813,wave1,0.2950809590145883,0.294425914374657
901,1.0775609143917928,-0.025149172674372,wave1,-0.0254371043391495,-0.0251665472495106,0.5074045797632655,0.0260046185128163,wave1,0.0260434863317698,0.0265599337952998,1.186109220611884,0.3062981930816587,wave1,0.3061861003971612,0.3060803182955706,0.8681126108524002,0.3523725388087743,wave1,0.3519288271487006,0.3522126373961347
902,2.109702799651803,0.1320470164057497,wave1,0.1321963988530906,0.1321893250131612,0.9726572055603134,0.5458319695447692,wave1,0.5456176610953035,0.5456976382866038,1.5640803418759863,0.2381573813443027,wave1,0.2380776377509093,0.2378681334775667,1.2381967135885517,0.2695075524230299,wave1,0.2695490758006786,0.2693017079018802
903,-0.4662310352784016,0.1132663064134006,wave1,0.1133806300883745,0.1130959856319585,0.0251069006327867,0.1352591495132745,wave1,0.1349797969156133,0.1354006394575083,-0.6018428969948236,0.08601283645649,wave1,0.0860591352657964,0.0857593971197321,-2.246715946968067,0.1131153521530648,wave1,0.1137937560823421,0.1132354861755991
904,0.6314616799826178,0.1382541374992371,wave1,0.1377432121743588,0.1380589210203297,-1.3734298363733528,0.5440443498049382,wave1,0.543365344493428,0.5438127723860647,-0.7455177650398983,0.2918979229038961,wave1,0.2917620840644314,0.29174476930725,-0.6516046580376924,0.3185727347683013,wave1,0.3181776755259972,0.3184293138623983
906,0.669795964828393,-0.187390625853936,wave1,-0.1870090755780321,-0.187109213519928,-0.2756231413629351,-0.0649458849372026,wave1,-0.0650449806669375,-0.0645937504772306,1.0841343456468011,-0.0133733552795418,wave1,-0.0132725592237865,-0.0133213307590942,1.7154241208442078,0.1067251858031868,wave1,0.1073927505548304,0.1069288998334754
908,-0.5836442184682004,0.4609265751666441,wave1,0.4604566720276651,0.4602214222304325,0.4445541786858612,0.5089074617960694,wave1,0.5081741806370903,0.5085217997473863,-2.175725597019512,0.3979666553805381,wave1,0.3975297918171248,0.397339144638495,-1.0671344691649811,0.211064827820153,wave1,0.2115633829451695,0.2110121273057659
909,1.0020513244288671,0.5564746102010327,wave1,0.5558842411188054,0.5558576564603201,0.6628212743300557,0.607980881396314,wave1,0.6073831475510744,0.6071443041581527,1.157130831527771,0.430937835294749,wave1,0.4306823320015254,0.4306483504118583,0.7184192998616002,0.2501005645318496,wave1,0.2499745037325357,0.2503793640961694
910,-1.152418838801352,0.1475842032361869,wave1,0.1476405223268757,0.1475256291038558,-1.4286792637746382,-0.1267696252227389,wave1,-0.1265143584118725,-0.1263817577663886,0.314702677944053,0.2429889713242645,wave1,0.2430237960671628,0.242892058578505,-0.6774513654975404,0.0750069545568053,wave1,0.0751047994545977,0.0755249882231395
911,0.4756273438734161,0.2644961796930151,wave1,0.2644275251987508,0.2643988183803062,-1.0370402766404083,0.3040791590323725,wave1,0.3040073326369158,0.30415429178391,0.7726732143668078,0.2113527198895981,wave1,0.2113141477027744,0.2111781725496879,0.781072351406183,0.2428825726875225,wave1,0.2429940555387943,0.2427771531448521
912,-0.615425471119741,-0.1165680524936194,wave1,-0.1162211949189038,-0.1161579526781586,0.2540216620496769,-0.4212759524434198,wave1,-0.4206773095275428,-0.4205398145171012,-1.3490739333437511,0.0028756924229808,wave1,0.0030688020804953,0.0029365805642421,0.063173740167409,0.0254906437957124,wave1,0.0260617533732118,0.0263357480751868
913,-0.6164275882063288,0.2502164696145223,wave1,0.2495724707521364,0.2498663022709237,0.397052086406946,-0.1000982387403724,wave1,-0.0998702036046147,-0.0993981939466911,-0.0289458837909823,0.4461264412593865,wave1,0.4457638574571404,0.4456044944322413,0.4923234062665058,0.4729843244625588,wave1,0.4722067869276882,0.4726162247409555
914,-1.5787789477623215,-0.5938543196082541,wave1,-0.5930744927905433,-0.5934551267551279,0.2654505120827976,-0.5607281791503302,wave1,-0.5594294648306746,-0.559390878932708,-1.77068458328838,-0.4939364481879426,wave1,-0.4928350123499584,-0.4927955589633704,-1.2620892963187436,-0.3603105740892583,wave1,-0.3592896278862739,-0.3594608345103525
916,0.4920967392651376,0.5786017414794514,wave1,0.5779929534451819,0.5781122158118207,0.5636147902296674,0.5784675688918348,wave1,0.5776158360750383,0.5773084830053361,0.2135518881978799,0.5123901663282354,wave1,0.511897145130943,0.5117628853472843,0.7220993221263228,0.3317283788392487,wave1,0.3317282798736579,0.3313171400227073
917,1.3681171901601004,0.4771910426518858,wave1,0.4764257891892235,0.4761244129846059,1.1013089255144763,0.6092203684525277,wave1,0.6089349950522713,0.6092058579005335,1.2212480492391151,0.2369634300724542,wave1,0.2372477853898787,0.2371964285205402,1.421763775300872,0.1785243252068228,wave1,0.1785541525474172,0.1787630536416593
918,0.5537893031152791,0.3586434125709045,wave1,0.3584453661706611,0.3584084915742439,1.0802793246028406,0.4690918715442574,wave1,0.4688238742967036,0.4689985712740491,0.9829993451133748,0.1292838950584893,wave1,0.1293215717284879,0.1292454204658388,0.2371478428527775,0.0264268670161066,wave1,0.0268758981546665,0.0264964742054897
919,-0.6601245429798217,-0.0116003801313401,wave1,-0.0113016683826135,-0.0113020177144534,-0.976288713745188,0.441353538238833,wave1,0.4412544683068972,0.4413649761113022,-0.5566443292501783,0.0386852294320048,wave1,0.0388934816371204,0.0386867092870011,-1.3278973894540889,0.0869407047201402,wave1,0.0872708241242867,0.0869484076873554
920,0.908118799708683,0.3978739671643069,wave1,0.3970044180691121,0.3972535871256974,0.1750652839391415,0.4880596537977845,wave1,0.4874555325233735,0.4879030912835581,1.264350319571322,0.2517129587424646,wave1,0.2516089925344961,0.2514721579330207,0.7804891828331566,0.0865852523058551,wave1,0.0865075647743384,0.0867358445112972
921,-0.8893075923723992,0.4515535787498808,wave1,0.4511715204974582,0.4512576870221576,0.2264533782642719,0.5087318976419669,wave1,0.5081526646625444,0.5082404475751775,-0.7944574764538105,0.3014441673326279,wave1,0.301309470907306,0.3011015463801311,0.6278710164035864,0.1831265626672499,wave1,0.1834359170551908,0.1836425356562238
922,-3.2042557795647633,-0.1024926967264905,wave1,-0.102657409022116,-0.1023993326910899,-3.1665163895676747,-0.0659779062607214,wave1,-0.0658068980788227,-0.0652810228722647,-2.632555124389324,0.2562913729248218,wave1,0.2562577628170396,0.2561366126561767,-1.3779340591951714,0.2697329387369528,wave1,0.2694176709113604,0.2696740026013193
923,-1.5324859402289095,0.0937269396116208,wave1,0.0938390315832636,0.0938318076932361,0.2142687147165288,0.1458269851749413,wave1,0.1459796357520272,0.1461298516353616,0.1423009175865628,0.0210487850623517,wave1,0.0212884289933732,0.0211509955472777,0.4985496670647859,0.0394478867648832,wave1,0.039867936492452,0.0395841981699315
924,-0.2735030876927915,0.4707885655801642,wave1,0.4702177311743885,0.4705922474057051,-0.1017962395671176,0.5264195360449453,wave1,0.5257091339024467,0.5259462361011253,0.0547394154917508,0.2401662685546768,wave1,0.2401490890831092,0.2400895759813297,-1.2480225631672512,0.1501372633486068,wave1,0.1501566278301424,0.1501242766341625
927,-0.1961056911790266,0.1946398564041977,wave1,0.1942482072472152,0.1941201966151972,-0.3614038234981485,0.1665913705800532,wave1,0.1668241150843727,0.1671909622957406,-1.2546099259629069,0.2870932219910423,wave1,0.2874223473103664,0.2871718396454498,-2.025210299406548,0.2102440354397236,wave1,0.2103050235464209,0.2104112307464378
928,-0.0103095650359786,0.2274002139496355,wave1,0.2273035654687286,0.2270783973964997,-0.487498739571722,-0.154840061823602,wave1,-0.1546756164182531,-0.1543939158182007,0.5356422536579041,0.4828867623590476,wave1,0.4823178198619287,0.4822939840527183,0.1906266979973283,0.4628535668091553,wave1,0.4630257632296921,0.4624758307051964
929,-1.3123232567272545,-0.4110521191647917,wave1,-0.410248001763149,-0.4105234035556765,-0.0178851163548745,-0.5110047250051493,wave1,-0.5106495874634474,-0.509914145812919,-0.5368193822876425,0.130275841941303,wave1,0.1300102212239151,0.1302489075958339,-0.8817311100793297,0.2043041184056873,wave1,0.2048482123354207,0.2041356606479729
931,0.6127072473745094,0.4303507818821448,wave1,0.42997295950044,0.4299225363881731,0.5309625686198022,0.5386653821601065,wave1,0.5381456418771816,0.5380030900556244,-2.5391828198057227,0.2088141746286376,wave1,0.2089154585538417,0.2087806880201004,-0.2431906091750515,0.1151460693971909,wave1,0.1152161575688205,0.1155637121869009
932,-0.0934743958533126,-0.0575945161896715,wave1,-0.0572818788440259,-0.0571937055004838,-0.5964974051696357,0.3444337615422584,wave1,0.3439573621324866,0.3440247623390274,0.7326229128458601,0.0193791654571012,wave1,0.0195722038956805,0.0193791961531016,1.0272980220937464,0.0503785040854586,wave1,0.0508332474108008,0.0511337861357305
933,2.379188404868567,-0.2604148947260291,wave1,-0.2598075837068449,-0.2598243795640171,0.504774710986347,0.0097975954069834,wave1,0.0102805875981343,0.0101610591196491,1.598149183088625,0.0178022765841683,wave1,0.0181996908123898,0.0182802073370786,1.506673058728107,0.1174214787176491,wave1,0.1173560938853691,0.1173488198733817
934,0.5989805390171226,0.3400573725389945,wave1,0.339516739988808,0.3392472886549201,0.5867007444791926,-0.033045220077148,wave1,-0.03245632538288,-0.0322696852810953,0.4899190600286027,0.5341366765172116,wave1,0.5340319963556283,0.5339764500514724,0.2839599698206499,0.2537662628134788,wave1,0.2538588271911225,0.2537897493178428
935,-0.512379840491989,0.1751312432050871,wave1,0.1751387338852957,0.1753671219888657,-1.8204289632535924,-0.1653054035301085,wave1,-0.164631741829572,-0.1645561793261466,0.2834754651996514,0.2892874739351583,wave1,0.2894332472434333,0.2893518165799269,-0.800872635593562,0.3460832432690031,wave1,0.3455850484309455,0.3456632952842471
936,1.0712175932194434,-0.1979496151957308,wave1,-0.197373854450873,-0.1975147080641811,0.3845711583135031,0.1637291760536472,wave1,0.1634387229351608,0.1632010924238933,0.5376657747573582,0.007598989181173,wave1,0.0078771717934257,0.0077331058799438,0.1007101432238784,0.2276920506364613,wave1,0.2277783754463505,0.2275944145876687
938,0.7747084003759616,-0.0195425703945209,wave1,-0.0197337728787774,-0.0194704629037887,-2.293902911297927,-0.4386457749658629,wave1,-0.4379286407403585,-0.4374140978093895,1.258433203910469,0.3598410475396437,wave1,0.3596343937271428,0.3594484057365311,1.5773611024193752,0.2124968153927646,wave1,0.2121356710546881,0.2124415268457
941,0.441985265493322,0.083805470879588,wave1,0.0835816544264686,0.0832446335106199,0.2201943779374163,0.6107061437488759,wave1,0.6103902100843492,0.6107084170716606,-0.7018252772947473,0.0402778234048656,wave1,0.0407528678147389,0.0408378996378843,-0.1270665306308113,0.2411980115961866,wave1,0.2410494559657651,0.2414129656951937
942,0.0656785750864421,0.3248220231876323,wave1,0.3242618791961872,0.3240311130881611,0.3542416953534932,0.3508872770551803,wave1,0.3508859187041118,0.3512951427160993,1.205261782401726,0.319830734689582,wave1,0.320086194190892,0.3199091526398984,1.1647646629362562,0.3400377608025004,wave1,0.3397976896064413,0.3400800432383885
943,-1.040644232560035,-0.0912387083630728,wave1,-0.0912315267773569,-0.0914625657970208,0.2241660417419624,0.3136425335393311,wave1,0.3136562174985542,0.3141046958516162,-0.1521379023016312,0.1444667858450213,wave1,0.1448987947423375,0.1448343621317763,0.6725500074972345,0.3780662768790527,wave1,0.3777174252163086,0.3781033814610667
944,-2.036435016683393,0.1543784765121886,wave1,0.1541054181743474,0.1536708712618154,-2.4115883773541364,0.2663344957329752,wave1,0.2665052172425404,0.2668049801567353,-0.9466973256842658,0.4348854673868539,wave1,0.4348022997380915,0.4349830712587125,0.5948409681942631,0.5371923179658322,wave1,0.5366304812814093,0.5369627932250245
945,-0.4107425859531938,0.1655914544744711,wave1,0.1656963433044912,0.1656649898928616,-1.1469688539720806,-0.1757331539891103,wave1,-0.1752239188213108,-0.1749684454724932,0.4661629895887746,0.2987212325353312,wave1,0.2985669765910697,0.2983931110665463,0.8078727582678671,0.3321508233223253,wave1,0.3321555220413427,0.3319492071344653
947,-0.6301202246663054,-0.1058083128228178,wave1,-0.1053362234012554,-0.1053537880624174,-0.992814118225023,0.0028471362111092,wave1,0.003238023709717,0.0034830289401549,-0.344535525285393,0.0932928900512608,wave1,0.0934285616608574,0.0931881801651683,1.0077485821650418,0.1799258252440715,wave1,0.180154416481657,0.179835087126388
948,-1.4534115010641298,-0.0564246606951065,wave1,-0.0559839226100683,-0.0561704694795094,-0.069227069107529,0.3903422387191075,wave1,0.3897651469095575,0.389422386695029,-0.8820003675063371,-0.1069020620092785,wave1,-0.106483185488441,-0.1067699660742041,-0.0718350099097451,-0.0125075261505271,wave1,-0.0120852599170852,-0.0123166231042281
950,-3.205234625580138,-0.165226613746639,wave1,-0.1651258815463375,-0.1652873913593953,-1.7021580907769485,0.2007764086922017,wave1,0.2009318713941557,0.2013547953365928,-2.513233398843501,0.1386748856615506,wave1,0.139136364348749,0.1390228881663987,-3.7807340548263904,0.3039338522879144,wave1,0.3037662670111142,0.304037819463941
951,-1.872621728103845,-0.0783545886066714,wave1,-0.0785386587728096,-0.0780983467789595,1.4055095910926985,-0.0511023961923852,wave1,-0.0512970559103934,-0.0512514183372075,-0.4824077744457539,0.1229262340479153,wave1,0.1229560179032809,0.1230218388449122,-0.2002112333140086,0.1477275015236966,wave1,0.148149388237295,0.1475718854771274
952,-2.297300939451901,-0.1935164997985126,wave1,-0.1930793537943134,-0.192732406024334,0.9297318524541388,-0.1390065135504181,wave1,-0.1389699927573248,-0.1385100586745295,-1.2574666400048844,0.0489384667487502,wave1,0.0491909029015922,0.049296304469746,-0.1278855054572248,0.0890549075979442,wave1,0.089048563836854,0.0891698385856764
953,-2.2980771665474884,-0.0274338878363282,wave1,-0.0272688444425459,-0.0269219717015882,-1.8566133850162103,0.0026135976138766,wave1,0.0026349020961314,0.0028543116688457,-1.7520257362494922,-0.068851994240495,wave1,-0.0684060767459893,-0.0683844829994828,-2.7413998817282668,-0.0999916558352547,wave1,-0.0997581264471314,-0.0996670777682027
954,-0.4979493220969924,0.2593731752836974,wave1,0.2591326665134557,0.2594863536475773,0.1412022790532716,-0.1312803643622897,wave1,-0.1311827572541239,-0.1309261981399629,0.8848447409642581,0.3965786809869935,wave1,0.3964251421226807,0.396451490808859,1.1195352162459096,0.4048761946688754,wave1,0.4043765674469525,0.4045608108401226
956,-0.3094026963206916,0.0194446233327395,wave1,0.0196987739977817,0.0194024408026883,-1.8271992847758511,0.0428353218210014,wave1,0.0426436287609004,0.0431344935915703,-0.061111458746467,-0.0050575339452292,wave1,-0.0049088035909283,-0.0052079052386893,-0.4019645477077692,0.0064550385914164,wave1,0.0072805741128061,0.0066953884080767
957,-0.7686174586198637,0.3590203130970781,wave1,0.3582368721354569,0.3584937455719572,-0.0995195328398296,0.3921868086541348,wave1,0.3917206190276209,0.3921845571264305,0.39103443149915,0.3306725424604267,wave1,0.3304720998117455,0.3303532129655991,-0.1469329171560504,0.0858040369523309,wave1,0.0857410600146816,0.0859489535896455
958,0.6680668730956681,0.2644961796930151,wave1,0.2644275251987508,0.2643988183803062,1.5690102890553133,0.3040791590323725,wave1,0.3040073326369158,0.30415429178391,0.5660976234523922,0.2113527198895981,wave1,0.2113141477027744,0.2111781725496879,1.2137290726340508,0.2428825726875225,wave1,0.2429940555387943,0.2427771531448521
960,0.4854009970521531,0.3929193697070114,wave1,0.3927335722121696,0.3927692124300319,0.7680333811850564,0.0682897536963994,wave1,0.0683220436830328,0.0684393614452266,-0.0944845325805901,0.4804733161866293,wave1,0.480285047719852,0.4799848017059972,-0.5065914794769446,0.364906577024109,wave1,0.3649662795213541,0.3653065775288905
962,-0.3932338605077805,-0.6350395977144894,wave1,-0.6339605331578686,-0.6337014052036283,0.2368895198768111,-0.6122830140262551,wave1,-0.6109275435260259,-0.6109380721310563,1.250968302977884,-0.3857996692403331,wave1,-0.3847995402794038,-0.3849241930294778,0.9876755947853544,-0.1015877356148175,wave1,-0.1016042006844532,-0.1015990307376958
963,-0.0930961248489263,0.0634105385085591,wave1,0.063627754316874,0.0635797472120621,-0.1552790943073013,0.4511782963181838,wave1,0.4505157166480336,0.4501899490762286,0.0091120797542,0.151158552877228,wave1,0.1512000452862339,0.1510073044214447,0.8274920989268397,0.1894950033722041,wave1,0.1896364142880194,0.1893475077301277
964,-0.4864253506702393,-0.2433313935803899,wave1,-0.2427457748957606,-0.242739523846537,0.7816644832079237,0.04302248748868,wave1,0.043456174146755,0.0433652598112249,-0.139563143306776,-0.0236841754149959,wave1,-0.0232120735493064,-0.0231738658518059,0.6542613375819601,0.1296487326608043,wave1,0.129516687049956,0.1295521607056618
965,-0.5545341698564965,-0.2945961913764425,wave1,-0.2940235939783426,-0.2937049969029353,-1.3153109281916116,0.1375916025914463,wave1,0.1373636253295214,0.1377440358796147,-0.2270818685901396,-0.2324523946863566,wave1,-0.2318451062248436,-0.2317774143480313,-0.6894711431497582,-0.2189739576134202,wave1,-0.2184934261142004,-0.2184763305453697
966,1.5643127611531036,0.3778715704267485,wave1,0.3774861546976058,0.377426206277325,1.4123546806263434,0.395376851977172,wave1,0.3951011337036675,0.3948042086879314,1.384184912118193,0.4120928038971567,wave1,0.411832630037491,0.4118340340242099,1.054012717290305,0.099172136074849,wave1,0.0992373780478673,0.0997478729738229
967,-0.4480644011581841,-0.2977999703712536,wave1,-0.2970681359446036,-0.2972345812612819,-0.1347569678497937,-0.1695961221394979,wave1,-0.1694378543802206,-0.1697522505080133,-2.903066040211802,-0.1232606909800427,wave1,-0.1228466734179215,-0.1230184223360427,-0.9518759417477308,-0.069838820286155,wave1,-0.069496815004242,-0.0694830293843617
968,-0.3588903890316292,0.0564811178590002,wave1,0.0567155078579536,0.0567389960408496,-0.3390735101635084,0.4141249605484863,wave1,0.4141581553219234,0.4141891232756404,-1.1584937732097715,0.2358374015849784,wave1,0.2357678192811947,0.2355504420203515,-1.4810027301799118,0.2033127310089439,wave1,0.2034336505645483,0.2031905866011802
969,-0.7467160781399195,-0.2845778265368955,wave1,-0.2842975537849775,-0.2845301651732607,0.2938830567370187,0.1163291419893788,wave1,0.1166116018458041,0.1169908583098231,-0.7501650250691432,-0.1083354521097162,wave1,-0.1075859696037758,-0.1076797113279669,0.5794589662486779,0.1454692491008222,wave1,0.1455228440297779,0.1457862072432029
970,-0.5430497341821066,0.1108425424583423,wave1,0.1109167784841373,0.1108862941638049,0.8492286673818064,0.4887364642159774,wave1,0.4883696771452953,0.4882026753660916,-0.9082998060858156,0.1530608110278413,wave1,0.1532130010621011,0.1532200432881483,-0.0296050673559285,0.2458453175708551,wave1,0.2457473667611737,0.246094435524106
971,0.3969104865174969,-0.0290123738469023,wave1,-0.0287407791399021,-0.0286566366711744,0.6512196925028052,0.382803562547278,wave1,0.3822356258038358,0.3823427688541149,1.4318937809322851,0.0026763926846348,wave1,0.0028814016919037,0.0026687230773233,1.238163562503725,0.0471252603908218,wave1,0.0475892721507775,0.0478371185975887
972,-0.5987753273697322,0.033290781028465,wave1,0.0331049651155539,0.0334223980687107,-0.2199995208684238,0.4438946886133795,wave1,0.4429562647534372,0.4433848368788983,0.9633278575513408,0.095243513242833,wave1,0.0953980558401723,0.0952510588699975,1.09294223389477,0.3769118682364551,wave1,0.3769252546067589,0.3766048238940087
973,-0.1860187078599093,0.1107609016799152,wave1,0.1109280652015695,0.1109085293782633,-1.2929995119391748,0.5695520768978236,wave1,0.5692594616029348,0.5693767444560561,-0.1180947456988045,0.1564943337766144,wave1,0.1565280042343297,0.1563236789592521,-0.9362195087049816,0.2277479367374852,wave1,0.2278680721352901,0.2275877665456311
975,0.7514627537747104,0.0287059251310046,wave1,0.0283271324451432,0.0286034468011772,0.2665974495757549,0.1002120682769626,wave1,0.1001451873958098,0.1006522765993941,0.6461571219443762,0.319105005481919,wave1,0.3189660971327176,0.3188659354160542,0.8543718096655508,0.4020295686231251,wave1,0.401505569362531,0.4018097211996973
979,0.0081989859818788,0.4541647316724008,wave1,0.4537291152323773,0.4538013821911083,0.0461244910630475,0.1773662660231827,wave1,0.177091878551876,0.1767120967235577,1.323414207278978,0.5445739644645234,wave1,0.5440253581620621,0.5439670449126462,1.3741963153470609,0.3881327436795939,wave1,0.3878722011418676,0.3877418164194786
981,1.424851575025854,0.1044243259767071,wave1,0.1045603766311499,0.1042079233094689,0.520750289659167,0.0417101794798238,wave1,0.0414914947445213,0.0420519228428413,0.5979203611119531,0.2466138696546047,wave1,0.2463145209619308,0.2462143557440237,-0.6477842238640971,0.144637561336842,wave1,0.1452550487414095,0.1445637090196767
982,0.0906106533979615,0.109420836022498,wave1,0.1095269134497939,0.1095456529491479,0.3960353939080465,0.0804282439703671,wave1,0.0807582603575502,0.0808384774408189,-0.7632167731057395,0.1509214925209796,wave1,0.1509825051275231,0.1508351147913018,-0.5329556606989173,0.0910833127210248,wave1,0.0913962627275938,0.0911670968909867
983,1.3666837220029768,0.4693225497149479,wave1,0.4690804270976493,0.4690172957797617,1.4111494494699757,0.1782406279323921,wave1,0.1782972157854906,0.1785660716472922,1.2185086342658724,0.4695023016736812,wave1,0.4690558019014854,0.4689420416362899,0.5175857124239032,0.3780603738348972,wave1,0.3780005239157575,0.3777241865962363
984,-0.2154749953248069,0.1349354789788378,wave1,0.1349785817835619,0.1347412985463475,-0.7410652222858013,-0.2500754864292706,wave1,-0.2498194531903947,-0.2494673335418215,1.070011011449095,0.3936185436939539,wave1,0.3931524474104773,0.393128563638534,1.438113506770053,0.3531222384075401,wave1,0.3534475793919658,0.352869700703603
985,1.0032766345775774,0.2628071748461069,wave1,0.2621503206730983,0.2624506506445553,-0.2586974061006223,0.305312757766126,wave1,0.3049853103165246,0.3053904270823103,0.6648448310232153,0.202024506916815,wave1,0.2019647468567421,0.2018363375644606,0.0864839631014111,0.2325449559341463,wave1,0.2321202795251155,0.2324567963256227
986,1.1884510651855715,0.256390639473832,wave1,0.2562142350626228,0.2561296632221077,-0.0174223045231582,0.3249933972882498,wave1,0.3248007509784861,0.3245983250508274,0.8617328380767669,0.1963201435640154,wave1,0.1964142487986784,0.1963139222952739,0.610211634111566,-0.0322401186784845,wave1,-0.0319822564865516,-0.0315279683155503
988,0.870159103632971,0.0128913417512109,wave1,0.0131555046737331,0.0131406415471356,0.0318550089060694,0.3788407228523343,wave1,0.3782460038517712,0.3779710496236661,0.6145953723386446,0.1368427856293718,wave1,0.1368943316070402,0.1367210047543151,1.0979711638472662,0.1415936439594063,wave1,0.1418116254355619,0.1415052703883768
989,1.267299042914999,-0.1075317526083684,wave1,-0.1070422599656854,-0.1071961740782408,1.0124816275970197,0.3172993186022448,wave1,0.3167913857200108,0.3164991506367296,1.4842464301275455,-0.1215864224515491,wave1,-0.1211559637763702,-0.1214236916810601,1.5435082604958077,-0.0608740588328752,wave1,-0.0603745185446473,-0.0606234821376074
991,1.638316042264332,0.1014240835466991,wave1,0.1015386828277776,0.1016008091489176,0.2314483188014162,0.0658471481355488,wave1,0.0661968976811223,0.0662179870643714,1.4512813458034717,0.0951289609006769,wave1,0.0954330778829499,0.0955277682164335,0.9925434555550026,0.0538686985193218,wave1,0.0538390679781575,0.0538002216875053
993,0.3823837034787108,0.6942428170711383,wave1,0.6934603932847727,0.6935537949251338,0.1597988434521725,0.7563940066080653,wave1,0.7557814831123107,0.7558161589222258,1.4593987001174826,0.5907086493979261,wave1,0.5904298711279921,0.5904854327538784,1.007866702374583,0.454733793126082,wave1,0.4542306967681855,0.454397079689936
994,-1.2831598359790408,0.4848652631090356,wave1,0.4841164333117734,0.484392981228178,-0.1238709396549095,0.5012269938068187,wave1,0.5002239877074156,0.5004074023382429,0.4839002924878263,0.4023757872596176,wave1,0.4019586336533214,0.4021036604161598,0.5756929805032516,0.2588329493951817,wave1,0.2590657601568946,0.2586090346423499
997,0.7387472939659802,0.0585990851065365,wave1,0.0582646767394768,0.0586774293208148,0.4578548952706521,0.1315578114853887,wave1,0.1311341044510464,0.1312394897950725,0.624315461015126,0.1822691039938422,wave1,0.1822306787146623,0.182253979680925,1.478157786769292,0.2947337850685538,wave1,0.294963303894167,0.2943436573872506
998,-1.0563774738024403,0.3670124087678986,wave1,0.3667847735844143,0.3668000493970048,-0.3674628353319685,0.3040395236605849,wave1,0.3040543970357782,0.3040673051671495,-0.7919336538504256,0.3895836065696259,wave1,0.3895305994725075,0.3896070647888698,-0.5206146096379101,0.3518039901328483,wave1,0.3514341715141953,0.3514918296909311
999,-0.615155797477509,0.0701983214743174,wave1,0.069891289814366,0.0702796185374832,-0.7939947083135152,-0.3080294845573527,wave1,-0.3078086508163625,-0.3078880214570197,0.0614396057852376,0.2222816702199486,wave1,0.2222369797517336,0.2222857909617177,0.7999798242662006,0.2368050913133139,wave1,0.237187166720887,0.2366822323499262
1000,0.4589501339023148,-0.1445395688844382,wave1,-0.144616936805746,-0.1442819762813899,1.358206064477676,0.2266093154232823,wave1,0.2263993406393866,0.2268153207327018,0.2682131011815254,0.0882637252554318,wave1,0.0883983427447795,0.0883444326891754,-0.0198154232827229,0.2844289948936924,wave1,0.283958830393359,0.2842708953055401
1001,-0.6314423069505712,-0.1398190859802012,wave1,-0.139494113821088,-0.1394155302940957,-1.883573803343646,0.2522395667701448,wave1,0.2523943247985246,0.2522845162260773,1.0295625792481875,0.0348878140850492,wave1,0.0352748744675779,0.0353733241111673,0.63287604134474,0.001854491774248,wave1,0.0019376907856998,0.0019458210310426
1002,0.8973056243543697,0.2388827400221712,wave1,0.2389156991942335,0.2387843847178773,1.095838129199362,0.684268513892214,wave1,0.6833831211419352,0.6829021789879701,-0.238399948948724,0.2315141531695598,wave1,0.2314655485643694,0.231226639042457,0.9969458255566116,0.3740619206516687,wave1,0.3739147142352166,0.3736739514106005
1003,-1.399474618052604,-0.2000584220621734,wave1,-0.1999986938821303,-0.1996382134792393,-0.0866574331757049,0.1561501720226054,wave1,0.1555677969942795,0.1557981205949722,-1.0141269031650224,-0.0709255597456439,wave1,-0.070690314089659,-0.0705789700100569,-0.8452567388452018,-0.1455147885526691,wave1,-0.1448381578903642,-0.1451537335563689
1004,0.3891187209024315,-0.3383272816226736,wave1,-0.3380675634058886,-0.3377097014074918,-0.6517509778593327,0.0102653908876583,wave1,0.0099015018082685,0.0101949666113615,0.1954658214380101,-0.1594193674320485,wave1,-0.1589516200180702,-0.1589968268382033,0.490666345338331,-0.0295947373875636,wave1,-0.0290603863200396,-0.0292758320821498
1005,-0.604893444858299,-0.177110829216216,wave1,-0.1770633580932434,-0.1767066349533821,1.1920779664141408,0.177344869888025,wave1,0.1767409206677285,0.1770778840020824,0.3279977882771358,-0.0029217134140981,wave1,-0.0026550313676203,-0.0027361658731943,1.1210951183978273,0.1508411494505017,wave1,0.1511471890485546,0.1508927938633785
1006,0.0797951865981828,-0.3135783292311929,wave1,-0.3130380500692002,-0.3129304296564468,1.5346088182139237,0.1515542196756766,wave1,0.1512164324568158,0.1513305489955482,-1.0615384016086955,-0.2794788167728489,wave1,-0.2790702489324131,-0.2791047204635734,-1.4623590750999536,-0.2524998072679752,wave1,-0.2516423554738834,-0.2513546020998676
1007,0.9835481013757168,-0.2407226798151925,wave1,-0.240651332463933,-0.2403351754658383,0.1435161777586736,0.1249980914969358,wave1,0.1249337080021127,0.1253594778347898,0.3991277012440931,0.0064186161626677,wave1,0.0066764366447237,0.0065973672306448,1.1303461117674969,0.173605165561859,wave1,0.1733043927800825,0.1735825266445302
1008,1.5060245327574393,-0.2911498590031809,wave1,-0.2905480826187334,-0.2903042825272584,0.5956983737593983,-0.3750248861420886,wave1,-0.3746154416493887,-0.3742836858722109,0.9788561326970264,0.2036472989563698,wave1,0.2037548808749034,0.2039039820102852,0.9402473608022108,0.279941241067092,wave1,0.2795928398852023,0.2798238489696864
1009,-0.1079395605684355,-0.6694274729928136,wave1,-0.6687586144019773,-0.6686284298158065,-0.0028663340580891,-0.1554507054321311,wave1,-0.1551009919632707,-0.1546175289505541,0.5098924114373722,-0.6527167555187073,wave1,-0.651514064201303,-0.6517836090899051,-0.1634598747226431,-0.6638379233531624,wave1,-0.6627725856960915,-0.6627695707002097
1010,1.6105577203112762,-0.0265159415251577,wave1,-0.0267987021936924,-0.026528438275431,0.9676148168311712,0.4192534780793159,wave1,0.4187542249236758,0.4192048334170838,0.5740857749651755,0.0407963721958007,wave1,0.0410154052054038,0.0409298899126345,0.3484799858678407,0.0909499315060923,wave1,0.0908892343298334,0.0910928901112737
1011,-0.4881279941885949,-0.0508403649968621,wave1,-0.051089441602981,-0.0508257993955312,0.6496280532485933,0.4016503796826279,wave1,0.4011768263674454,0.4016277373352225,-0.7969951779028107,0.0039332936479047,wave1,0.004204034869424,0.0041087723271725,-1.8958292078550176,0.0577849001117236,wave1,0.0577727576102135,0.0579694871732522
1012,1.92812297077382,0.4992145992892018,wave1,0.4986961371186875,0.4986584970681205,1.7312367181499364,0.5454928947124665,wave1,0.5449888928274466,0.5447412661669436,1.037583977668485,0.4104454201045673,wave1,0.4102160543912414,0.4101836283401785,0.8344184007726877,0.1991209057311379,wave1,0.199061998602161,0.1994913763571021
1013,0.2252755499875422,-0.2493946268246581,wave1,-0.2487886574221903,-0.2491106989680444,0.7950213877342533,0.0315765077886121,wave1,0.0312340412037402,0.0319471998160632,-0.828491640241833,0.0623309746998699,wave1,0.0622513255165091,0.0622821006225109,1.0111276722575702,0.193895042064504,wave1,0.1944697202137477,0.1937851553802139
1014,0.4668252382350476,0.5313326956422244,wave1,0.5308650183320818,0.5309435658365051,1.6176576393022006,0.5824802961759347,wave1,0.5817979654861348,0.5819059925825848,-0.4710924983409075,0.3563026533960786,wave1,0.3561245414183124,0.355866542051464,-0.4651158112605075,0.2522901029585431,wave1,0.2525100857238646,0.2526781311879757
1015,0.3674726056827822,0.0223340849990308,wave1,0.0225439168164603,0.0227394358469733,0.7541682026553805,-0.3559377718923239,wave1,-0.3549881624174241,-0.3549722824444618,-0.0484923551244352,0.2559277050844077,wave1,0.2560688690679613,0.2560877848969467,0.4251309164498458,0.1901881721613175,wave1,0.1899869474683309,0.1899329314963188
1016,0.5323361277520701,0.2497923079210853,wave1,0.2495576899285598,0.2498771198387728,-0.3773140377681442,0.2273590976041204,wave1,0.2270809852934381,0.2272358028170165,0.7295524912339697,0.1864649767324142,wave1,0.1865899870995242,0.1865454073201913,0.2372593271527692,0.1909460415498691,wave1,0.1908275778117411,0.1908976564190147
1017,-0.0357127048651591,0.1277315097071302,wave1,0.1278226241588865,0.1278537809684207,-0.3671708348869682,0.0577976504189667,wave1,0.0582040058845879,0.0582467530547866,-0.590210688530731,0.2296390783600628,wave1,0.2295886352911818,0.2294362370988143,-0.2906982776636733,0.1323243017916965,wave1,0.1325591509873977,0.1323641185177976
1018,0.6186539770806446,0.2661167152111827,wave1,0.2659913999646528,0.265911173830595,0.9627463442512804,0.4195889182926725,wave1,0.4192240590372206,0.4191563540926689,-0.1870567090675827,-0.0089973335093302,wave1,-0.0085573045796376,-0.0087764453072445,-0.0634387902614253,-0.0484096845563625,wave1,-0.0481085347719844,-0.0477899569714494
1019,0.7491042071982086,0.5712104560908213,wave1,0.5705047449114882,0.570831041108327,1.02814048753844,0.5546453232015309,wave1,0.5539271637645202,0.5541190752410199,1.0339466524118557,0.4318619502924548,wave1,0.4315908626364269,0.4315564062842607,0.922472500429,0.2838772328813194,wave1,0.283716573403979,0.2836926954605178
1020,-0.7455523394798192,-0.2089528359857945,wave1,-0.2084036952930682,-0.2084283666442449,0.7979846208476595,0.1374550542372507,wave1,0.1371082353670893,0.1369587942652805,-0.7343251421492132,-0.0852406156518711,wave1,-0.0848956450373458,-0.0850835027832209,-1.316478435366138,-0.1277098398004154,wave1,-0.1270910222382656,-0.127402793010016
1021,-0.6021935761511346,-0.3476111735625455,wave1,-0.3469221989993836,-0.3469264515882939,0.8450143357917881,-0.0178456647363952,wave1,-0.0175697955520544,-0.017710581319673,-0.077678346406828,-0.2294586736922501,wave1,-0.2287628926492897,-0.2287451102457214,0.3757476284371003,0.0441819244785618,wave1,0.0444214901051341,0.0446486917778866
1022,-0.9334094746360342,-0.4633554207822495,wave1,-0.4624530207746075,-0.4626801957014953,0.5152310338013099,-0.0308386663406225,wave1,-0.0310615265472444,-0.0304389219977864,-0.0318696428534243,-0.450894884180788,wave1,-0.4501079299481145,-0.450424622182064,-0.4692044462071419,-0.1113396507047192,wave1,-0.1103174327960376,-0.1108253563513057
1023,1.7982808856772872,-0.0228244562849793,wave1,-0.0225764630882527,-0.0226344070640778,1.4597010756291486,0.3467862021573972,wave1,0.3466283937864437,0.3464563700271416,1.1338578413096128,0.0836213213251753,wave1,0.0838703792885424,0.0838661182242646,0.9753720766948528,0.1227167821608446,wave1,0.1227824267082279,0.1231737457555449
1024,0.7824009298784089,0.0270197712436429,wave1,0.0271287105039351,0.0272310415492378,-0.3693318376052267,0.4473392912990789,wave1,0.4472137566956825,0.4471575113371798,1.338898654296412,0.0949236038888263,wave1,0.0952855071232356,0.0952903216801879,1.2715731895715126,0.1679997750666476,wave1,0.1677903574738606,0.1679331323907405
1025,-0.1820148794585721,-0.0305509725787574,wave1,-0.030643506611634,-0.0307918136420376,0.1988731591187806,0.3797723161837467,wave1,0.3797405600531811,0.3800220757189243,-0.0186388987481816,0.1448276767114594,wave1,0.1452365248342041,0.1452012891438711,-0.1637773884352746,0.1487941525336935,wave1,0.1489499520967318,0.149058849661346
1026,-0.3696495940483056,-0.0375929983289611,wave1,-0.0373299044823476,-0.0373659321376635,-0.8256652408840641,-0.4042184914625238,wave1,-0.4036356739853654,-0.4035669344593505,-0.1391885661364049,0.1602224887297136,wave1,0.1603330484447283,0.1603251150362363,0.3465794156926187,0.1379759752657966,wave1,0.1380410103834625,0.1383554014685067
1027,-1.7168361774936671,-0.0944673980768062,wave1,-0.0941731421192317,-0.0941269793061232,-1.677252610459161,0.1780363077044841,wave1,0.1780540109323588,0.1777889817479131,-0.6266970717090139,0.1152501071582681,wave1,0.1153990711437633,0.1155590628622391,-0.7482270679608685,0.2981849751817905,wave1,0.2980652248732461,0.2983391955051347
1028,0.8273751896198986,0.0649420318783404,wave1,0.0650389869623733,0.0651182831636452,1.7495879853668836,0.3539620187247386,wave1,0.3537159574112619,0.3534771180984218,1.1606462198242855,0.1649914174661599,wave1,0.1650796789495934,0.1652341538574209,1.5467629682266806,0.4440240856775578,wave1,0.4437131203483534,0.443914234887076
1029,-0.0225228010748773,0.4116046968923746,wave1,0.4114349006371866,0.4114011999679589,0.1053925339806127,0.0546080793870974,wave1,0.0549087631353272,0.0551228810235488,-1.5701524860291314,0.4926720664731887,wave1,0.4922030221626203,0.4920804641625314,-0.6205820597824435,0.3303193195231041,wave1,0.3303092617926454,0.3300483300631049
1030,0.2268175481144268,-0.6616794918653826,wave1,-0.6605581684862809,-0.6602187285473922,-1.2362899854633502,-0.6116464481192658,wave1,-0.6109653871733192,-0.61051312351704,0.9205138817260744,-0.302004874771095,wave1,-0.3012361318871026,-0.3010781499526709,1.0051113848374074,-0.1543383085975063,wave1,-0.1541330399198877,-0.1538987157539271
1032,0.0768517439068595,-0.3142580728781957,wave1,-0.3139483771903949,-0.3141016168471987,1.6602185600103736,0.0413575297805568,wave1,0.0417286827886576,0.0420970685915169,0.5530449837010597,-0.0438795118031768,wave1,-0.0431875225653449,-0.0433289635917085,0.7668057750644963,0.1268728698805412,wave1,0.1270197081084322,0.1271859020648495
1036,-0.0948266149320428,0.0588878182272655,wave1,0.0591169528273259,0.0591268333910451,0.162835904033522,0.453691029973332,wave1,0.4536299070614339,0.4536929832048187,0.2601867887477316,0.1883046695005512,wave1,0.1883011276890964,0.1880882271572399,-0.1757081913290891,0.1907454620592714,wave1,0.1908989244680209,0.1906347339443747
1037,1.1129169193111004,-0.2047430980290788,wave1,-0.2045366401538487,-0.2047932479838202,0.3672672164942686,-0.2229625154320529,wave1,-0.2221506992191457,-0.2219730965511721,0.6300255436893258,0.200639257276708,wave1,0.2009148123907888,0.2009439277725223,0.619545705389042,0.1374621347811221,wave1,0.1377241244951862,0.1376617982116276
1038,0.2634216679753647,0.2884439174603508,wave1,0.2879106012800668,0.2882231355103491,0.3199144379031529,0.72360820165386,wave1,0.7222660726945752,0.7226667573840283,0.5771338058507639,0.2696995801581079,wave1,0.2695153574523954,0.2694976176358779,0.9302473025272076,0.3829409560129419,wave1,0.3829411367219918,0.3824904405744018
1039,-0.5800477076277563,0.4571996051858145,wave1,0.4564406686985749,0.4567566426807908,-0.706693452828806,0.4183808136245043,wave1,0.4174499398695502,0.4175872078892239,-0.3637836766704747,0.4843386765547541,wave1,0.4837952052490335,0.4839657766556229,-0.7924247811592436,0.2442311770501246,wave1,0.2444860975464397,0.2440534304344825
1040,1.8223146913908983,0.0321437355176281,wave1,0.0318179064829093,0.0320601263534298,-0.2704304719449656,-0.2889544131459242,wave1,-0.2884551656492232,-0.2879714299752006,1.38396497657154,0.1742478497801879,wave1,0.1742779848973238,0.1740444050013964,0.8413932632538565,0.1924755318508068,wave1,0.1921158957524102,0.1924582821289537
1041,0.8945933181698569,0.3741782746611805,wave1,0.3733677763019276,0.3737003311436621,0.0466464591444871,0.3838721772677717,wave1,0.3834325035888669,0.3838354239916025,1.0682586662265103,0.3774113237334432,wave1,0.3771034991202017,0.3770238970200502,0.4825281155356719,0.3911152212825949,wave1,0.3904582805947298,0.3908280245326136
1044,-0.930458058750106,-0.0927751906113983,wave1,-0.0927043880353829,-0.0929697825456666,-0.928787302163163,-0.5266758604638095,wave1,-0.5254740972488028,-0.525256486970918,-0.2924641970795625,0.1490456035049198,wave1,0.1494734235286529,0.1492838310677754,-1.4796667725430697,0.0517162432024639,wave1,0.0521187057452744,0.0520023392084285
1045,0.942626841184786,0.4476978311960917,wave1,0.4471770904688834,0.447489883087909,0.6921191785058026,0.4188233101296339,wave1,0.418307014779,0.4185116181198947,1.0495096454161557,0.3910324468701993,wave1,0.3908039974059718,0.3908305296324175,-0.5268162429510198,0.1760158535940554,wave1,0.1759743405716828,0.1759701540862281
1046,-0.8988003866070626,-0.2817827687014173,wave1,-0.2811192318988363,-0.2811016091858532,-0.9040779786459832,-0.2091073648023672,wave1,-0.2083754112891259,-0.2081595759484818,0.7101244117616881,-0.0493568964259327,wave1,-0.0490074959786392,-0.0492539848824764,0.9713737020098456,-0.0160995831849027,wave1,-0.0155868574283282,-0.0159526037031177
1047,0.0644383747980113,0.042007570269869,wave1,0.0421906783680002,0.0424097050057597,-0.1018893316400334,-0.3167217582699636,wave1,-0.3158305398407696,-0.315785987817797,0.3536500817691638,0.2157988116443101,wave1,0.2160109410455886,0.2159874033664903,0.95514862197629,0.204418504784212,wave1,0.2041476741982635,0.2041361538572766
1048,0.4615006145336681,0.2715902053731673,wave1,0.2713754268766311,0.2714761140039552,-0.2160813714496662,0.3690768736974895,wave1,0.3686172228507577,0.3687230621348555,-1.5028277162873762,0.1073871779206513,wave1,0.1073950895802943,0.1072998483213175,-1.2794946338905022,-0.0216600626204231,wave1,-0.0210789253884765,-0.020862547879916
1049,-0.1555095386295946,0.7195946516621587,wave1,0.7186670902596362,0.7189987436734921,1.0355003766421678,0.7064899463814343,wave1,0.705551650082797,0.7057216417127072,0.1288165375529217,0.5022966285564208,wave1,0.5019385413304776,0.5018427090290485,0.4527214313824645,0.4244225547164068,wave1,0.424100209017332,0.4240567166889123
1050,-0.9166970675055696,0.0698009567256914,wave1,0.0698462897527743,0.0701368556414565,-1.9988511518671663,0.4583710721877023,wave1,0.4577059690405296,0.4580077437631724,-0.3714555611765866,0.0713606082489086,wave1,0.0715903726773434,0.0715614375843312,-0.0177534304177177,0.1558076923090156,wave1,0.1558383567898209,0.1558248570388851
1051,0.4888899050386413,0.0378319788245113,wave1,0.0376470701645645,0.0374710561194068,-0.4254702403469886,0.4665990686688177,wave1,0.4664535715534788,0.4667596001155081,0.9810963504938104,0.1974038622075625,wave1,0.1977391671232456,0.1977294929331575,1.3486175906925175,0.2244590019088305,wave1,0.2244621608934555,0.2246418537617637
1052,1.5006262824670895,-0.0373911586939137,wave1,-0.0369804894632423,-0.0369521152905585,0.747903591685925,0.0006524596607436,wave1,0.0005947855174363,0.000761927756219,1.3654836801606487,0.1922310141216124,wave1,0.1923799580373938,0.1920407203500495,1.488310848972313,0.2552876533837939,wave1,0.2554720889920633,0.2558078886503502
1053,-0.6979993114904016,-0.2879578648137355,wave1,-0.2873170306941175,-0.2874261463726306,0.2316102486846454,0.1212147494638896,wave1,0.121364125752834,0.1212824905471129,-0.4584863165183205,-0.2176401283984619,wave1,-0.2169266242517742,-0.2170430472572828,-0.6561444154242363,-0.1353869307506813,wave1,-0.134962280811503,-0.1345855471472584
1054,-0.6978660074855776,0.0971931057851493,wave1,0.097199957807025,0.0974835900222728,-1.461554013143182,0.4751277470216288,wave1,0.4744434314520733,0.4747365952243154,-0.7661986003131697,0.1069250044500387,wave1,0.1071084004983211,0.1070786159783889,-0.1990064452237208,0.1873652759329304,wave1,0.1873555661982812,0.1873418378128683
1055,-1.6705096437731626,-0.2602829582970768,wave1,-0.2601128281926227,-0.2597663424305829,0.1018739189010015,0.1058804873905053,wave1,0.1053922192021735,0.1057182544725591,0.1605395878541142,-0.1135695736494089,wave1,-0.1131542614457576,-0.1132230179938407,0.1686610191315211,0.0551886468290245,wave1,0.0556148947252854,0.0553753870273243
1056,-0.2369538920527476,0.1507219299580715,wave1,0.1508078990793644,0.1508751279479681,0.9671309770399854,0.5448056384581185,wave1,0.5440306828799514,0.5441687233813525,-0.2279839152308154,0.139607882846184,wave1,0.1397111729875734,0.1393832497117878,0.8333422300902064,0.2143304243632326,wave1,0.2145773147766274,0.2147550963112873
1057,-0.953280269224821,-0.1696959194648659,wave1,-0.1698468365729759,-0.1693347944685936,-2.0440590316969502,-0.251688622240274,wave1,-0.2516798736733067,-0.2517342484954387,0.1093463354193539,0.2286062930569929,wave1,0.2284568734188754,0.2285822120760459,0.6426285780677543,0.0598731175996329,wave1,0.0604106397588643,0.0598923574161346
1058,0.9640857626604256,0.2680356349963882,wave1,0.2678313416639502,0.2678965699716916,1.3469346627154486,0.6744036854712213,wave1,0.6739576062419478,0.6738999251427468,0.7957754610486247,0.3422194493464696,wave1,0.3422832134942208,0.3422634953126635,1.0576343587113464,0.4369563807922113,wave1,0.4364300255697782,0.4366685911211004
1059,1.8591174243235784,0.2460072965560995,wave1,0.2460146825473901,0.2460748248163995,1.2024527130049187,0.6102981719842292,wave1,0.6095076066692092,0.6096069639278506,-0.0270978923568855,0.2731140279202068,wave1,0.2731217129446125,0.2727326354307778,0.3882745347719827,0.3506642399261285,wave1,0.3507266208671448,0.3509325496777974
1060,0.5649238657077967,0.1106695265897699,wave1,0.1108435696962362,0.1109193231321044,0.8753580075059059,0.4620118658386339,wave1,0.4615038237707919,0.4615036138012688,0.0947325340390469,0.252341337015817,wave1,0.2523683087255436,0.2520687555724726,0.6522687421683477,0.2869974154490046,wave1,0.2871324402072985,0.2874824855962307
1061,-3.259487119989752,-0.0712801006788507,wave1,-0.0710508904988608,-0.0707825242584489,0.9665901976222416,0.037193668076075,wave1,0.0376483535347204,0.0376225277869471,-2.2047523479584044,0.1590247892618841,wave1,0.15936987518211,0.15925053237052,-1.0425749367619506,0.272804771855695,wave1,0.2724024523879718,0.272571637762167
1062,-0.2254661980562904,0.227637913932595,wave1,0.2272932960512786,0.2275174658405117,1.5885849119016269,0.3256491114018659,wave1,0.3249657366459534,0.325136594487288,-0.6702367054906186,-0.0027155136356955,wave1,-0.0025841241388286,-0.0024132463492434,-2.462000482723912,-0.0514198959010546,wave1,-0.0507986000009388,-0.0512175434123929
1063,-0.2716596308816557,-0.4189913825027902,wave1,-0.418284699545479,-0.4181812279748207,0.7862981907238408,-0.0258473346389492,wave1,-0.0258663582008941,-0.0257864989592847,0.1520717734916355,-0.2998121216469859,wave1,-0.2993566689282215,-0.2994783632358894,0.4566758293420023,-0.113129751490823,wave1,-0.1123977437189157,-0.1121804499860464
1065,-1.1835128213206525,0.3764488148218305,wave1,0.3762565453127811,0.3762917694768892,-1.0199660014219665,0.079310613087227,wave1,0.0792512533668209,0.0794274129887216,0.1682871578451738,0.399383697251166,wave1,0.3992506532123735,0.3989618137194713,-0.2006619603810429,0.2969624004214909,wave1,0.2971182709545378,0.2973915110064757
1067,1.1821860236534985,-0.3268745328326374,wave1,-0.3260937932924708,-0.3262166583168324,1.1332518209859217,-0.2554533917058578,wave1,-0.2549640293543277,-0.2547156321971814,0.3421518665113092,-0.1290752937882184,wave1,-0.1284818177476676,-0.1286156620862484,-0.495653480411098,0.0403468438055468,wave1,0.0405201826629727,0.0408433180547423
1070,0.0551003757143236,0.4262651135453553,wave1,0.4254877156278867,0.4258628496846302,0.2629111122129928,0.0818567858102753,wave1,0.081526224275697,0.0814563093374342,0.7772275798862748,0.4785742154240697,wave1,0.4780877135247836,0.4782377230773607,0.6259378018199802,0.3619171493419044,wave1,0.3621338215460305,0.3614687519789223
1071,-0.9571509123181072,-0.0294829937094661,wave1,-0.0292136071933423,-0.029150853280588,0.0706221113235686,0.0100396851647537,wave1,0.0099724528865667,0.0096476536533893,-0.0438681558888129,0.3700000585781774,wave1,0.3696972053532493,0.3696844735590535,-1.3552629244501426,0.3533293546570107,wave1,0.3530728054673718,0.3529972041200418
1072,0.7956250893766137,0.0122907874693596,wave1,0.0120948086401324,0.0124540404443807,0.2807315639516974,-0.3234091129866167,wave1,-0.3231298646156387,-0.323195235116409,0.3806746422063953,0.0829647956521184,wave1,0.0831127971571259,0.0831587475678836,0.2851936625899682,0.1628679560617231,wave1,0.1633395735489917,0.1628363692199108
1073,-0.9138297343873532,0.3674176449549294,wave1,0.3671803791025091,0.3671003179991156,0.4892542734446077,0.4570249620497524,wave1,0.4563237724493802,0.4560180400580229,-0.8966431476697897,0.1043210374748121,wave1,0.104421193930669,0.1041493694891085,-0.3991435753567782,-0.008654897033142,wave1,-0.0081769317183059,-0.0085072607579019
1074,1.2168401134344584,-0.3708200052213595,wave1,-0.3701119078294415,-0.3699032470130778,0.6842464291198848,-0.0899296609392086,wave1,-0.0897921928481404,-0.0895479718933797,1.2776824032202383,-0.0461344552344284,wave1,-0.0457114707667274,-0.0456018142989467,1.0463497234638155,0.0022918774145352,wave1,0.0023919152813495,0.0025189636553503
1075,1.0287775120039442,0.561743567233193,wave1,0.5612070121715125,0.5611699926751068,0.1855335180023646,0.2441258009917567,wave1,0.2438567948549121,0.2439046163957034,0.8093948922322041,0.627640256285924,wave1,0.6270844581399255,0.6270767675486639,0.4860071530296824,0.4764052173200014,wave1,0.4759481239353215,0.4763372875424753
1080,-0.4232234555348166,-0.0529659913411508,wave1,-0.0527582551170632,-0.0525955217751489,0.3978041251250441,0.4181222974627342,wave1,0.4180320920898496,0.4180311137681353,-0.5330365700198227,-0.1052582787242861,wave1,-0.1046183836285157,-0.1046823858324839,-0.5348063768582154,0.0667687188142778,wave1,0.0665815112123476,0.0667619886517621
1082,-0.7277896509651709,0.2470830205059063,wave1,0.2470011983097558,0.2471687895916817,-1.4832265258951267,-0.1412564142497167,wave1,-0.140610727856883,-0.1405899131735913,-1.603452851721663,0.482469678519952,wave1,0.4823424441953234,0.4823300205096468,-0.4683864052584466,0.4401613917431167,wave1,0.4396511672609871,0.4396918443504123
1083,1.190034884378314,0.4384524959551007,wave1,0.4380728700631463,0.4380491653058137,0.5717918635632474,0.4393844121902224,wave1,0.4387686501985675,0.4384447653584526,1.1818093783643584,0.4370546564302698,wave1,0.4367175589800406,0.4366039651359447,0.4868120327492919,0.5017360898413112,wave1,0.501475849017645,0.5012005071022065
1086,0.3572318329902944,0.0895398022279273,wave1,0.0896492054369914,0.0894174300946398,0.9116234299888322,-0.2812493572739291,wave1,-0.2809588124938919,-0.2805950504888287,0.3292029041679251,0.3216174565967318,wave1,0.3212600613606153,0.3212030054430483,0.8399045606903613,0.2943170826009489,wave1,0.2947265637743193,0.2941573049601944
1087,0.1738726557656041,0.5206848540249553,wave1,0.5201189339436021,0.5203833581237212,-0.0968819066862882,0.2727640511231456,wave1,0.2728355855729653,0.2728911463189764,0.993073668700464,0.6032850524137252,wave1,0.6030405789887225,0.6029947506633586,0.836720571491774,0.4775524381615351,wave1,0.4769667349691254,0.4771136206771794
1088,0.479570703776806,-0.0143574435926887,wave1,-0.014539726364223,-0.014161796097666,1.1831542641763797,-0.3784503882866897,wave1,-0.3781151141058031,-0.3782051036561554,0.5894638745946836,0.1078344409059859,wave1,0.1079433390960096,0.1080044090169902,-0.0538849533508196,0.1377120746925617,wave1,0.1382190534104365,0.1377294299034212
1089,-0.0530745722671911,0.0748029055374953,wave1,0.0748173894369817,0.0751602967452296,-1.394489211473538,-0.1318181197943088,wave1,-0.1311756729205996,-0.1311012183899303,0.7528226036281594,0.1020745681589805,wave1,0.1024486265642627,0.1024230367947713,0.8044165378532341,-0.017214277862284,wave1,-0.0172389069863451,-0.017239293302891
1090,1.5842967721376158,0.507195954724041,wave1,0.5061912821074968,0.5064802721142074,1.4402643961085004,0.5321766452648745,wave1,0.53150903091033,0.5319624106519404,0.5804927200930732,0.4869442693111226,wave1,0.4865157749688374,0.4864415551181499,0.6213359832657792,0.2645821008207999,wave1,0.2642498783958715,0.264505501006035
1093,-0.6975170523780928,0.2097139052505339,wave1,0.2092456226626513,0.2095920702008147,0.9832468650696043,0.5957436526008523,wave1,0.5945432895859183,0.5948918102315935,-0.354647829078072,0.2878131595387079,wave1,0.2875919221063174,0.2876084690658351,-0.6094799570228702,0.3062396135354974,wave1,0.3063419764306118,0.3059236219801866
1094,0.4412619076322718,0.5576979887741519,wave1,0.5570770945766078,0.556877057499613,0.2055482562204589,0.6375969338747642,wave1,0.636748512081245,0.6369784935287053,-1.009377776970351,0.4314652839320358,wave1,0.4310419721513057,0.4307846671281794,-0.3531635101360755,0.3110585312105784,wave1,0.3114218421502539,0.3109436291320533
1095,-1.789737116454403,0.1374885781376775,wave1,0.1374174083664088,0.1377439744864692,-0.6319148807342115,0.1305994891895821,wave1,0.1304536022141887,0.1306322394118717,-2.033057764154764,0.0959278358826025,wave1,0.0961661973594296,0.0961539246199947,-0.8972381044522534,0.0758228061149152,wave1,0.0758417908395578,0.075922173928272
1096,-0.4224443522851075,0.3120927608151743,wave1,0.3115957346094156,0.3118650331845565,-0.4797167036213003,0.3214521322092044,wave1,0.320723986610362,0.3209657986536848,0.8267825851027288,0.2726948532141349,wave1,0.2725628107775533,0.272555331447379,1.258353619296564,0.3377708402303831,wave1,0.3379072456278866,0.337557806519362
1097,-2.2049150685261365,0.0071562796832894,wave1,0.0070575032108436,0.0067562660657135,-0.1731027596418138,0.0867049080649096,wave1,0.0870729128829221,0.0873667527313664,-0.4699667584857512,-0.203619987353867,wave1,-0.2027358812758907,-0.2029207971935452,-0.2783800750235761,-0.0590250373681338,wave1,-0.0586278638415563,-0.0584778982806957
1098,-1.000658832869627,-0.0187710664108159,wave1,-0.0184570716637896,-0.0184260972237683,-1.647537566172415,-0.4611986488024454,wave1,-0.4601652027163493,-0.4600048440600187,0.339215124195278,0.2438226338009059,wave1,0.2437628791171497,0.2435729755817119,-0.1267179232996768,0.1505609299123346,wave1,0.1508006232854461,0.1505904720756218
1099,-0.3995234508648181,0.149280158496957,wave1,0.1489723450466824,0.1492650295104014,-0.066196776461232,0.1263446889777327,wave1,0.1258683821533815,0.1260466104414429,1.035381261191506,0.175939930776539,wave1,0.1759245381256415,0.1759637509634806,0.928225283054498,0.1616220315231393,wave1,0.1619859337265904,0.1616842132858266
1100,0.8379545817921258,0.4292394277303287,wave1,0.428766482139851,0.4286303022528995,-0.1084813437965739,0.1563534567678244,wave1,0.1561474703751429,0.1563445219481758,1.2080712982251605,0.5138415907550953,wave1,0.5132443918534126,0.513164277031088,0.6302170554936442,0.3683387847418584,wave1,0.3686104414669795,0.3681385689712237
1101,-0.1284550521383972,-0.0086832817270666,wave1,-0.0087345421924759,-0.0089805013084381,-0.7402082543598856,-0.4498868268274059,wave1,-0.4487934044617314,-0.4485451254463823,0.9795669102878716,0.2863496652352689,wave1,0.286611059581077,0.2864239135832201,0.9744198156337768,0.1588101977211986,wave1,0.1590423758576113,0.1589602519609256
1102,-0.976022306692269,0.1683702254934023,wave1,0.168284894540579,0.1683004991433641,-1.6970309371973258,0.1560453923380608,wave1,0.1560195570764188,0.1557696486569545,0.0493842699498178,0.146470948828866,wave1,0.1466049097905815,0.1466251195121359,-0.1580271732171048,0.1177000905474404,wave1,0.1178146478480642,0.1181145259068246
1104,0.2822026428747364,0.5416456581592435,wave1,0.5410646305614346,0.5411579197482488,1.0912904830083625,0.5937158058042987,wave1,0.5933357956067139,0.5933458415293512,0.703678648115653,0.487769942976459,wave1,0.4875986832884893,0.487705762365149,0.4374025325362077,0.2912513443960066,wave1,0.2909882080457227,0.29106409570047
1105,-0.5716421341544361,0.2497923079210853,wave1,0.2495576899285598,0.2498771198387728,-2.0335987513557106,0.2273590976041204,wave1,0.2270809852934381,0.2272358028170165,-0.075559308807165,0.1864649767324142,wave1,0.1865899870995242,0.1865454073201913,0.5824175759889744,0.1909460415498691,wave1,0.1908275778117411,0.1908976564190147
1106,-0.7817505870083801,0.3106290060409126,wave1,0.3103886675780897,0.3104159554478659,0.4311483901751925,0.2814211837679039,wave1,0.2809561404126048,0.2807366043778394,-0.9461278753839408,0.3650812557538224,wave1,0.3648306008050638,0.3647450726675173,-1.7171253699779134,0.3633996832305433,wave1,0.3633539688375118,0.3630485505210459
1107,-0.8369105342899411,0.1113709800547488,wave1,0.1113507738460763,0.1116984326357899,-1.372436498660363,-0.2827492654491255,wave1,-0.2824325749609173,-0.2821541871047854,0.2451600487088647,0.3189357421476317,wave1,0.3188765034419443,0.3189649668795284,0.9558495623343408,0.2609751646461755,wave1,0.2606418569622452,0.260846170697043
1112,-0.6040752049497438,-0.0161377184582213,wave1,-0.0162917521579961,-0.0159360484699759,0.6671377500483472,-0.3465802799589327,wave1,-0.3462631408880113,-0.3463320729209428,-1.292244315986122,0.0440173590656689,wave1,0.0442174079702426,0.0442674328143994,0.2837905602878519,0.1294557931260437,wave1,0.1299694370254431,0.1294714618183998
1113,-0.1846036478320183,0.2048841318916788,wave1,0.2049533266543172,0.2049293655786616,1.203060467945959,0.6378285514793608,wave1,0.6374609696669805,0.6375577894028336,-0.7604031175383618,0.2874282199712128,wave1,0.2872721298095013,0.2870662276221771,-0.4407915267736152,0.3488930685117876,wave1,0.3488216308197382,0.3485913293740048
1114,0.5415565099441114,-0.0730330966351751,wave1,-0.0732545777079601,-0.0729970433873941,1.0923426789933597,-0.011914185507262,wave1,-0.0118206421637833,-0.0113032872599784,0.2885683551248374,0.2329291054168633,wave1,0.2329209681519667,0.232795574970187,0.5180615430713709,0.2863228495581848,wave1,0.2859761704521099,0.2862463234816754
1115,-1.0535373842733864,-0.298569155455113,wave1,-0.2979359571548304,-0.2979472900403569,0.7326457387493754,-0.0074157857070549,wave1,-0.0075579390440579,-0.0076532779653204,-1.0614593604168694,0.040455645905005,wave1,0.0406522073398617,0.0405885963147859,-0.402371318917648,0.156738318932699,wave1,0.1569496934463322,0.1567036165838822
1116,-0.1917036511673257,0.2897607719835986,wave1,0.289489957915146,0.2897447050334234,1.6019915834467786,0.6243875634332754,wave1,0.6235099274434439,0.6237529267293656,0.8844936035674941,0.2944155546397555,wave1,0.2943556113500014,0.2942913615661144,0.8335560781750614,0.3962643790210255,wave1,0.3959968032452349,0.3959724267150565
1117,-0.3077832733449452,-0.2233677065014498,wave1,-0.2234189405009478,-0.2229200056483286,-0.077545686461922,-0.2853827474457658,wave1,-0.2853050047106439,-0.2852655688749784,1.3363436559152733,0.1976761968250944,wave1,0.1976895779178811,0.1976365210108497,1.3253964026774054,0.2684428580644253,wave1,0.2687187456272998,0.2682757432691078
1118,0.4531361535456419,0.3237460438509394,wave1,0.3234359007183072,0.3234824471642479,0.9698496964947556,0.2903217790567328,wave1,0.2901091592138,0.2898178620553028,0.8731880757115635,0.302614020180548,wave1,0.3025067191492221,0.3025819406101782,0.7161620945574726,0.2698578569840705,wave1,0.2697621492376792,0.2700563667453549
1119,-0.493138984006022,-0.025611234187124,wave1,-0.0257042988817298,-0.0258947841526705,-0.5571284273617871,0.4085763654664847,wave1,0.4085125216614433,0.4087958561720617,-0.384363156897292,0.0986619957649138,wave1,0.0991171783951555,0.0991055202634537,-0.5588664580848292,0.1448511491590196,wave1,0.1449809994483761,0.1451347798363793
1120,0.1621415231575955,-0.0681876654261741,wave1,-0.0679576175004763,-0.067818113196091,0.3258282715143195,0.3788532794922717,wave1,0.3788216903437423,0.3787918699757177,0.3268686790408797,-0.0589181469026629,wave1,-0.0583538239061229,-0.0583756897585743,-0.4724800292658603,0.0566722755644349,wave1,0.0565483366171502,0.0566862045636187
1123,-0.2790595053210132,-0.1939700319523286,wave1,-0.193811582164182,-0.1940812627734605,-1.2393881935920557,0.282940055932984,wave1,0.2830611440386246,0.2832837519007469,-0.7591335068013174,-0.2281460160108853,wave1,-0.2273087615366741,-0.2273021812040691,-1.367724612216635,-0.0746684999130503,wave1,-0.074220461791034,-0.0740927127983999
1124,1.7454775755318117,0.5096451032797596,wave1,0.5090995966295421,0.5088818933212459,0.7392833654844558,0.5732599251901156,wave1,0.5724690753236328,0.5727579331273962,1.7264309873855532,0.4150823284650831,wave1,0.4146522673106041,0.4144282274040032,0.8040768484018423,0.2607668917535235,wave1,0.2611985376589534,0.2606836588469268
1130,-0.3432238753528629,-0.121392245641398,wave1,-0.1215425020806679,-0.1210736343459748,0.2885402743293341,-0.1395025545389864,wave1,-0.1395985709477084,-0.1395017426573729,1.0365043761459385,0.2188303722840503,wave1,0.2188315604153188,0.2187400197303213,1.4631154531085042,0.3811045589454702,wave1,0.3812339380073661,0.3807523763415818
1131,0.725086321939335,-0.0804823390405176,wave1,-0.0800817904449757,-0.080159798974593,0.4585773111529642,-0.0661650127463052,wave1,-0.0659262034669746,-0.0657878051634016,0.2074505415501471,0.2008013674513411,wave1,0.2008787611855575,0.2008727000771757,-0.3020967281096755,0.2877823283002937,wave1,0.2876052698090708,0.2879718275807402
1132,0.0269430644805171,-0.0537952500546237,wave1,-0.0539698456396232,-0.053733108403319,-0.3855358650296215,-0.4121665906289756,wave1,-0.4114902998132771,-0.410989302647074,-1.3789238278903615,0.1778055168619859,wave1,0.1778457097430911,0.1776112582520658,-1.23961295361901,0.1218629424738301,wave1,0.1216212038055881,0.1219289990540798
1133,-1.2459056412494096,0.0594598824353955,wave1,0.0596299899327072,0.0595908223046948,-2.173851852779752,0.4707251238724409,wave1,0.4703700920088612,0.4702616599924026,-0.3196725078616578,0.0314237883482619,wave1,0.0317730214621727,0.0317219471086116,-0.9661380248707822,0.1890771009173822,wave1,0.1890644521259937,0.1893681101769276
1134,0.3978988199950756,0.5152100806747847,wave1,0.5147378238060781,0.5147481648873885,0.9495910406210826,0.5654244595002176,wave1,0.5646002563708388,0.5642657800720032,0.6805095495534579,0.3408142899369352,wave1,0.34057734194206,0.340369730451603,1.0054749977000967,0.2063425923714937,wave1,0.2065132078193146,0.2061482357900098
1135,-0.2156624496570088,0.4363135269782836,wave1,0.4358621102778979,0.4359304454224351,0.5994572197635066,0.4113856853895078,wave1,0.4109911705089549,0.4107176763508507,1.136254268005632,0.3416025701633325,wave1,0.341444911516982,0.3415163792783744,0.941774781376261,0.3712954714473643,wave1,0.3710656009587701,0.3713112942780975
1136,0.1732071384381883,0.0030663407872231,wave1,0.0033335197608439,0.0033057677266554,0.6052939419243408,-0.2889977816096168,wave1,-0.2886128969949199,-0.2884216948511043,-0.3439278313515602,-0.0117197049251096,wave1,-0.0113147855790027,-0.0114281472569297,0.0761290438167189,0.1520156909093085,wave1,0.152080378847991,0.1522659505490305
1138,-0.7257599624757557,0.1863533364935138,wave1,0.1857571796878451,0.1859393233088603,-0.9377170552931486,-0.0239043080117672,wave1,-0.0237942297907541,-0.0232871460853775,-1.7964987999568398,0.1250232023389089,wave1,0.1251294131457704,0.1248699778085812,-0.4405612671165145,0.0322262890645065,wave1,0.0322194379476225,0.0324727093794109
1139,-0.547813738248035,-0.0210816984184011,wave1,-0.0208920542145613,-0.0211055621317931,-0.7563542960401612,0.3816723934124731,wave1,0.3809340687459158,0.381509393831865,-0.6748540364751017,0.0749060880766898,wave1,0.0748624715218095,0.0747865390663409,0.6156339824561269,0.1149192642842276,wave1,0.1155777309619827,0.1150113077700829
1140,-0.2820709544657541,0.2340507885029179,wave1,0.2336210558757514,0.2339102953715595,0.5015074868123133,0.2313160830472048,wave1,0.230687216760869,0.2307962353203697,-1.4718208320646635,0.1917948658532897,wave1,0.191645247438549,0.1918491097241448,-0.7433328804439019,-0.0162767397841301,wave1,-0.0156925959265501,-0.0160855596817517
1141,1.191992377508388,0.0773591994611763,wave1,0.0771375990359678,0.0768412934829342,1.2718640180048932,0.5781198413044542,wave1,0.5778419964583033,0.5781595780387057,1.0303226804759409,0.0897366629351518,wave1,0.0901663683144801,0.0902280719050793,0.4741002031439117,0.2433416336373596,wave1,0.2432201352286737,0.243540929271593
1142,-0.922000241416098,-0.253334969838583,wave1,-0.2527751924107232,-0.2527560243459589,-1.1686556244587492,0.0289191673776456,wave1,0.028735435432988,0.0286307632421185,-0.8414774848994776,0.1146635675421826,wave1,0.1147531590772134,0.1147111084505868,-0.9875786802324008,0.2251370925248593,wave1,0.2252507941306019,0.2249936515799165
1144,-0.5412475506751658,0.2361807476998483,wave1,0.2359855757915223,0.2362543538387229,1.1096944187848536,0.5919160646479302,wave1,0.5910753089114185,0.5913356825921132,-0.1153464531843635,0.2261676686245735,wave1,0.2261976142815076,0.2261350469499781,0.7832697079367765,0.3339622925980569,wave1,0.3337744568538356,0.3337504861839301
1146,0.3604766256721091,0.1785567487461001,wave1,0.1784490558317584,0.1787117658919772,0.5512659784243047,0.5248425991974461,wave1,0.5241014907204329,0.5243686853028542,0.0777567710711682,0.2117749520724945,wave1,0.2118210330189371,0.2117887220099799,0.3140078387657216,0.2815496288341212,wave1,0.2814194059701091,0.2814050316906695
1147,1.88064103758681,0.3659666451504849,wave1,0.3653901776145739,0.3656660630857687,0.4934650707685971,0.3667736299949867,wave1,0.3659724321163377,0.3662213282267018,1.5512154590413465,0.3440621498907212,wave1,0.3438337660189772,0.3438181033500904,1.1891914576454303,0.4010875905638926,wave1,0.4011441468103466,0.4007849623767218
1148,-1.157341318840494,-0.3372975883153538,wave1,-0.3370772971818599,-0.3367803691798615,-0.1651468633266665,0.0244610196340978,wave1,0.0245418196404764,0.0249768934033206,-2.459800979865436,-0.0767491825656686,wave1,-0.0763677296754198,-0.0764718805194689,-0.7548647863892365,0.0624686956054922,wave1,0.0623374497830581,0.0625812290908664
1149,2.3063397118888886,0.254248506897159,wave1,0.2542612249795427,0.2542215678166336,-0.4404605933048451,0.7128319894976235,wave1,0.7123295710968734,0.7124482756930154,0.3353156018707794,0.3039693413832627,wave1,0.3037835894741925,0.3035818087687485,0.6841744007637723,0.3986780252065491,wave1,0.398540395408764,0.3983148919542829
1150,0.0384450359249577,-0.084192818531412,wave1,-0.0837618056705242,-0.0837320428164682,0.0786695138219046,-0.0084028747505323,wave1,-0.0085423898967268,-0.0083068576980834,0.8006138129195364,0.0680231001008518,wave1,0.0682622581166457,0.0679503502610671,0.8675910564217768,0.1478136433175893,wave1,0.1481478021777637,0.1484090852196892
1152,-0.0998373373110742,0.5029521461715347,wave1,0.5024905046022059,0.5024424586405256,-1.700994230054926,0.1795235930044358,wave1,0.1793518143555078,0.1793907360579298,0.8602992922794124,0.6062015053175571,wave1,0.6056745561013903,0.6056682085253047,0.4709839747756278,0.4236503078343016,wave1,0.4232634015991717,0.4236771377409268
1155,-0.3433671033201281,0.1108425424583423,wave1,0.1109167784841373,0.1108862941638049,-0.7972842383346936,0.4887364642159774,wave1,0.4883696771452953,0.4882026753660916,-0.0138328361863561,0.1530608110278413,wave1,0.1532130010621011,0.1532200432881483,-0.7398658247068404,0.2458453175708551,wave1,0.2457473667611737,0.246094435524106
1160,1.131743556674807,0.1484550263790471,wave1,0.1479442341192575,0.1481346627165031,1.3451999320779462,-0.1263231600473503,wave1,-0.1260688828816457,-0.1255436953359315,0.3124665517567658,0.2076853001409381,wave1,0.2076937329403382,0.207452353918956,0.0009458788860136,0.0317188314024816,wave1,0.0317282618827418,0.0319613486021603
1161,0.2560797562386424,0.3337362498387312,wave1,0.3335966832183513,0.3335646152151997,-0.0773030705337332,0.3527770802586608,wave1,0.3526531792048085,0.3527846838158069,0.076366779921202,0.3107395139016604,wave1,0.3105573025204962,0.3104201063143941,-0.3345766157148579,0.3334338505786255,wave1,0.3334021952764229,0.3332228268985355
1162,-1.218816714224886,-0.3188045238842302,wave1,-0.3181245802516916,-0.3180579416517596,0.09327285221283,0.0107776398971041,wave1,0.0112514942104392,0.0112156676980669,-2.523828417705148,-0.2206888901697958,wave1,-0.2199389548642203,-0.219969976029043,-2.3963786936815534,0.0339696215414438,wave1,0.0338511022446879,0.0339249380764282
1164,1.0957255824659702,0.2664310240635285,wave1,0.2663504378331282,0.2663851120192465,0.6767874372639726,0.2075004267583301,wave1,0.2077821963952614,0.2078108837535725,0.91801291384064,0.2637017958916756,wave1,0.2635636492398678,0.2634659065026457,0.6383308398964398,-0.0074940864325526,wave1,-0.0070549801967319,-0.0073664079455265
1165,1.2590686749808262,0.2081438773748405,wave1,0.2077269525951055,0.208034071278806,1.1659968135884766,0.179486833088471,wave1,0.1789115478151056,0.1789957030576486,0.4958397375247419,0.2166910227413674,wave1,0.2164988444605944,0.2167173720621282,0.167274015834743,-0.0374618664671809,wave1,-0.0368499249878196,-0.037228286126098
1166,0.7951940178880871,0.0378319788245113,wave1,0.0376470701645645,0.0374710561194068,0.3015679743382701,0.4665990686688177,wave1,0.4664535715534788,0.4667596001155081,0.712070303390053,0.1974038622075625,wave1,0.1977391671232456,0.1977294929331575,0.4786904402463726,0.2244590019088305,wave1,0.2244621608934555,0.2246418537617637
1167,0.5876355758487938,-0.432374946432269,wave1,-0.4314767045583048,-0.4314229120837616,-0.1338525113873033,-0.4708790684662337,wave1,-0.4701300756850785,-0.4701382764138345,0.4388674568986569,0.0511548763136239,wave1,0.0514300471176604,0.0511963790980002,0.4186512249851095,0.204383830906319,wave1,0.2046738567316077,0.2051590661670023
1168,0.7368655842372352,-0.0257830301580025,wave1,-0.0258017701820204,-0.0262343086379402,-0.0793183219960922,0.0735475825918423,wave1,0.0739821469040888,0.0742206802620484,0.2791690770775294,0.2097722553552289,wave1,0.2099790479844213,0.2101311629438348,-0.0793760879407495,0.3166984227429898,wave1,0.3165173185570202,0.316737451344917
1169,0.1117184847508841,-0.1328469523227441,wave1,-0.1327844443157509,-0.1329987130719293,0.8155033553857575,0.3110250568843944,wave1,0.3110985233896284,0.3113433637848577,0.2180914773863356,-0.0712076536328064,wave1,-0.0705475142311199,-0.0705624808895232,0.3920899003330456,0.0110971238365255,wave1,0.0114400350479046,0.0115502056831375
1170,-0.7769090735715642,-0.4553559644376049,wave1,-0.4544541801764269,-0.4547281568585505,0.4820110273228675,-0.0863156419999866,wave1,-0.0865097795486488,-0.0857912904002364,0.2365750441342511,-0.3227435201656967,wave1,-0.3222112562355486,-0.3223954687982324,-0.0929697943985272,-0.0813335004085138,wave1,-0.0803612624905871,-0.08096110150944
1172,0.3615383086189901,-0.4630761705673999,wave1,-0.4622054842634889,-0.4624068142762066,0.1335170143785272,-0.4621964408878602,wave1,-0.4618486286736744,-0.4612406326217992,0.4719556010146108,-0.1163783282427952,wave1,-0.1161709730324185,-0.1161627152417912,0.2776836903416562,0.1098654236178313,wave1,0.1105601926686914,0.1099895435885767
1174,-1.8803592697198352,-0.1095064403252515,wave1,-0.1094245884234533,-0.1097466964667167,-0.5897276973003883,-0.0836155055355982,wave1,-0.0829836395631433,-0.0827719271759326,-1.4637592036430496,0.2460277877133044,wave1,0.2462284554391612,0.2463077791106015,-1.825203414135415,0.2397420403896115,wave1,0.2397773987318198,0.2398390521806403
1175,0.4077856776211614,0.3327157299839171,wave1,0.3324393796398092,0.3324818082504065,1.3588066660184568,0.2979569303529583,wave1,0.2974734845886884,0.2972493590366611,0.0421027764038113,0.4019572291404424,wave1,0.4016532473004476,0.4015785259815824,0.6358881477397779,0.3977017024354883,wave1,0.3976070026904617,0.3972960621297388
1176,-2.8255938061123533,0.0930777026402507,wave1,0.0932486238528522,0.0933239511293726,0.0073135105427224,0.466924429074257,wave1,0.4663337151744303,0.4663925358574622,-1.4563883069485497,0.1724737344777028,wave1,0.1725568798684974,0.1722674010571939,-1.2038659387001214,0.2177375623646359,wave1,0.2179711287309002,0.2182545509311266
1177,2.068501966690051,0.5097181239579238,wave1,0.5086603616510499,0.5089208710327693,0.2059407848195623,0.6389341985367264,wave1,0.6381156191868372,0.6385442761603447,0.8888990359643586,0.2789974751274836,wave1,0.2788363210946879,0.2787110584515587,0.6561974943677031,0.1862399538195779,wave1,0.1860013279945075,0.1862695923194536
1179,0.7082047704715584,0.6059751009007104,wave1,0.6052142746144731,0.6055539626930515,-0.0095790887674142,0.6069871285448556,wave1,0.6061854463150433,0.6063794531188529,0.978819491377347,0.4164356333759305,wave1,0.4161883308665894,0.4161243912712236,0.9805466621455614,0.3073192802811734,wave1,0.3071377459405697,0.3071043040514971
1180,-0.3099381482715125,0.0165622699595433,wave1,0.0169084278027875,0.0169311846992739,0.1813947951401276,0.0601802609240021,wave1,0.0600206249814977,0.0602175928680254,0.2118018376379243,0.2096577996327108,wave1,0.2097916316846976,0.209417926759501,0.7425318488618966,0.2891004689350602,wave1,0.2892431662150733,0.2895329640490771
1183,0.5691526480327801,0.2090168806121446,wave1,0.2089906096988923,0.20907127876283,-0.0381864402421109,0.193754814195035,wave1,0.1939200608394741,0.193978972283335,0.1545843905970951,0.1285218323334194,wave1,0.1288155097779817,0.1288455200560989,-0.1978973932122276,0.1647302981443864,wave1,0.1644988328563482,0.1645486554170999
1185,0.957483770891698,-0.1344164168352134,wave1,-0.1339511658936217,-0.1339937370122342,0.9237689536921576,0.2296590701604981,wave1,0.2292211925604212,0.2290161150379734,1.3978067973530002,-0.0319287396015927,wave1,-0.0316473586889732,-0.0318441837888882,0.3140716151277687,-0.0472058145878901,wave1,-0.0467099205105966,-0.0470106338467075
1186,0.2694688763243132,0.4490764515159143,wave1,0.4486140140178732,0.4487447429717073,-1.9898605545507544,0.5293672402270623,wave1,0.5290751217775654,0.52911157543569,-0.6260453026582081,0.3393901800297121,wave1,0.3394161149139207,0.3394968172636969,-1.2839748382000125,0.1815094248028502,wave1,0.1813297437987449,0.1814007792723393
1188,0.0985484420406523,0.1803082135330352,wave1,0.1803362931761761,0.180364232533455,1.1769820209172477,0.5430209352256536,wave1,0.5422527714416856,0.5419039622275106,0.5017061318491568,0.3377845005741803,wave1,0.337557157173589,0.3374184607988034,0.0911802851043186,0.3662515172299699,wave1,0.3661402829919654,0.3658234182228431
1189,0.2870785606323957,0.3272694469473882,wave1,0.326906193585545,0.3272948727238689,0.7078401220673014,0.4083902746974199,wave1,0.4078382292011484,0.4081075609930085,-0.2812792244212733,0.1120156482795182,wave1,0.1121612867352965,0.1121346596318695,-0.4924199584081979,0.0007750202937967,wave1,0.0009761852186489,0.0009542689758456
1190,0.6457438809008568,-0.263499910687224,wave1,-0.263072885439741,-0.2630042778423409,-0.2741988311660314,-0.4603766504367167,wave1,-0.4599469922215325,-0.4596566924468074,0.1187182077590537,-0.3294911192301745,wave1,-0.3290552051090566,-0.3290984054300029,0.7641643467199255,-0.2514616116950979,wave1,-0.2505104445046531,-0.2503998169209474
1191,0.255667185064839,0.1544793249819837,wave1,0.153943904131228,0.1541268875799119,-1.143761307681627,-0.0846688247924817,wave1,-0.0844729934835132,-0.0839565797868392,1.1827522148307574,0.1475056434970413,wave1,0.1475898663089619,0.1473345105353415,0.623713811532966,0.0149224507772215,wave1,0.0149488125689054,0.0151886534902718
1192,-0.2286839686014563,0.127194340845338,wave1,0.1267776790079962,0.1271944931579711,-0.0137540763070902,-0.2893806230025676,wave1,-0.2892213281233305,-0.289314925824406,0.8493602325085247,0.3567035058142958,wave1,0.3564704080882048,0.3565219934899866,0.3611241909901178,0.3085884127629785,wave1,0.3088825135728458,0.3083769589656421
1193,1.344499065119709,0.5394317904355352,wave1,0.538366219432632,0.5386546722039678,0.0298233158396233,0.5879900962823207,wave1,0.587242103250785,0.5876871259350457,0.7161242540150247,0.4666374589617735,wave1,0.4662301740116713,0.4661519291139934,1.0167199314780837,0.2825407866558617,wave1,0.2821755320489302,0.2824446867852467
1194,-0.2466302491056975,0.4116550638821498,wave1,0.4112608053540877,0.4110081697468012,0.7870897853902954,0.4446895910405371,wave1,0.4440137412683105,0.4444198694494699,-0.9589199428433492,0.380158147799551,wave1,0.3797144447876479,0.3795572400176104,-0.3726986155029826,0.1620686923191983,wave1,0.1626325742624599,0.1620453154006036
1195,-2.161496734946046,-0.1578257069429939,wave1,-0.1576525688500464,-0.1581128544436754,1.0099174933422264,-0.0464475306948295,wave1,-0.0458438216174981,-0.0456516657716123,-1.5385709735437854,-0.0032757037460556,wave1,-0.0028106280624086,-0.0026630864097155,-2.047290889387762,0.1487128171174243,wave1,0.1487989553322701,0.148966465330613
1196,0.529894669815182,0.1006225579222078,wave1,0.1007836154395341,0.1007322109068801,0.5496133038134965,0.2123199210341164,wave1,0.212064634660674,0.2115923402427144,1.7377955821449105,0.3784905408893534,wave1,0.3782038189865261,0.3781230716416902,0.8660485271410985,0.4685591397459888,wave1,0.4681139367511727,0.4680953883061874
1198,0.8125021415531118,0.3829705847961989,wave1,0.3825850656345274,0.3828729916601512,1.2005508727586804,0.1446516915097085,wave1,0.1449041930184703,0.1449639762372089,0.4504576572363017,0.4539072011337082,wave1,0.4538478424378531,0.4538109238186798,0.4416065610692157,0.3230279641658605,wave1,0.3226206082779764,0.3227190041808992
1199,0.6229751703675933,0.2295640248600302,wave1,0.2293724412326495,0.2291978571321297,1.0389856992158633,0.6487343428216616,wave1,0.6477433250217215,0.6481118616099673,0.3347680704257802,0.2912136502942331,wave1,0.2909376583554466,0.2908452131079353,0.5870665491490834,0.4077349295908481,wave1,0.4079855527230156,0.4075079738753666
1200,-0.7149282330516681,0.4348790409912151,wave1,0.4344238521730375,0.4343745423138376,-0.6482163767331321,0.457450695587095,wave1,0.4570836598498305,0.4567946100846546,-1.5650468543085077,0.4342498533543804,wave1,0.4339647813344722,0.43396433053721,-0.2669875586932882,0.1492954375961878,wave1,0.1492957325229783,0.1497825301588929
1201,0.9004651442973526,0.146095772104534,wave1,0.1461358564065125,0.1464057681363356,-0.6266338841414368,-0.1532626135869198,wave1,-0.1526107618547852,-0.152493899240676,-0.040913095731614,0.1669129588340479,wave1,0.1672335648411442,0.1670968585276335,-0.5947596515981853,0.3055688356020545,wave1,0.3050428962030829,0.3051611248315254
1202,-1.4534496559413497,0.0305247746162058,wave1,0.0308963725347986,0.0309215738497041,-0.0394371020935773,0.0280902806946107,wave1,0.0281083905730173,0.028197010510189,-1.3262334231409407,0.3439996703895548,wave1,0.3440383117377298,0.3436583087138666,-2.1185186461853727,0.395497362411697,wave1,0.3954871150953082,0.3959039769904768
1203,-0.082334052063955,-0.0984314184251504,wave1,-0.0980176594891333,-0.0979414588238938,0.001378587258656,0.2303337615274138,wave1,0.2300889714726034,0.2301421583905781,-0.7180014225413066,0.0466162444164571,wave1,0.0468218701839499,0.0464903340801919,-1.2193678619588026,0.2513294647394117,wave1,0.2515801516781898,0.2517706087084101
1204,-0.0457967215457269,0.021573492841806,wave1,0.0212241394815197,0.0215075580280802,0.8978363203619606,0.4546506574218542,wave1,0.4540999872199046,0.4545498763289436,0.0232348189613209,0.1138244871464887,wave1,0.1139407988547726,0.1138747873775362,0.249042682576783,0.1568359325911847,wave1,0.1566786565810475,0.1568961200399496
1205,-0.8446139893303263,-0.0676062412086998,wave1,-0.0673568999306942,-0.0671634625939995,0.58309007700706,0.185596360362648,wave1,0.1851610289182197,0.1850660621427007,-0.4568335660313918,0.2659926657005868,wave1,0.2658064273421842,0.2657655400173094,0.3811965365773431,0.1352647008630557,wave1,0.1355229313780229,0.1351224151653356
1206,1.0588276578744498,0.1018491980565903,wave1,0.101847560662958,0.1021743370734147,0.634879502794634,-0.3166782544711675,wave1,-0.3162994560541292,-0.3160322969545108,0.9863579054969128,0.3653242527461746,wave1,0.3651974896373817,0.365315194427193,0.7970816037645951,0.2664218117136893,wave1,0.2660732507634317,0.2662866814648894
1207,1.1605352636613122,0.2593731752836974,wave1,0.2591326665134557,0.2594863536475773,-0.6640658329433169,-0.1312803643622897,wave1,-0.1311827572541239,-0.1309261981399629,1.8113960676338725,0.3965786809869935,wave1,0.3964251421226807,0.396451490808859,1.7748296637457286,0.4048761946688754,wave1,0.4043765674469525,0.4045608108401226
1209,-2.364566342684771,-0.2814410367707904,wave1,-0.2808719614252064,-0.2806218326907954,1.1700529048548096,0.051793541587293,wave1,0.0517030463353343,0.0519550386587288,-1.5779366209942212,-0.097381200318275,wave1,-0.0968666319843782,-0.0968468001935216,-0.1005380118660664,0.0609314644529712,wave1,0.0609859363326931,0.0610847754012881
1211,-2.5919298781197937,-0.0760279156155513,wave1,-0.075980761652335,-0.0763817367256161,-2.9732296221555146,-0.0002569408876076,wave1,0.0002737547118862,0.00049590100474,-2.209515189739749,0.1878911273572984,wave1,0.1881383561865347,0.1882656416896829,-1.223407861659029,0.2627929099562657,wave1,0.2627284746706737,0.262887529085016
1212,-2.7925454590009435,-0.5488172008849197,wave1,-0.547958995501914,-0.5478401864442513,-2.1473784940433154,-0.1669469271997498,wave1,-0.1666926733025709,-0.166712050262706,-1.7377483100979756,-0.3182113993048147,wave1,-0.3177486692944592,-0.3177795473276482,-1.3889020914660255,-0.1654226576413203,wave1,-0.164637082570773,-0.1642774985689919
1213,-1.5247334196651778,-0.300183704921391,wave1,-0.2995469928833308,-0.2994896711334859,1.1105005270737114,0.032735102014522,wave1,0.0332484428625813,0.0332749831342142,-1.4863184501480202,0.0050372064081514,wave1,0.0053435521077902,0.0050667013299603,0.1002877086056918,0.1019663082562458,wave1,0.102239408475619,0.1020426553688959
1214,-0.7247670681026581,-0.2660574638283617,wave1,-0.2654246621697667,-0.2653267228681086,-1.5676277809491332,0.0325161418085836,wave1,0.0327165758580177,0.0325824463804823,0.0584150000979474,0.081938937388141,wave1,0.0821184283881734,0.0819055672462757,-0.4314735115153151,0.2259909801503662,wave1,0.2262500527917194,0.2266953957721573
1215,1.024939172446238,0.2993479045257782,wave1,0.2991326205303227,0.2991108200718936,1.195592013054519,-0.0031553006324278,wave1,-0.0031655293393471,-0.0035160432256877,-0.0198362007776425,0.5020340804792961,wave1,0.5015841475711097,0.5015755940310561,0.6095557649663339,0.5533439749299232,wave1,0.5528381267358304,0.5528192156484388
1216,-0.1356210978861061,-0.2728987766060874,wave1,-0.2729022926930179,-0.2723888683750192,-1.401126980319727,-0.3559821156176465,wave1,-0.3558198025753228,-0.3558092082345795,0.3634387810803758,0.1869239147997539,wave1,0.1869419289656089,0.1869081283835201,0.6595991189715233,0.212923904192076,wave1,0.2132710292997248,0.2128477463127508
1217,-1.0148623622042074,0.1353210462041814,wave1,0.1354434740342081,0.13548714814826,-2.3766110194357686,-0.2320200434471698,wave1,-0.2315536800060208,-0.2314629285459469,-0.3426056777971432,0.308532112848849,wave1,0.3084973300726165,0.3082048209754943,-0.3454013464185619,0.3352461803493504,wave1,0.3354034472144304,0.3356893747412106
1218,-0.9011425633254356,-0.0432243733869301,wave1,-0.0429957411605981,-0.0427876581115236,0.021845552798987,0.2270632345913663,wave1,0.2267526994737217,0.2269371793415777,-1.387533777802512,0.1601899837444171,wave1,0.1603719901252567,0.1603555885654437,-0.8888144701160678,0.3255504310264143,wave1,0.3252778159033375,0.3253652021380388
1219,-0.5962858760113271,0.3082013270570768,wave1,0.3079997167268823,0.3079817450764753,-1.0737908409097965,0.0681023677801952,wave1,0.0679530041407234,0.0676011862076672,0.4672373305318577,0.3104552664440335,wave1,0.3102429299268373,0.3101199057706288,0.1375766246331358,0.1701143351351402,wave1,0.170165937528213,0.1700691805212971
1220,-0.9445415442191388,0.2807118560371044,wave1,0.2800012620500251,0.2802178256645295,-0.4509378839982764,0.001134207070672,wave1,0.0012036975180084,0.0017193280376338,-0.1933561794396198,0.3383682203994295,wave1,0.3381853712881738,0.3379787435769011,-0.4629996598854971,0.1854139732105086,wave1,0.1851912687522027,0.1854656711460726
1222,-2.709323607634084,-0.0838787749745156,wave1,-0.0836369336136148,-0.0837950381463766,-2.222874839911182,-0.0602201919537732,wave1,-0.0603563095841066,-0.0598328858695424,-1.4575734052894145,0.2573520727557503,wave1,0.256984181844738,0.257135340707936,-0.7706785937626799,0.2542112260719056,wave1,0.254661237493339,0.254088457766376
1223,0.8779995020233129,-0.5831637942962722,wave1,-0.5825677411946404,-0.5822204006561762,1.0838830753355644,-0.2273380345264753,wave1,-0.2273434332750271,-0.2271054200640064,0.517213846612414,-0.4353548953283077,wave1,-0.4345297368069047,-0.4345265341338202,0.6864966003235485,-0.3060619563552394,wave1,-0.3051801767888425,-0.3053413802610303
1225,-0.064484766076716,-0.0995299404160773,wave1,-0.09925981659079,-0.0990715399351417,1.6472314282132696,-0.0588667174417346,wave1,-0.0582672326218541,-0.0583858779215665,-0.1135887803323598,0.326831901919429,wave1,0.3269022856738843,0.3269167305202829,0.4646222977489183,0.2710078599815902,wave1,0.2707727232731106,0.2708154996720878
1227,0.3392809885358195,-0.0999887834296173,wave1,-0.0997149814394461,-0.0996222759022428,-0.9718218902041608,0.3045561311321861,wave1,0.3046351389549121,0.3045475102767788,0.4072656762579285,0.0301325301755566,wave1,0.0305452065277831,0.0306080367767285,-0.8905100031165174,0.0379364448640256,wave1,0.0379374281382201,0.0379896119167336
1228,0.5006235994673445,0.5945548271894432,wave1,0.5933964024764506,0.5936905281692937,0.2036194298586821,0.6617892016098946,wave1,0.6609360052208707,0.6613717594988325,0.1478154160832666,0.4803897531908979,wave1,0.4799542384263119,0.4798817474044098,-0.0310609693301315,0.332472248026756,wave1,0.3320265823378427,0.3323157353025245
1229,2.029874971019092,-0.1165921208569702,wave1,-0.1160965789492405,-0.1160608113844834,1.1922424791286967,-0.0755756752073911,wave1,-0.0755267948622987,-0.0753799893607941,1.063335132381536,0.1392468699755481,wave1,0.1394361974843488,0.1391473006587184,1.1536478801694885,0.1870161558475078,wave1,0.187288654660479,0.1876631863580461
1230,1.381922454113195,0.0045294591244104,wave1,0.0047523113457874,0.0047004898731002,-0.1770190830315955,0.3880294005769967,wave1,0.387806657173717,0.3876556358325186,0.7332613911848888,0.0667697562039593,wave1,0.0670527956552242,0.0670327775084032,0.3115915565474553,0.1448935774255112,wave1,0.1449334275911452,0.1452956581071457
1232,0.2946421932550848,0.3647103388708069,wave1,0.3644479548499885,0.3641794971802009,0.4261748973222444,0.3643750320791568,wave1,0.3638728222326944,0.3641346170662325,0.3637636023574003,0.3705289432893681,wave1,0.3702101252496508,0.3699600491958077,-0.2069543331465715,0.4161257978961739,wave1,0.4163789382354761,0.4158635090436051
1233,0.9587122025002118,-0.2862574044024248,wave1,-0.2860703142145686,-0.2857204484777721,-0.9167696691633486,0.0833185713110987,wave1,0.082855113036489,0.0830743436870374,1.066319628442551,-0.1861654312265339,wave1,-0.1857762433211331,-0.1856525611114894,0.51738891684423,-0.2442809882642008,wave1,-0.2434800543291906,-0.2437802661951263
1234,-0.760983299416328,-0.3079107515747545,wave1,-0.3072952770671326,-0.3070034727934962,0.6489705151546854,-0.327861929035407,wave1,-0.3275516960205451,-0.327188793398496,0.0771444424963293,0.0666039630650587,wave1,0.0669049237777843,0.0669960314190591,1.4251784631903934,0.2331895521574729,wave1,0.232918597442707,0.2331317883893783
1235,-0.3551059013292025,-0.1937494649489712,wave1,-0.193364079224894,-0.193049692563723,-0.4418108856302916,-0.0515637309310054,wave1,-0.0509868346556784,-0.0509798746817834,1.0160409850016885,-0.0403649533335392,wave1,-0.0397574703349949,-0.0399100813205064,1.009345053787796,0.128669703174775,wave1,0.1283819200966707,0.1285445681668229
1237,2.138998580687031,-0.0680273645496237,wave1,-0.0675955659579307,-0.0677521177218413,-0.2374419234306828,0.079333180908148,wave1,0.0792321448401,0.0787923197430506,-0.3797362219683884,0.1091641738750816,wave1,0.1092646108121647,0.1091086715283718,-1.0373520029022132,0.2141287770941205,wave1,0.21404795769735,0.2140682496373205
1238,-0.3293717157329842,-0.3442072840305504,wave1,-0.3435356305891907,-0.3435163894413059,-0.6059394799802116,0.1121402575380955,wave1,0.1124132952787372,0.1125467124799245,-1.0041110015442796,-0.2146720875340524,wave1,-0.2140599028409566,-0.2143217842317988,-1.7951008578172225,0.0028228640201581,wave1,0.0032904026852453,0.0030058941245982
1239,-1.0242685489541254,-0.0961993349964309,wave1,-0.0958034989851154,-0.0957974360419226,0.3549032677209637,0.1978452442753807,wave1,0.198058403477951,0.1979921811425858,-1.3936658457269588,0.0784693056418766,wave1,0.0788408668316409,0.0788277932693024,-2.4189592792274976,0.2896910208117458,wave1,0.2893239165769524,0.2894508038112667
1240,-0.4264317243967094,0.1627118184735322,wave1,0.1623665353078455,0.1620893179053086,0.4413227998612324,0.6535778659172138,wave1,0.6531941443706457,0.6535419046960076,-1.0045859165027564,0.2238691920332519,wave1,0.2241361593399887,0.2242004966505176,-0.599165706281779,0.3509910312089836,wave1,0.3506981545563349,0.3510537778561022
1241,-0.7280016820502258,0.4093172391253401,wave1,0.4088481620107678,0.4092506971400889,0.438109012260555,0.0851220366300727,wave1,0.0849101157110288,0.0852555553375531,-0.1516520734910033,0.4230148613139957,wave1,0.4227548460534003,0.4227956192771931,0.5798162288056126,0.3021455175309872,wave1,0.3018554762291704,0.3019473955764579
1242,-0.903727768328636,-0.135952368503149,wave1,-0.1361190447046132,-0.1358963679816876,-0.0482786882116922,0.0116538572678822,wave1,0.0117193401876266,0.012219370778092,-0.0867581859214027,-0.0059211409883771,wave1,-0.0056124733547021,-0.0057949703845431,-0.0057666862509982,0.1488089724590255,wave1,0.1486478766067515,0.1489103266298216
1244,-0.8113812216293311,-0.2929962545582089,wave1,-0.2927276178038155,-0.292806782551645,-1.0829528644973456,0.0633442226345617,wave1,0.0637329562512856,0.0639164234933113,-0.1791028309342839,-0.1127411138906341,wave1,-0.111999771414237,-0.1121128145189686,-1.402399590483548,-0.1477676232160163,wave1,-0.1470421126462516,-0.1471708908198963
1245,-0.6140477518495757,-0.0428926168275892,wave1,-0.0426674633667457,-0.0429011647144973,0.1444914531453718,0.335622050364514,wave1,0.3349200037988285,0.3355480211684261,0.9051803784678232,0.0975606204284642,wave1,0.097449399854165,0.097423457675005,0.87298037768331,0.0985986960726695,wave1,0.0992755915524539,0.0986686410813815
1246,1.7210854792454084,-0.0371303110260133,wave1,-0.0369422009788881,-0.0370622383943947,1.5788680638874455,0.5011138236382815,wave1,0.5003051664330871,0.5006889071913412,0.94586344205259,-0.1765680136487475,wave1,-0.176114316201609,-0.1764556572145643,0.7523446387143147,0.0599521764363546,wave1,0.0607007411748788,0.0603181209002594
1247,0.3956991511632206,-0.2525106075444804,wave1,-0.2519249369959174,-0.2518833672445247,0.0029736727020746,0.1038097799063086,wave1,0.1041951306764567,0.1042437044677818,0.8597571594706137,0.0218139931785235,wave1,0.0220939805057824,0.0218206574608228,0.5615453799328056,0.1483485691582977,wave1,0.1485609309536676,0.1483678383793951
1248,-0.4735011371849827,-0.5069086354055364,wave1,-0.5059704732444762,-0.506189179368005,0.1606330417069506,-0.5239756831210329,wave1,-0.523573919880177,-0.5229075735895947,-0.6926403962951528,-0.1305009507715229,wave1,-0.130305747920099,-0.130264383720545,-0.8785005258007248,0.0627480481444429,wave1,0.0635053439158313,0.0628986440562229
1249,-1.577113170998996,-0.1162633455780153,wave1,-0.1158783888568371,-0.1159294637931187,-1.5855321260151252,-0.4638420227040282,wave1,-0.4631807218454119,-0.4630748390891394,-3.1834927787546268,0.0506981533094132,wave1,0.0509805473590887,0.0509299360209749,-2.5853343039585286,0.0575780920153273,wave1,0.0577568571740908,0.0580569340014239
1250,1.6869073225884406,0.4462377728656576,wave1,0.445780358248755,0.4459159705207581,0.4953101873940163,0.1370900663686054,wave1,0.13684842139418,0.1365100222649564,1.0409448415208653,0.6012333845817602,wave1,0.6005935622031816,0.6005759943676704,-0.4356317884152961,0.4067258636172804,wave1,0.4064469762310672,0.4062880169322199
1251,-1.405250413949772,-0.3142580728781957,wave1,-0.3139483771903949,-0.3141016168471987,-0.6096029160718577,0.0413575297805568,wave1,0.0417286827886576,0.0420970685915169,-0.7213494354695648,-0.0438795118031768,wave1,-0.0431875225653449,-0.0433289635917085,-1.200683819588476,0.1268728698805412,wave1,0.1270197081084322,0.1271859020648495
1252,-0.2477210508431368,0.315753843186754,wave1,0.3152621323783114,0.3148979344854051,-2.1130226038595037,-0.0044402077313292,wave1,-0.0038754434268608,-0.0037008957185555,0.4802043103922645,0.3819029359928362,wave1,0.381961024807372,0.3819513443181453,0.7287284168063064,0.1974247385238105,wave1,0.1975434914870539,0.197546606608127
1253,1.716334263205752,-0.0433472663229201,wave1,-0.0430137823057601,-0.0429230221918024,0.9980850975468564,0.3208998074110346,wave1,0.3205889732685357,0.320548089399911,-0.6400692475376977,0.1487612331051045,wave1,0.1488598360677034,0.1486622397304705,0.3823771793539622,0.158597027674433,wave1,0.1588949739378595,0.1593212342917531
1254,1.3547797558381836,0.1685643509944441,wave1,0.1681415897043821,0.1685080087586384,1.318607033261815,-0.1645527994626027,wave1,-0.1645173088971127,-0.1646399249276061,1.1236327079055397,0.1972920072488455,wave1,0.1971780578381494,0.1973759066589728,0.901075172272082,0.0664909366359382,wave1,0.0670851424948228,0.0664748808241283
1255,-0.5990859303845579,-0.277477392198365,wave1,-0.2773930616181634,-0.2769552909304708,-0.7910875034222352,-0.2518260366699544,wave1,-0.2517273392947173,-0.2517278390967575,0.22930972345706,-0.0819934279106435,wave1,-0.0816960463166531,-0.0815905288958096,0.8641956750819163,-0.0772719397423296,wave1,-0.0765633614610393,-0.0770955916325875
1257,-2.4737311394664037,-0.1517215405123523,wave1,-0.1512925650521048,-0.1509997932099888,-0.0311058382241869,-0.4526511238415779,wave1,-0.451573121895867,-0.4514765736236078,-0.9192758950924556,-0.1059207204639107,wave1,-0.105285158472048,-0.1053621729276683,-1.1666307209377684,-0.0213763094815899,wave1,-0.0214713395844776,-0.0214919598969466
1258,-0.8056592216415829,0.200204592840535,wave1,0.2001163680637975,0.2000973338016186,-1.7901434971681025,-0.1109532696377466,wave1,-0.1108546532281394,-0.111146124420868,-0.9339802580758594,0.4080812886285353,wave1,0.4077590585016327,0.4077482363410251,0.4515912770598358,0.4294555626097132,wave1,0.4291348953445835,0.4291099193479682
1264,0.206898610507958,0.0842776979312849,wave1,0.0844144582828337,0.0844210270226777,-0.1041195711608415,0.0101351319051924,wave1,0.0105697565752181,0.0105268504730425,0.4150823687829715,0.2085577645911807,wave1,0.208672008584726,0.208857428147118,1.299625485785003,0.0534006214898859,wave1,0.0534883098482057,0.0533660067950164
1266,-0.2660920390771964,0.5076713602976345,wave1,0.5069148106766698,0.5065059403867797,0.7371179379379725,0.2216258093293239,wave1,0.2218879454031026,0.2221257321199115,-0.5116716267916497,0.5684493327040129,wave1,0.568251745728212,0.5682945920932706,0.662187539413786,0.421442052937835,wave1,0.4211432124173783,0.4213033315619895
1267,-2.054404359825737,-0.2043876332729047,wave1,-0.2038542718213908,-0.2038284930422288,-1.8823579194384912,0.1757357898293975,wave1,0.1759915476366235,0.1760622273666775,-1.8060042522946271,0.0385193798973613,wave1,0.0387721739322779,0.0385025904698201,-1.4607986016618697,0.1956610252618408,wave1,0.1958112005801381,0.1956220239022958
1268,1.3096444857515237,0.0203946244944688,wave1,0.0206254606917168,0.0207060956338225,1.4029161736513904,0.4166468683119574,wave1,0.4160694985379524,0.4161573307711442,0.934107603596815,0.0714168168589864,wave1,0.0715723159073268,0.0713287914066099,1.45079914329323,0.115606155145168,wave1,0.1159777274333062,0.1162398656662239
1271,0.0158934384173169,-0.101697352708342,wave1,-0.1013268337259203,-0.1013998914788241,0.4139234482314798,0.2863081884329305,wave1,0.2862302026838644,0.2860953107425875,-0.7207911332332405,-0.0208975585452515,wave1,-0.0204833766201097,-0.0205304014093927,-1.4660923944032649,0.0441913950838156,wave1,0.044368213086846,0.0447452637847752
1274,0.1354487654004687,0.1162403872817181,wave1,0.1162291016835914,0.11653977676974,0.1954055898052796,0.1226387258203398,wave1,0.1223267236790468,0.1227125857122322,1.1748006563837428,0.3339482529899558,wave1,0.333833056998668,0.3338724573221874,1.4562217945012423,0.4213340115047054,wave1,0.4209204378728976,0.4210204841809139
1275,-1.0356878346869394,-0.1078317792635499,wave1,-0.1074355834001814,-0.1074034586981238,-1.5037112248474176,-0.1778373137246559,wave1,-0.1775118680333967,-0.1774447482980813,0.0925941958504008,0.2286049151363292,wave1,0.2285963419124819,0.2287381517602749,0.0650155456113549,0.5026949755783173,wave1,0.5022802640131562,0.5025014893623313
1276,-0.2100379994915183,-0.1615355685021418,wave1,-0.161039484127895,-0.1610044959913847,-1.736817396007153,-0.0600531241868887,wave1,-0.0601768394906595,-0.0599126289881827,-0.1430830067592476,-0.0408890546546579,wave1,-0.0405684366627879,-0.0408335782611278,0.5181211275724228,0.0411800818793352,wave1,0.0416585330770648,0.0418982533583808
1277,0.159548571172058,0.0721473120148891,wave1,0.0722007805146142,0.0719761230294037,0.9305190654783312,0.4461250475896519,wave1,0.4453144430063498,0.4458662887372247,0.7387742098062698,0.2179097139187389,wave1,0.217650368718278,0.2176411036355126,1.0968312594125798,0.2341967297905472,wave1,0.2346844490323685,0.2341007147088676
1278,0.4170583845638381,-0.5502599563525186,wave1,-0.5493055392264372,-0.548952588367353,-1.78153570997428,-0.4799514149557804,wave1,-0.4794661570161749,-0.4790264165375772,0.6896718597481366,-0.26602178379172,wave1,-0.2652884797420716,-0.2651913916039079,0.2314619501091023,-0.0490669817815612,wave1,-0.0489777583314486,-0.0487625420808508
1280,1.2369448575300068,-0.3076754208720609,wave1,-0.3075219163393435,-0.3073036347596343,0.8662219094581814,0.1164947778926283,wave1,0.1164355891746419,0.1169129328501735,1.1021940904726462,-0.1798669482308884,wave1,-0.1793197409925356,-0.179470659017923,0.1056833274698466,-0.2156250473044104,wave1,-0.2152170550659429,-0.2151103154339089
1281,-0.2341102680502967,-0.2960979355240122,wave1,-0.2954299573716216,-0.2957010166883994,-0.5605209881777674,0.0546605038440695,wave1,0.05432383993742,0.0549556814615661,-0.8418309944858186,-0.1242734461288974,wave1,-0.1240036293558568,-0.1241386718433066,-0.951455301264946,0.1112772939726223,wave1,0.1119807445792193,0.1113940070758021
1282,0.550495286569642,0.0827009056760961,wave1,0.0828019586473891,0.0827652457607011,0.4252373495730925,0.4472573251675061,wave1,0.4469563232429742,0.4467681652662539,0.7681724286297074,0.1696893131403087,wave1,0.169808843018639,0.1698315720261969,1.0486687631404137,0.2230467206399035,wave1,0.2229757711405301,0.2233520459839147
1283,0.9197399466309086,-0.0204066005186561,wave1,-0.0205003925035637,-0.0207328087105397,0.5678708336073491,0.4385874506766432,wave1,0.4384896603155148,0.4387744918837235,0.7137853753683118,0.0509392696990035,wave1,0.0514412759603234,0.0514532315219503,-0.391021214868735,0.1411929399939235,wave1,0.1412967187940356,0.1414949809013374
1284,0.5960449777606972,0.141827131536688,wave1,0.1418900549199141,0.14188053780574,1.1234633117810795,0.1792188959850153,wave1,0.1793355727355338,0.1794756446079476,1.198228852665458,0.0898521957202669,wave1,0.0899933898690485,0.0898549292502564,1.328865747131853,0.1003953649491848,wave1,0.1007191954262553,0.1004603995612498
1285,-0.0168887943112853,-0.2968190057250257,wave1,-0.296245188248817,-0.2962409853044383,-0.1530495119217777,-0.0154540037578399,wave1,-0.0151624729132314,-0.0153943596442865,-0.0727866170179471,-0.0538253351950208,wave1,-0.0534246239545104,-0.0533178945996173,0.2121317309497243,0.1029724215585426,wave1,0.1031169979650906,0.1034205263083039
1286,-0.0393732765577188,-0.3607205833479834,wave1,-0.3604679712652295,-0.3601776283170368,-0.7897364629571687,0.0073668714351063,wave1,0.0074725292056737,0.0079079194967607,-0.0174686313227282,-0.113018247219267,wave1,-0.1125858513545384,-0.1126997199331739,0.9372258513551996,0.0302712740160208,wave1,0.0301871310762064,0.0304240560744761
1288,1.243589680244252,0.4262651135453553,wave1,0.4254877156278867,0.4258628496846302,0.0137640430156094,0.0818567858102753,wave1,0.081526224275697,0.0814563093374342,0.973373992898488,0.4785742154240697,wave1,0.4780877135247836,0.4782377230773607,1.044567298522301,0.3619171493419044,wave1,0.3621338215460305,0.3614687519789223
1290,0.0586121845619456,0.2053850012853804,wave1,0.2052394570837536,0.2054951584189224,0.97209717649224,0.5412161570184104,wave1,0.5404564136875807,0.5407149135079117,0.2572240463035879,0.246083126345469,wave1,0.246084067935066,0.2460509227081975,0.2636162322814269,0.3127562947842239,wave1,0.3125861364122539,0.3125715603212401
1291,-0.6573957734191025,0.1369385184642759,wave1,0.137033516566843,0.136997949157186,1.4342916299495423,0.1411059597856713,wave1,0.1410472421222452,0.1411539516099992,0.1798731256464299,0.3780088617107484,wave1,0.3778153047688124,0.3778635795849956,1.182187603156756,0.4957312026940813,wave1,0.4952688147763996,0.4956048903459759
1292,-0.4983210559774373,-0.2452675681891501,wave1,-0.2451743214237223,-0.2448513942625375,-0.3610249572988447,0.0937571709743373,wave1,0.0937380650340057,0.0941715057957498,-2.010110655482508,0.06599242670845,wave1,0.0661724370884281,0.0661071708472827,-2.6994479520806243,0.1897016676355458,wave1,0.1893839867814812,0.1896549762675343
1293,-1.0644423573026685,-0.013023688423817,wave1,-0.0128619232030131,-0.0127737098101716,0.2567467570996566,0.3926944644896996,wave1,0.392648288559365,0.3925697184561824,-1.2944639912298912,0.1006986853752429,wave1,0.1010360986187108,0.1010765893817564,-0.127303893530886,0.1301939716274723,wave1,0.1300692136923891,0.1301679712353685
1294,-0.2857314513316797,0.0167776130160022,wave1,0.01656826630748,0.016913224169123,0.9376228002363188,0.4012425957949169,wave1,0.4003240445256174,0.4006265313041331,-0.1245597927782734,0.0972521974773079,wave1,0.0972804257658226,0.0973369177560008,0.2785888672047591,0.0902109748189509,wave1,0.0905882625153801,0.0902136602980402
1295,0.0321502445195013,-0.3275888317366499,wave1,-0.3269947115125308,-0.3271239143574004,-1.386504568107459,-0.2289849657529494,wave1,-0.2289276883381449,-0.2283483104665672,1.149859378017028,-0.1173968139545649,wave1,-0.117205113471301,-0.1172207109149381,0.4168450980041131,-0.052522429322962,wave1,-0.0516357459374982,-0.0521628952747519
1297,1.0077692066528368,0.1415133629762105,wave1,0.1411987759637568,0.1409167507424159,0.9832974637076144,0.6348100503438272,wave1,0.6344526629991405,0.6347929381764992,-1.0536665520776425,0.1907533831207052,wave1,0.1910606194306762,0.1911243083860324,-0.9303206678146227,0.3241894483172458,wave1,0.3239392127632429,0.3242861876656821
1298,-2.3587885805457223,-0.1052654329061137,wave1,-0.1049885153540559,-0.1047671348963383,-2.3678975764881227,-0.0408975435978847,wave1,-0.040326611015694,-0.0404100284527429,-1.2416566302110996,0.2474653066066328,wave1,0.2476605278114461,0.2476258369565565,-0.7747929287301256,0.2526950853769268,wave1,0.2524192008663515,0.2525032235196994
1299,-0.4753014301027503,-0.117696115234284,wave1,-0.1171854865082925,-0.1173719207350446,-2.21528572359917,0.0404709326204723,wave1,0.040415019210608,0.0399848337841221,-0.5178930848524689,0.0297606815123109,wave1,0.0299744286392894,0.0297971150601025,-1.0358900376028075,0.1407658767503313,wave1,0.1407903205548629,0.1408216530777475
1302,-1.7512396349338224,-0.1412667839695776,wave1,-0.1414097297859196,-0.1411793983739309,-1.1304418289556084,-0.029456983890015,wave1,-0.0293354061962208,-0.0288259183335598,-1.1392358351644425,0.0580778375571996,wave1,0.0583069860748063,0.058138266426536,-0.6565982569305672,0.1677108282011978,wave1,0.1675302801173845,0.1677864033312381
1304,1.2078412368637168,-0.0787750925302201,wave1,-0.0784999040198259,-0.0782566973242784,0.415003060862887,0.2416577754493361,wave1,0.2413318953635521,0.2416329853647643,0.9386057478025432,0.1108701249660046,wave1,0.1110241139788004,0.1111145598671525,1.255799967385571,0.0453210345883223,wave1,0.0454532471730328,0.0454779589143874
1305,0.7561744209132066,0.0127375049002976,wave1,0.0130109608237957,0.013009482107953,1.0793177027090146,0.4589729369652838,wave1,0.4588544295575284,0.4589598699963232,0.6113614982128649,0.0725123488440255,wave1,0.0726719825815671,0.0724646996639346,0.5789033826724057,0.1175269606933415,wave1,0.1178087580526069,0.1174988159727576
1308,-0.1662226462894442,-0.3075552145133217,wave1,-0.3069953248017142,-0.3071041561168451,1.357435022967787,-0.181074352539354,wave1,-0.181055900712774,-0.1805295966759416,-0.7168272361197913,-0.1427765285778561,wave1,-0.1425152765344339,-0.1425807079917187,0.3781397902582001,-0.035788248187811,wave1,-0.0349218077901178,-0.0354079589912245
1309,-1.3066281978972891,0.2078454895534841,wave1,0.2076910633532523,0.2074960678028999,0.7187018711890119,0.6022448838102277,wave1,0.6012905602090417,0.6017124203649951,-0.6600734614750078,0.3138779993772642,wave1,0.3135370674061271,0.3134945552383672,-1.0882741315588815,0.3887890629565886,wave1,0.3890633934366001,0.3885446228067726
1310,-0.1242557726219232,0.5669544916587479,wave1,0.5663289455198162,0.5665745641317521,-2.263450202789769,0.3056587368238793,wave1,0.3056852026090614,0.3057276361287381,0.1048538823680874,0.6778976617238837,wave1,0.6775532443068724,0.6775206703991461,0.9158424613375444,0.5333290358004159,wave1,0.5326999795655663,0.5328493799503005
1311,0.5305565789536109,-0.0631797326751893,wave1,-0.0633648804807123,-0.0630804387793957,1.4306869283182646,0.2972586003433765,wave1,0.2969357677190837,0.2974099041443313,-0.2021811873556036,0.1864439253736606,wave1,0.1864768316888826,0.1864228025633761,-0.9918825682537844,0.1125022825223997,wave1,0.1124294228759463,0.1126055255248389
1312,1.8013488930745802,0.5228034459564731,wave1,0.522193523135606,0.5220462456484188,0.9307778850860016,0.2185748758570518,wave1,0.2182996744986678,0.2184735854445184,0.974446505418898,0.6569753139389225,wave1,0.6561613676271634,0.6561479664281604,0.2598028639488651,0.4892505831003475,wave1,0.4893488211480925,0.4888598758939768
1313,0.6136660517451201,0.2305252169644487,wave1,0.2301230706611612,0.2304041604653579,-1.2078943005233604,0.2235789640336049,wave1,0.222976834142624,0.2231870034242044,0.4017182363041723,0.22455338005425,wave1,0.2244799425783745,0.2244957981967656,-0.3747284396619035,0.2494723271006129,wave1,0.249723100818721,0.2493973888322768
1314,-0.9558389620956164,-0.0218538811405342,wave1,-0.0215900571963534,-0.021646911371594,0.8919740439887607,0.3679665934919763,wave1,0.3677702991000767,0.3676316748764864,-1.402490892141501,0.0319140059566955,wave1,0.0322521063679506,0.0322178433817987,-0.1773741325677527,0.1185970098126484,wave1,0.1186740947374494,0.1190315841529315
1315,-1.4741571446054464,-0.177110829216216,wave1,-0.1770633580932434,-0.1767066349533821,-1.949971166033442,0.177344869888025,wave1,0.1767409206677285,0.1770778840020824,-0.7343554876677792,-0.0029217134140981,wave1,-0.0026550313676203,-0.0027361658731943,-1.750644423374703,0.1508411494505017,wave1,0.1511471890485546,0.1508927938633785
1316,-0.9441508970784552,-0.1842918921961952,wave1,-0.1837910944761357,-0.1840529731738526,0.4775171307647997,0.1630813175221986,wave1,0.1626396711678286,0.1631948691754828,-0.2389297619845474,-0.0026443093595243,wave1,-0.0025248677325109,-0.0026434701509669,-1.7533224148177875,0.2454770321953423,wave1,0.2459932585283664,0.2454299542340534
1317,-0.1599769030007211,0.1303649274495487,wave1,0.1301392657655936,0.1297478532363238,-0.83835104809413,-0.2252054011037891,wave1,-0.2243961271483532,-0.2241034278366354,0.9252969666925396,0.2799811994631221,wave1,0.2802047245663067,0.2801147901978876,0.3267692186451797,0.2918563233991144,wave1,0.2917515782716544,0.2918894229687063
1318,-1.6087984284062036,-0.2250989302432158,wave1,-0.2250934749765183,-0.2248683910183838,-0.1476976047224736,-0.1604619502809946,wave1,-0.1601535546169509,-0.1596259519502411,-0.0651785224429931,0.0696146671118028,wave1,0.069844286143479,0.0696741984029093,-1.183850143997666,0.1026931099148291,wave1,0.1026227784521198,0.1028446033749962
1319,0.0777064079286176,-0.8045060698472002,wave1,-0.8033384916807969,-0.8032636493077849,-1.9942516573613531,-0.6783461242165713,wave1,-0.6776988312369078,-0.6774665431010504,-1.8849689971741024,-0.6004713758530665,wave1,-0.5997096510964622,-0.5997210177822793,-0.9633638166538786,-0.384383149842557,wave1,-0.3832903227192419,-0.3830346935607152
1320,-1.2604905320046589,0.1803082135330352,wave1,0.1803362931761761,0.180364232533455,-0.4208438018754289,0.5430209352256536,wave1,0.5422527714416856,0.5419039622275106,-0.4066381143517379,0.3377845005741803,wave1,0.337557157173589,0.3374184607988034,-0.5768185879038135,0.3662515172299699,wave1,0.3661402829919654,0.3658234182228431
1322,-0.0060739302234373,-0.0406421514935352,wave1,-0.0404727254829261,-0.0405901540080063,-0.2429223789780012,0.0359666930835047,wave1,0.035752207465517,0.0361696211852285,-0.719266872200796,0.2125394261728024,wave1,0.212302821887087,0.2123541880666839,-0.0488127040862733,0.2923348136440673,wave1,0.2927381390067276,0.2922470862656607
1324,1.7639233166913493,0.1196913859347428,wave1,0.1196818797617536,0.119746897101598,1.343981877092495,0.5147202054171428,wave1,0.5145022358577637,0.5144196057324754,-0.3778637572986002,0.2445095132575583,wave1,0.2446729718744877,0.2447044167237064,0.3289636146689639,0.2777804586939155,wave1,0.2774876419922137,0.2776353271730516
1325,1.1117503907558632,0.5605888103853425,wave1,0.5594566863877235,0.5597304079999814,0.8710306408815989,0.2768980336790368,wave1,0.2765731407522235,0.2770667643909491,1.7848740264481835,0.6255787519037984,wave1,0.6249706213953302,0.6248440260613571,1.5042448623859273,0.5214641572812111,wave1,0.5207332554016846,0.5210950097816536
1326,0.9757995041647016,-0.39342635316058,wave1,-0.3926970031789646,-0.3926484960626836,0.532088080008087,0.0004397204054079,wave1,0.0009383355108895,0.0010172948631944,1.3666474831057265,-0.1791470854640191,wave1,-0.1785780787092072,-0.1788485316720856,1.391171888099778,-0.0314734178557044,wave1,-0.0309766766522706,-0.0312446069919701
1327,-0.0891058186550663,0.0587974127060774,wave1,0.0585821865381811,0.058411022283002,0.1060138252159328,0.4858261835040753,wave1,0.4856536316280282,0.485967146064644,0.8223834645428297,0.2297388475718355,wave1,0.2300347679845072,0.2300257538827875,0.0318567586978874,0.2508468371924641,wave1,0.2508080214258525,0.2509962961608225
1328,0.8843630482251642,0.1517398039736174,wave1,0.1516496030504867,0.1517763198294724,0.6280346921195483,0.068482733216828,wave1,0.0682163834145632,0.0681474135337278,-0.0759851419898094,0.310889047980181,wave1,0.310682577623003,0.3106560336962894,-0.161232067701677,0.2138418188332667,wave1,0.2140340248842152,0.2136773805338359
1330,-1.0026779547809863,-0.0340815307425298,wave1,-0.0336797203664648,-0.0336870851844114,-1.70720231860819,0.0167198120745718,wave1,0.0171472173703965,0.0173442138278262,0.6267855289908228,0.2444285765018203,wave1,0.2443515643603782,0.2441048032281412,0.5275019293720498,0.2823713165377399,wave1,0.2824256567846607,0.2821635736381184
1331,-0.1154839355881813,-0.2798396331271499,wave1,-0.2792392600521381,-0.2794401612059066,-0.4824277130106054,-0.3000747829601466,wave1,-0.2998944303089829,-0.2993795793239033,1.057558205794887,0.1195767784950128,wave1,0.119462695161447,0.1195374359763592,0.940974406633164,0.3369306461883232,wave1,0.337305830771138,0.3367448845720056
1332,-1.7240927588851431,-0.1838496528720629,wave1,-0.1833342462012018,-0.1832961480760738,-1.5916782161446217,0.1548020747855757,wave1,0.1551314494916497,0.1551647749187893,-0.1405870757996696,0.1192608948168996,wave1,0.1193995068224891,0.1191251206744479,-0.1724617608004378,0.2374147744968761,wave1,0.2374861563768288,0.2373305478978484
1334,0.20304442882829,-0.1865164592534708,wave1,-0.1859363377575337,-0.1859457878199791,0.635411638945145,-0.141658752515647,wave1,-0.1411024470570784,-0.1408851341505815,0.7733397652470001,0.1873902900853712,wave1,0.1874297871597747,0.1871301597661603,1.2608953739339674,0.4083527211665547,wave1,0.4082259213027197,0.4080679363992474
1336,-0.8756952360309074,0.0699165401116873,wave1,0.0700262898120208,0.0699989205071615,0.5949820740421505,-0.1806415747364025,wave1,-0.1805317002041584,-0.1807583024590547,0.3166041881213257,0.0686172747269963,wave1,0.0687304748783445,0.0685918511700401,-0.156947144967804,-0.1170028946861269,wave1,-0.1165236405122602,-0.1166267604360593
1339,-0.2746930390905737,0.2667919184220845,wave1,0.2661819698335809,0.2664388979527343,0.6577660660102265,0.2370880599165657,wave1,0.2368516642123482,0.2373373282245426,0.5895888441547785,0.3870440000881109,wave1,0.386777268323884,0.3866709596827814,0.8418836393525417,0.0348355820383314,wave1,0.0348645329838065,0.0350303726690985
1340,-0.0593887276378563,0.5863313223447312,wave1,0.5857446309937732,0.5858002923599791,0.6710676190072398,0.6178522586104349,wave1,0.6169688579500883,0.6166204130673125,-0.6619960115643255,0.4552845206764176,wave1,0.4548832059682443,0.4547079712245206,-2.5398897239382254,0.3130132795464922,wave1,0.3130314289162166,0.3126494594916107
1341,-0.4554023443824587,0.2835649271716559,wave1,0.2830645391022227,0.2828240550097448,-0.505734032718496,0.3159260976268965,wave1,0.3159735757059292,0.3163678973336759,-0.977257325333296,0.2533151833230901,wave1,0.2536513825844081,0.2534730999157512,-0.5016337933372371,0.2874108341357552,wave1,0.2872546081218836,0.2875196205069274
1344,0.4604986277139273,0.1346194571633416,wave1,0.1343079575080711,0.1340674102498659,1.323478219684152,0.6032859815175917,wave1,0.6029648752308612,0.6033040151412732,1.529807964926648,0.2371271016959871,wave1,0.237391151882519,0.2374313110108276,1.3981405005424032,0.3258660084011914,wave1,0.3256442766156643,0.3259474816831555
1346,0.1416843035279325,0.3812237487085984,wave1,0.3808206429321531,0.3806900991702043,-0.8342419736347202,0.1249152998412308,wave1,0.124744435926736,0.124952982653997,0.0153801576290531,0.4403110231184337,wave1,0.4398243878057646,0.4397109144964624,-0.8931918753289513,0.3070754508531961,wave1,0.3074346532584078,0.306971592542012
1347,-0.2190219491333962,0.3149139650022471,wave1,0.3143614537615721,0.314172903191963,1.179983065954988,0.3178524095364086,wave1,0.317889455968948,0.3182971843351319,0.1951282868204187,0.3634716844964124,wave1,0.3636865491079927,0.3634859439101884,-0.0550092997564521,0.3394045691096876,wave1,0.3391966345637531,0.3394349338568944
1348,0.5544652197822294,0.4668202578787885,wave1,0.4664456143584703,0.4665322959351463,0.5738339377034183,0.4999421725088385,wave1,0.4994511656174109,0.4994801385786988,1.2142677189856577,0.3794944551629601,wave1,0.3793078749142383,0.3790886580476155,1.250298797989878,0.2500257396232716,wave1,0.2502402359067736,0.2505136604373048
1350,1.3230940116818504,0.3441677195064784,wave1,0.3435748648126763,0.343375040243364,-0.0387577080496556,0.4129263387741346,wave1,0.4128932177266819,0.41312224109212,1.5411085903931578,0.2056833040675892,wave1,0.206044008793868,0.2059186441219539,0.364715483236701,0.0467159276599053,wave1,0.0470492308909237,0.0470826166138628
1351,0.00974812468391,-0.2243616271479634,wave1,-0.223777579556384,-0.2238703040003288,-1.1937956483962884,0.1123803591215697,wave1,0.1121329954030558,0.1119412191211468,0.6425740783374762,0.0311313100318292,wave1,0.0313652590381327,0.0312515162593517,0.7855066215194481,0.2147024606375745,wave1,0.2148153473405474,0.2146085806836633
1353,-0.1722165628279452,0.1760500155525595,wave1,0.1760165293772331,0.176113503340461,-0.8442846545642568,0.1756589810477676,wave1,0.1756170161894029,0.1756294868451332,0.0751555746057451,0.1642254665505095,wave1,0.1642302449667917,0.1640348116251538,-0.6115115230140444,0.1795741927662343,wave1,0.1799425449987636,0.1801543549121229
1354,-0.1327218855617683,-0.2358764530254411,wave1,-0.2352988097075028,-0.2353969183394635,0.4947943795803266,0.1827420544356085,wave1,0.1828001491375949,0.182727131900095,-0.6336136169749127,-0.1999827781301304,wave1,-0.1992887552101745,-0.199406772841201,-0.773709037223384,-0.0886185382345495,wave1,-0.0882541432382807,-0.0879014302245874
1355,-0.7965788676281271,-0.220766355403047,wave1,-0.2202926491968353,-0.2202725293970424,-0.0585611387676469,0.0621743290624444,wave1,0.0623545479865622,0.0621183377095508,-1.1072877710672009,-0.0024851754473482,wave1,-0.00215639126686,-0.0020372013563902,-2.513881937286021,0.1754227990263462,wave1,0.1754711244785866,0.1757553862196946
1356,-0.0668608410632535,0.5357478460820078,wave1,0.5350977562339208,0.5354103839804933,0.9529288615138806,0.5024378503627382,wave1,0.5018029814691756,0.5019926339606473,-0.704923987114941,0.445825635213845,wave1,0.4455312309899593,0.4455264026286982,-0.3380259616265922,0.2606745674475691,wave1,0.2605342956111846,0.2605200652710801
1357,-0.8837255228249377,0.4380282003779112,wave1,0.4375225494313768,0.4378134066377304,-1.046698453739596,0.3690141520605074,wave1,0.3685543178854946,0.3686590708970867,-0.8283121324418271,0.3762773283340379,wave1,0.3761563761657929,0.3760770920468161,-2.150356117260629,0.3972184526228303,wave1,0.396846660608272,0.3969056684451981
1358,-0.1335469235421131,0.0649910891815622,wave1,0.0650425844957026,0.0652876734764711,0.5282643014854508,0.1660051504035274,wave1,0.1662777898404955,0.1662479180595805,-0.3064777629241116,0.3075998719262671,wave1,0.3077618935829342,0.3076339592902715,0.4160310915098737,0.4256555946676246,wave1,0.4250775710100581,0.4252954898759447
1359,-0.9726702467725048,-0.1008327308792835,wave1,-0.1005386590464636,-0.1004541188372052,0.4244920855453206,0.3762779509034261,wave1,0.3755505473413015,0.375784294456395,-1.184949887024324,-0.2126876273745347,wave1,-0.212327942366388,-0.2125000041685129,-0.9893907350819624,-0.1315713005612842,wave1,-0.1308576822148109,-0.1307509979234578
1360,0.0862126973459212,0.1410270176763454,wave1,0.1411855340572579,0.1410566330678476,1.3295651958348382,0.5765404758549644,wave1,0.5757639405975814,0.5753420688911537,-0.0143793385689597,0.1416498453635361,wave1,0.1417228158744586,0.1414811503956027,0.8397156793089001,0.2523424307645217,wave1,0.2523775794070547,0.2521299398702721
1361,-0.2964838822090338,0.1392095693951124,wave1,0.1391559440750697,0.1389691787915316,-0.703944523594879,0.5549497482625678,wave1,0.5540480315281309,0.5544877014040595,0.0861872324233875,0.2085130399093899,wave1,0.2083320958129042,0.2082395107848587,-1.640791417611999,0.2997360681871146,wave1,0.3001383038221303,0.2996321375898756
1362,1.294753914154563,0.1053032324450758,wave1,0.104937844341006,0.1053141541066362,1.58031953752582,0.4473360599106951,wave1,0.4463135360792872,0.4466047989201446,1.6608128484845033,0.2694829897097031,wave1,0.2692698478031143,0.2693247755532408,1.1510006549912486,0.1987965876599934,wave1,0.1990378542109853,0.1986579702631449
1363,-0.8651437891314963,0.1767529662068706,wave1,0.1766653822702913,0.1767678922883609,0.3181776909196449,0.6094117079893787,wave1,0.6090545653523306,0.6090231743514439,-0.2030903819324651,0.1947229423145342,wave1,0.1949826887042152,0.1949364314981314,-0.2279789332303581,0.3281431806652287,wave1,0.3276990471130372,0.3279328701945643
1365,-1.1290104768720826,-0.4725242583343089,wave1,-0.471651982657239,-0.4716474477551412,-1.9784233727583296,-0.3543882722181893,wave1,-0.3535975903642455,-0.3533186425678746,-0.7628649526830746,-0.224306004075572,wave1,-0.2236759986444119,-0.22397001394832,-1.6783547801533527,0.0419808064125594,wave1,0.0424320455721773,0.0421262038671765
1366,0.2361248237367773,0.0139129788888889,wave1,0.0140553486643795,0.0142697698611446,-0.7842685809678729,0.2917058993598924,wave1,0.2912993965635,0.2914772703352251,0.4619488788667114,0.1760231863171106,wave1,0.1761885647226646,0.1761414824959979,0.1161171694268854,0.3775786146829971,wave1,0.3772491095557692,0.3773267042837673
1368,-0.57987107913416,-0.2089528359857945,wave1,-0.2084036952930682,-0.2084283666442449,0.6752719195857507,0.1374550542372507,wave1,0.1371082353670893,0.1369587942652805,-0.0750533217658412,-0.0852406156518711,wave1,-0.0848956450373458,-0.0850835027832209,-0.3932166219865962,-0.1277098398004154,wave1,-0.1270910222382656,-0.127402793010016
1369,-2.112215520597176,-0.2163290772855777,wave1,-0.2157023541667373,-0.2158040976407458,-1.0583118082559155,-0.1485345348065357,wave1,-0.1481979982877176,-0.1479648414505066,-2.1859217047653123,-0.0348472395287338,wave1,-0.0343944316503086,-0.0345011204322305,-3.2995131161884452,0.1455428844481555,wave1,0.1455725040015899,0.1458812010017919
1370,0.8260773060372075,-0.1791182102807772,wave1,-0.1789422033584512,-0.179236523134136,-0.4623916045339653,-0.1746160740903763,wave1,-0.1738640416880881,-0.1736769793894339,1.055919792934078,0.189654816032223,wave1,0.1899345612512205,0.1899880761756848,-0.5202330694759295,0.1608134185814861,wave1,0.1610061486466413,0.1609972242817454
1388,1.005905529101003,0.2916904396510177,wave2,0.2914740144392084,0.2912125286449679,1.2468048233282452,0.3349040287973819,wave2,0.3343361280213853,0.3348177166955948,0.0321401056653119,0.2541211582379534,wave2,0.2538323487575376,0.2536588086512221,-0.1950959018248884,0.0247958417782408,wave2,0.0255506142847743,0.0249410424024445
1389,-1.4364349268408836,0.3690453986172949,wave2,0.3682284461266584,0.3684785354588106,-2.351823051503106,0.0333706229274012,wave2,0.033393038469132,0.0339152311977816,-0.0396379608704761,0.5420763231544835,wave2,0.5416134135085168,0.5414601776133875,0.9565292039193096,0.3326371854023921,wave2,0.3322055794429434,0.3325002865742554
1390,-0.4146558664371161,0.507297425775713,wave2,0.5068494116255964,0.5069297204716119,1.4023248560719688,0.5664527555576456,wave2,0.5657738414726609,0.565891495067861,-1.0904050673932468,0.3225212806877181,wave2,0.3223673012530647,0.3221248334105594,-2.597201460511767,0.2181831299082543,wave2,0.2184492142210096,0.2186101754249835
1391,0.1731620923334803,-0.0607030966873099,wave2,-0.0608806417704435,-0.0606521075419555,-0.3283453309416909,0.0261578877656186,wave2,0.026234591474881,0.0266596294972963,1.065691685751903,-0.1572603108234801,wave2,-0.1568012723209072,-0.1570282521146543,1.4356841137463472,-0.1613185637311774,wave2,-0.1611536306713779,-0.1609190752108893
1392,-0.5121738614410692,0.201860385506388,wave2,0.2012457600469179,0.2014333723850167,0.2139366406100137,0.403204333648507,wave2,0.4027301633414802,0.4031696640561407,-1.2437325665098735,-0.1110364839156939,wave2,-0.1106448413263726,-0.1108726744996427,-0.0234866458229796,-0.2013143673148852,wave2,-0.2009798808130019,-0.2008006004347132
1393,-1.1607256366737222,0.2582889236194686,wave2,0.2580786935803111,0.2578928577563214,-0.4649418590778309,-0.0589107616815158,wave2,-0.0589163223443753,-0.0585381804533906,-1.0126395040399183,0.4225941263693604,wave2,0.4220369920033664,0.422039764236644,-1.8033909353516933,0.1831742720269684,wave2,0.1836987211422067,0.1831226577908012
1394,0.337197273109782,0.1138311478559944,wave2,0.1139280929937333,0.1139332632539728,0.1364350832795826,0.1209717060898337,wave2,0.1212049617087182,0.1213176536791961,0.463363578644319,0.1037873331560239,wave2,0.1039128241632469,0.1037701013568177,0.4221907401816844,0.0802585484652493,wave2,0.0806014311305038,0.0803510132182347
1395,-0.4700640283158295,0.2927922793940398,wave2,0.2924934152262448,0.2929034917019653,0.2178324011097925,-0.0194144170912686,wave2,-0.0194824559328578,-0.0191131430287196,0.3212751315302515,0.3302250000807565,wave2,0.3300833669445666,0.3301560516372406,0.6230152191637994,0.1815396088816058,wave2,0.1813951872400804,0.181497397464624
1396,0.6979188205246644,0.1497914633218399,wave2,0.1493029488031174,0.1495781430340352,-0.1543654279305006,-0.2054846572901826,wave2,-0.2051064168815594,-0.2046242020735552,0.987015923383426,0.3584750966449982,wave2,0.3582456891742779,0.3580611181293244,1.0584208163762148,0.3565494431271414,wave2,0.3559499003132406,0.3563260196794448
1397,-1.738916445381803,0.097202636448036,wave2,0.0971705378483986,0.0972669378721045,1.5043744974512725,0.1890353731513777,wave2,0.1887297297089015,0.1889265917114858,0.7904983537184407,-0.1234704649068908,wave2,-0.1232708321186789,-0.1234120901568224,1.447733706640563,-0.0524106306806369,wave2,-0.0517186079067178,-0.051714757974773
1398,0.0943982818689001,0.0621127418304948,wave2,0.0622672530460356,0.0622882658268332,-0.9108475629338952,0.0468303133227367,wave2,0.0471967524036679,0.0472871489369019,0.5352563947820134,0.0834786866890187,wave2,0.0836366988094743,0.0834903090325462,-0.3897408786557621,0.0306212188128069,wave2,0.0310297289611795,0.0307754836784898
1399,1.3202202889514112,0.1590580303914829,wave2,0.1591059696759459,0.158815721459243,0.1030790407175683,0.1654909098205899,wave2,0.1651783342368452,0.1655876111620021,0.6257474208906764,0.1590969251992851,wave2,0.1590336694389047,0.1587670364103659,1.1880730916510756,0.1719033207420388,wave2,0.1724980083672027,0.171930765211205
1400,1.3861154095775954,0.3027361866052077,wave2,0.3026070999431286,0.302599666147148,1.558698145871039,0.3481427203790624,wave2,0.348114562643176,0.3482348663658362,1.2229370471054877,0.1576342892150373,wave2,0.1576410992518202,0.1575566560819556,0.8064063733977042,-0.0140225290164784,wave2,-0.0135348768779169,-0.0138984162943148
1403,0.4369753756547512,0.0416322097179776,wave2,0.0418705551575021,0.0418584586683518,0.2302970374487006,-0.3053640743078575,wave2,-0.3046592250228087,-0.3044104936298833,-0.1418452635616175,0.174135250013802,wave2,0.1741654709085509,0.1739888904309234,0.6096676495814792,0.1858691440685599,wave2,0.1860918648400384,0.1858437408658421
1404,0.831170320546692,0.1587059959514886,wave2,0.1581885337278836,0.1584563728144296,1.0738812989627733,-0.167190173866771,wave2,-0.166865791241373,-0.1663921709079577,0.3719389285703346,0.3015599764732043,wave2,0.3014020107226628,0.3012033503921772,0.2194791507682123,0.3434425975806445,wave2,0.3428546970754315,0.3432375655464227
1405,0.7860262458534075,0.4116046968923746,wave2,0.4114349006371866,0.4114011999679589,0.6564414647510153,0.0546080793870974,wave2,0.0549087631353272,0.0551228810235488,0.8413230252049604,0.4926720664731887,wave2,0.4922030221626203,0.4920804641625314,0.8649445186216237,0.3303193195231041,wave2,0.3303092617926454,0.3300483300631049
1407,-1.1624514174273402,0.1592310142798129,wave2,0.1591538756357747,0.1590259123688556,-1.119343849282544,-0.0535499470358368,wave2,-0.0535337177392964,-0.0532271095037352,-0.4857485090218476,0.1569048373081867,wave2,0.1568090186063462,0.1566124948663008,-1.0970821867175216,0.0382068355486582,wave2,0.0389452207476182,0.0384779634069103
1408,0.4526697990056575,0.3195507687134939,wave2,0.3193282225139755,0.3192565686440953,1.4961849582208613,0.4361459146343879,wave2,0.4357728885869022,0.4356463103864553,0.2190027096221953,0.1169174595460886,wave2,0.1171579085323935,0.1169960308692603,0.30355121589386,0.0105461929188553,wave2,0.0107595870558486,0.0111220416078371
1409,-0.578316030404303,0.1267773289145947,wave2,0.1268331554594838,0.1267393108316986,-1.4095240622577128,0.1449758479810232,wave2,0.1446634172801437,0.1444814114225785,-1.072464446147317,0.0592863169132446,wave2,0.0594743978879254,0.0593025733380504,0.0642939104903444,0.0856997027252808,wave2,0.0860506047273544,0.0857901525886995
1410,2.8759367686175223,0.4542530142414979,wave2,0.4539611127613777,0.4539333473425141,1.7360991651295667,0.4945968000101711,wave2,0.4943550007584992,0.4944771656094088,1.42045923696524,0.3150342780511799,wave2,0.3148107913701257,0.3147277892913049,1.5937616844620155,0.1601997641369993,wave2,0.1604250548461613,0.1601159077841205
1414,-1.4479903752892318,-0.1459696625994159,wave2,-0.1455159822206658,-0.1457422792163841,-3.1056941348154576,-0.4700948281253964,wave2,-0.4696078419413771,-0.4691404646167553,-2.340092187487533,0.0041971171370795,wave2,0.0042803653424168,0.0041242760680009,-1.4999694407739057,0.0055963002936259,wave2,0.0064119850906168,0.0058433612864375
1415,0.4316207928960966,0.4053296196038948,wave2,0.4048914882787903,0.4047581197537265,0.6059105910708392,0.1406585752533134,wave2,0.1404701105780897,0.1406729171797128,-1.412222257987906,0.4772327897668718,wave2,0.4766907009713517,0.4765939036117355,0.2256909432278265,0.3377682604558882,wave2,0.3380836291120916,0.3376161404479052
1416,-0.2864263859819063,0.1533317988846029,wave2,0.1528089891476617,0.1530684014332241,0.7900281861439075,0.2712165095639628,wave2,0.2709424271866839,0.2713396404292182,0.3221426545106974,-0.0403024704997622,wave2,-0.0400331648825366,-0.0402238641766573,0.6590032434191523,0.0534485491288738,wave2,0.05327760887209,0.0535862586663959
1417,0.4081616037864337,-0.0921889742633271,wave2,-0.0918428959130369,-0.0919795331373279,1.137482572157798,-0.36303238570071,wave2,-0.3626611205795385,-0.362855098629252,0.6398154838253663,-0.0058952297566606,wave2,-0.0056337361457968,-0.0057330564588574,1.2184823026076623,0.0205927006584965,wave2,0.0208653670359007,0.0208786672757759
1418,2.21245328147043,0.4756239676842886,wave2,0.4752222287935856,0.47530663269019,1.198604372695587,0.5248852176739608,wave2,0.5243023887189263,0.5243805447082143,1.0451651646256,0.3351467292599516,wave2,0.3349880025266311,0.3347645797370614,0.3961114059366335,0.2171236214673883,wave2,0.2173870438114595,0.2176007603167501
1419,1.2979696851708675,0.3297752888226352,wave2,0.3289966083006534,0.329226444754326,0.930745503964956,0.0361985801307266,wave2,0.0362170840983225,0.0367320946734145,1.4419236154570585,0.4129971702116678,wave2,0.4127092273179277,0.4125222088200561,1.0730272125167974,0.2526035797611933,wave2,0.2522824577573991,0.2525705547475638
1420,0.1295757240917899,0.2167104275515629,wave2,0.2161171589958605,0.216404350492862,-0.8538886744284694,0.2743533094152427,wave2,0.2740706800497857,0.2744764370506843,-0.2030390153140978,0.1300297004500713,wave2,0.130071115696699,0.1299231956153735,0.1448254202339772,0.1678913958026746,wave2,0.1675612335271745,0.1678842512823294
1421,-0.8367014005310115,-0.0193315972738473,wave2,-0.0190518159641083,-0.0190662654809917,-0.1715131635128584,-0.2529889994652098,wave2,-0.252346878575277,-0.2520466425555921,-2.571374789676558,-0.1068229288314628,wave2,-0.1064354334297912,-0.1065483322962534,-1.8895591879367857,-0.2009862524963446,wave2,-0.2001593731220353,-0.2006299092864379
1422,1.175126647081052,0.0141204625318753,wave2,0.0143986458141236,0.014455932932232,1.1802794047640826,-0.3723351649942145,wave2,-0.3715776836763124,-0.371595656096913,0.4527487622688032,0.3051084228008248,wave2,0.3050843927323782,0.3048687869076097,-0.3417814209584796,0.2956257970222397,wave2,0.2958225789324939,0.29625902321567
1423,-0.2981561077930731,-0.1069221608428718,wave2,-0.1066305716207951,-0.1062486039212484,-2.854500887232292,-0.4474683295141457,wave2,-0.4469412485101747,-0.4466047664645398,-0.1226157796354771,0.0807179494523742,wave2,0.0809647096565349,0.0810879843489689,0.0962146515654775,0.01934023518052,wave2,0.0193060832563842,0.0195215916586621
1424,-0.1095251066635132,0.3591045047258142,wave2,0.3585498363728335,0.3581952899668382,-1.3617590702280071,0.0342368407671864,wave2,0.0347471682360382,0.0349370224551193,-0.0730534071576224,0.4510447677179198,wave2,0.4510185994105845,0.4510102536683343,0.0787259434984272,0.2531669593453955,wave2,0.2531972500623173,0.2532175527373612
1425,-0.7047037198106558,0.1476068347300934,wave2,0.147571530687266,0.147582906266275,-0.267326073365626,0.1603432313565464,wave2,0.1603004882994775,0.1600967950825022,-0.891449427855484,0.0617395618735838,wave2,0.0620148623737821,0.0619905034476246,0.1249459452449788,0.0898695619828037,wave2,0.0900287483449907,0.0902904620062226
1426,-0.2416953757084309,-0.5779818050934074,wave2,-0.5774154598248433,-0.5773089334951926,-1.5389684227395402,-0.3350561423081185,wave2,-0.3344338922313833,-0.3339965533419972,-1.7158236907957611,-0.8020210485660674,wave2,-0.8006668873565509,-0.8010520411628,-0.7334384484015092,-0.7889961912249208,wave2,-0.7879065699745276,-0.7878232827487421
1427,0.2309879243128979,0.4431990415183919,wave2,0.4428436454914879,0.4429321022376966,0.7920693922933881,0.4838254998668402,wave2,0.4833380654995792,0.4833766562547555,1.1986944039650795,0.3465104982291259,wave2,0.3463472508586408,0.3461434001550901,1.0243414849295676,0.2163589135349159,wave2,0.2166189173537264,0.2168852818941735
1428,0.7537332671034198,0.3452806295568241,wave2,0.3446908733138717,0.3444649934055083,0.2888487209376122,0.3683023063160844,wave2,0.368276626361733,0.3686932302930907,-0.1075823324676228,0.3526421659340059,wave2,0.3528576925302008,0.3526812923967165,0.5972650838180467,0.3662297697852874,wave2,0.3659479920595465,0.3662389623976897
1430,0.8798172589249256,0.4000860675433789,wave2,0.3994874992968023,0.3997322863359117,1.426602013488097,0.464009377741129,wave2,0.463099472646309,0.4632927318695007,-0.5217957197564428,0.2291533345137892,wave2,0.2289751904349808,0.2291216382131504,-0.6868066838590896,0.150056401345161,wave2,0.1504238651034339,0.1499735189067316
1431,0.0850682766342799,0.1754397675619484,wave2,0.1750993573668816,0.1748207989158009,-2.635352850815076,0.2987797282056523,wave2,0.2989140027190817,0.299082028558939,0.3792419208861106,-0.1284186097374392,wave2,-0.1276691741290309,-0.127775398761564,-0.0083844402812779,-0.1737337462838495,wave2,-0.1730808280554166,-0.1730728665937191
1432,0.7160125106312475,0.2149781092727009,wave2,0.2146296534110651,0.21425766011451,-2.1347134604761147,-0.1507923169096559,wave2,-0.150087573378133,-0.1497645469032229,0.2739369341209555,0.4179459012225884,wave2,0.4180015519870163,0.4179141531979894,0.1838271572950551,0.4008342528745962,wave2,0.4005561775923027,0.4007286993581497
1433,0.4205946559440644,-0.0031314618626049,wave2,-0.0028930781606107,-0.0030902918118825,0.555613232699823,-0.3104267351408662,wave2,-0.3100897482087258,-0.3097503739395699,-1.193837996392626,0.1162601001612766,wave2,0.1162422744799509,0.1160525918692672,-0.4887558097551453,0.1654739247681352,wave2,0.1660705072492028,0.1655646390374736
1434,0.2156344167620538,-0.1273385316266114,wave2,-0.1270072715350426,-0.1270174001823115,0.4847826050270969,0.0369719707319406,wave2,0.0371878757356724,0.0374144872891336,-0.0427576644102112,-0.3493334518451851,wave2,-0.3485751111805324,-0.3487022161220003,0.6689814729865747,-0.2453577857248948,wave2,-0.2444765371346591,-0.2448903866600278
1435,-0.0322908099837154,0.1809471403114671,wave2,0.1805024264108219,0.1808822703826438,-0.2092919704345177,-0.1834169705593037,wave2,-0.1833650413305853,-0.1834090643967844,1.3560871340339082,0.3108503632592962,wave2,0.3106923001148476,0.3107137691957513,1.2907384262501655,0.361125174132826,wave2,0.3613466961242208,0.3608129537750752
1436,2.145393615943142,-0.0484347817930314,wave2,-0.0481345200915609,-0.0479110630615941,0.1044601367153245,-0.4076068924784831,wave2,-0.4065862326879453,-0.4065507300547276,1.3167550876282297,0.1386004026447269,wave2,0.1388974241680427,0.1388962443875787,0.9365137861961907,0.1066463682303625,wave2,0.1065094683089354,0.1064518280849673
1437,1.3322674730062376,0.4127714770332966,wave2,0.4123014387246515,0.4125993310959974,1.2754991590721914,0.3540933418939944,wave2,0.3536499434958278,0.3537633995612903,1.3500390243071638,0.3428518329059347,wave2,0.342775031435105,0.3426965640166377,0.7289642069223229,0.3670617506470907,wave2,0.3667282528232384,0.3667875035609519
1438,0.8776337685593698,0.2450851507128797,wave2,0.2449344896277459,0.2450207093530994,-0.3688192197533543,0.2833345762575402,wave2,0.2830099072930289,0.2831499142353179,0.3509626746859798,0.0906242148520243,wave2,0.0906686485482898,0.0904320645028008,0.35357637633529,0.150958418397143,wave2,0.1513771543484494,0.1514234414940737
1439,-0.69351914022318,0.2103930991034123,wave2,0.2103707302005156,0.2102635053846414,0.1441428803064803,0.3069219613425225,wave2,0.3063790389575116,0.3061430862686691,-3.3321979178113934,-0.0765428185367348,wave2,-0.0761957313145208,-0.0764907462122158,-1.605742687972521,-0.2033073439496566,wave2,-0.202542711434902,-0.2028673399552
1440,-0.5105011933503928,0.059184040597596,wave2,0.0592372227245974,0.0595987672992386,-0.8940270655762087,-0.3153404006356319,wave2,-0.3149868397246218,-0.3146910542648558,0.1056241959971274,0.2482555256638121,wave2,0.2482892506640721,0.2483791566671003,0.9907479705973694,0.1991746914510889,wave2,0.1989199952178348,0.1991248660468909
1441,1.3730761635033135,0.3352710907669363,wave2,0.3349562718315729,0.3351008595093341,0.1999171569495929,0.422413146751217,wave2,0.4222723268042746,0.4223062915643106,0.7412353364737179,0.2280657125838969,wave2,0.2282223636390015,0.22831885678723,0.3391598437892825,0.0583254769262649,wave2,0.0582973414111485,0.0583209741460478
1442,0.8164868266649661,0.0920574739517785,wave2,0.0920908678200105,0.0920913506739882,0.2159293633955527,0.0991617961054419,wave2,0.099210295940188,0.0989979815653598,0.7605405441639378,0.0415627764054007,wave2,0.0418624536917611,0.0418399388943884,0.1611991843291844,0.0401617364904224,wave2,0.0403859265814642,0.040671691035592
1443,0.9338028624222962,-0.0447167256930236,wave2,-0.0447385574483711,-0.0444700357625671,0.5972980598961266,-0.0347069611092293,wave2,-0.0349204178671181,-0.0347678647190815,1.4348819823171857,-0.0872850761125758,wave2,-0.0869485633494608,-0.0868805344072862,0.7266894982318104,-0.0642833601946367,wave2,-0.0636359426201334,-0.0639024546540259
1444,-0.5177859937635586,0.4299670297400544,wave2,0.4294659385189665,0.4298066205583586,-2.689996688614646,0.4385108738884293,wave2,0.4379482549044813,0.4381725695905218,-0.5433878251458136,0.3083070532530827,wave2,0.3081932354759471,0.308191783127498,-1.26251901753909,0.1361286682283546,wave2,0.1361475653521719,0.1361340802290635
1445,-0.5704395889992818,0.1581122852600787,wave2,0.1581466582428752,0.1583189199108262,-0.8458915793975685,-0.2318077828763255,wave2,-0.231033175229618,-0.2310213620532907,-1.7946141653659895,0.4082316031863737,wave2,0.4081871310767508,0.4081970445161624,-0.5837591552044037,0.3425539145272578,wave2,0.3421773801989063,0.3421719792616964
1448,0.5216114781689332,0.2241892544709884,wave2,0.2240348479016061,0.2240613282394268,-0.068396755850724,0.2169278386708874,wave2,0.2168112496570108,0.2165699053252251,0.2774784180493088,0.1666844749926084,wave2,0.166794018513956,0.166812350801869,-0.5075359468104516,0.1677635735455892,wave2,0.1678126085745704,0.1680883900498423
1449,0.5744281466085401,0.2708445824565371,wave2,0.2706053287551127,0.2708333640140182,1.1120833648352584,0.4401820207991783,wave2,0.4400065151860154,0.4401239502937674,-0.0825610040232937,-0.0155030779710558,wave2,-0.0149976268028246,-0.0150121976808919,-0.4675351216562456,-0.030601752792106,wave2,-0.030674281301717,-0.0305701106563207
1450,0.101912548173631,0.5439297143190074,wave2,0.5433338568199231,0.5435888850626234,-1.73595880355151,0.2892453294457765,wave2,0.2892942815533351,0.2893432790594475,0.0115733202844329,0.6407615726575895,wave2,0.6404669565504031,0.6404277579151498,1.021232814627574,0.5055141187612413,wave2,0.5049066492387244,0.5050547929767715
1451,1.126731258841828,0.3675218427167835,wave2,0.3668818948277997,0.3672059812235254,1.2010476029929096,0.1049387365832897,wave2,0.1046388488047448,0.1046034467708546,0.3225396398871204,0.2780094606003063,wave2,0.2778016376942189,0.277937576505372,1.0029261637052902,0.2768364549557184,wave2,0.2771527329700533,0.2764823870830814
1452,0.7066526136386958,0.0109968125790951,wave2,0.0108282937929105,0.0111651227689857,1.0870845217938043,-0.2896928167795266,wave2,-0.2894337969912851,-0.2894783081957478,0.649281239298561,0.0186621908085307,wave2,0.0189007051947238,0.0189356025684892,0.6431951002165952,0.1546086426342092,wave2,0.1550862093522404,0.1545751739389309
1453,0.8594046796642626,-0.1222553994685383,wave2,-0.1221278989401795,-0.1224873643400782,-0.0104502443823246,-0.5003401587324547,wave2,-0.4991593237620484,-0.4989542501902893,-0.6375918134258091,-0.0179713775878372,wave2,-0.0173630348340881,-0.0175067613160498,-1.4020587760968366,-0.0075075431293634,wave2,-0.0070738457045729,-0.0071191605859562
1455,2.2561047059388533,0.362401406948204,wave2,0.3621789512465014,0.3622115649625088,1.6522246273578416,0.1209220890424797,wave2,0.1206721005581513,0.1209551490908927,1.617572849722169,0.2620756666694014,wave2,0.2620339801055277,0.2617554499940696,1.1826682761537446,0.1941334787369146,wave2,0.1944355659819613,0.194581607742741
1456,0.5974647998570572,0.1359456004266495,wave2,0.1359940392387291,0.1360493289801188,-0.0898173603581771,-0.1265849390798396,wave2,-0.1264127676524801,-0.1262484588733819,0.7512756151928103,0.1782937574242465,wave2,0.1783313572328834,0.178190078190629,0.4717502524673662,0.0501154600400527,wave2,0.050597008534394,0.0509256804754014
1457,-0.4840265582308958,0.4020522453452936,wave2,0.4016283530254426,0.4014487699507815,-1.929824165999431,0.0700899391011702,wave2,0.0699537580807086,0.0702504997438134,1.2391314076945863,0.5854612499298528,wave2,0.584691807509536,0.5847280457378519,1.1304210440675388,0.354738079413903,wave2,0.3550214620086429,0.3544639840227888
1458,-1.8840271134611428,-0.1813885996925801,wave2,-0.1809991039424621,-0.1805765834055024,-1.9054256168122412,-0.4629042187802563,wave2,-0.4623825235940797,-0.4620098276742601,0.1333286028633253,-0.0845599958682414,wave2,-0.0840938953409387,-0.0839978240467649,0.0271004088642476,-0.0820686907668686,wave2,-0.0819648251224949,-0.0817580058970462
1459,-1.779766404502571,0.0780662615875184,wave2,0.0779273889737902,0.0774722768812456,-1.1981152968145747,-0.177930601365146,wave2,-0.1771145930532935,-0.1770242950396761,-1.5946228464919745,-0.0683619325103889,wave2,-0.0677739578824369,-0.0677675215953309,-3.0431203622465355,-0.1135645814724342,wave2,-0.1129828301670728,-0.1130305304454622
1460,-1.3054650404839327,0.2305252169644487,wave2,0.2301230706611612,0.2304041604653579,0.4951036755891762,0.2235789640336049,wave2,0.222976834142624,0.2231870034242044,-1.9594925764962956,0.22455338005425,wave2,0.2244799425783745,0.2244957981967656,-1.089083683655917,0.2494723271006129,wave2,0.249723100818721,0.2493973888322768
1461,0.6192840810643979,0.4629623938470065,wave2,0.4624792974675075,0.4622904433853162,0.630809013371279,0.576957144689813,wave2,0.5761756638529449,0.5764288260717232,0.7195999948926086,0.2858329561128507,wave2,0.2856285674995695,0.2853045923699113,0.6196252166954148,0.1899750358573253,wave2,0.1905112480166957,0.1900507304653074
1462,1.1351465321635674,0.3901414574015102,wave2,0.389548634710878,0.3891570147018716,-0.0061238397675804,0.0894884858116555,wave2,0.0899288151820614,0.090127595444065,0.7936443598982307,0.4413887170926419,wave2,0.4413609319118426,0.441376888757702,0.5492409975716892,0.2811178893335528,wave2,0.2810725937819118,0.2811458043213599
1463,1.4501367634960776,0.2604268104727767,wave2,0.2599835700874587,0.2602547220142722,1.3014861059620653,0.2845769913627817,wave2,0.2838932240478741,0.2840269050114626,0.7720226714215936,0.166398844619577,wave2,0.1662914090119884,0.1664803891877024,0.933117530806296,0.0053449927337265,wave2,0.0059001704096803,0.0054929101532469
1464,0.9735082149027472,0.2852623033793149,wave2,0.2850019124271164,0.2853269916296149,-0.7561673777487715,0.0765519469906269,wave2,0.0768979333363776,0.0769838972504074,0.1617145990195991,0.2966861800302329,wave2,0.2968347464290051,0.2967712415498209,-0.7206978855798192,0.2082404276572472,wave2,0.207923900121737,0.2080172333222363
1465,-0.7172032889703533,0.008013902508391,wave2,0.0078928280901026,0.0077213137310162,-0.7110046945559588,0.0042227001935981,wave2,0.0046831351381855,0.0049815494606382,-0.7835639145676261,-0.0157210302487663,wave2,-0.0150265463691235,-0.0152822454818922,-1.3558963710397045,-0.0246483788226113,wave2,-0.0242129312385615,-0.024184700595782
1466,0.1292294662148163,0.1976571168945495,wave2,0.1974955732072167,0.1978288401358439,0.6282379418750837,0.1964975534047457,wave2,0.1962537925279506,0.1964259503050434,-0.905338838953484,0.116024422844944,wave2,0.1162412595846233,0.1161983579844168,-1.227545145285221,0.1296361047700948,wave2,0.1295955541713568,0.1296661110153127
1467,0.5133361707243619,-0.0553963504947733,wave2,-0.0551767253729066,-0.0551573444368093,-1.1297348053214828,-0.4025187729757964,wave2,-0.4021298347338491,-0.4022514189652515,-0.1653031577440662,0.1955389766558378,wave2,0.1954921412592679,0.1954960860790512,0.0727307895271136,0.132349328659837,wave2,0.1324777996045119,0.1324239548429447
1468,0.104820965096099,-0.0246896688243695,wave2,-0.0244197050138467,-0.0242055433725911,0.8487385172427588,-0.3903830176758754,wave2,-0.3893860442918982,-0.3893570785686165,0.5642190370942737,0.1779852160380566,wave2,0.1782300232383551,0.1782355457478026,-0.0802492464997551,0.1345889699814758,wave2,0.1344305022821819,0.1343740535456963
1469,-0.9655589185020104,0.2743531563008046,wave2,0.2741204108743076,0.2741569390108911,-0.717156595018577,0.2539327381803143,wave2,0.2537677674210646,0.2535014005874479,-1.543502516187946,0.2352478979363912,wave2,0.2352483801393026,0.2352951736624167,-1.2428693052106103,0.2190839436002037,wave2,0.2190602736268957,0.2193453228953422
1470,0.8986962049771696,0.2313874018722783,wave2,0.2311720311126017,0.2315186034067244,0.8262839596500859,0.2472912243578957,wave2,0.246966301778696,0.2471404945288722,0.7125787164907774,0.0996107784979976,wave2,0.0998521325185406,0.0997795981611437,0.8275052841985577,0.1531759080528675,wave2,0.153114169466272,0.1531751419359736
1471,1.2288472565506685,0.149280158496957,wave2,0.1489723450466824,0.1492650295104014,0.1288716605105795,0.1263446889777327,wave2,0.1258683821533815,0.1260466104414429,0.2517020567713964,0.175939930776539,wave2,0.1759245381256415,0.1759637509634806,-0.4358220856148636,0.1616220315231393,wave2,0.1619859337265904,0.1616842132858266
1472,0.2109503275958199,-0.2642971749158053,wave2,-0.264161429054809,-0.2637718671809481,-0.2864250659694111,-0.6476313659451266,wave2,-0.6469209882393055,-0.6470847656482163,-1.305023813025278,-0.1156162033958088,wave2,-0.1152240412835263,-0.1151044485356336,-0.269808267312226,-0.1431606331511037,wave2,-0.1422954259480605,-0.1427203774975079
1473,-0.057560871812192,0.4906423295446664,wave2,0.4900585931046222,0.4904401097474391,0.9925197914064766,0.1358092314265884,wave2,0.1355391356647495,0.1358585929569702,1.2883970073826445,0.5291485777757672,wave2,0.5287488209891349,0.5287872412257839,0.8301218894760152,0.3973005423160058,wave2,0.3968887402696363,0.3969799022819761
1474,-0.7653435426570704,0.1742608339673056,wave2,0.1738986722558978,0.173765779120253,1.1245352256334793,0.1486220334489054,wave2,0.1488799551251589,0.149239356225324,-0.7133005268577514,0.2545476940626326,wave2,0.2549163693520401,0.2546652023836787,-1.0273478140516632,0.1843603027148461,wave2,0.1844625265758359,0.1845601317611757
1475,1.9836190983860424,0.1180132675185775,wave2,0.1181670507317528,0.1181379792615381,0.7865773742146424,-0.2102917164255452,wave2,-0.209744799291465,-0.2094788999876907,1.1008296787563905,0.2304208713682622,wave2,0.2303649467626451,0.2301919432530221,0.9640138103913236,0.2707407402848142,wave2,0.2708423332933133,0.2706111655586908
1476,0.9641596942217202,0.1843749434833395,wave2,0.1842517022695356,0.1844915356707744,-0.1092917794172194,-0.1051637827803332,wave2,-0.1045491912677022,-0.1045715440797275,0.4880276351502394,0.4203670335081557,wave2,0.4202835385345567,0.4203826493071065,-0.3199953919721194,0.1345905723400034,wave2,0.1345565855527327,0.1344790122680813
1477,-0.053689860209821,0.3386657254565056,wave2,0.3384478364682056,0.3383820973047194,-1.6101860421923688,0.1267755487632626,wave2,0.1265718917652085,0.126174685259341,0.8783096394593839,0.2896441427390294,wave2,0.2894695359782931,0.2893169274963861,1.1261793156001263,0.1872604538400331,wave2,0.1872794752035014,0.1872057516978434
1479,0.5746663317160478,0.4140510602847657,wave2,0.4136495014621347,0.4134198035506941,0.7013709350869287,0.4785377157250157,wave2,0.4778379625794001,0.4781972116100548,1.1513373658702533,0.3260421451861663,wave2,0.3257136070663784,0.3254896298103933,-0.9497132358907778,0.151169695247835,wave2,0.1517538816085275,0.1512114016804535
1481,-0.4562775408362524,0.0671094151525543,wave2,0.0671919802041108,0.0671944248907138,-1.16056828378691,0.0358850842626545,wave2,0.0356689210606151,0.0355779109328024,-1.3880501169706774,0.1012066517736779,wave2,0.101313679304185,0.1012026107350022,0.0206874331050204,0.0559393145272396,wave2,0.0563490457367524,0.0560427739024363
1483,2.303708686002948,0.4284435544597081,wave2,0.4278031972431311,0.4280513666046999,1.5166292043978613,0.4870402825143066,wave2,0.4860929085667381,0.4862898297349077,1.6020281265315428,0.266851814538688,wave2,0.2666231293903478,0.2667654635416818,1.1844672233697466,0.1833258443280307,wave2,0.1836513069688982,0.1831958421842989
1484,1.6584100627068432,0.1507265960134833,wave2,0.1507950494480241,0.1506810797438802,-2.2134380619066425,-0.1021092536746489,wave2,-0.1018980518227651,-0.1017318001692633,0.3607196721976299,0.1919111093274854,wave2,0.192032935091825,0.1918714082903285,0.3952918973202619,0.0710685821408724,wave2,0.0711773005311765,0.0715637055318843
1485,-0.7805013229523443,-0.2498836257738113,wave2,-0.2492929771284202,-0.2493689946394732,-0.1945772215873689,-0.5645822234853713,wave2,-0.5637885011170948,-0.5636212146768825,0.4014423937601976,-0.1365895154714205,wave2,-0.1360162809100584,-0.1361376402966487,0.1346377926491978,-0.0781763803611154,wave2,-0.0778060626830038,-0.0775302387328768
1486,0.3174818457857861,0.3303213284230634,wave2,0.3295713373697779,0.3298911170692857,1.167577172531603,0.352269618609406,wave2,0.3518748374813046,0.3522787380416078,0.2118132229364681,0.3080892236860065,wave2,0.3078797273858767,0.3077806097840995,0.2620237308650253,0.3282524938885415,wave2,0.3276877107420856,0.3280442617012284
1487,0.213671647086592,0.0397127904398657,wave2,0.0393598353359387,0.0395944973599541,1.4001579656756755,-0.2485301969296279,wave2,-0.2480870442905042,-0.2476123118953715,-0.3966304851987705,0.1150106834279395,wave2,0.1151145731749064,0.1148670412004874,-0.2610194189603127,0.1776110034054742,wave2,0.1772652694442053,0.1776142202465908
1488,-0.001460491391542,0.117659942594398,wave2,0.1176535682010471,0.1176590934246084,-0.6088642477094773,0.1182554653600148,wave2,0.1182790325285449,0.1180541746548126,0.2549750628910968,0.0767991007580013,wave2,0.0770432706375441,0.0770349926058764,-1.100543785467364,0.0661168143288285,wave2,0.0663043320135089,0.0665948236027361
1489,1.4576581408989957,0.4725290357505952,wave2,0.4720366044143836,0.4721579820096747,1.5968192220305693,0.5455814004394276,wave2,0.5452671287977776,0.545296982517835,0.3640412474618611,0.3769461729487557,wave2,0.3769223529953611,0.3770096693634193,0.6048324586769206,0.2091148294119829,wave2,0.2089140760436876,0.2089863164292043
1491,0.1917109945188245,0.3687187023771667,wave2,0.3685530974836377,0.3685904942873776,0.2523303698400022,0.0516457194514384,wave2,0.0516822559667468,0.0518092339553114,-0.4727834569473896,0.4465095402171261,wave2,0.4463461218419408,0.4460612237846663,-0.5181369159425084,0.3302596348116735,wave2,0.3303663339080659,0.3306995787980519
1492,0.8837309625854883,0.3821045568007503,wave2,0.3817849059974548,0.3818120487568194,-1.1504037152749689,0.1231897406751256,wave2,0.1229772911259887,0.1226113359967433,-2.371041269244389,0.4288775609722822,wave2,0.4284955382676684,0.42840484376023,-0.6865297841692303,0.279494139078355,wave2,0.2793890663690759,0.2792754714231942
1493,0.0256166674815195,0.2050182547973448,wave2,0.2046773954118745,0.2043476173039002,-0.0922067955598745,-0.1849929917780017,wave2,-0.1842480715176804,-0.1839264496785739,1.2765963791234942,0.4609307535395109,wave2,0.4609470228908513,0.4608359931991111,1.336315098046209,0.3995330315580855,wave2,0.3992880097982937,0.3994164848229859
1494,1.0337336026663158,0.4582401141210305,wave2,0.4579384103066256,0.457897037973393,0.2846090076188865,0.5380145031571409,wave2,0.5376713572873048,0.5378258347982038,0.2177520081871908,0.2676424833869537,wave2,0.2674821029755987,0.2674038061468373,0.2417269112390475,0.1502969736296746,wave2,0.1505505895297551,0.1502209691465283
1495,1.1209561966779462,0.2626764030087362,wave2,0.2621876763650782,0.2620374489772065,0.6816067883474523,-0.1099416472483669,wave2,-0.1100246614933499,-0.1100617877165558,1.0980689481850543,0.4514251500715853,wave2,0.4509745462366439,0.4508508049761959,1.3244696016971975,0.4617762967640426,wave2,0.4613228264736814,0.4615165680140882
1496,0.8258511409964328,0.4734803014583241,wave2,0.4727854309228415,0.4724342675671075,1.5383384581164476,0.2199618684370202,wave2,0.2194802862231069,0.2193655917798991,0.7884268096858645,0.4470050298745645,wave2,0.4464856361318219,0.4464738641743233,1.1138694319911473,0.3779302918041005,wave2,0.3776138938038209,0.3778872921301234
1498,1.6951526333837357,0.1408397154413646,wave2,0.1404770179750888,0.1402228223424543,0.6910267448071648,-0.1500735012740421,wave2,-0.1500008430252037,-0.1501773061364514,1.0932856697477242,0.2038870070991678,wave2,0.2037451119950497,0.2037796694144362,0.3224821159772652,0.0287221503506755,wave2,0.0288726980620798,0.029137430507768
1499,0.5875786276263294,0.3777555930114068,wave2,0.3769232878618475,0.3770408426909722,1.1978469348394416,0.3695755846777491,wave2,0.3690219903177981,0.3688712969239143,0.6078715217795233,0.383769571693767,wave2,0.3833342123008925,0.3833912487040418,0.2528267353669776,0.1456878647106227,wave2,0.1455903221898519,0.1458832044223163
1500,0.5036525910521575,0.6044567616461834,wave2,0.603416759290656,0.6034258370524556,0.214055770837367,0.645467374424626,wave2,0.6444880355046148,0.6443665036317769,-0.0454427024272654,0.4771004111994994,wave2,0.4765201502121288,0.476509603294879,0.0063243943642669,0.3523852520558285,wave2,0.3520359287155123,0.352331471723108
1501,0.2494804853907596,0.422975229847833,wave2,0.4223049863272577,0.4220474315773824,0.6605817941264472,0.0923060201089618,wave2,0.0920367253292307,0.0919388835711046,0.4337677596111632,0.5557601331796902,wave2,0.5550898717111812,0.5551548917320601,1.1099989331035298,0.374751810189001,wave2,0.3743936520832873,0.3746774929431513
1504,0.8610561941660411,0.4267826674473839,wave2,0.4259306676535074,0.4259538562843602,0.9612643848685576,0.487009601560386,wave2,0.4862568090279349,0.4860883756431598,-0.3382264227703325,0.2805584755263983,wave2,0.2802766205306133,0.2802566954733057,-0.2801189422571634,0.1417724825479593,wave2,0.1417268415416507,0.1420120088631033
1507,0.3542847802290998,0.5567604146903468,wave2,0.5557738756645435,0.5557777075082765,-0.5085961498475796,0.6105927851332495,wave2,0.6096601695634556,0.6095228680567706,0.5915505607492964,0.4084374033558458,wave2,0.4079607396973519,0.4079396453934589,1.0162837757497658,0.2894619578266146,wave2,0.2892080061517851,0.2894995608742969
1508,-0.6662904856450579,0.2564672620762805,wave2,0.2559968260969137,0.2556884928824702,0.1951803603489879,-0.0031764995466473,wave2,-0.0033296338410901,-0.0034911619448675,0.4700894473262235,0.2525154357039261,wave2,0.2522956678011647,0.2522964849739808,1.4328248952636808,0.1361980613860942,wave2,0.1362168464209991,0.136482113826612
1509,0.5301915787983856,0.3653173494175729,wave2,0.364700767990891,0.3644704160129507,-0.3835984993039691,0.0206529662448625,wave2,0.0204940396709508,0.0203888097714491,-0.0913633472013619,0.530980561681389,wave2,0.5303493078256958,0.5304310928479357,0.4358618449817179,0.3205730512210233,wave2,0.3202814833603846,0.3205648286669444
1510,0.0904529791585502,-0.0342502448972495,wave2,-0.0343902947013513,-0.0347246353725062,-1.0651184465580186,-0.2115820220772328,wave2,-0.2114488207344095,-0.2116956355881298,-0.3749258093768309,-0.1782156222493927,wave2,-0.1778050678751692,-0.1778616993290676,0.3353303680863823,-0.229463306631613,wave2,-0.2288911325588563,-0.2286515424582776
1511,0.7790888710079581,0.4321700419440845,wave2,0.4315005565066908,0.4312105431113574,0.9111907698238692,0.1277490885199861,wave2,0.1274183797318913,0.1273121669400079,-0.4741978954573985,0.5093601506931869,wave2,0.5087570456288453,0.5087947428443873,-0.3993531865865741,0.3651011898018942,wave2,0.3647732078341747,0.3650532815338034
1512,0.3150248236826607,0.2178220170163648,wave2,0.2173357052528955,0.217190176749746,-0.274312716156773,-0.1693761060879292,wave2,-0.1692368983610776,-0.1693557639814299,0.9122962785885796,0.4867919401880591,wave2,0.4862246164260431,0.4863611056148773,0.6105655164221009,0.1940161954470118,wave2,0.1938703961170577,0.1941524485324892
1513,0.2310994492189213,0.0058435613009161,wave2,0.0054553788893164,0.0055916185665446,-1.4705766944350622,0.0634689339089882,wave2,0.0632160626661409,0.0630381923608483,-0.7824939045458583,-0.1498291768452588,wave2,-0.1494050290659867,-0.1496389829710094,0.4640543347685164,-0.0839541357293956,wave2,-0.0836365336438392,-0.0834598088789247
1514,0.5363616167484812,0.3500483093447865,wave2,0.3492891478704499,0.349429484034312,1.3179265328012093,0.340714798804878,wave2,0.3400753926931546,0.3399988500834126,0.6418210019111756,0.3050271994882014,wave2,0.3047716168212524,0.3045835534851213,0.900845997584169,0.3440693007588997,wave2,0.3437536589723637,0.3439564808303194
1515,0.1475821652208062,0.2078372560583853,wave2,0.207201156286899,0.2074260809751106,0.9366400617939338,0.1589812752087792,wave2,0.1586260097095216,0.1585352833541616,-0.7251476208346626,0.2712937396626547,wave2,0.2710937956053216,0.2709619464471049,-0.1261528625993921,0.2191381267395042,wave2,0.2189658859321696,0.2191687395997594
1516,0.7914489801093071,0.1848269146113482,wave2,0.1842161436514652,0.1844385379799785,0.9901070751903184,0.1415375334335525,wave2,0.1412055839738416,0.1411070031071664,1.3712164388523331,0.2372521256433049,wave2,0.2371036463459797,0.2369665043498252,2.0199589457227622,0.1886463488844376,wave2,0.1885203135054304,0.188721185574594
1517,0.0067787717861515,0.3518927129728967,wave2,0.3511250668015805,0.3511403438938597,-0.4428671183991715,0.4326107954291727,wave2,0.4319315124847832,0.4317395075317596,0.8921092668198064,0.1721710728158747,wave2,0.1720506020656129,0.1720148897649238,-0.062478300226268,0.0458330098616679,wave2,0.0459327425436768,0.0462114764364222
1518,0.5937221550591493,0.3083599663227623,wave2,0.3081027313108364,0.3080282222624764,0.9210141043472976,0.363649527604032,wave2,0.3634061127099443,0.3631788436793871,0.2802138370191485,0.2657973276856125,wave2,0.2657815117252324,0.2657097067604868,0.4451239697704655,0.0202181738125136,wave2,0.0204017100911611,0.020865484547799
1519,0.7961138531353927,0.6044567616461834,wave2,0.603416759290656,0.6034258370524556,1.4519212124401093,0.645467374424626,wave2,0.6444880355046148,0.6443665036317769,-0.0953317318934373,0.4771004111994994,wave2,0.4765201502121288,0.476509603294879,-0.7469024467832158,0.3523852520558285,wave2,0.3520359287155123,0.352331471723108
1520,0.6920883254756152,0.3777555930114068,wave2,0.3769232878618475,0.3770408426909722,1.2667275261685111,0.3695755846777491,wave2,0.3690219903177981,0.3688712969239143,1.143007362425475,0.383769571693767,wave2,0.3833342123008925,0.3833912487040418,1.3096771593792012,0.1456878647106227,wave2,0.1455903221898519,0.1458832044223163
1521,0.5848101142373119,0.2384330213105966,wave2,0.237769018497239,0.2378385839356799,0.9173462295124892,0.2920925306111784,wave2,0.2916299725476846,0.2914233902978922,0.4799294877983538,0.1259788774655437,wave2,0.125930182465292,0.1259285188548866,0.9072104822525712,-0.0560206462122199,wave2,-0.0557973901227853,-0.0555198083697528
1522,-0.4298569403954153,0.3835035672152492,wave2,0.3827121074190215,0.38269755037607,0.8458818254011785,0.4854310200926402,wave2,0.4846671727619931,0.484474865341209,-0.0746400737005227,0.1578158267434477,wave2,0.1577131873586212,0.1576552153327171,-0.7537727232438025,0.0658041535770949,wave2,0.0658891239885685,0.0661658066606784
1523,0.6132692971336807,0.4088074846160437,wave2,0.4079874536185387,0.4079755209439716,1.388834663572547,0.5035719864346877,wave2,0.5027835770311366,0.5025990938824414,0.63647744184035,0.1945308892705752,wave2,0.1943738321961476,0.1943211141527498,0.4909589736302188,0.0980180962472138,wave2,0.0980542577027132,0.0983331476799999
1524,-0.577860322973468,0.0465104136659105,wave2,0.046263101633858,0.0460893555275198,-0.7985339273639166,-0.2725991319353466,wave2,-0.2724626579605597,-0.2725707098983951,-1.366611892011575,0.125378407238939,wave2,0.1254156259400769,0.1252443952713453,-2.0424161019047977,0.1746354871007138,wave2,0.1746171181898956,0.1747920487549618
1525,-0.4107542567963226,0.0249690035133532,wave2,0.0245472638189966,0.024718889559178,0.4638013491976641,0.0489161541370509,wave2,0.0486955642783293,0.0485336675053922,-0.4095547924841183,-0.0603239009687035,wave2,-0.0600289795113657,-0.060230445520192,-0.3179672673032007,-0.0400901080665643,wave2,-0.0398542724828261,-0.0396714297707379
1526,-0.8652172503014722,0.1207826581255632,wave2,0.1204546247087782,0.120165743224006,-0.1437693034186639,-0.1341283294718173,wave2,-0.1340900653671223,-0.1342826760542492,-0.5735148896887502,0.1139204288007631,wave2,0.1139088616130661,0.1139107694699599,-1.9604958998606177,-0.0169807798038435,wave2,-0.0167455507962151,-0.0164871236357773
1527,0.8545683046805548,-0.2060379527818269,wave2,-0.2060630543846912,-0.206097617042788,0.5194977732041167,-0.5972722552139782,wave2,-0.5966299767234888,-0.5967665362616392,1.1358885551660098,0.0398959480727372,wave2,0.0400648582422427,0.0399834632422821,-0.0432067118658657,-0.0547390689464819,wave2,-0.0544865798615222,-0.054313231040803
1530,1.0167577240535637,0.6279743592311166,wave2,0.6269080373846135,0.6269197334585975,1.4103888803675575,0.6627358463851292,wave2,0.6617334234149399,0.6616197754143882,0.4621332958235887,0.5108997697008895,wave2,0.5102683170881535,0.5102630390353511,1.0298141351327057,0.3836446536303803,wave2,0.3832479475814496,0.3835454387041825
1531,0.2753520294129071,0.0396877411712967,wave2,0.0394014546389699,0.0393606085232886,-1.1636372524003773,-0.3820543408318601,wave2,-0.3817169081392033,-0.3817834125767096,0.8603867252985246,0.3527568118483648,wave2,0.3524589316252862,0.3524023767738824,-0.1665311249940827,0.2472982083791288,wave2,0.2471083196708478,0.2472990962703293
1534,-1.464810035912388,0.4127714770332966,wave2,0.4123014387246515,0.4125993310959974,-2.149327330798925,0.3540933418939944,wave2,0.3536499434958278,0.3537633995612903,-1.0442627562422873,0.3428518329059347,wave2,0.342775031435105,0.3426965640166377,-0.1210238722950139,0.3670617506470907,wave2,0.3667282528232384,0.3667875035609519
1535,0.0002869919840617,0.0737690328479031,wave2,0.0732929732976536,0.0734699487924525,0.7439850533983101,0.0844715784020522,wave2,0.0842028729280169,0.0840566057103396,-0.864185261882079,0.0129663263990793,wave2,0.0131527810362768,0.0129616992353258,0.3166429135621664,0.0226646390961508,wave2,0.0228053868595998,0.0229925685993847
1537,1.5278063256980148,0.5477614066896807,wave2,0.5467736922952945,0.5468100119130602,1.3015358780037405,0.5758772400554419,wave2,0.5750050035166474,0.5748760141770846,0.6964040690919285,0.4548102327969525,wave2,0.4542664386066604,0.4542728389965722,-0.3886893859260015,0.2996883971616779,wave2,0.299403453022573,0.2996987700851096
1538,1.25375533764665,0.3549723067444139,wave2,0.3545703093501591,0.3549521767476147,1.837355805441539,0.4249795038699246,wave2,0.4244084921826967,0.4246693104868815,1.360764220265327,0.1487650819100989,wave2,0.1488632368001725,0.1488357268310089,1.1465757207796858,0.0324740030647551,wave2,0.0326346556355243,0.0326124920868355
1540,1.4645578655874305,0.3231344132393986,wave2,0.3228804553863188,0.3227139037982599,-0.1733505256331946,0.0098957094019363,wave2,0.0099178747857611,0.0100350078893665,0.7574739189659284,0.4626471795125,wave2,0.4621996604081042,0.4620434813035197,0.945347413423517,0.5605590732387655,wave2,0.5606003003839988,0.5601693700231187
1542,0.6805156078117582,0.1290703772170527,wave2,0.1290165962337752,0.1293224062446243,0.2020619770567905,0.096235092749118,wave2,0.0961517357715056,0.096319383442381,-0.3560115434740327,0.1452777658091528,wave2,0.145445717587995,0.1454625351893932,0.6250274705862326,0.0836781236995402,wave2,0.0836781662355243,0.0837679014099461
1543,-0.9778689604661116,0.2128179427487518,wave2,0.212808229258807,0.2127952983114457,-0.7508147540924814,0.2289371374066388,wave2,0.2290003185984789,0.2291250671173836,-0.7997479377901167,0.1914472496599175,wave2,0.1914424280353774,0.1913025473272764,-0.1993994111295167,0.1914907807192034,wave2,0.1916707053357619,0.1914494469189488
1544,1.131708924888953,0.2928853990375328,wave2,0.2921775485553194,0.2924073918014604,1.0946043655054878,0.3809129425498819,wave2,0.3804635755341506,0.3809206063165739,1.3737909720493595,0.1634365261686562,wave2,0.1634641814362442,0.16330219606321,0.5440773298669908,-0.0295506809485975,wave2,-0.0294513392044089,-0.0292572568636991
1545,0.1788999787924491,0.1303551353047206,wave2,0.1297927438408318,0.130042034617437,-0.3883260992673491,0.0766485312729324,wave2,0.0764173340141254,0.0763115817310705,0.175865553799907,0.2136161759305577,wave2,0.2135024481601757,0.2133824374930695,-0.1949089885937954,0.1383789570906741,wave2,0.1383139583445544,0.1385137434964968
1546,0.816272733655236,0.3405621116700664,wave2,0.3398024169333508,0.339975342044693,0.0154566199829164,0.3078476079099346,wave2,0.3072658562051953,0.3071975980331181,0.8555547169264118,0.3508513837961216,wave2,0.350529204970893,0.3503686657200142,1.0087718954503753,0.3528003906711978,wave2,0.3524561290208589,0.3526625052815019
1549,-0.6845800261045831,0.1985531513291693,wave2,0.1981368911688542,0.197855521092174,0.8796299555111892,-0.0770292580389102,wave2,-0.0770690365401644,-0.0772380978631148,-1.305815706377928,0.2284796608667791,wave2,0.2282990215332598,0.228316717131519,-1.1247101308433731,0.0820782040659188,wave2,0.0821634388928411,0.0824285734410192
1550,-0.1557563142854716,0.4565170073922756,wave2,0.4558199827866259,0.4555326825970921,-1.1309378648366009,0.1462282444807883,wave2,0.1458726210506969,0.1457743264091018,-0.3100934841379808,0.5447219260159639,wave2,0.5440655353665544,0.5441084880303677,-3.1198731634317243,0.3973519036152048,wave2,0.3969750423691466,0.3972571199250918
1552,-1.3467481225042754,0.2423526151697969,wave2,0.2418749777596441,0.2416311802545104,-0.2680697257525514,-0.0737835379543376,wave2,-0.0738147145280487,-0.0739595840415576,-1.2686119774095754,0.3524898069579936,wave2,0.3521268777495336,0.352182477512887,-2.7037510131781968,0.1594130781336935,wave2,0.1593656763214372,0.1596389555494246
1553,-0.4345968651882683,0.1109057025847769,wave2,0.1104121385413591,0.1105263299156168,0.5550041894137445,0.1675941134467998,wave2,0.1671874867891683,0.1670326385885681,-0.2235181103744341,-0.0528915617168261,wave2,-0.0526136362393976,-0.0528542363266995,0.7588792941053657,0.0310660784838274,wave2,0.0312247808710965,0.0314063135888482
1554,0.52895339975078,0.1261380881335042,wave2,0.1258156178656474,0.1254950046306923,0.3619282529966446,-0.0977828332705174,wave2,-0.0978065366245823,-0.0980071976510016,-1.2840517212583211,0.0602583998808019,wave2,0.0603217624909699,0.0602963108875189,-0.830965193461043,-0.0296110863318706,wave2,-0.0293412841635918,-0.0290873574584163
1555,0.2328306213195262,0.4757801585184277,wave2,0.4748731075878406,0.4749015601657299,0.287502751955464,0.5228479071566747,wave2,0.5220468471430166,0.5218941775675336,0.1482347663205844,0.3512609484213955,wave2,0.3508731986307936,0.3508638083859612,0.7095278665732088,0.2052757498864065,wave2,0.20513387992766,0.2054231956421474
1556,1.2892389922264664,0.4806574181345123,wave2,0.4799330990641676,0.4796485340807425,0.6318791338984905,0.1646378087927181,wave2,0.1642574021174479,0.1641670236520812,1.3264086842498877,0.5797252770038432,wave2,0.5790160087901346,0.5790642096402148,0.2855996873504964,0.4294660912464345,wave2,0.429040551952128,0.4293246039947624
1557,0.2227109486039548,0.288330658956167,wave2,0.288126577318687,0.2881387153736509,-0.1867394534469693,0.2647605532963832,wave2,0.2643140724089798,0.2640991512212687,-0.7123910925127489,0.3278846102497991,wave2,0.327687649108704,0.3275913122179278,-0.0395309165159077,0.3289865092648585,wave2,0.3289899401653982,0.3286900692625177
1558,2.2983032502360934,0.6279743592311166,wave2,0.6269080373846135,0.6269197334585975,1.3957272609208893,0.6627358463851292,wave2,0.6617334234149399,0.6616197754143882,0.9774307898631214,0.5108997697008895,wave2,0.5102683170881535,0.5102630390353511,1.6516864787069068,0.3836446536303803,wave2,0.3832479475814496,0.3835454387041825
1560,2.56712504137986,0.0979545472528845,wave2,0.0974516129383215,0.0976312427932765,1.0107446536809412,0.1021844042676641,wave2,0.1018917846747574,0.1017533502123427,1.3548294700989505,0.0492054991234396,wave2,0.0493381294654189,0.0491522682785867,0.4424237818807316,0.0539443472253621,wave2,0.0540376969321449,0.0542270199499687
1561,-3.0125058414820067,-0.0789813370992517,wave2,-0.0792994874124491,-0.079106155116467,-1.4286406706344896,-0.0539665656971024,wave2,-0.0540347627470904,-0.0542194331208265,-0.974156008627957,-0.1572222358443884,wave2,-0.1567833891322734,-0.1569779423650028,-0.2264610616111536,-0.1528194232559419,wave2,-0.1524280306455892,-0.1522503333475149
1562,-0.0310160032197732,0.5713276605023064,wave2,0.570313594776383,0.5703525263983128,-1.9629163490716983,0.5933425182168333,wave2,0.5924469054484427,0.5923258108040601,-0.0123329390208902,0.4886259237425387,wave2,0.488030910386704,0.4880425659307605,-0.7484231572580257,0.3309036203043586,wave2,0.3305713703145309,0.3308686268253988
1563,1.203500320883659,0.6044567616461834,wave2,0.603416759290656,0.6034258370524556,0.1004217628626128,0.645467374424626,wave2,0.6444880355046148,0.6443665036317769,1.678199949401087,0.4771004111994994,wave2,0.4765201502121288,0.476509603294879,1.5455671421788992,0.3523852520558285,wave2,0.3520359287155123,0.352331471723108
1565,-0.602280892980977,0.434278048847836,wave2,0.4333943038189695,0.433484926167473,-0.8597607535770335,0.4377685640715399,wave2,0.437109451066001,0.4369658636699834,-0.4220473117587104,0.4080902084498268,wave2,0.4076189499338771,0.4076591820856667,-0.1131723963847348,0.1962183649179615,wave2,0.1960594587007098,0.1963534439330003
1566,-0.1619488505652451,-0.0381409323470863,wave2,-0.0382883751036543,-0.0385915360930638,0.4236398540442413,-0.2485488291336527,wave2,-0.2483532078611574,-0.2485923111868739,-0.5641540499123981,-0.1218610937231279,wave2,-0.12152798907533,-0.1215574617556209,-0.1735173636479277,-0.2160060939792166,wave2,-0.2154696176495685,-0.2152252223026938
1567,3.0192343299680022,0.6279743592311166,wave2,0.6269080373846135,0.6269197334585975,1.1793141889033207,0.6627358463851292,wave2,0.6617334234149399,0.6616197754143882,0.6062541042651736,0.5108997697008895,wave2,0.5102683170881535,0.5102630390353511,0.4195521127012883,0.3836446536303803,wave2,0.3832479475814496,0.3835454387041825
1568,-0.4699199831928983,0.2306885925806502,wave2,0.2302474033926113,0.2299365570686565,-0.7600302239610824,-0.022049943021884,wave2,-0.0221773303303604,-0.0223467207898328,-0.4641391091283595,0.2146004927275515,wave2,0.2144368037301456,0.2144323551350133,-0.2366556014137334,0.1031457891918034,wave2,0.1032146228879215,0.1034776701691923
1569,-0.6594391013550596,0.4157925655117204,wave2,0.4151525274395889,0.4148277734972164,-1.2828664037118784,0.1457511648645391,wave2,0.1453829057723497,0.1452605435970052,1.1502617253654532,0.4245007533603897,wave2,0.4240206037652796,0.424025644742982,0.9141572786088348,0.3225707387835123,wave2,0.3223227396083631,0.3225965220252557
1570,1.3149380429921045,0.4339375150195704,wave2,0.4330891352808274,0.4330798289505956,1.5029429081887122,0.5216333627951597,wave2,0.5208205322522756,0.5206438879066724,0.4785634531171368,0.230956734442338,wave2,0.2307455662296949,0.2306981091369704,-0.5413757135029753,0.1301577926540397,wave2,0.1301452554047512,0.1304263260180631
1571,0.5158934202632173,0.6843920416347055,wave2,0.6832734482106902,0.6832579322971745,0.5378285484330407,0.7322519770329592,wave2,0.7311427415431955,0.7310366161078119,0.4441558536744346,0.5323622624549955,wave2,0.5316943943062662,0.5316722111147887,0.4927193284380407,0.4368347335813251,wave2,0.4363729069059294,0.4366703372277353
1572,1.786659674935504,0.3323997589599511,wave2,0.3316660798053755,0.3316462825955596,1.7486785751315588,0.4489281719421614,wave2,0.4482138474330846,0.4480059429516392,1.445700600925404,0.083554631916022,wave2,0.0835616933957426,0.0834932395938787,0.9135535630812988,0.0011859578352657,wave2,0.0013688277868059,0.0016410180736716
1574,-0.592904662958994,0.285500167095834,wave2,0.2847899576814129,0.2849902424521652,0.726226374762867,0.2417629160290105,wave2,0.241283192447523,0.2412075909141383,-1.8146527904888712,0.3282204613761501,wave2,0.3279340388556888,0.3277904523834669,-0.4918725498633573,0.3008111864569524,wave2,0.3005304084337216,0.3007361138612565
1575,-0.178790533655138,0.2886872092183737,wave2,0.2881913494485332,0.2878538336683386,-1.2267882160874848,0.0525875044800288,wave2,0.0523458914371076,0.0521841586100957,0.2691220659202771,0.2380502683715359,wave2,0.2378471177431245,0.2378258188673401,0.750787970168633,0.1578368068002701,wave2,0.1578383055736493,0.1581012095994859
1576,0.0135940674262063,0.5477614066896807,wave2,0.5467736922952945,0.5468100119130602,1.502253097256908,0.5758772400554419,wave2,0.5750050035166474,0.5748760141770846,0.567555590138439,0.4548102327969525,wave2,0.4542664386066604,0.4542728389965722,0.2681407109987614,0.2996883971616779,wave2,0.299403453022573,0.2996987700851096
1577,0.0716628862967078,0.0910280452795931,wave2,0.0905208632134685,0.0907329346954873,0.702810696271678,0.0711136136359545,wave2,0.0708761646692135,0.0707461667035374,0.1860778116043369,0.0978533304507203,wave2,0.0979142229327334,0.0977560014226583,-0.9769466592015152,0.0655823897753497,wave2,0.0656428369092849,0.0658355617950187
1578,0.5423024488057411,0.3250468772676066,wave2,0.3244873428816009,0.3242189838252886,-0.9089174494241036,0.0175323419988152,wave2,0.0173640337104928,0.0172344860376268,-0.3922330882442318,0.4135801386465276,wave2,0.4131238690784,0.4131678985932456,0.0424696835791269,0.2457265606234084,wave2,0.2455639155540194,0.2458397189850213
1579,0.8944558885701517,0.2820891523201833,wave2,0.2815896577884437,0.2812838649839416,-1.0695693781750486,0.0156637036785328,wave2,0.0154849047123786,0.0153312528976479,0.40793472823375,0.2901430427624549,wave2,0.2898674977592637,0.2898735840590358,-0.3085758152753571,0.169178855534759,wave2,0.1691476945762655,0.1694151569642201
1580,-0.7971199089667862,0.3319483711865627,wave2,0.3317501199157331,0.3318318076230995,-0.1634123379583987,0.3192666207768181,wave2,0.3190241168792161,0.3190770101270045,-0.2973979171923166,0.274742479367304,wave2,0.2746608599489765,0.2743643866434545,-0.0479594484043765,0.3161018217306963,wave2,0.3162943579236389,0.3164289024360093
1581,-0.591876081506189,-0.1330089307348817,wave2,-0.1332793704125648,-0.1330591794527861,0.4777401760170325,-0.1201418628278098,wave2,-0.1201073593794119,-0.1202990680749102,-0.850396101190351,-0.1799868153370951,wave2,-0.179514499847349,-0.1796917437706477,-1.1282542887104592,-0.2014753044996454,wave2,-0.2010253271648952,-0.2008485634508608
1582,-0.4175503512869007,0.262688511576561,wave2,0.262003400780083,0.2622011661644393,-0.259664508764229,0.2245615126917571,wave2,0.224104715315046,0.2240212614764397,0.4298302012361173,0.2944818605606247,wave2,0.2942465794867632,0.2940976715308792,-0.4305253739996247,0.2703520750830268,wave2,0.2701174629815676,0.2703211981287409
1583,-2.4667590965382873,0.4450546374647467,wave2,0.4448379204327267,0.4447758871102995,-1.7115201316860509,0.160597161755364,wave2,0.1606731704311134,0.1609472588924047,-2.11163188163608,0.4356036308512869,wave2,0.4352060687326646,0.4350927558544486,-2.2884072670161384,0.3469998129024429,wave2,0.3469889634363831,0.3467001851857291
1584,1.5507922890865236,0.0636583369564159,wave2,0.0633805298070854,0.0632417722265176,1.4465039144850178,-0.2887241316291792,wave2,-0.2885531528600195,-0.2886450400471986,1.2310368866611916,0.2131467096196502,wave2,0.2130570149751034,0.212918268042443,1.0539956358762024,0.2171493516129685,wave2,0.2170512003898052,0.2172322082153192
1587,-2.4732972939037507,-0.2463076648347198,wave2,-0.2462625495153102,-0.2463671686469281,0.5531010260676804,-0.5752166234180631,wave2,-0.5746298286790736,-0.574799162184588,-2.752274958917691,-0.137840842874247,wave2,-0.1374086881877545,-0.137555090426455,0.3612261542786346,-0.1454767235971546,wave2,-0.1450564365662985,-0.1448940617960681
1588,0.6712656018612952,0.6279743592311166,wave2,0.6269080373846135,0.6269197334585975,0.804281104373258,0.6627358463851292,wave2,0.6617334234149399,0.6616197754143882,0.806532870270206,0.5108997697008895,wave2,0.5102683170881535,0.5102630390353511,0.5497462386430705,0.3836446536303803,wave2,0.3832479475814496,0.3835454387041825
1589,0.69807064562807,0.3703117548054332,wave2,0.3694435819905139,0.3696650103172833,0.5623826959715017,0.1385776760427796,wave2,0.1384523730009238,0.1389491262051015,0.6293163527270543,0.3324149835426048,wave2,0.3322212158915186,0.3320161502338489,0.1600172764271911,0.25551679314627,wave2,0.2551758800678016,0.2554837064433312
1590,-1.1184186101668985,0.3250468772676066,wave2,0.3244873428816009,0.3242189838252886,-1.2866240635589044,0.0175323419988152,wave2,0.0173640337104928,0.0172344860376268,-0.9845110191699176,0.4135801386465276,wave2,0.4131238690784,0.4131678985932456,-1.7027385557352566,0.2457265606234084,wave2,0.2455639155540194,0.2458397189850213
1592,0.762117285557258,0.269760200524921,wave2,0.2690731381746328,0.2691129518378147,-1.4728989097672924,0.3436440925550164,wave2,0.3430984818781271,0.3428912761940102,0.8118048175750828,0.1126140529362631,wave2,0.1125841109566181,0.1125601821930017,0.9630387660494608,-0.0375758292955863,wave2,-0.0373651607432723,-0.0370890511872353
1593,0.6489221046063912,0.2131698536667966,wave2,0.2125343326838807,0.2126012370876387,0.332650627806439,0.2735572830885902,wave2,0.2731198695506305,0.2729054659084356,0.6430831797554122,0.0893469275796574,wave2,0.0893525293520554,0.0893456268653611,0.3637238345420894,-0.0879098670241571,wave2,-0.0876382887016343,-0.0873628826017123
1594,0.1391261995800211,0.5477614066896807,wave2,0.5467736922952945,0.5468100119130602,1.2787484591750955,0.5758772400554419,wave2,0.5750050035166474,0.5748760141770846,0.1612886813675464,0.4548102327969525,wave2,0.4542664386066604,0.4542728389965722,0.5712514572221047,0.2996883971616779,wave2,0.299403453022573,0.2996987700851096
1595,1.003391035706943,0.4076224634338029,wave2,0.4069807551634842,0.4066880512435832,0.9742604663214096,0.1092047837807546,wave2,0.1088991150760292,0.1087849841468227,0.7090128004378234,0.4736483520419732,wave2,0.47309892792383,0.4731313637562002,0.1005113430503652,0.3327218969215794,wave2,0.3324429834198703,0.3327210243964499
1596,-1.1775589135268143,0.2296815937343047,wave2,0.2292187040939254,0.2290984224441127,-0.2719178869010547,-0.1613987769433679,wave2,-0.1613991624077035,-0.1614358242403932,-0.3952689951118339,0.4623490707058901,wave2,0.4618846342643858,0.4617829170388847,0.1826902463809748,0.438498172817606,wave2,0.4380645525331683,0.4382598480494314
1598,-1.6651993633645938,0.2482786309899897,wave2,0.2476207543691259,0.247783469548502,-1.1372985270470524,0.2392859810589392,wave2,0.2387957265712864,0.238696054908456,-1.6652117991191222,0.213828993299487,wave2,0.2137136719656949,0.2135318365931913,-1.2448859216364967,0.2299195979103884,wave2,0.2297616058534312,0.2299599228924562
1599,-2.2020004869924352,-0.0925327114785861,wave2,-0.0924371716483443,-0.0928410455049434,-0.2437730441038487,-0.386527882342599,wave2,-0.3854330229409419,-0.3853997095301462,-0.0575154908466175,-0.2291165363667883,wave2,-0.2283107722309562,-0.2283556756903354,0.0118579041554518,-0.3035435382534286,wave2,-0.3025981322370719,-0.3027925148333892
1600,-0.3965471035733456,0.434278048847836,wave2,0.4333943038189695,0.433484926167473,1.4208096101282992,0.4377685640715399,wave2,0.437109451066001,0.4369658636699834,1.2059357864203526,0.4080902084498268,wave2,0.4076189499338771,0.4076591820856667,1.0530610536120375,0.1962183649179615,wave2,0.1960594587007098,0.1963534439330003
1602,0.8821166364832678,0.121914329296704,wave2,0.1219850452368925,0.1222641530286453,-0.5216910879561844,-0.1696303333136432,wave2,-0.1689560637359669,-0.168832749981744,0.1672175653459353,0.1268054553255753,wave2,0.1271787247018958,0.1270354018652011,-0.4801418835704477,0.2773268195176002,wave2,0.2768229235612177,0.2769399978780894
1604,0.4389818013302627,0.2313874018722783,wave2,0.2311720311126017,0.2315186034067244,0.4782432014023273,0.2472912243578957,wave2,0.246966301778696,0.2471404945288722,-0.2737068322875932,0.0996107784979976,wave2,0.0998521325185406,0.0997795981611437,0.6035728915488608,0.1531759080528675,wave2,0.153114169466272,0.1531751419359736
1605,-0.8415726092295636,0.6372646004315273,wave2,0.6361988213974229,0.6361780593586791,0.5034812044334467,0.6980155393111818,wave2,0.6969520479092135,0.6968301869083255,-1.122218783964008,0.4644907491007672,wave2,0.4639255394876023,0.4638927973058782,-0.0527655877182977,0.3741353012866044,wave2,0.3737685299983443,0.3740620190480563
1607,0.3400470888465376,0.4513784241785626,wave2,0.4504987757408895,0.4505245978295914,0.9668455960446066,0.5049744286993212,wave2,0.5041974246160308,0.5040368695127557,0.558339257017225,0.3160710733655207,wave2,0.3157360928613237,0.3157214350980091,0.4669404353746258,0.1735750436566152,wave2,0.1734812114723908,0.1737684674005039
1608,-0.5686761775192753,0.2306605809242078,wave2,0.2299993920844399,0.2302268257079337,1.0014688260214688,0.1763517437485001,wave2,0.1759732969853998,0.175890421296486,-0.3944041337655164,0.3049958880249881,wave2,0.3047448549827081,0.3046183051869779,-1.1396220999663016,0.2495051792718702,wave2,0.2492869219048667,0.2494917340992488
1609,-0.2727194709656332,0.3228273946978688,wave2,0.3226562921694108,0.3226902481365493,1.3964841314802297,0.2728318899939491,wave2,0.2728892915604682,0.2729153513213304,0.2922629253663447,0.3164881519032574,wave2,0.3165327297254918,0.3165959756883738,0.6504038527864922,0.2989417260917915,wave2,0.2986107036736503,0.2986660883971755
1610,0.0568125227804472,0.3338065746702645,wave2,0.3335734940288908,0.3334936730320172,1.34510653084844,0.0122336961780992,wave2,0.0123054408814264,0.0123514298269985,0.6230703748261723,0.4925969610510678,wave2,0.4922370186178657,0.492205096750721,0.4143279158259697,0.2651335200881505,wave2,0.2649614005356394,0.2654146321628153
1611,1.3199288519115768,0.5045854200684153,wave2,0.5038340578384456,0.503552249367819,-0.1750229685867239,0.182973372871754,wave2,0.1825683202509581,0.1824858540043719,0.7021191331285591,0.6143619515415315,wave2,0.6136002262646612,0.6136536667203405,0.7923148414602047,0.4614358680548242,wave2,0.4609618639016201,0.4612478605699949
1612,-0.0500767988444799,0.1533540492672301,wave2,0.1527663631382957,0.1530181741382589,0.5498000380897615,0.0942419253674043,wave2,0.0939871841462194,0.0938892779110359,-0.4521869936073441,0.2475923790636125,wave2,0.2474272827969863,0.2473125401277585,-1.678362796495129,0.1687504417964702,wave2,0.1686394284597314,0.1688411818272949
1614,-0.2992391872431642,0.3405621116700664,wave2,0.3398024169333508,0.339975342044693,0.3862863612907722,0.3078476079099346,wave2,0.3072658562051953,0.3071975980331181,-1.5937154134480385,0.3508513837961216,wave2,0.350529204970893,0.3503686657200142,-2.591332185960898,0.3528003906711978,wave2,0.3524561290208589,0.3526625052815019
1615,0.6638650300556507,0.5325932634507292,wave2,0.5316338552944401,0.5316350608537969,0.8503853575713696,0.5929950109653475,wave2,0.5920860235892023,0.5919408402716648,0.601061527330876,0.3735899780008518,wave2,0.3731656955504716,0.3731393253806647,0.90476114693192,0.257813534474661,wave2,0.2576075483059309,0.2578970638526962
1616,1.0797475407264867,0.4588873262509346,wave2,0.4580108274054063,0.4580041487333625,1.1456719324914564,0.5396107252939233,wave2,0.5387736205073956,0.5386048275261,0.610528958562483,0.2670843685406825,wave2,0.266819409100322,0.2667772185987345,1.033610715786396,0.1622151819499774,wave2,0.1621540684661119,0.1624372924924779
1618,0.4823239911496534,0.1616351299046977,wave2,0.1610499213878654,0.1612697645723663,0.7179562795097154,0.1240246823046647,wave2,0.1237161781297456,0.1236097408742287,-0.0371966103632556,0.2028790564428897,wave2,0.2027824055664,0.2026399785830461,-0.1883088792844854,0.158037324019419,wave2,0.1579576716129608,0.1581565394989454
1619,1.1505087942895955,0.1727728408092202,wave2,0.1723858158547667,0.1721019160929274,0.5701482423462393,-0.0960414492779916,wave2,-0.0960552779277667,-0.0962322062423947,0.1571174549255511,0.1905660824668893,wave2,0.1904415204501912,0.1904539497648696,0.6062997170576588,0.0491144873118005,wave2,0.0492496397506889,0.0495125628984402
1621,0.8746570708813574,0.6279743592311166,wave2,0.6269080373846135,0.6269197334585975,-0.0013923117169524,0.6627358463851292,wave2,0.6617334234149399,0.6616197754143882,-0.6320508101898854,0.5108997697008895,wave2,0.5102683170881535,0.5102630390353511,-0.2963433461591317,0.3836446536303803,wave2,0.3832479475814496,0.3835454387041825
1622,-0.1546479156453335,0.1408397154413646,wave2,0.1404770179750888,0.1402228223424543,-0.6155294225193968,-0.1500735012740421,wave2,-0.1500008430252037,-0.1501773061364514,0.610627691351926,0.2038870070991678,wave2,0.2037451119950497,0.2037796694144362,-0.3798057745657394,0.0287221503506755,wave2,0.0288726980620798,0.029137430507768
1623,1.1907742097242833,0.1490218226625109,wave2,0.1484962869318585,0.1484583081247118,0.627606272511383,0.3193251725681625,wave2,0.3187877171348182,0.3185259687660267,0.5050890759132255,-0.1840930946933991,wave2,-0.1836944541849852,-0.1837991814062611,-0.1084477627064271,-0.2261164272555219,wave2,-0.2255892540870877,-0.2253335429093597
1624,1.1332460433536964,0.3328367281212389,wave2,0.3322797106704508,0.3319790780128638,1.3227163837157003,0.0532258825128644,wave2,0.0529960263003426,0.0528581609172276,1.3921354144248184,0.3644989896012278,wave2,0.3641128510605829,0.3641294803807002,1.2264228089114195,0.2348928835784302,wave2,0.234762188811099,0.2350339635204603
1625,0.8137405917383402,0.0671677989244449,wave2,0.0666870506587843,0.0668964943293427,0.8651362180884516,0.0533666214897299,wave2,0.0531530783978336,0.0530152362600869,0.8072542497305392,0.0622373330053727,wave2,0.0623513838360461,0.0621879220516565,0.2041296142118168,0.0345802572427444,wave2,0.0346876824986974,0.0348783179450302
1626,1.1774780684727624,0.5807168621029027,wave2,0.5797034561624727,0.5797099122956985,1.4773925138916448,0.6280849708709657,wave2,0.6271289029225882,0.6269994858917407,1.73282578684328,0.4429436095050438,wave2,0.4424149488863236,0.4423991294432596,1.437992110949648,0.3209884520133549,wave2,0.3206867173583613,0.320980281400808
1627,0.0064241748306927,0.2754809631953284,wave2,0.2747996326643674,0.2748069954356286,0.9118755449587074,0.3775488393986577,wave2,0.3769442526481846,0.3767288125725426,1.046503929254342,0.061196777684561,wave2,0.0612404239272241,0.0611889741742235,0.8482913857250532,-0.0507357424666979,wave2,-0.0504896910639538,-0.0502176305765487
1629,0.3577269673509832,0.012825775174195,wave2,0.0123931686327632,0.012629525506803,0.3705212385554736,-0.0121898117356037,wave2,-0.0123015885620922,-0.0124465506270574,0.4354029964743033,0.0389635046828789,wave2,0.0391117740232203,0.0389655462654041,-0.6935780269041092,-0.0150191053385615,wave2,-0.0148516794127236,-0.0146620624663232
1631,0.0249451287104297,0.4806574181345123,wave2,0.4799330990641676,0.4796485340807425,0.4740863066323391,0.1646378087927181,wave2,0.1642574021174479,0.1641670236520812,0.4528291161525443,0.5797252770038432,wave2,0.5790160087901346,0.5790642096402148,0.7349999548016238,0.4294660912464345,wave2,0.429040551952128,0.4293246039947624
1632,0.7318360302844874,0.4321700419440845,wave2,0.4315005565066908,0.4312105431113574,0.2527605235855445,0.1277490885199861,wave2,0.1274183797318913,0.1273121669400079,0.9484807129949728,0.5093601506931869,wave2,0.5087570456288453,0.5087947428443873,1.0220261290548642,0.3651011898018942,wave2,0.3647732078341747,0.3650532815338034
1633,0.4474777500709408,0.3078195454340485,wave2,0.3072560867028758,0.3070530656408424,0.5389388260970316,-0.0501515219951284,wave2,-0.050201085661349,-0.0503136110382528,0.4871958260918095,0.5054449752885368,wave2,0.5048526378602998,0.5049510939368909,0.6707577591491725,0.2670579122836204,wave2,0.2668319863739707,0.2671145527223432
1634,0.7257935969112009,0.3498196481707701,wave2,0.3492320897415247,0.3489664008172367,1.1821283396216968,0.0363124147737835,wave2,0.0361186882907707,0.0359970651560433,-0.1534730400382526,0.449643107726835,wave2,0.4491327581384805,0.4491820456440423,-0.3832321638684494,0.2781648686791719,wave2,0.2779530760901134,0.2782309319091908
1636,-0.4755541265109769,0.3075477791690894,wave2,0.307019421714959,0.3067161959776033,-0.4442556212982193,0.0344660345704333,wave2,0.0342616595483656,0.0341158959688102,0.1159115780456717,0.3274739680281424,wave2,0.3271429615792951,0.3271543190366595,-1.0367712389100374,0.2020798803697107,wave2,0.2019988886450776,0.2022685203137272
1637,0.749528158203966,-0.2474771662531243,wave2,-0.2468426163214834,-0.2469159342266633,0.673660842177858,-0.4955576200864279,wave2,-0.4948896997438085,-0.4946225880239808,0.8870385475236904,-0.3028463918207675,wave2,-0.3019991561701172,-0.3022088107038048,0.3628908990034858,-0.094710897835489,wave2,-0.0943030832172121,-0.0941273403619748
1638,-2.7413108185027624,-0.3192765257310126,wave2,-0.3185852327888925,-0.3185950693996122,-2.697902559705391,-0.3800484459536563,wave2,-0.3794342135450473,-0.3793352387246692,-0.0191915228967155,0.0515737067888237,wave2,0.0518331669380556,0.0519214123618358,-0.8348214030600106,0.29832975730695,wave2,0.2981944603108571,0.298445381233536
1641,0.6106484443897545,-0.3269243215456565,wave2,-0.3261445430946701,-0.3261020753167984,-0.0233372598199858,-0.3611693180000866,wave2,-0.3606118631060347,-0.3605601027302719,1.51853811557732,0.09093469009136,wave2,0.0911828977528134,0.0908765576641666,1.7211941808750753,0.2684880458371023,wave2,0.2687019158146768,0.2690966593347281
1642,-0.0321546188171215,0.1217419442298334,wave2,0.1212377090229792,0.1215398602248213,0.3093612375184216,0.5630917277864372,wave2,0.5623859322467973,0.5628256703306537,-0.7872596211385138,0.1964628645881082,wave2,0.196453933826482,0.1964131856651133,-0.5613348857064224,0.269506959665811,wave2,0.2691770947214879,0.269428506391629
1643,-0.1536785706247566,-0.4401979886569435,wave2,-0.4392941878536393,-0.439492980506906,-1.9098989133710609,-0.3642165402338699,wave2,-0.3637993827365311,-0.3640448173154067,0.0642995756637113,-0.0943157242752189,wave2,-0.0939109553753844,-0.0939923067153755,0.387400324269448,0.1271957886289277,wave2,0.1272538162696295,0.1273500953063136
1644,-0.9424265514562854,-0.4226753241229596,wave2,-0.4219404104710188,-0.4220810306207477,-1.3300182015564197,-0.3269415146199425,wave2,-0.3267872931281161,-0.3261394136199317,-1.8636730656111855,-0.2088073776275631,wave2,-0.2085137291227421,-0.2085294068343537,-1.3730387258817045,-0.1614223979250686,wave2,-0.1603857832310702,-0.160939052830874
1646,1.154091780042185,-0.1799954001170852,wave2,-0.1797900116829881,-0.1802547688742507,1.7857426780832228,-0.0664040769007465,wave2,-0.065772240151785,-0.0655878827851736,0.7994256901331324,-0.0395876077869178,wave2,-0.0390786969133373,-0.0389319638622179,0.6523452685771386,0.1206010578555686,wave2,0.1207319643045978,0.1208906496422825
1647,0.4639187022513674,-0.4051196038389673,wave2,-0.4048214633659688,-0.4045515584343442,0.0340967370792282,0.0071704734046241,wave2,0.0072779877454668,0.0077057178686738,0.1050244583855183,-0.2490270632143828,wave2,-0.2484111106650876,-0.2485582440516957,0.7273191261012724,-0.0532162997982089,wave2,-0.0531855171071856,-0.05295540722256
1649,-0.5836234826222664,0.2024686917676101,wave2,0.2022724490016101,0.2023732996226368,0.449614342023972,0.3691433962705089,wave2,0.3685142688116628,0.3687461444132903,-0.1913991223088701,-0.1036385673275489,wave2,-0.1034826156843585,-0.1035364545434934,-0.1559337267192921,-0.1956477813917974,wave2,-0.1948240449594556,-0.1947485631359201
1650,-0.2339812392444403,-0.167185308669908,wave2,-0.1667972848083232,-0.1667306387184199,-0.4475867743864123,-0.4537133759351951,wave2,-0.4531069570118263,-0.4529504655785806,-1.9903176644831069,-0.0702941747737248,wave2,-0.0700467857919781,-0.0701475684703293,0.2589024019286133,-0.0434144785461339,wave2,-0.0427506353375671,-0.0424912373860067
1651,-0.0202351187548924,0.5145867549696402,wave2,0.5136248050513103,0.5136909313000381,0.419894659175627,0.5242380154595154,wave2,0.5234489551023271,0.5233205073877012,-0.2386923584967855,0.4655940247740902,wave2,0.4650353871471946,0.4650639645615033,-1.403855681870141,0.2787381069045706,wave2,0.2784694935256206,0.2787662202225269
1654,0.6674022383281056,-0.5265140838454403,wave2,-0.5255837255731655,-0.5256249331466047,0.9463657697900826,-0.1969143687911768,wave2,-0.1963839748610968,-0.196504347444094,0.0493081163198352,-0.3709358907683397,wave2,-0.3700367872926708,-0.370057996763844,0.8342508890451139,-0.1264285914093038,wave2,-0.1259604475466654,-0.1256998460100628
1655,0.5679861170048824,0.3590203130970781,wave2,0.3582368721354569,0.3584937455719572,1.0768660708612132,0.3921868086541348,wave2,0.3917206190276209,0.3921845571264305,1.144428736878454,0.3306725424604267,wave2,0.3304720998117455,0.3303532129655991,1.2571583424993793,0.0858040369523309,wave2,0.0857410600146816,0.0859489535896455
1656,1.2620853179983758,0.3736568825234215,wave2,0.3730466724717308,0.3733314288830872,0.5787126647929254,0.3778271911965426,wave2,0.3769919271235223,0.3771400455878401,1.1540020815802368,0.3165844568214315,wave2,0.3162755721225267,0.3164480462077055,0.8874078503078578,0.1374785546916121,wave2,0.1378669928319468,0.1374394080333122
1657,-0.9790342624142072,-0.3363417130723802,wave2,-0.336170278354316,-0.3357397735598172,-0.3823456686855035,-0.3007796802973387,wave2,-0.3006009747020383,-0.3006086166392897,0.4918098100393794,-0.1613819298340106,wave2,-0.1609784633867135,-0.1608647938114864,0.9251993093927564,-0.1454182144630305,wave2,-0.1446236809844612,-0.1451452050708231
1658,0.9040216191906068,-0.0495933491133424,wave2,-0.0493709914255893,-0.0490186534271139,0.8120106323106917,0.0178106429492646,wave2,0.0176202583631226,0.0180578613456712,1.153800964020419,0.1187161508184126,wave2,0.1188836194644731,0.1189275782885765,0.96898007370088,0.2299107530702432,wave2,0.2297424700529088,0.2298440818559921
1660,0.2221408653025218,-0.0752491372065136,wave2,-0.0749833720932908,-0.0747193599300537,0.9055100482317554,0.2742383783103579,wave2,0.2738526282245657,0.2741650564734079,0.2305386132545959,0.0586816456976324,wave2,0.0589120063308172,0.0589735510828337,1.2058883956271,0.0330780820990809,wave2,0.0332361607416133,0.0332515147122513
1661,-0.1787984387416825,-0.2319260198762606,wave2,-0.2313112786630932,-0.2312823004603909,-1.636003262740253,-0.2110061409437656,wave2,-0.2102212394301837,-0.210048130675997,-0.5411826535606633,0.0704535317292889,wave2,0.0706348448605573,0.070382369921589,0.167924713559882,0.0575809129802262,wave2,0.0579648346352472,0.0576443899002012
1662,0.2531197712481546,-0.3808292361836429,wave2,-0.3800627303857593,-0.3800031213759178,-1.7575675204567556,-0.3176961557471599,wave2,-0.3173261194320323,-0.31723133548511,-0.6555804327785412,-0.0588644094842168,wave2,-0.0585312895043509,-0.0586519458844517,-2.9958897712591077,-0.0468743026900496,wave2,-0.0463007569620368,-0.0458195320991515
1663,1.9430839869595915,-0.2476330949941081,wave2,-0.2474266796131985,-0.2471351435147299,1.1989100221808349,0.2131646918201154,wave2,0.2125860342953048,0.2128752036786086,0.8621454806583422,-0.3173623125119453,wave2,-0.3167724852598419,-0.3166898665719273,0.3133767607169928,-0.2226147250005084,wave2,-0.2218452459625093,-0.2221819692759593
1665,-1.158193111846202,-0.0284235683218092,wave2,-0.0286295818345978,-0.0282270579407999,-1.5100602535845773,0.0588509621167659,wave2,0.0585448450568694,0.0586394529632104,0.0015053904408073,0.0675840929235529,wave2,0.0677000524688016,0.0677356385921004,0.6294607068080871,0.1932133535803679,wave2,0.1935715431503594,0.1929673292149029
1666,-0.6791024847256245,-0.3499104190837491,wave2,-0.3491966259642548,-0.3492042531152527,-2.4081972049689093,-0.31361370047262,wave2,-0.3133353901731439,-0.3135159132339642,-1.4460039658027557,-0.0088556599367702,wave2,-0.0086377790338932,-0.0087091724987656,-1.581265079129896,-0.0664801914044065,wave2,-0.0661198520654814,-0.0661791098636117
1667,-0.1766369374807948,-0.1200945733889155,wave2,-0.1196117883244053,-0.119735851647783,-0.516853545256644,0.0043755817201715,wave2,0.0043465446491146,0.0039571375630042,-2.74579657036824,0.0934228995662737,wave2,0.0935376092025433,0.0934004603389623,-0.8529905929139151,0.163225339528547,wave2,0.1632251742819142,0.1632283546878657
1668,0.676432148789469,-0.1471838956153864,wave2,-0.1466907404165592,-0.1467669790551952,-1.2877655597633098,-0.0509843448746325,wave2,-0.0509644646292835,-0.051307846126472,0.2050214627231187,0.1171460528180138,wave2,0.1172175626141575,0.11711015153727,-0.0501267791420899,0.1497044568052906,wave2,0.1497314216615264,0.1497119267481673
1669,0.6393727956244238,-0.1353674281642941,wave2,-0.1349453203507894,-0.1349534858174238,-0.1957135090653844,0.3930545109148086,wave2,0.3929561188518168,0.3931237231591092,0.9608741837729684,-0.1864377673191934,wave2,-0.1859133203505039,-0.1861121928021478,1.514423624215944,-0.0791235792574474,wave2,-0.0785190238336027,-0.0789231315878865
1670,0.5465394268378717,-0.1459162423150324,wave2,-0.1453787295685689,-0.1453390776756566,-0.4081845624619354,-0.1162907315529336,wave2,-0.1161467572129134,-0.1160397745433502,1.191506712333613,0.1553466111563129,wave2,0.1555242365735468,0.1552555184473975,1.009894121843113,0.1893740721455589,wave2,0.1896385926354635,0.190065893358523
1671,0.4331636519294221,-0.5188094965417199,wave2,-0.5179541850384163,-0.5178828566401804,-2.513976123966968,-0.581895288737635,wave2,-0.581308333777335,-0.5813333785005832,-0.8872993494710724,0.0999202078017095,wave2,0.0999851405984005,0.1000751813981718,0.2215144751095425,0.1400720112045761,wave2,0.1401506498015486,0.1401247130840602
1672,2.1014121574481743,-0.0752567287430208,wave2,-0.0749272182509035,-0.0749952424701134,1.0314832356656274,0.306616009351916,wave2,0.3065112507927073,0.3063639759027733,1.809316955933851,0.0142038769189167,wave2,0.0145627583317242,0.0145299813197734,1.8129733969409936,0.0704764739518358,wave2,0.0706161010322282,0.070997938130557
1673,0.9449694793688588,0.053253593865482,wave2,0.0527643208717428,0.0530376403520463,1.495456482625751,-0.0050225514863772,wave2,-0.0051303910207449,-0.0052510309856525,0.8282226216440457,0.1553369725519449,wave2,0.1553089758797421,0.1552008738628236,0.6164556065314832,0.0587402984293667,wave2,0.0587809728691545,0.0589774808236156
1674,-1.0885704518241102,-0.5881365723271011,wave2,-0.5878802044792532,-0.5877432343118402,-1.4319659907315996,-0.4118621644489159,wave2,-0.4114364188343637,-0.4117697323485511,-0.3759291765927193,-0.9377487803380062,wave2,-0.936187647613444,-0.9364785381239762,-0.3980281578813815,-0.7760835562395578,wave2,-0.7747477649556096,-0.7746168406399212
1676,-0.0557551354552067,0.35692768240796,wave2,0.3565598049399038,0.3564320986460373,-0.3888458773752177,0.1091273793347105,wave2,0.1089741910913353,0.1091884616214165,-0.648986819437422,0.4030851074518704,wave2,0.4026542557467967,0.4025241171961466,-1.8851499567385932,0.2762678278687807,wave2,0.276670975172357,0.2762123854311495
1677,0.0898487753849755,0.3265827012743717,wave2,0.3258436186330394,0.3258562570421058,-0.3168790072318385,0.4143245142706289,wave2,0.4136700062876209,0.4134701718371061,0.2993519262830992,0.1354549607199704,wave2,0.1353889099553491,0.135347944539613,0.1723940192640254,0.0137025889923889,wave2,0.0138510058785521,0.0141275412278094
1678,0.5064017004772173,-0.4563600033230897,wave2,-0.4554421749105486,-0.4553866339827996,-0.5764975787562706,-0.4879759973099961,wave2,-0.4872219845819409,-0.4872205710676139,0.3349858231114181,0.0170802136989182,wave2,0.0173802237213759,0.0171617261180166,0.1671321570449419,0.1707529844699419,wave2,0.1710884512853187,0.1715665314033107
1681,-0.2213646514489793,-0.3769709597471897,wave2,-0.3768461507060862,-0.3763251823201882,-1.7681271889536558,-0.4748171798790842,wave2,-0.4744922219272308,-0.4745173843152884,0.9844625137788804,0.1038875614905516,wave2,0.1040070963316592,0.1040006412545073,1.2399710033144349,0.0948299898130146,wave2,0.0953268076097623,0.0949330946471024
1682,0.2913885469477865,-0.1681057252466975,wave2,-0.1676986721629885,-0.1673789052298309,0.719625241321934,-0.1544951250502408,wave2,-0.1544185787385685,-0.1539779112516181,-1.827121609719684,0.1411331223505099,wave2,0.141260013337632,0.1413937651534162,0.2124143417267875,0.1314404606732386,wave2,0.1313702928808754,0.1315005364647596
1683,0.7957826216834545,0.5567604146903468,wave2,0.5557738756645435,0.5557777075082765,0.364928444417994,0.6105927851332495,wave2,0.6096601695634556,0.6095228680567706,1.772196555655356,0.4084374033558458,wave2,0.4079607396973519,0.4079396453934589,0.8241014549013624,0.2894619578266146,wave2,0.2892080061517851,0.2894995608742969
1684,-1.0001216368786554,-0.249513933699087,wave2,-0.2489426276106543,-0.2488512224477002,-2.8766090324146947,0.0896621296722423,wave2,0.0896134953729975,0.0896260703680081,0.122402734735481,-0.0567758590205528,wave2,-0.0564948165849882,-0.0567251481570044,0.1835820932456483,0.1209473370012387,wave2,0.1213646097202178,0.1216323507023681
1687,0.5998751675122106,0.0440069807691155,wave2,0.0441574949143735,0.0441151025258589,-1.343118648682353,-0.1997433355730935,wave2,-0.1996113852166057,-0.1998331358316636,0.791904472935116,0.0273015097302179,wave2,0.0274732895809143,0.0273239686343574,0.3693155379226676,-0.153509633698203,wave2,-0.1529779972523012,-0.1530754752480822
1688,0.1765892238417664,-0.3929932554297569,wave2,-0.3922677776750624,-0.3922327475480828,-0.3138061001448457,0.0385220963615215,wave2,0.0389276380485187,0.0390388602389856,1.0376729425716034,-0.2312319642555136,wave2,-0.2305919055611462,-0.2308575860355721,0.7888778797891033,-0.0449394174095539,wave2,-0.04440889706397,-0.0446976862512401
1689,-1.214545956567622,-0.334153660209008,wave2,-0.3335108375676334,-0.3332469853159105,1.552557150771588,0.0195518308817128,wave2,0.0194977691743039,0.0197670348300269,-0.9307450057859084,-0.1688385599825108,wave2,-0.1682311760258337,-0.1682097918117835,0.2123639812553222,-0.0005712795134318,wave2,-0.0004385449307946,-0.0003392483077706
1691,-0.7964504781335177,-0.4373563118194964,wave2,-0.4364247052520894,-0.4366857478919638,-0.4666092257275233,-0.329514835628359,wave2,-0.3291223894274866,-0.3294087652651378,0.4000851150513852,-0.1581317996699073,wave2,-0.1576270119257793,-0.1577488917804991,0.5880175883905203,0.1050577425937693,wave2,0.1051399593900084,0.1052638703459155
1692,0.3389975843952993,-0.2645331060818336,wave2,-0.26435269790757,-0.2640208639799123,-0.4622640378844216,0.1331494961043052,wave2,0.1326358189438755,0.1328800360933014,1.0550316078997826,-0.216575435728608,wave2,-0.2161359614291029,-0.216027223842798,0.4623442309345531,-0.2264310967709096,wave2,-0.2256534561192922,-0.2259678659695712
1693,1.036123990000109,-0.1544688523395519,wave2,-0.1543749270989579,-0.1545938911554697,0.5086300569513421,0.2914318777052029,wave2,0.2915329275285758,0.2917699863535863,0.653332748082893,-0.1059003879598711,wave2,-0.1051985743492719,-0.1052142014559437,-0.5899463393250367,-0.0157530733004696,wave2,-0.0153673619828767,-0.0152659563788566
1694,1.3369926690513008,-0.2192563045634921,wave2,-0.2187667036399256,-0.218745693765386,0.5855313035931944,0.0817692623658671,wave2,0.0819141742928181,0.0817110981332017,0.3323728741425365,-0.053807231444126,wave2,-0.0533881896121162,-0.0532992140297494,0.4340347059511105,0.1727379596196808,wave2,0.1727960156719074,0.1730468571283877
1695,0.2693196642094954,0.2714898108091104,wave2,0.2712044605601682,0.2716066548890099,1.1689822914327528,0.3750010628892208,wave2,0.3744872826800474,0.3747735518099586,0.6778116041871403,0.0377050485165477,wave2,0.0379464148435475,0.0379215608209613,-0.0844142880938911,-0.0627203932435458,wave2,-0.0624380798758173,-0.0624594801258107
1696,-0.3773813973307018,-0.36825638311076,wave2,-0.3675603190252595,-0.3675399160763114,-1.204689171616432,0.0949165169693314,wave2,0.0952082991229234,0.0953467307346775,-0.3793382862631967,-0.2492482114608034,wave2,-0.24858678713106,-0.2488480799974344,-0.8584232292238247,-0.0274599154827735,wave2,-0.0269445664824324,-0.0272414278393551
1697,-0.5768879775082246,-0.2441487280350142,wave2,-0.2434987254592574,-0.2436699147833031,0.4567482110876322,0.1273767385148047,wave2,0.1271277290093006,0.1268995547223519,-2.1947906129032804,-0.0688007164851428,wave2,-0.0684131236194091,-0.0685787142304829,-0.3518103238362015,0.1580134212035522,wave2,0.1581993174693206,0.1580265410749828
1698,-0.4034903650209321,0.2627348954921578,wave2,0.2622139925763381,0.2625451823110941,-2.267986412019631,0.6710728362013844,wave2,0.6697829625369237,0.6701595312545928,-0.401959701181358,0.2966744820532123,wave2,0.29644802157841,0.2964453555951771,0.3153392382834054,0.3606009303678272,wave2,0.3606321956205393,0.36019506208473
1699,1.2389757057481556,-0.0257992883537695,wave2,-0.0255010176493161,-0.0255016417281171,0.859315175651911,0.0456787792911912,wave2,0.0455860808671273,0.0452193873591925,0.2599431060815994,0.3103134696975437,wave2,0.3101073638827046,0.3100538879441047,0.8649798410205817,0.3310930953758667,wave2,0.3308603302748827,0.3308129684112273
1700,0.3106244371214364,0.0631255990039915,wave2,0.0627346119636297,0.0630380194057038,0.6247517401685575,0.4547129617705584,wave2,0.4541619669918829,0.4546188785809114,1.1158228874848686,0.2456993084013904,wave2,0.2456365379622532,0.2456037275991575,0.7791109200988031,0.2391123130113665,wave2,0.2388408674791628,0.2390652929199923
1701,-1.205805982800542,-0.3470474372505563,wave2,-0.3463952524107265,-0.3464011468505361,0.4206557142073927,-0.0550014175069414,wave2,-0.0546576336444118,-0.054864785305659,-0.1353382540668456,-0.1226303819756053,wave2,-0.1221205042273814,-0.1220422213000946,-0.2296646414202905,0.0526887034572794,wave2,0.0529043888232712,0.0531985268725
1702,-0.0564808718716553,-0.0065265220787681,wave2,-0.0063834426501525,-0.0061104647076123,-0.7823307266330533,0.1138550482397636,wave2,0.1141994403709211,0.1141892230403488,0.6984935167375751,0.1914489957455278,wave2,0.1917651037883307,0.1916171460029054,0.5503142421995512,0.340513837109987,wave2,0.340002681541755,0.3402167323299794
1703,-0.1386346278337309,-0.2935967182851283,wave2,-0.2932679998013247,-0.2935013332112374,0.4643345946216116,-0.3323833143773469,wave2,-0.3314252089794696,-0.331280221006061,0.3871822452080507,0.1107429937265277,wave2,0.1111358928598703,0.1111386097696643,0.4421941206205319,0.0341381481204334,wave2,0.034596514108234,0.0344552955108229
1704,-1.0283609826374238,-0.3265905470932732,wave2,-0.3259035139387757,-0.3258044656087939,-1.4479697534240463,0.0315911129420073,wave2,0.0320319685135962,0.0320314441134906,-0.9578287892291562,-0.3058645661670554,wave2,-0.3049871238923878,-0.3050670799203703,-0.8555375765207653,0.0190541082702282,wave2,0.0188892431017462,0.0190048548246822
1705,1.5164727881169917,0.1258909182733658,wave2,0.1255462217285244,0.1258828480618117,1.3873149159009854,0.5244517451957612,wave2,0.5233657781198674,0.5237038305931737,0.6898966166412729,0.1798264635697646,wave2,0.1797512407565973,0.1797801877829985,1.02644019256455,0.2091774033068387,wave2,0.2094025763340707,0.2089989195289014
1706,-0.2921455655737696,0.1883769685208637,wave2,0.1884593974139504,0.1883606658972872,1.5510316303257,0.6133151648365702,wave2,0.6124964576031111,0.6120652414247512,-0.0400216333618921,0.2174759411961785,wave2,0.2174401267135114,0.2172199404773879,-0.2710687585816119,0.3236587820539547,wave2,0.3235919427195249,0.3233330588405188
1707,-0.7482756636167102,-0.3421322486465448,wave2,-0.3414081933900024,-0.3415272405635325,0.5540687993825267,0.0788527163617306,wave2,0.0790575954499285,0.0790005873689571,-0.0483368310494496,-0.2906699323973791,wave2,-0.2898433413567431,-0.2899879811346197,-1.26292547430334,-0.1886922634234696,wave2,-0.1881924856383471,-0.1878257070661736
1708,0.7331031601912148,-0.0962674111793463,wave2,-0.0959739191906347,-0.0961555405798503,0.9992570609942526,0.3622735830783561,wave2,0.3615733956936784,0.3621182082985264,0.3807011820060437,-0.0975510611144119,wave2,-0.0973045760745532,-0.0974971403339872,-0.3431608915324844,0.0098356543171938,wave2,0.0106477329392918,0.010140553452447
1709,0.2053118957101143,-0.2599652045226257,wave2,-0.2594120229905532,-0.259154532537563,0.2298432524867067,-0.3267421005640967,wave2,-0.326410360456381,-0.3260759907523216,0.4628553956150399,0.1886325591909379,wave2,0.1887670746010059,0.1888861403948263,1.168177820012782,0.3028562964593546,wave2,0.3024876796479105,0.3027094049999176
1710,1.7252531699707478,0.2800938059854748,wave2,0.2794120282913722,0.2795446371015223,1.7980272497828578,0.2894845953776297,wave2,0.2889136561157298,0.2888135711617364,1.0882265229263834,0.2008070777985828,wave2,0.2007082113273988,0.2005041990398157,1.1810477916022564,0.2511884448917207,wave2,0.2510136026229652,0.2512102529257633
1711,0.5386325156060426,0.4806574181345123,wave2,0.4799330990641676,0.4796485340807425,-1.2865376742270718,0.1646378087927181,wave2,0.1642574021174479,0.1641670236520812,0.9297015270867902,0.5797252770038432,wave2,0.5790160087901346,0.5790642096402148,0.9718619976105396,0.4294660912464345,wave2,0.429040551952128,0.4293246039947624
1712,-0.6884618027268482,0.0176097828681881,wave2,0.0179332469999499,0.0177917815001754,-2.6762967270239693,0.4480295749409504,wave2,0.4473859086555323,0.4470285692614197,-2.3579707243339714,0.0112989249323635,wave2,0.0115497674990175,0.0112948987746842,-2.152384821700844,0.0952826574582144,wave2,0.0955506755718927,0.0953021604363003
1713,0.6867998475939922,-0.0801426550308486,wave2,-0.0801426586824246,-0.0804305621613631,0.3611238024397814,0.4117874177699665,wave2,0.4117352875910574,0.4119980294899394,0.2785021936400115,-0.1027972178708803,wave2,-0.1021222069348627,-0.1020887292012188,-0.3077872293682011,0.0565122666965713,wave2,0.056719654989828,0.0569352894791716
1714,-0.1208161842024859,-0.1025541236041742,wave2,-0.1022186519531784,-0.1022934027695769,-0.8306358519957325,0.2451834808745924,wave2,0.2451786522390366,0.2449777578529088,1.038997755995169,0.0815459243533354,wave2,0.0817797455299356,0.0817930057211833,1.130073097388924,0.0529464050157214,wave2,0.0530985988329405,0.0535426529710855
1715,0.5240617670431965,0.003441203117204,wave2,0.0035801882418061,0.0036918315489607,0.5946505657979957,0.4303111744635449,wave2,0.4302089985889886,0.4301593598052949,0.8924810115433618,0.0568391998536352,wave2,0.0572513655557644,0.057249510571993,1.0562745885189395,0.1402959463840399,wave2,0.140107716382236,0.1402492634438446
1716,0.3911366818362784,0.0568133677018665,wave2,0.0569548242868254,0.0569130747318464,1.1256407923933816,0.4276795404926327,wave2,0.4274044370627384,0.4272286457086606,-0.2373838215130992,0.1356657683577831,wave2,0.135839509248306,0.1358479907077527,0.3545682372938085,0.1971249110654841,wave2,0.1970907348475,0.1974623592660874
1717,0.0368138787301765,-0.5113227819296667,wave2,-0.5103524501439353,-0.5105735785405044,0.7616776957110406,-0.0634754767930247,wave2,-0.0636609020578713,-0.0630278204171703,0.2485940746669528,-0.5284954990801625,wave2,-0.527594643530156,-0.5279438148545719,0.2303269651083999,-0.1716563741604823,wave2,-0.1705494264491729,-0.1710475088923055
1718,2.4253647840681887,-0.0218538811405342,wave2,-0.0215900571963534,-0.021646911371594,0.9229810091898928,0.3679665934919763,wave2,0.3677702991000767,0.3676316748764864,1.6554083146335752,0.0319140059566955,wave2,0.0322521063679506,0.0322178433817987,1.6335883817768106,0.1185970098126484,wave2,0.1186740947374494,0.1190315841529315
1719,-0.2531105995787694,-0.1950469043292787,wave2,-0.1944452568008069,-0.1946143037676596,0.4399201676555384,-0.0544642724331226,wave2,-0.0544248261225335,-0.0547997428763516,-0.3247020573743099,-0.0262974380389683,wave2,-0.0260120258285448,-0.0261813048540174,0.9131656983502744,0.0532520546051265,wave2,0.053409691446155,0.0534294793054528
1721,0.7379066551365046,0.2872042282853675,wave2,0.2867468132766762,0.2869997169435346,1.205466144195929,0.3391309969550603,wave2,0.338391150790828,0.3385492284870676,0.5302571487378616,0.1405709096066925,wave2,0.1405051670553367,0.1406790875123569,0.2015887489106534,0.0273460018333848,wave2,0.0278711216250828,0.0274499086255987
1722,0.082475322654595,-0.1582329255175253,wave2,-0.1581403784694456,-0.1583174143105599,-1.3282859522228814,0.2621748924255085,wave2,0.2623088147529078,0.2625443584009712,0.9921607943354892,-0.0559478452530904,wave2,-0.0552963445490571,-0.0553355383805352,0.3985230281818178,-0.0104308130067647,wave2,-0.0100214844877378,-0.0099645606871708
1723,0.9024871177867476,-0.0419097011797192,wave2,-0.0419722972046546,-0.0422094585115702,1.506277442356508,0.4192259997590879,wave2,0.4191554333419462,0.4194325791832232,0.1500789109090434,0.0168570263016291,wave2,0.0174001807240514,0.0174114696244357,0.601386306976637,0.1143087302730092,wave2,0.1144553405735019,0.1146448467991178
1724,-0.2953424931781384,-0.1076355137303237,wave2,-0.1073250520301694,-0.1069786876586791,0.6904328680412471,-0.0519529370550546,wave2,-0.0520399830522044,-0.0515953094857126,0.25727499086332,0.1027185172272691,wave2,0.102904516981894,0.102978805791152,-0.668612472663122,0.1753412787995891,wave2,0.1752337004370478,0.175345039160843
1725,-2.7585926916147887,-0.2680995671064423,wave2,-0.2674949124155608,-0.2674508415703476,-2.1226048420008623,-0.1550779088652977,wave2,-0.1550875517899063,-0.1548340152401973,-0.6169281253954765,-0.131554850229297,wave2,-0.1311645142835037,-0.1313641888326845,-0.1656843919988928,-0.0630460784632401,wave2,-0.0624308775225331,-0.0621599351469853
1727,-0.5536198786212255,0.0967811921805204,wave2,0.096801022268068,0.0968753731024026,-0.6896490744509837,0.4979927734407486,wave2,0.4977977516024711,0.4977217081620154,-1.0721335815576531,0.2075437569763523,wave2,0.2077564122657487,0.2077812100254623,0.1401981600323667,0.2505038895695291,wave2,0.2502317098632501,0.2503781683064677
1728,1.829386979799177,0.3588166969146585,wave2,0.3584621599082145,0.3587594139266815,-0.2256301402521599,0.1276854915565385,wave2,0.1279612797280428,0.1280276211703847,0.2258055621306185,0.4150311233582944,wave2,0.4150233400134639,0.4149797718779531,0.3442650562895625,0.2944842905261014,wave2,0.2940994313143983,0.294196555184638
1729,0.5385004006138123,0.4712973346151708,wave2,0.4705201369937518,0.4703491837343682,0.2061972431270813,0.5232616363072937,wave2,0.52307381761557,0.5233484023027546,-0.0622901176300351,0.406728088335642,wave2,0.4068449556797876,0.4067233911295272,0.5145263088357614,0.208083345352078,wave2,0.2081600279337949,0.2082451234530308
1730,-1.121886557034392,0.0849308470371698,wave2,0.0851299862861006,0.0851291943411026,-0.3423550435600132,-0.3119694942361771,wave2,-0.3112041498906496,-0.3109986942032531,0.0116991723719888,0.2887618242935146,wave2,0.2886313975472829,0.2884490400006034,-1.352883299910275,0.255096523251173,wave2,0.2551971130560248,0.2549945855373385
1731,1.2045561834406593,0.1857395975898587,wave2,0.1856300260007696,0.1854758721322048,-1.685410708366217,-0.0723582605172141,wave2,-0.0723348397719784,-0.0719865949042299,0.7517148218795342,0.2547526211507813,wave2,0.2544796842192385,0.2543661127428813,-0.3674827533649283,0.08071305119924,wave2,0.0813877743868609,0.0808702700821671
1732,-0.7825706409065706,0.5085734626260446,wave2,0.5080779633391098,0.508151819200631,-0.7167969991104788,0.5264079061622868,wave2,0.5256149651631081,0.5253214305851301,-0.2701660565252174,0.3996074723014192,wave2,0.3992769216414399,0.3991101798877298,0.206444449149178,0.2257468141073946,wave2,0.2258981745968305,0.225503878324133
1734,1.0195277523470587,0.0782766547495716,wave2,0.0780603398732354,0.0778608438490659,1.506183131432701,0.0899021969412028,wave2,0.0902504196283273,0.0905735890140051,0.7322782967356459,0.0400404207827399,wave2,0.0406579004110801,0.0404271951584384,0.8113087760824241,0.0515898290439539,wave2,0.0518720521633337,0.0519706149114218
1735,0.9044451528339308,0.3109467450065052,wave2,0.3102298957502602,0.310473571538313,0.8433471973498055,0.3582657813711106,wave2,0.3578486375070032,0.3583133517713074,0.7568200291588927,0.2585054276117376,wave2,0.258406649018272,0.2582682774119617,0.2384998968837228,0.0203767792689588,wave2,0.0204097813900738,0.0206039459649773
1736,-0.6431482295916284,0.1573800143291115,wave2,0.1572640725516887,0.1577278648866111,1.6847367181399495,-0.069747149340124,wave2,-0.0697795764722546,-0.0693578740667921,-0.1994443078106351,0.0875791403582233,wave2,0.0877551817376092,0.0878028770740171,-0.6298925549887611,0.0126462563919415,wave2,0.0127270998921988,0.0128211809078013
1737,0.5723366202295971,0.5381351217424031,wave2,0.5376410231100339,0.5377172054660193,1.372834263635363,0.6084150451461413,wave2,0.6076396143901824,0.607796593258282,0.2397901084614002,0.3086672087361927,wave2,0.3085181920144914,0.3082572553169199,0.5836096535247143,0.2195323769193954,wave2,0.2198003629493634,0.2199086011980655
1738,-0.0379559649331479,0.0632265802144631,wave2,0.0634075164011662,0.0634564197046414,0.5196370303127927,-0.2806239947854873,wave2,-0.2801466227908916,-0.2800270474509224,0.337343316051224,0.2041846524997314,wave2,0.2042262111993756,0.2039804083582655,0.3556796490785251,0.2327505432057043,wave2,0.2330463880884654,0.2333108760949757
1739,1.870862724481616,0.3978773024572111,wave2,0.3971417698336892,0.3975135887066341,1.387085474814682,0.0582033460145773,wave2,0.0579108856532389,0.0578374453918716,1.223183780766467,0.4413429882335418,wave2,0.4409067819655559,0.4410609116494881,-0.709907807836414,0.3284175195119083,wave2,0.3286767547041613,0.328016669736731
1740,0.1240741627019204,0.3737896143156097,wave2,0.3731606035245479,0.3729234788892296,1.315248369905068,0.4654599109094595,wave2,0.4653609023908043,0.4655989898599801,-0.0444357865842198,0.1932873601294512,wave2,0.1936513707380348,0.1935502282604891,-0.0125533705781705,0.071651648366848,wave2,0.071913671608797,0.0720001055705996
1741,0.0296213554476308,0.5018578253012768,wave2,0.5010430238678997,0.500834622142248,1.6843084089705136,0.5750966464521778,wave2,0.5748441005913976,0.5751278330242751,1.4522171917324904,0.3966192393583639,wave2,0.3967368930995757,0.3966395027859429,1.8803018796712947,0.2340555115996251,wave2,0.2340592123371189,0.2341975773980575
1742,1.763637244355076,0.2662460436830649,wave2,0.2659941425693581,0.2662859920058533,0.5352628268721088,0.2074491613923464,wave2,0.2072178479075279,0.207353050979387,1.337959536519722,0.2694714494520929,wave2,0.2694827527032524,0.269466404777184,0.8221686652682316,0.2281988705944581,wave2,0.2280242743549747,0.2281034953580438
1744,-0.1488554529997751,-0.0838795660990809,wave2,-0.0836274714646169,-0.0835113359093039,-0.6626341002515218,0.3409543893724035,wave2,0.3409792694266945,0.340920533285013,-0.7447929839976334,-0.0137382290381975,wave2,-0.0132497291370319,-0.0132292702290419,0.1123489905742098,0.0470495412068448,wave2,0.046988404630729,0.0470834601235339
1745,1.5518971797130288,-0.2600099767883155,wave2,-0.2593971232525225,-0.2593012770625018,0.8550176392068911,0.0504270444768416,wave2,0.0505463399920448,0.0504607806192275,0.5131549859663507,0.0379111942023621,wave2,0.0381235226772159,0.0379041287604265,0.4876145631233785,0.1913229195322522,wave2,0.1916346333654656,0.1920213739686899
1746,-1.0508939363448038,0.1070637549715746,wave2,0.1071757672558918,0.1072217780966448,-0.3163200613670423,0.4532056323975135,wave2,0.4525252052105641,0.4522316993556687,0.1697728438946561,0.2868804160153874,wave2,0.2867160504797182,0.2865859715556861,0.0465518411710459,0.282899038559832,wave2,0.2829150493367066,0.2825862672797619
1747,1.0463490103487274,-0.4431507777060952,wave2,-0.4424394299440743,-0.4421780974370474,-1.0955313007997467,-0.3664254690193737,wave2,-0.3653937848026497,-0.365484298269764,0.3158925946011574,-0.0921145748888869,wave2,-0.0915264589885118,-0.0915142087940801,-0.9633532005228626,-0.1130609566958444,wave2,-0.1128865233587796,-0.1129463275585559
1748,0.4091517195039568,0.4009254281403765,wave2,0.4003003910379351,0.4005669222224553,1.2191389148135674,0.4318813382292302,wave2,0.4309904869797828,0.4311631700392474,0.727658971426571,0.2919748781336668,wave2,0.2917062905879071,0.2918637614472401,0.4922437206508608,0.1602927483653037,wave2,0.1606501412156997,0.1602084217188905
1749,0.4987569041656174,0.132835509710545,wave2,0.1329175996956345,0.1329352047894457,0.2376200489586881,0.0971575015675247,wave2,0.0974693816512416,0.0975444975887171,-0.7638866527056465,0.1842971663806778,wave2,0.1843100440737328,0.1841621789786842,-0.8213649435570847,0.1212354784101985,wave2,0.1215007578509212,0.1212841465359657
1750,0.1679140027396758,-0.0927093743268,wave2,-0.0924158994669462,-0.0926208327042307,0.8314127452709814,0.3325927791350034,wave2,0.3319099996190682,0.3325024611770305,-0.3051375160463628,-0.0353152031335164,wave2,-0.0351938032729393,-0.0353196996826308,-0.1224438037210331,0.0243432781324679,wave2,0.0251308260097274,0.0245779384830695
1751,-1.6748692537843346,-0.3777664366255969,wave2,-0.3771006243859133,-0.3772239128954339,-3.1409034282992723,-0.2628348944414493,wave2,-0.2627383630467689,-0.2621483895907276,-1.4373974978938129,-0.1952300020837318,wave2,-0.1949234134591533,-0.1949722316585709,-1.5490289420094046,-0.1147141703659364,wave2,-0.1137395918582419,-0.1142570631470471
1752,0.3328250501114578,-0.2506378707563771,wave2,-0.2500359446631314,-0.2503126186559138,0.6549724936509771,0.0867877208349499,wave2,0.0864151243050986,0.0870353462377558,0.4086297234813467,-0.0516279972834579,wave2,-0.0514672828394413,-0.0515691407460825,1.0246223338238925,0.1698346229987135,wave2,0.1704545785828595,0.1698589786677356
1754,-0.0700849090901723,0.3530823746543465,wave2,0.3527358872823878,0.3526708961678728,0.613738676438573,0.3768581795283293,wave2,0.376606954410485,0.3763222930488171,-0.2876717894500497,0.3790885525169414,wave2,0.3788814578191699,0.3788686120926372,-0.3086228291655143,0.0737516309623124,wave2,0.0738529947137155,0.0743589729461057
1755,0.5545749144728006,0.2654752347261344,wave2,0.2648179884394088,0.2650488648767521,-0.7187550548653151,-0.0756669983404921,wave2,-0.0754871887140612,-0.0749554973289893,-0.4669927245476891,0.452105699213187,wave2,0.4517771672217373,0.4515988811530295,-1.3782884972080789,0.2148332198845061,wave2,0.2145813967746077,0.2148417821739858
1756,-0.4674643672317475,0.0896474661662947,wave2,0.0896761495639379,0.0899190473198872,0.5474930727009555,0.4074186482378812,wave2,0.4068577461225018,0.4071292905048127,-0.8420316866718939,0.2145088606236111,wave2,0.2145416365757346,0.2145694523537316,-0.4488410794166133,0.2089625308247477,wave2,0.2089056368127803,0.2089104634450893
1757,0.969615468866412,-0.6593454756553911,wave2,-0.6582358565961428,-0.6579676879717957,-1.042893302363095,-0.6299254468636041,wave2,-0.628545658634411,-0.6285496744507483,0.9421451545359636,-0.4269995911612823,wave2,-0.4259457661974724,-0.4260770595031122,1.1736933696512728,-0.1299764682171932,wave2,-0.1299705761302091,-0.1299665229586694
1758,0.3832205830484797,-0.3807872060485805,wave2,-0.3799938157231292,-0.3799399885417077,-0.047624236393104,-0.4363795124338899,wave2,-0.4352929799135377,-0.4351649178624183,1.177714232520834,0.1131144710720197,wave2,0.1132759512090813,0.112960345916204,1.2275427758260735,0.2060880628414118,wave2,0.2062298693582591,0.2060552711726697
1759,-2.0277082474631483,0.0668758743211075,wave2,0.0669314911693539,0.0670478977537012,-1.300592989558989,0.50307952689471,wave2,0.5028729119748546,0.5028389922627795,-0.7972201874094946,0.0883962274746037,wave2,0.0887821953285044,0.0887514263486661,-1.498622528733924,0.2064066976308146,wave2,0.2061118404373754,0.2062984629161549
1760,0.1579716106968975,0.154604569128212,wave2,0.1541300688573174,0.1544188105661609,-0.283091170402772,0.165687735976176,wave2,0.1655596065809373,0.1659828790594478,-0.8721558221551498,0.1739090790821295,wave2,0.1739056130448376,0.1737658925804109,-0.2332716530656904,0.132962043252613,wave2,0.1326974758220921,0.1329936729412017
1761,-0.4864329011153687,0.288330658956167,wave2,0.288126577318687,0.2881387153736509,0.1212877905379541,0.2647605532963832,wave2,0.2643140724089798,0.2640991512212687,-0.9349555594547556,0.3278846102497991,wave2,0.327687649108704,0.3275913122179278,-2.8491390225136297,0.3289865092648585,wave2,0.3289899401653982,0.3286900692625177
1762,2.1215382288656373,0.422173461392086,wave2,0.4217752718185241,0.4217225518034684,0.9798145693587074,0.4893465269877936,wave2,0.4889162391189668,0.4887059085791544,1.67291425385577,0.3083071924762248,wave2,0.30824057547715,0.3081653573035896,1.1754207707433395,0.1205894459760875,wave2,0.1206419974158531,0.1210574809807077
1763,-2.143657069122341,-0.1860555326349463,wave2,-0.1855811249420308,-0.1855869818152354,0.0179441094565206,0.3570339524034068,wave2,0.3569752731043604,0.3571527176767334,-1.3762321713910677,-0.257161294663182,wave2,-0.2565366533850557,-0.256734184961765,-0.5723089193887472,-0.1406964226845693,wave2,-0.1399948142109802,-0.1404232770521885
1764,-0.3245074874914395,0.1699862493311595,wave2,0.1700135178398155,0.1700476633992563,-0.4438705973481158,0.1146647058014761,wave2,0.1149477006694844,0.1149490753830279,0.1713675892587056,0.2082611140349002,wave2,0.2084152090050361,0.2085298492364937,1.0124207921493382,0.1344952513985594,wave2,0.1344056833637331,0.1343702539874101
1765,0.0622360702706831,-0.2756827328628016,wave2,-0.2750733883630437,-0.2750306608876011,-1.456091698745081,0.0866960126321629,wave2,0.0871001340901262,0.0871537866731763,-0.1230765518954591,-0.0111441564023386,wave2,-0.0108165415238807,-0.0110894547592084,0.0453637839709855,0.1185101172745226,wave2,0.1187696904927135,0.1185641024954939
1766,0.6159440445853542,-0.1771283149223249,wave2,-0.176746928218663,-0.1769167389892453,-0.43646268386115,-0.1578633525641001,wave2,-0.1579038928348063,-0.1573106661585221,0.5050907208888957,0.1697674992928375,wave2,0.1694980635248284,0.1696488792560235,0.3596185546394324,0.1452867914651279,wave2,0.1458878336897482,0.1452878150630965
1767,1.0188569111111494,-0.1262420389641483,wave2,-0.126240343695136,-0.1259125954293231,0.6151343270804359,0.2807704923925321,wave2,0.2800474889316816,0.2803315812642443,1.0327195456368006,-0.0915596844716235,wave2,-0.091278258532585,-0.0912010550813939,1.0266269735016862,-0.0746923285176393,wave2,-0.0741070555708079,-0.0744562212265787
1768,-0.5467893557793102,0.0498032722045265,wave2,0.0498894381943533,0.049997438896699,-0.4358121136974707,0.0725625892889704,wave2,0.0726268696327151,0.0726382671569528,-0.0373522393912609,0.0398145058652229,wave2,0.0399102465168615,0.0397968992244398,-0.6493534764859181,0.0464244131631727,wave2,0.0469672267337381,0.047203065370368
1769,-0.0367659380437658,0.1538273322550219,wave2,0.1533969854206756,0.1537954449102048,-0.537105517249635,-0.2372576181670117,wave2,-0.2371510875490784,-0.2372198460651348,0.9211292081335644,0.3340584295407978,wave2,0.3338630684993369,0.3338996131446259,0.0921476299329631,0.3348201333451538,wave2,0.3350783487202557,0.3345584746849669
1770,-1.1390997488777297,-0.0465503830780593,wave2,-0.0466441173765956,-0.0463144874916472,0.545504248365804,0.3466549766903687,wave2,0.3458407730227574,0.3462380970945068,0.4565632811068303,0.0506778315810789,wave2,0.0508869316179794,0.0507630955816633,-0.3737600114378753,0.2906303031927605,wave2,0.2907555850466023,0.2904585533695011
1771,-0.2433450294344923,-0.4648717971680832,wave2,-0.4642872505200955,-0.4646004679040297,0.1206641761196818,-0.4709225000510639,wave2,-0.4697593683322507,-0.4696751005459787,0.6345668530099456,-0.218659236126023,wave2,-0.2178770532907822,-0.2178564623882902,0.7814985594953436,-0.1898310490482171,wave2,-0.1890491994294645,-0.1892139673764601
1772,0.9613848865437254,-0.4439539621491329,wave2,-0.443605585414836,-0.4433482396870039,-0.6007601576016325,-0.4215465356722957,wave2,-0.4208511339417314,-0.4203558253638141,1.4165894201841485,-0.0526352579507193,wave2,-0.0522516514498277,-0.052439165437827,1.5103859204044578,0.1455541632707201,wave2,0.145294501730917,0.1455910352649669
1773,1.0223478669951434,-0.3910206778201252,wave2,-0.3902503183716678,-0.3904833122983283,0.1467234573474332,-0.4407663854098899,wave2,-0.4404590615932344,-0.439821069842581,1.2271361768093605,0.0542651931394346,wave2,0.0541837336797441,0.0543079995525244,1.3379655750857595,0.2109769191293462,wave2,0.2115231225565137,0.2108939319227179
1774,1.6488634130876292,0.4027332752062247,wave2,0.4023912213468634,0.4024808931756871,1.105959097936151,0.4762079849052066,wave2,0.4756362652315115,0.4757432838639678,0.6765971777021876,0.2331586955505892,wave2,0.2330728984349629,0.2328960876188045,0.6221760883723307,0.1148799573484808,wave2,0.1152814520014044,0.1154738273184962
1775,-0.2090429742380601,0.227669084014848,wave2,0.2270562648662379,0.2273436507555994,0.2366550758069107,-0.1170224242834422,wave2,-0.1167702160455453,-0.116297743986082,0.0320080387988207,0.4104108714213953,wave2,0.4100989849912381,0.4099297910771026,0.4684981618400217,0.4408922519097959,wave2,0.4401617339061436,0.4405645833851674
1776,0.8556755992080055,0.2509207678649154,wave2,0.2506920597034732,0.251067726724961,0.3531721079927515,-0.1070597915416928,wave2,-0.106980303149702,-0.1066243052499042,0.8493396917725146,0.3943743104111921,wave2,0.3941382310914763,0.3942694972291052,0.6949492932243145,0.1648824892180233,wave2,0.1647415704215191,0.1648625818076822
1777,0.9013524805650042,0.3106290060409126,wave2,0.3103886675780897,0.3104159554478659,0.7603539001840482,0.2814211837679039,wave2,0.2809561404126048,0.2807366043778394,0.8038924088126829,0.3650812557538224,wave2,0.3648306008050638,0.3647450726675173,0.952462620929365,0.3633996832305433,wave2,0.3633539688375118,0.3630485505210459
1778,-1.8485681662802411,-0.6818845976957212,wave2,-0.6809832293920405,-0.6813398241366558,-1.5037926669933026,-0.6705124794218214,wave2,-0.6690662581750968,-0.6690602435758395,-3.5624117660175454,-0.5881782417171265,wave2,-0.5869558667146012,-0.5869425716649311,-2.5900751574197325,-0.4606162078460925,wave2,-0.4594042810569808,-0.4596522606936462
1780,1.7196159288464918,0.3573073211807659,wave2,0.3566886915442294,0.3565359905685116,0.6615664312003741,0.3985807532230496,wave2,0.3985597696840135,0.3987948002578285,1.8157468522739508,0.2848267034258412,wave2,0.2851020465607322,0.2849538272904864,1.1842523510759833,0.0762033979342883,wave2,0.0765217015854366,0.0765190366840934
1783,1.6931498672284475,0.5535867595480676,wave2,0.5527037622858274,0.5524629941691764,0.8734738180708836,0.6456964694272664,wave2,0.6453527721158867,0.6456528906551795,1.2765409258171263,0.4189744402367416,wave2,0.4190520998752925,0.4189796046537711,0.993214419795566,0.2876438802430009,wave2,0.2875310235118952,0.2877309280470938
1784,-0.3712030291635798,-0.6837121499424343,wave2,-0.6825719448480223,-0.6822947731819511,-0.0396631922967135,-0.6475190768499727,wave2,-0.6461150406131152,-0.6461125561897602,0.9481164390382218,-0.468355761720659,wave2,-0.4672481371262706,-0.4673860518099142,0.3155516902734286,-0.1583899381169892,wave2,-0.1583616141363772,-0.1583586641157308
1785,-1.2742494568213156,0.0508795179604639,wave2,0.0504733915708225,0.0507560067144558,0.9261252999091972,0.5103307233818043,wave2,0.5097011575572962,0.5101421386756145,-0.1850405763181085,0.0881327037783666,wave2,0.0882765752370772,0.0882065748743033,0.3764395611620421,0.1713412761195262,wave2,0.1711554565692158,0.1713863068813372
1786,0.0666929768516629,-0.0978679398987123,wave2,-0.0975172905895245,-0.097453507739228,-0.2055533031559212,-0.4307235776095123,wave2,-0.4300358672169452,-0.4299569552410266,0.240515174972843,0.0879800120205961,wave2,0.0881125066576636,0.0879687859723469,-0.7998803865127257,0.0939043473728379,wave2,0.0943786218368784,0.0947198456286028
1787,-0.9829259446331888,-0.4908611974640572,wave2,-0.4904269325960894,-0.4900472725742112,0.2629048824821943,-0.1771472637831918,wave2,-0.17726533664378,-0.1770376694884089,-1.960061515139134,-0.2508884971862328,wave2,-0.2503197118980096,-0.2503179241375868,-0.2131820380250568,-0.1959044801746439,wave2,-0.1951598879195709,-0.1953270454060581
1788,-0.1275639079823174,-0.3617331042278949,wave2,-0.3608777345047121,-0.361118227525017,-0.7667213456557317,0.0848609901721886,wave2,0.0846077352020286,0.0844055524265185,-1.4755788848999616,-0.4604120236577192,wave2,-0.4595140696624514,-0.4598463698723317,-0.453957784495438,-0.393786512429951,wave2,-0.3928024960695892,-0.3930224339237688
1789,0.6722202274522856,0.1217419442298334,wave2,0.1212377090229792,0.1215398602248213,0.0096172929404265,0.5630917277864372,wave2,0.5623859322467973,0.5628256703306537,1.556039672588519,0.1964628645881082,wave2,0.196453933826482,0.1964131856651133,1.238478815549763,0.269506959665811,wave2,0.2691770947214879,0.269428506391629
1790,-0.2136239658816069,-0.2096548586479055,wave2,-0.209141673548927,-0.2090922229889823,0.5718717420741568,0.1801235339708503,wave2,0.1804669703393943,0.1805213747553816,-0.6580592099529474,-0.081272553479754,wave2,-0.0808826025117073,-0.0810988298624251,-0.8777417974173756,-0.1159743933825985,wave2,-0.1153611910648653,-0.1157205600482798
1791,0.6138942283462591,-0.0601288534435767,wave2,-0.0596962814366101,-0.0596888745608054,-0.1605983004250909,-0.0417339256317797,wave2,-0.0411898931629085,-0.0410203237832672,0.5792048837255508,0.2585960209971738,wave2,0.2585025412290045,0.2582514331910726,1.2422744631608682,0.2616777883003469,wave2,0.2617520986830119,0.2614980531061225
1792,-1.0592971249857643,-0.3223666755732646,wave2,-0.3217554179252455,-0.3214301293421924,-2.199996739641157,0.1202826257704228,wave2,0.1200747632849286,0.1204635026226974,-2.766421884756717,-0.2699609829134684,wave2,-0.2693055740931924,-0.2692371364495722,-1.334666719354002,-0.2505709996897365,wave2,-0.2500500460362116,-0.2500327149921851
1793,-0.7931783795488655,0.1244542228106473,wave2,0.1244227372688411,0.1246994144820825,1.3281523914009086,0.4917945122783,wave2,0.491091122052566,0.4913756507380549,-1.8592217312969168,0.1421877371846076,wave2,0.1423250559818709,0.1422944255319895,-2.1942264748619245,0.2188465437258466,wave2,0.2187965548629686,0.2187826044793265
1794,1.9742702605862483,0.0848226919208025,wave2,0.0850212383468519,0.0850163910880793,1.3443769029522863,0.5113527185718257,wave2,0.5111764350442681,0.5112666177197457,1.583244018537704,0.1726294787760085,wave2,0.1726446970003838,0.1724360145266084,1.2225789293643516,0.2089355346505663,wave2,0.2090728527919023,0.208800427222691
1795,-0.8148202483654775,-0.1723696766253972,wave2,-0.1723547252740722,-0.1719764301486428,0.447859064512943,0.1539398801878563,wave2,0.1533437461082606,0.1536588343939785,0.0637728158206429,0.0607285912170145,wave2,0.0609004209967811,0.0608304794451357,-0.0315405120896849,0.1606168863237022,wave2,0.1609122285305281,0.1606671503516096
1796,0.4227387549578935,-0.3558506156178979,wave2,-0.355480642259817,-0.3556435178913958,1.6107406263840107,0.0032196988324519,wave2,0.0036445555943029,0.0039976272850039,-0.1048156042635539,-0.1110377135120616,wave2,-0.1102648692216831,-0.1104075389843189,0.6505449044688186,0.0751205467573392,wave2,0.0753500037334517,0.0754987036045335
1800,0.8147452172031411,-0.157678788851726,wave2,-0.1571103053566883,-0.1572942294385072,0.6617142682877133,0.2781076838847216,wave2,0.2776451758913607,0.2773627442333235,0.8835074419063748,-0.2015705812405964,wave2,-0.2010268615449263,-0.201315756532162,0.94677696770137,-0.1326566093141507,wave2,-0.1320543342206385,-0.1322917736627561
1801,-0.4423919651543835,-0.5013586768110454,wave2,-0.5004396885920845,-0.5004866269254313,0.570333049891497,-0.5787416661805224,wave2,-0.5778364342777361,-0.5777520057032836,-1.6029212232551813,-0.0414922203466892,wave2,-0.0411148912983443,-0.041036020340337,-1.0032485109963758,0.1251796945024158,wave2,0.1252711404496113,0.1255886669794971
1802,0.575881545392138,0.0689089494636076,wave2,0.0689578835333114,0.0687795211230265,0.244041783907307,0.5068376190229109,wave2,0.5059898334781001,0.506447029750982,-0.0896626701330504,0.1003816808994364,wave2,0.10036377205313,0.1002210960495277,0.2870450302140858,0.2094800452367334,wave2,0.2100114048966242,0.2095182878771846
1803,-0.368716618871146,0.3276372305982972,wave2,0.32748221777377,0.3274736665882735,1.6038492431531295,0.3655844578276143,wave2,0.365537176158211,0.3656524230025543,-0.7455502977086225,0.1921300192729942,wave2,0.1920874198013182,0.1920024082322868,-1.6630271751082388,0.0168461630738935,wave2,0.0172850883939869,0.0169340533467478
1805,1.2618973311977315,0.1251739538146796,wave2,0.1251900265824874,0.1251972742405438,1.5796610407196696,0.164282075433693,wave2,0.1642220064225114,0.1640648906325411,1.1774061003441725,-0.0255998929704337,wave2,-0.0251818262500136,-0.0252504594103344,0.579406889680102,0.0607528959870596,wave2,0.0609579205526312,0.0611813375197539
1806,-0.2212782394516662,0.4030999533148796,wave2,0.4026366110334147,0.4029842488021198,0.0826477147784433,0.4222959132908019,wave2,0.4217516941619752,0.4219846369752107,-0.1722966930535866,0.2730973275509225,wave2,0.2730294902634733,0.273028885732322,0.991976293178028,0.1047812908650728,wave2,0.104840250898523,0.1048269688302285
1807,0.7257437537478361,-0.0980441721932434,wave2,-0.0977574433015209,-0.0974457089385625,1.1587678522006428,0.3231052761838369,wave2,0.3226184521090058,0.322961065306061,1.0154548475196332,-0.0889438594619618,wave2,-0.0885100414641419,-0.0885053047634369,1.081135047487762,-0.022776141151132,wave2,-0.0225266945214009,-0.0225296131972774
1808,-0.3717707569121819,-0.3319367751383871,wave2,-0.3315280932330658,-0.3319293408627125,-0.1566724468099975,-0.3107949048494189,wave2,-0.3099012324278622,-0.3095849389578715,0.2336071823839269,0.0332215085561452,wave2,0.0337095063740874,0.0337307949283481,0.8847143127955027,0.2751933499698419,wave2,0.2750669239957896,0.2752906219300507
1809,0.0048197896720591,-0.0214439061479887,wave2,-0.0212538198611964,-0.0210036849373667,0.5907107368906191,0.3077432639435844,wave2,0.3073191161240938,0.3076142496891483,-0.7455924111654468,0.1286602642870387,wave2,0.1287990426711014,0.1288590072654061,-1.0032788093275262,0.095607506003382,wave2,0.0956855893259249,0.0957005493347357
1810,1.068943401302041,0.4869501923083444,wave2,0.4864323201101713,0.4862406429823153,0.761317167441426,0.5922460675262078,wave2,0.5914476566246882,0.5916950514844126,0.6255222127438808,0.3226917471260742,wave2,0.3224321470401619,0.3221248035735624,0.3080064920136401,0.2204148095179759,wave2,0.2209076356372577,0.2204426283168546
1811,0.1292203571157489,0.1292769589618904,wave2,0.1294151601989727,0.1294348341095373,-0.4744508243005931,-0.2698046846305367,wave2,-0.2689864402978242,-0.2688136002002598,1.1708800983440464,0.2539794315611818,wave2,0.2538650396659803,0.253733879763492,1.0196997366265308,0.0166789880128383,wave2,0.0171252426057759,0.0167897131278839
1812,-0.4607445466244869,-0.0433472663229201,wave2,-0.0430137823057601,-0.0429230221918024,-0.5830481578778896,0.3208998074110346,wave2,0.3205889732685357,0.320548089399911,1.1368117078862885,0.1487612331051045,wave2,0.1488598360677034,0.1486622397304705,-1.750392207220642,0.158597027674433,wave2,0.1588949739378595,0.1593212342917531
1813,0.688204558968665,0.1437095853222597,wave2,0.1437041912617317,0.143688748891824,0.6408418440003378,0.125080647188319,wave2,0.1247774902142002,0.1246315046286023,0.0615107357599082,0.1579799246471988,wave2,0.1580168803633296,0.157896920236037,-0.473998666711668,0.1399459338769826,wave2,0.1402276042297974,0.1399327611186931
1814,-0.0355849510322753,0.4013027474802052,wave2,0.4010709780198437,0.4010590955621637,0.1172264876972569,0.4175119215580675,wave2,0.4174077318789738,0.4175077372708721,-0.6288751542085473,0.2942577673507094,wave2,0.2940683875710002,0.293981740951913,-0.047702850584336,0.1092155614624048,wave2,0.109508615083305,0.1091952319031985
1815,0.8123730479975474,-0.1257752284871651,wave2,-0.12542495956284,-0.1252164204095063,0.5814977362861047,0.1471298282904712,wave2,0.1469322424853432,0.1471319506547515,0.9489246849980946,0.110028085696147,wave2,0.1102707048616797,0.1102858687087693,0.9250511442509848,0.2437524621359048,wave2,0.2435744302362987,0.2436718360746907
1816,0.4908241927792622,-0.4119353107683544,wave2,-0.4115818119362547,-0.4112913131230341,1.267470791856976,-0.085767367348546,wave2,-0.0855253293613628,-0.0850746203979043,0.290858586149494,-0.0642402866775445,wave2,-0.0638666688752781,-0.063972147647587,0.9108257387194326,0.0011938764207992,wave2,0.0011651589324527,0.0013737701474169
1817,-2.2343839830377425,-0.0041047158479946,wave2,-0.0038974034832351,-0.0041236303314159,-1.294250162453729,0.1468842176713345,wave2,0.1465281069047826,0.1470751931786365,-2.354487988705663,-0.1997206593302154,wave2,-0.1993378689523921,-0.1997079038755544,-1.215805403004856,-0.3378039948599578,wave2,-0.3365358401029639,-0.3370878361769256
1819,1.2526003215934238,0.1241399188142979,wave2,0.1237235002725495,0.1240126641398843,1.1673639238693465,0.1140781505523927,wave2,0.1140246013820237,0.114456061003353,1.222854490795213,0.1947068578407625,wave2,0.1946808656517628,0.1945453523449983,0.3968689273593612,0.1153156794655933,wave2,0.1150837711918346,0.1153661323402669
1820,-0.5439732970637333,0.3922933277555066,wave2,0.3918782545904523,0.3920822784617311,0.2383678200251332,0.3387510271692546,wave2,0.3381309929157652,0.3379798105031306,-0.2824848103398377,0.4205264878225717,wave2,0.4201319096580532,0.4200455655766512,-0.1008038415175707,0.1465329872264809,wave2,0.1468221272130837,0.146364913847431
1821,-0.5875468600605025,0.1735131673356829,wave2,0.1730320411601793,0.1734418537280344,0.9082924458939348,-0.2266582455482376,wave2,-0.2265862858410056,-0.2267511224563455,-0.1760574668759009,0.3229785665235543,wave2,0.3226809795659573,0.3229004525772438,-1.2253284219459348,0.0866590803924773,wave2,0.0872322250238843,0.0866401701380554
1822,0.2177413779038853,0.1478044122503983,wave2,0.1477778326498355,0.1476725888293033,0.2911021280472772,0.2229551868727445,wave2,0.2229065510936013,0.2227207711468874,0.783951040237683,0.1041619629577224,wave2,0.1043911265805825,0.1042642943427534,0.9446917094951894,-0.1338584722968113,wave2,-0.1334628353684709,-0.1329945152041979
1823,1.4474314924922895,0.320976763533,wave2,0.3208897037588906,0.3208332795109864,0.6603458233012792,0.0716553126426832,wave2,0.0718294107885385,0.0721292864813826,0.079431005725427,0.2624226197013553,wave2,0.2622737874732579,0.2621629217323951,-0.4394511409293083,0.1906997593897438,wave2,0.1909352356361586,0.1905845224481592
1824,0.0377374831503951,0.2300677795002473,wave2,0.2299623890099774,0.2297603111055529,0.7063643392582051,-0.1209264119404897,wave2,-0.1207860552015708,-0.1205514654635526,-0.1997523553097733,0.4296794519974143,wave2,0.4292227168967599,0.4291325350022354,0.6001423602492783,0.4561368896567559,wave2,0.4563224064028592,0.4558175528045878
1825,1.166211535793369,0.4287915704837171,wave2,0.4283011750937167,0.4286763856252507,1.1019032701477582,0.0656767118985233,wave2,0.0655107721808987,0.0658368759319494,0.6081541554872283,0.5087394347579461,wave2,0.5083632458913396,0.5084320995573022,-0.9134295261737332,0.3404375758914124,wave2,0.3400897978937846,0.3401907890430701
1826,0.4478500097092756,0.2121443773540837,wave2,0.2117406698072027,0.2115277559046181,0.4760824202729215,0.2296081178366007,wave2,0.2297685612484699,0.2301390261605598,-0.1261897542288191,0.1982756715775847,wave2,0.1986911288471681,0.1984873650202846,-0.9287800450280324,0.2084954327181464,wave2,0.2084960454925297,0.2086911055731286
1828,0.6566940639256852,-0.2345484440076355,wave2,-0.2340898263040325,-0.2339895886264844,0.8842999715881575,0.2241682348599213,wave2,0.2237282800369081,0.2238629590830848,0.1378403832068125,-0.226361320458229,wave2,-0.2259901836252019,-0.2260749910912228,0.7974528144131106,-0.1893996913462146,wave2,-0.1886218786869234,-0.1883719199843641
1829,-1.6088677312418551,-0.3868089611787311,wave2,-0.3865050348951269,-0.3862144948132276,-2.0171459235076385,-0.0402895455052495,wave2,-0.0401145433168662,-0.0396712787614396,-1.4681802141930644,-0.088313298894206,wave2,-0.087910143889771,-0.0880198323390301,-0.7651836084967772,0.0157167656422471,wave2,0.0156605227765615,0.0158833730091458
1830,-0.6405427421766999,0.0912645886695474,wave2,0.0910818649217421,0.0907699088971617,-1.73985807193384,-0.3122836641322259,wave2,-0.3113677356523272,-0.3110853585147208,-0.4445546804029455,0.3355684037744998,wave2,0.3357496477481566,0.3356117824010972,-0.6635864632240273,0.2643936744190018,wave2,0.2643947773348067,0.264435923450933
1831,1.7637890223249983,0.5242650274383943,wave2,0.5236474649572033,0.5235233085484662,-0.1593681070419887,0.2545027813329129,wave2,0.2542004241490082,0.2543274141084216,1.6284045220743484,0.6028145413359223,wave2,0.6021131246665887,0.6020332286743182,1.2876230816998355,0.4818595557990968,wave2,0.4819715662068569,0.481527782677474
1832,1.440515841161333,0.3701470479799203,wave2,0.369426864720035,0.3698171841677196,0.7093107411122157,0.0019127652572686,wave2,0.0016786613761837,0.0015806171164737,1.0884591268716812,0.4645675149817845,wave2,0.4640939711142304,0.4642631398632511,-0.0503549294131612,0.3031017782947171,wave2,0.303396208864391,0.3027499746564583
1833,0.8375297356484717,-0.1812496576435792,wave2,-0.1806944451526869,-0.1806950062818207,1.1287431996238024,-0.0940467667808822,wave2,-0.0934953512649395,-0.0932673815646073,0.6174120526215144,0.0396761048442118,wave2,0.0398938494410605,0.0396499872598472,-0.5383089410302051,0.0969945271325931,wave2,0.0973414332079842,0.0970048849366617
1835,-0.9256894078420402,-0.3969038312356721,wave2,-0.3961928756261097,-0.396209504438578,-0.0573376747427283,-0.1126084888884074,wave2,-0.11218045098583,-0.1123954793165179,-0.2431121640290431,-0.1398432322062088,wave2,-0.1393169734361818,-0.1392368913621609,0.8586405809211258,0.0062366757115547,wave2,0.0065114132511548,0.0068292424933461
1836,0.1808638415124028,0.3001908146414374,wave2,0.3000387601188559,0.3001245805862058,-1.5682417892661216,0.2784274830971774,wave2,0.2782798403974137,0.2782933612882931,0.0311035993758242,0.286197043671233,wave2,0.2861120469915793,0.2858348894422869,-0.4171132404224619,0.3135763039578473,wave2,0.313768267612952,0.3139556765183313
1837,2.1490554175733467,0.4541647316724008,wave2,0.4537291152323773,0.4538013821911083,0.0939085798075757,0.1773662660231827,wave2,0.177091878551876,0.1767120967235577,1.288939196550996,0.5445739644645234,wave2,0.5440253581620621,0.5439670449126462,0.3132993914371051,0.3881327436795939,wave2,0.3878722011418676,0.3877418164194786
1838,0.2642563247608699,0.3333314424194326,wave2,0.3331597180031173,0.3331239812720775,0.9090283055976304,0.4516916292122684,wave2,0.4514426391563787,0.4516223438120176,0.95232758420287,0.0941763034453491,wave2,0.0942640304071951,0.0941884423052037,0.5525147376247236,-0.004609106654494,wave2,-0.0041111459204832,-0.0045029440203428
1839,-0.1647495691045405,-0.0430060963053745,wave2,-0.0432853926757502,-0.0430286078613702,-1.313391127456654,0.0440824966227512,wave2,0.0440966566706068,0.0446050321435306,0.2939986287354334,0.2087545934880387,wave2,0.2087718793610334,0.2086423043778641,-0.7039426531865861,0.3026352647812235,wave2,0.3022571894039413,0.3025408952933847
1840,-1.3107614297966517,0.2248464518647135,wave2,0.2243661610025294,0.2247174982871045,-0.905861541134472,-0.0834878627335421,wave2,-0.0835505786295701,-0.0836451901273788,0.0855914741250315,0.2114050559830427,wave2,0.2112780306626884,0.2114566728613884,-0.4988658273169312,0.1247930332415287,wave2,0.1253102360622235,0.124681184772614
1841,-0.5204432841045624,-0.0170278028834859,wave2,-0.0168658338411073,-0.0166488860582342,0.0973881332951295,0.0506245571761384,wave2,0.0510651395824249,0.0509908179310681,0.5436113287427766,0.3191187682792635,wave2,0.3192353601147502,0.3191783696320585,0.7861074826301043,0.3473979824709577,wave2,0.3469927239573625,0.3471233319330496
1842,0.8372527018216198,-0.3828411155880362,wave2,-0.3819747847154822,-0.3821074815228329,1.327332231693074,-0.2984760329688175,wave2,-0.2979299279593627,-0.2976574817043552,-1.99764640884463,-0.2048642989054627,wave2,-0.2041539182591463,-0.2043158851838376,0.0802221791518926,-0.0156185642846912,wave2,-0.0153662120711887,-0.0150529693598694
1843,0.3738050931977736,-0.0753429975963558,wave2,-0.0755581430924481,-0.0753011499234351,0.9475003950566104,0.384116967234766,wave2,0.383669099184252,0.3841202743727917,0.1638734104246869,-0.0331500062027004,wave2,-0.0328273425276893,-0.0329323458607085,0.8298115075837496,0.0244831432702298,wave2,0.0245197157375391,0.0247095065553648
1844,-0.0564605997795744,0.2443871008585711,wave2,0.2443254358416926,0.2443715796780912,-2.047123557090614,-0.0320973830847989,wave2,-0.032038790724672,-0.0318636393813968,0.7972797751102828,0.2720701227385583,wave2,0.2720352067302195,0.2718277491156989,-1.1254951646529348,0.1555336330267788,wave2,0.1558770103910693,0.1561745835089094
1845,2.241093307614176,0.033427905668844,wave2,0.0335302740963068,0.0335998385256251,-0.3284010581112728,0.426857495182379,wave2,0.4267643983104036,0.4266726301018239,0.9443844365440088,0.1756422377994224,wave2,0.1758801990820815,0.175934011233273,1.4701315657679803,0.1851444998935426,wave2,0.1849779512158254,0.1850791954368021
1847,0.1158672089215993,-0.2063359133208845,wave2,-0.206175774732774,-0.2063470497535458,-0.6915444723419918,0.1631578163131575,wave2,0.1633661176823975,0.1637741993489685,-1.1197279166690133,0.0739313363915034,wave2,0.0744714745099662,0.0743566740896776,-2.9656204222787412,0.2525495883030723,wave2,0.2524639090177813,0.2527182049426077
1850,0.2533790901178672,0.2515097559786111,wave2,0.2514183674856859,0.2511402143037208,-1.4181769266664743,0.2577393463037801,wave2,0.2573396795624443,0.2576782831299747,-0.4516960771724564,0.2480763655119635,wave2,0.2479116602136666,0.2476448289945518,-0.807606798895068,0.2793224848729945,wave2,0.279767901045221,0.2792284064355514
1851,-0.9047737246552454,-0.1298876118624659,wave2,-0.1295327272656992,-0.1294416598740688,0.6153854674814,0.3144862171724,wave2,0.313938399148402,0.3140840035406226,-1.1344559320946797,-0.137786137170539,wave2,-0.1374792634259231,-0.1376298865213771,-0.2383630834073602,-0.0904709438563833,wave2,-0.089821425372423,-0.0896023434954836
1852,0.1311603287691532,0.0152400624336384,wave2,0.0154149693149305,0.0154843162750635,-0.6178342064939121,0.3167378739256742,wave2,0.3165408685675118,0.3163268234099713,1.164072920082051,0.0983591099768923,wave2,0.0985542689758562,0.0986805158493222,1.387144904748527,0.3938128929527923,wave2,0.3935732246012638,0.3937652044757104
1853,-0.297242318406868,-0.0202901439235789,wave2,-0.0201209537549464,-0.0200000092781817,-0.6366894444372198,0.4132180459812756,wave2,0.4131393176939041,0.4130962863588022,0.1164592689486049,0.0184978768163406,wave2,0.0189605414799556,0.0189520154770137,0.1932380488098486,0.1125021838476046,wave2,0.1123352663096824,0.1124755860463773
1854,0.1533548795464684,0.2627630870846398,wave2,0.2626120956171018,0.2626333238167191,-0.0702527995313235,-0.1193540680838332,wave2,-0.1191792990503751,-0.1191461074187359,0.7327769854051802,0.4033800587676448,wave2,0.4031283023662317,0.4031863319402715,1.441801307929944,0.425839561868124,wave2,0.4255122126260297,0.4257780170369171
1855,-0.4431699240196826,-0.0277425269580673,wave2,-0.0275386289603973,-0.0272331921389894,-2.443972492823002,-0.0331354243174117,wave2,-0.0332220911884302,-0.0328138153634866,0.0657824154328178,0.2660515990341745,wave2,0.2660194467541574,0.2661205377400664,0.6249174341617345,0.2806954067173061,wave2,0.2804434722935162,0.2805632913044706
1856,1.7868604025480814,0.3987423088604684,wave2,0.3984435689819456,0.3983755154500008,0.8321115795494124,0.1029115366839334,wave2,0.1028408063555844,0.1029294704561442,1.3021391634933346,0.4679606697372258,wave2,0.4676545409230819,0.4675912330914942,1.4343218865188636,0.3161354633188417,wave2,0.3159015535417221,0.3162969942459576
1857,-0.1260935741829096,0.1664244155661873,wave2,0.1658916696620615,0.1660877589604247,0.6597113927733823,0.299284173672126,wave2,0.2989556073034402,0.2994133122802401,0.2512552147939728,-0.024675471053256,wave2,-0.0243858904934309,-0.0245962674275331,0.6084365974088772,-0.1976586360425645,wave2,-0.1973140003568381,-0.1971545783924276
1858,-1.636731681074075,0.0909823012698716,wave2,0.0911051537843157,0.0912323223243012,-0.6584007363313186,0.1135447838593534,wave2,0.113819539301048,0.1139111003297971,-2.6352785445810354,-0.0660047519003257,wave2,-0.0654558319321856,-0.0654591599724787,-1.4088950376866174,0.0282395415426155,wave2,0.0281108157320935,0.028155279110013
1859,1.8322612620119865,0.0904452693896005,wave2,0.090508737666233,0.0904978150945574,1.425401048666624,-0.3066358411000257,wave2,-0.3061816598122165,-0.3061750563975144,0.9770239631178848,0.3372322443982365,wave2,0.3370620942407694,0.3371253608545892,1.2263954922533278,0.2696310928362623,wave2,0.2695094051667152,0.2698471531693786
1860,1.4712545030803377,0.4815734696721063,wave2,0.481272475282491,0.4812985344600864,1.7423301701092373,0.173835268052607,wave2,0.1736627632759572,0.1738493117817564,1.4581831439196065,0.4894014715016662,wave2,0.4891970378254423,0.4888429738106384,1.0436035491254425,0.4037831197440462,wave2,0.4037977671455028,0.4040392486124366
1861,0.8802743870643384,-0.0686825236475711,wave2,-0.0684238040843957,-0.0686316143854274,0.6282399525521919,0.34901538480835,wave2,0.3483139717147184,0.3489007690231379,0.32414940942087,0.0016906010989221,wave2,0.0017567148752228,0.0016474614014021,0.4730837710998551,0.0546271175566024,wave2,0.0553715620225501,0.0548141121990013
1862,0.2850360341629128,-0.3273554119249472,wave2,-0.3266671894852164,-0.3265279872019934,-1.6759920389260292,-0.3804642354736894,wave2,-0.37942852048158,-0.3795241237590675,0.270045887631385,0.1309948338327309,wave2,0.1313123590569145,0.1312750252402297,0.4123932117936869,0.2620103531642573,wave2,0.2617125650560926,0.2617333638658866
1863,1.20577042174895,-0.3652728099578236,wave2,-0.3645049287731156,-0.364767385741097,0.4319250580813378,0.0061811287848188,wave2,0.0058990270879249,0.0065479110030735,0.5349757940635677,-0.2351497028127274,wave2,-0.2347142602154908,-0.2348989758555184,0.588224808272326,0.0227222376286027,wave2,0.0235515217439814,0.0229784737796168
1864,0.8349173963137877,-0.2357312529060583,wave2,-0.2356827916141837,-0.2353737550947921,-0.2835845600987861,0.1587429057026835,wave2,0.1586307067925351,0.1590483021244354,0.4915330767193296,-0.0545453408387092,wave2,-0.0542092013905998,-0.0543020879561052,0.7320804757273103,0.1567477205794127,wave2,0.1564645621745354,0.1567495468384989
1865,-0.6994243921041646,-0.1186172931207644,wave2,-0.1181929202385862,-0.1181775377290263,0.054038162271174,0.1814069624386513,wave2,0.181642634727888,0.1815829793470816,-0.7336661470499054,0.0411549682470686,wave2,0.0415760982297588,0.041556331423614,-1.6972549929725598,0.2630551898236087,wave2,0.2627077066471857,0.2628334573597704
1866,1.048627112024111,-0.0616652205935867,wave2,-0.0614710952926637,-0.0613884930417337,-0.2081861995732901,-0.4390206821008906,wave2,-0.4386043164537376,-0.43868484707528,0.4853539030950377,0.2540513580456095,wave2,0.2539084460416853,0.253953301000115,0.8408507300124402,0.1530297575371991,wave2,0.1531366518547224,0.1530548872120978
1868,0.0217955628035636,0.4777383408329555,wave2,0.4772575559527782,0.4773799215108901,0.9049676828995274,0.4696574416646424,wave2,0.4689156542315271,0.4686679707969765,0.4880128236488215,0.4195102754437884,wave2,0.4191407860619879,0.419004345826273,1.054439276435891,0.2102235114655031,wave2,0.210405410879267,0.209987843566182
1869,-0.1205725018065165,-0.2659904275123751,wave2,-0.2653759845960279,-0.265360429602488,0.8744133138060766,0.0260807182046164,wave2,0.0265376636138653,0.0264533213959053,0.2429579502864316,-0.0613830172172369,wave2,-0.0608609085396405,-0.06082939911596,0.8290281831108118,0.1028713491479343,wave2,0.1027591362387808,0.1027934480328969
1870,-0.0853867077326353,0.1142700045616748,wave2,0.1143387756713724,0.1141273370570478,0.1238952683411848,-0.2324121973707439,wave2,-0.2321620176399485,-0.2318511831310623,-0.0679360423686236,0.3032990062431557,wave2,0.303001592129613,0.3028947401633037,0.4373407202238116,0.3156587515259603,wave2,0.3160417033597744,0.3155131894189817
1871,0.3717335651082982,0.1271531046416126,wave2,0.1272355077411489,0.1272558131650108,0.901000283318464,0.0615387973645659,wave2,0.0618988906638086,0.0618780799786166,0.6730210020672328,0.208835683820806,wave2,0.2089699193906533,0.209120062233066,1.1760167977777023,0.0935021219099082,wave2,0.0935019074234391,0.093422911792376
1874,-0.0599015238228133,0.0058435613009161,wave3,0.0054553788893164,0.0055916185665446,-1.8534974107222113,0.0634689339089882,wave3,0.0632160626661409,0.0630381923608483,0.1780028144946746,-0.1498291768452588,wave3,-0.1494050290659867,-0.1496389829710094,0.6908119007790473,-0.0839541357293956,wave3,-0.0836365336438392,-0.0834598088789247
1875,0.7460121219887209,0.1985531513291693,wave3,0.1981368911688542,0.197855521092174,0.0971154741884113,-0.0770292580389102,wave3,-0.0770690365401644,-0.0772380978631148,0.7111529467464628,0.2284796608667791,wave3,0.2282990215332598,0.228316717131519,0.102947497931547,0.0820782040659188,wave3,0.0821634388928411,0.0824285734410192
1878,0.6890977606165337,0.3405621116700664,wave3,0.3398024169333508,0.339975342044693,0.6158538534161702,0.3078476079099346,wave3,0.3072658562051953,0.3071975980331181,1.1331179783915122,0.3508513837961216,wave3,0.350529204970893,0.3503686657200142,0.0719314086582267,0.3528003906711978,wave3,0.3524561290208589,0.3526625052815019
1879,1.253664150672642,0.6279743592311166,wave3,0.6269080373846135,0.6269197334585975,-1.4887933005488256,0.6627358463851292,wave3,0.6617334234149399,0.6616197754143882,0.5629676078128318,0.5108997697008895,wave3,0.5102683170881535,0.5102630390353511,-0.3694840004105057,0.3836446536303803,wave3,0.3832479475814496,0.3835454387041825
1880,-0.3306552288185287,0.398789818173845,wave3,0.3981468984121538,0.3978866123204293,-0.9067430028007504,0.0737037588999829,wave3,0.0734595331178043,0.0733537649302552,0.6179585479816884,0.520741581490014,wave3,0.5201242231886729,0.5201840072679285,1.1683882681189135,0.3426854563850229,wave3,0.3423758952106367,0.3426577702436781
1881,0.1700841845372664,0.3265827012743717,wave3,0.3258436186330394,0.3258562570421058,-0.5088782283307307,0.4143245142706289,wave3,0.4136700062876209,0.4134701718371061,1.2692105593197611,0.1354549607199704,wave3,0.1353889099553491,0.135347944539613,0.9574644324935748,0.0137025889923889,wave3,0.0138510058785521,0.0141275412278094
1882,0.7399684228130305,0.2626764030087362,wave3,0.2621876763650782,0.2620374489772065,-0.4680422960682446,-0.1099416472483669,wave3,-0.1100246614933499,-0.1100617877165558,0.6469041730785158,0.4514251500715853,wave3,0.4509745462366439,0.4508508049761959,1.0939117524051356,0.4617762967640426,wave3,0.4613228264736814,0.4615165680140882
1883,-0.0352373986584354,0.1109057025847769,wave3,0.1104121385413591,0.1105263299156168,0.2182380290699968,0.1675941134467998,wave3,0.1671874867891683,0.1670326385885681,-0.1900753597574841,-0.0528915617168261,wave3,-0.0526136362393976,-0.0528542363266995,0.3126123863059934,0.0310660784838274,wave3,0.0312247808710965,0.0314063135888482
1884,1.813322308159718,0.3400397215155234,wave3,0.339485582942392,0.3391530858479382,-0.1391546254199095,0.0899895254137726,wave3,0.0896969538053485,0.0895509372985024,1.2996779002134478,0.3135345033212253,wave3,0.3132195841519434,0.3132088121969065,0.9572815975638216,0.2239913024277057,wave3,0.2238926275151027,0.2241599604602559
1887,1.1158419292709885,0.3777555930114068,wave3,0.3769232878618475,0.3770408426909722,0.8055055566689595,0.3695755846777491,wave3,0.3690219903177981,0.3688712969239143,0.9891063922710884,0.383769571693767,wave3,0.3833342123008925,0.3833912487040418,0.930178412013333,0.1456878647106227,wave3,0.1455903221898519,0.1458832044223163
1888,0.923685008066465,0.4339375150195704,wave3,0.4330891352808274,0.4330798289505956,1.3222485052665691,0.5216333627951597,wave3,0.5208205322522756,0.5206438879066724,0.2332170834985483,0.230956734442338,wave3,0.2307455662296949,0.2306981091369704,0.2129605968767404,0.1301577926540397,wave3,0.1301452554047512,0.1304263260180631
1889,-0.1886939560095883,0.4267826674473839,wave3,0.4259306676535074,0.4259538562843602,0.7076955367537623,0.487009601560386,wave3,0.4862568090279349,0.4860883756431598,-0.5307013821709835,0.2805584755263983,wave3,0.2802766205306133,0.2802566954733057,0.379105936257626,0.1417724825479593,wave3,0.1417268415416507,0.1420120088631033
1890,1.33404569382525,0.5325932634507292,wave3,0.5316338552944401,0.5316350608537969,0.0253427996737738,0.5929950109653475,wave3,0.5920860235892023,0.5919408402716648,1.2452724043314634,0.3735899780008518,wave3,0.3731656955504716,0.3731393253806647,1.313261313417046,0.257813534474661,wave3,0.2576075483059309,0.2578970638526962
1891,-0.2280618570251162,0.0237026706691888,wave3,0.0235080858572614,0.023147382841799,-0.9902048167373134,-0.1357643519668107,wave3,-0.135747064163469,-0.1359861487340218,-0.5504797697323839,-0.1545742117851105,wave3,-0.1542033846183099,-0.1542767418705479,0.5655653553112158,-0.1756423631201547,wave3,-0.1751363084681823,-0.1748969287268145
1892,1.062962473176017,0.5713276605023064,wave3,0.570313594776383,0.5703525263983128,1.650878382161051,0.5933425182168333,wave3,0.5924469054484427,0.5923258108040601,1.018819234398321,0.4886259237425387,wave3,0.488030910386704,0.4880425659307605,0.9953926534783624,0.3309036203043586,wave3,0.3305713703145309,0.3308686268253988
1893,1.6810844520668702,0.0671677989244449,wave3,0.0666870506587843,0.0668964943293427,0.234654013719437,0.0533666214897299,wave3,0.0531530783978336,0.0530152362600869,0.8450262901797175,0.0622373330053727,wave3,0.0623513838360461,0.0621879220516565,-0.2287866002733123,0.0345802572427444,wave3,0.0346876824986974,0.0348783179450302
1894,0.4929678316315384,0.0671677989244449,wave3,0.0666870506587843,0.0668964943293427,-0.0903665812733869,0.0533666214897299,wave3,0.0531530783978336,0.0530152362600869,0.4522614157570371,0.0622373330053727,wave3,0.0623513838360461,0.0621879220516565,0.0556124576108469,0.0345802572427444,wave3,0.0346876824986974,0.0348783179450302
1895,0.2459194508206581,0.2384330213105966,wave3,0.237769018497239,0.2378385839356799,0.9150378154634304,0.2920925306111784,wave3,0.2916299725476846,0.2914233902978922,0.6489018848832607,0.1259788774655437,wave3,0.125930182465292,0.1259285188548866,1.250553269060554,-0.0560206462122199,wave3,-0.0557973901227853,-0.0555198083697528
1896,-0.3678776543205376,0.5325932634507292,wave3,0.5316338552944401,0.5316350608537969,-0.5204823051671589,0.5929950109653475,wave3,0.5920860235892023,0.5919408402716648,0.2130072469780687,0.3735899780008518,wave3,0.3731656955504716,0.3731393253806647,0.810375944596773,0.257813534474661,wave3,0.2576075483059309,0.2578970638526962
1897,-0.7014594467366732,0.3405621116700664,wave3,0.3398024169333508,0.339975342044693,0.908781808003404,0.3078476079099346,wave3,0.3072658562051953,0.3071975980331181,-1.7298054001527747,0.3508513837961216,wave3,0.350529204970893,0.3503686657200142,-3.10649532994217,0.3528003906711978,wave3,0.3524561290208589,0.3526625052815019
1898,0.3102342963598988,0.0249690035133532,wave3,0.0245472638189966,0.024718889559178,-0.0263576402657948,0.0489161541370509,wave3,0.0486955642783293,0.0485336675053922,-0.1320367568882343,-0.0603239009687035,wave3,-0.0600289795113657,-0.060230445520192,0.1204396964512379,-0.0400901080665643,wave3,-0.0398542724828261,-0.0396714297707379
1899,-1.0535303186932243,0.2800938059854748,wave3,0.2794120282913722,0.2795446371015223,-0.8090596702228774,0.2894845953776297,wave3,0.2889136561157298,0.2888135711617364,-0.4008007949718757,0.2008070777985828,wave3,0.2007082113273988,0.2005041990398157,-0.1273322663511125,0.2511884448917207,wave3,0.2510136026229652,0.2512102529257633
1900,0.9290901955299234,0.4898628062107356,wave3,0.4891388633078485,0.4888220950099257,-0.4008568813809074,0.2009942576630279,wave3,0.2005513587576369,0.2004526990868461,0.682835215005254,0.5325376650888907,wave3,0.5318955155137512,0.5319163645946405,0.4106737982203864,0.4201704076211294,wave3,0.4197745061654342,0.4200544923984965
1901,1.5626872397825051,0.6044567616461834,wave3,0.603416759290656,0.6034258370524556,1.4364897231728992,0.645467374424626,wave3,0.6444880355046148,0.6443665036317769,0.4897958179785469,0.4771004111994994,wave3,0.4765201502121288,0.476509603294879,-0.6176484797083818,0.3523852520558285,wave3,0.3520359287155123,0.352331471723108
1902,-0.5280323075410809,0.2306885925806502,wave3,0.2302474033926113,0.2299365570686565,-0.3475284115824598,-0.022049943021884,wave3,-0.0221773303303604,-0.0223467207898328,0.7359109781082687,0.2146004927275515,wave3,0.2144368037301456,0.2144323551350133,0.4300362783580015,0.1031457891918034,wave3,0.1032146228879215,0.1034776701691923
1903,-0.7841274769087188,-0.1330089307348817,wave3,-0.1332793704125648,-0.1330591794527861,1.355109508848589,-0.1201418628278098,wave3,-0.1201073593794119,-0.1202990680749102,-0.9913182144846574,-0.1799868153370951,wave3,-0.179514499847349,-0.1796917437706477,-1.1755909518897296,-0.2014753044996454,wave3,-0.2010253271648952,-0.2008485634508608
1904,1.3549680304218308,0.422975229847833,wave3,0.4223049863272577,0.4220474315773824,0.3059704528584074,0.0923060201089618,wave3,0.0920367253292307,0.0919388835711046,1.5608692718689288,0.5557601331796902,wave3,0.5550898717111812,0.5551548917320601,0.3034254013442714,0.374751810189001,wave3,0.3743936520832873,0.3746774929431513
1905,0.4819821665961615,0.2716329989671343,wave3,0.27094930748738,0.2711145991254092,1.242571135790472,0.2565440689861971,wave3,0.2560307241785798,0.2559389095609861,0.8542473903472916,0.2485837102159833,wave3,0.2484161258454769,0.2482395977838249,0.8459945156194617,0.2608252165233384,wave3,0.2606203801401862,0.2608207458093443
1906,1.6403823667560924,0.5713276605023064,wave3,0.570313594776383,0.5703525263983128,1.2478309747219407,0.5933425182168333,wave3,0.5924469054484427,0.5923258108040601,0.7158574053513711,0.4886259237425387,wave3,0.488030910386704,0.4880425659307605,0.2343106512647874,0.3309036203043586,wave3,0.3305713703145309,0.3308686268253988
1907,0.6149907606271567,0.2746278573256232,wave3,0.2740898113571238,0.2739169038871939,0.7834400217427269,-0.1009004988422099,wave3,-0.1008676667087761,-0.1009794595209849,1.0262930110570474,0.5137531829859565,wave3,0.5131472576942455,0.5132674116806983,1.117294199035986,0.2459772610043939,wave3,0.2457679413857087,0.2460513480632941
1908,1.014093734877637,0.0396877411712967,wave3,0.0394014546389699,0.0393606085232886,-1.5065158201810591,-0.3820543408318601,wave3,-0.3817169081392033,-0.3817834125767096,0.6822987425126098,0.3527568118483648,wave3,0.3524589316252862,0.3524023767738824,0.1676500653398637,0.2472982083791288,wave3,0.2471083196708478,0.2472990962703293
1909,1.5389055140768113,0.1200335055657372,wave3,0.1197039570569981,0.1195379301141944,1.420672521541242,-0.2181220826257614,wave3,-0.2180595127780459,-0.2181439364275714,0.9194580056904732,0.2368723941733965,wave3,0.2367440044032882,0.2365884910314646,0.4636390235109318,0.2713092923125097,wave3,0.2711445013068222,0.2713258797399977
1910,1.182791459612894,0.6279743592311166,wave3,0.6269080373846135,0.6269197334585975,0.8251099753425338,0.6627358463851292,wave3,0.6617334234149399,0.6616197754143882,0.5507494644741031,0.5108997697008895,wave3,0.5102683170881535,0.5102630390353511,-0.109477605932662,0.3836446536303803,wave3,0.3832479475814496,0.3835454387041825
1911,0.5788342609304776,0.285500167095834,wave3,0.2847899576814129,0.2849902424521652,1.0388325143009167,0.2417629160290105,wave3,0.241283192447523,0.2412075909141383,-0.9205302193820414,0.3282204613761501,wave3,0.3279340388556888,0.3277904523834669,0.4196271756072539,0.3008111864569524,wave3,0.3005304084337216,0.3007361138612565
1912,0.403569943664331,0.1303551353047206,wave3,0.1297927438408318,0.130042034617437,-0.7873645624658436,0.0766485312729324,wave3,0.0764173340141254,0.0763115817310705,-0.8915189927830516,0.2136161759305577,wave3,0.2135024481601757,0.2133824374930695,-0.3029081984522553,0.1383789570906741,wave3,0.1383139583445544,0.1385137434964968
1913,1.954315823872269,0.1848269146113482,wave3,0.1842161436514652,0.1844385379799785,1.2416310653377625,0.1415375334335525,wave3,0.1412055839738416,0.1411070031071664,1.5186027139984537,0.2372521256433049,wave3,0.2371036463459797,0.2369665043498252,1.9065775518270427,0.1886463488844376,wave3,0.1885203135054304,0.188721185574594
1914,-0.9484728672325714,0.3250468772676066,wave3,0.3244873428816009,0.3242189838252886,-1.7471908523179491,0.0175323419988152,wave3,0.0173640337104928,0.0172344860376268,-0.7177582064747163,0.4135801386465276,wave3,0.4131238690784,0.4131678985932456,-2.0669677914067073,0.2457265606234084,wave3,0.2455639155540194,0.2458397189850213
1915,-1.3456668609192275,0.4734803014583241,wave3,0.4727854309228415,0.4724342675671075,1.3154739651477731,0.2199618684370202,wave3,0.2194802862231069,0.2193655917798991,1.1099015326621091,0.4470050298745645,wave3,0.4464856361318219,0.4464738641743233,1.338907411732512,0.3779302918041005,wave3,0.3776138938038209,0.3778872921301234
1916,1.1439636671578222,0.4321700419440845,wave3,0.4315005565066908,0.4312105431113574,0.1288889679694709,0.1277490885199861,wave3,0.1274183797318913,0.1273121669400079,0.1847935619993286,0.5093601506931869,wave3,0.5087570456288453,0.5087947428443873,-2.0652261018724323,0.3651011898018942,wave3,0.3647732078341747,0.3650532815338034
1917,-2.216318164336585,0.1737339464767956,wave3,0.1733220760998858,0.1732291526465786,-0.9641163807655112,-0.2298529375599822,wave3,-0.2297477468867685,-0.2297917826393,-1.191050046198216,0.4379701761155479,wave3,0.4375441258438113,0.437459186453728,0.5036035605336171,0.3844281655970908,wave3,0.3840610948575937,0.3842557441227314
1919,0.4956974650923086,0.0910280452795931,wave3,0.0905208632134685,0.0907329346954873,1.1302952820267615,0.0711136136359545,wave3,0.0708761646692135,0.0707461667035374,0.7171229553349384,0.0978533304507203,wave3,0.0979142229327334,0.0977560014226583,-0.3321943121498169,0.0655823897753497,wave3,0.0656428369092849,0.0658355617950187
1920,-0.4130806241588795,-0.0492102302853448,wave3,-0.049549168918462,-0.0493856602731325,-0.3747542066357661,-0.0046757162110608,wave3,-0.0048235029762583,-0.0050087246864891,0.1939978869066871,-0.172151284270249,wave3,-0.1716918204729038,-0.1719087006702215,0.6099862914046903,-0.1345918770367618,wave3,-0.1342128602988027,-0.1340366590229585
1921,-0.6319661505835603,0.1207826581255632,wave3,0.1204546247087782,0.120165743224006,-0.4188692293662386,-0.1341283294718173,wave3,-0.1340900653671223,-0.1342826760542492,-0.4227565648408329,0.1139204288007631,wave3,0.1139088616130661,0.1139107694699599,-1.1575372972623048,-0.0169807798038435,wave3,-0.0167455507962151,-0.0164871236357773
1922,-0.1142422238570329,0.1985531513291693,wave3,0.1981368911688542,0.197855521092174,0.0982663558070606,-0.0770292580389102,wave3,-0.0770690365401644,-0.0772380978631148,-0.6749811413198892,0.2284796608667791,wave3,0.2282990215332598,0.228316717131519,-1.0654502074304515,0.0820782040659188,wave3,0.0821634388928411,0.0824285734410192
1923,0.3542046604006265,0.3250468772676066,wave3,0.3244873428816009,0.3242189838252886,-0.7035196249538068,0.0175323419988152,wave3,0.0173640337104928,0.0172344860376268,-0.5045319901436609,0.4135801386465276,wave3,0.4131238690784,0.4131678985932456,-0.2223836499265563,0.2457265606234084,wave3,0.2455639155540194,0.2458397189850213
1924,1.356009578833411,0.4513784241785626,wave3,0.4504987757408895,0.4505245978295914,1.3286096294706524,0.5049744286993212,wave3,0.5041974246160308,0.5040368695127557,0.9349728071766462,0.3160710733655207,wave3,0.3157360928613237,0.3157214350980091,1.2141729201683475,0.1735750436566152,wave3,0.1734812114723908,0.1737684674005039
1925,0.177746418923581,0.3075477791690894,wave3,0.307019421714959,0.3067161959776033,0.0080433498930508,0.0344660345704333,wave3,0.0342616595483656,0.0341158959688102,0.495124201545234,0.3274739680281424,wave3,0.3271429615792951,0.3271543190366595,-0.6682646887088448,0.2020798803697107,wave3,0.2019988886450776,0.2022685203137272
1926,0.8485574094167067,0.3777555930114068,wave3,0.3769232878618475,0.3770408426909722,0.6286193548701,0.3695755846777491,wave3,0.3690219903177981,0.3688712969239143,1.262879311786427,0.383769571693767,wave3,0.3833342123008925,0.3833912487040418,1.0605457493588162,0.1456878647106227,wave3,0.1455903221898519,0.1458832044223163
1927,1.3229275399778997,0.5567604146903468,wave3,0.5557738756645435,0.5557777075082765,-0.0914430024539576,0.6105927851332495,wave3,0.6096601695634556,0.6095228680567706,1.9521211826607217,0.4084374033558458,wave3,0.4079607396973519,0.4079396453934589,1.3195057413952769,0.2894619578266146,wave3,0.2892080061517851,0.2894995608742969
1928,0.5230354246796213,0.398789818173845,wave3,0.3981468984121538,0.3978866123204293,0.7101909558647326,0.0737037588999829,wave3,0.0734595331178043,0.0733537649302552,0.8790798891449558,0.520741581490014,wave3,0.5201242231886729,0.5201840072679285,1.1776724408892985,0.3426854563850229,wave3,0.3423758952106367,0.3426577702436781
1929,2.54653614764161,0.5477614066896807,wave3,0.5467736922952945,0.5468100119130602,1.1913913135931735,0.5758772400554419,wave3,0.5750050035166474,0.5748760141770846,0.8617085432867189,0.4548102327969525,wave3,0.4542664386066604,0.4542728389965722,-0.2114060356598008,0.2996883971616779,wave3,0.299403453022573,0.2996987700851096
1930,0.5247492451321879,0.4588873262509346,wave3,0.4580108274054063,0.4580041487333625,0.6212426165365308,0.5396107252939233,wave3,0.5387736205073956,0.5386048275261,1.2215302108794972,0.2670843685406825,wave3,0.266819409100322,0.2667772185987345,1.4292018132439122,0.1622151819499774,wave3,0.1621540684661119,0.1624372924924779
1931,-0.6181997528060119,0.4909906139447334,wave3,0.4900550260959569,0.4901185487044969,-0.614965976901146,0.5065895589164962,wave3,0.5058241487584234,0.5056878017613724,-0.19184426759679,0.4317887473354305,wave3,0.4312813159052213,0.4313046560497269,0.6317132027674736,0.2475917091730028,wave3,0.2473702874448737,0.2476650849082972
1932,2.510694625769544,0.6843920416347055,wave3,0.6832734482106902,0.6832579322971745,1.5061467108309867,0.7322519770329592,wave3,0.7311427415431955,0.7310366161078119,1.2335213541198498,0.5323622624549955,wave3,0.5316943943062662,0.5316722111147887,1.515342607003291,0.4368347335813251,wave3,0.4363729069059294,0.4366703372277353
1933,0.4050618193159535,0.3265827012743717,wave3,0.3258436186330394,0.3258562570421058,-0.6984019740065808,0.4143245142706289,wave3,0.4136700062876209,0.4134701718371061,0.6186827132371145,0.1354549607199704,wave3,0.1353889099553491,0.135347944539613,0.0977474929151259,0.0137025889923889,wave3,0.0138510058785521,0.0141275412278094
1934,0.2592182512730953,0.3411061446041216,wave3,0.3405168944374731,0.3402838171247527,-1.2992830230496153,0.0018724773381793,wave3,0.0017388860480874,0.0016257257260444,-0.1665056905138167,0.4959744777438453,wave3,0.4953961108675062,0.495472676349741,0.0117818549296394,0.2885797878542439,wave3,0.2883366975370922,0.2886180872461214
1935,1.4897507264013916,0.38288029864145,wave3,0.3822665987171093,0.3819712276318842,0.8851930983869959,0.090599805649993,wave3,0.0903192964533548,0.0901972493850623,1.0498277692042766,0.4375950766681806,wave3,0.4370997160034782,0.4371268858376935,0.5715660611131091,0.300222031318221,wave3,0.299992363330415,0.3002683432180921
1937,-0.4850014315184524,0.2078372560583853,wave3,0.207201156286899,0.2074260809751106,0.4713884218101761,0.1589812752087792,wave3,0.1586260097095216,0.1585352833541616,-0.2901706528195692,0.2712937396626547,wave3,0.2710937956053216,0.2709619464471049,0.3614050318235415,0.2191381267395042,wave3,0.2189658859321696,0.2191687395997594
1939,1.24279382423597,0.422975229847833,wave3,0.4223049863272577,0.4220474315773824,1.0649195806430536,0.0923060201089618,wave3,0.0920367253292307,0.0919388835711046,0.859805410438223,0.5557601331796902,wave3,0.5550898717111812,0.5551548917320601,0.91255133217382,0.374751810189001,wave3,0.3743936520832873,0.3746774929431513
1940,0.4425497811711312,-0.0098998221881391,wave3,-0.0100953989303648,-0.0102419118161986,0.0855978831556265,-0.3436575731479303,wave3,-0.3434120201445365,-0.3435275532627461,-1.3441691502813873,0.1016434147786964,wave3,0.1017193454894216,0.1015648883896989,-2.445538546304554,0.120713526851623,wave3,0.1207614385258226,0.1209360249389756
1941,0.6134811850121163,0.1223418454623758,wave3,0.1218466918909163,0.1218061445833004,0.4369755742370971,0.3006377790786013,wave3,0.3001259564078001,0.2998566365530438,0.7361312130495342,-0.2231807036480182,wave3,-0.2227253449574862,-0.2228351843692353,-0.6802878907233267,-0.2586228915365632,wave3,-0.2580464885252978,-0.2577932195201598
1942,-0.0330583509371687,0.5145867549696402,wave3,0.5136248050513103,0.5136909313000381,0.0001971855721339,0.5242380154595154,wave3,0.5234489551023271,0.5233205073877012,0.3821669279888682,0.4655940247740902,wave3,0.4650353871471946,0.4650639645615033,-0.5961876565261462,0.2787381069045706,wave3,0.2784694935256206,0.2787662202225269
1943,-1.6971033957576194,-0.5881365723271011,wave3,-0.5878802044792532,-0.5877432343118402,-0.2187697901577104,-0.4118621644489159,wave3,-0.4114364188343637,-0.4117697323485511,-2.2909850650188495,-0.9377487803380062,wave3,-0.936187647613444,-0.9364785381239762,-0.5841986779713817,-0.7760835562395578,wave3,-0.7747477649556096,-0.7746168406399212
1944,0.3566024198754566,0.4909906139447334,wave3,0.4900550260959569,0.4901185487044969,0.8214178827391571,0.5065895589164962,wave3,0.5058241487584234,0.5056878017613724,0.4213790467746001,0.4317887473354305,wave3,0.4312813159052213,0.4313046560497269,0.4903731910844295,0.2475917091730028,wave3,0.2473702874448737,0.2476650849082972
1945,2.652754630471134,0.3893210727449571,wave3,0.3885347686323418,0.3884878597168036,1.8911869032443536,0.5205904465059796,wave3,0.5197661673509875,0.5195659487310142,1.3268966879735176,0.1054370681360352,wave3,0.1054070668046125,0.1053216876703855,0.2435151551771139,0.0538558499224346,wave3,0.053974420277456,0.0542464655986631
1946,1.0595692690589444,0.5477614066896807,wave3,0.5467736922952945,0.5468100119130602,0.009961961877007,0.5758772400554419,wave3,0.5750050035166474,0.5748760141770846,0.5237237447008725,0.4548102327969525,wave3,0.4542664386066604,0.4542728389965722,0.2863157478298889,0.2996883971616779,wave3,0.299403453022573,0.2996987700851096
1947,1.3804319199744337,0.076394461752563,wave3,0.0758797237804996,0.0761555766758604,0.4336386582587236,0.0127645027922601,wave3,0.0126327981258503,0.0125199902074993,1.1470305095148854,0.1895476184980116,wave3,0.1894680334374703,0.1893651654897388,0.3896512738083606,0.0890763099636346,wave3,0.0890710296721768,0.0892695132873093
1949,-0.0218670440653595,0.1985531513291693,wave3,0.1981368911688542,0.197855521092174,-0.5457410528560988,-0.0770292580389102,wave3,-0.0770690365401644,-0.0772380978631148,0.2326634376064188,0.2284796608667791,wave3,0.2282990215332598,0.228316717131519,0.1926938069167473,0.0820782040659188,wave3,0.0821634388928411,0.0824285734410192
1950,0.5361638213910767,0.3078195454340485,wave3,0.3072560867028758,0.3070530656408424,-0.1499791090453587,-0.0501515219951284,wave3,-0.050201085661349,-0.0503136110382528,0.7689895474868469,0.5054449752885368,wave3,0.5048526378602998,0.5049510939368909,0.8493612539022919,0.2670579122836204,wave3,0.2668319863739707,0.2671145527223432
1951,1.5684763296355584,0.6133663196540434,wave3,0.6123273631252558,0.6123039771464526,1.666154441509553,0.6807222724549509,wave3,0.6796819407398185,0.6795522110751211,1.4093815307551705,0.4300247073358845,wave3,0.4295114317278656,0.4294734080161784,1.455907125468423,0.3425806305583911,wave3,0.3422616922433654,0.3425531648914996
