,wave1,wave1,wave1,wave1,wave1,wave1,wave1,wave1,wave1,wave1,wave1,wave1,wave1,wave1,wave1,wave1,wave1,wave1,wave1,wave1,wave2,wave2,wave2,wave2,wave2,wave2,wave2,wave2,wave2,wave2,wave2,wave2,wave2,wave2,wave2,wave2,wave2,wave2,wave2,wave2
,language,language,language,language,language,memory,memory,memory,memory,memory,executive_function,executive_function,executive_function,executive_function,executive_function,speed,speed,speed,speed,speed,language,language,language,language,language,memory,memory,memory,memory,memory,executive_function,executive_function,executive_function,executive_function,executive_function,speed,speed,speed,speed,speed
,target,cookieTheft,wave,picnicScene,journaling,target,cookieTheft,wave,picnicScene,journaling,target,cookieTheft,wave,picnicScene,journaling,target,cookieTheft,wave,picnicScene,journaling,target,cookieTheft,wave,picnicScene,journaling,target,cookieTheft,wave,picnicScene,journaling,target,cookieTheft,wave,picnicScene,journaling,target,cookieTheft,wave,picnicScene,journaling
sample_name_longitudinal,,,,,,,,,,,,,,,,,,,,,,,,,,,,,,,,,,,,,,,,
01d1fdfc3a,-0.0926768347018185,-0.1942952067229445,wave1,-0.1936920396825684,-0.193895834641479,0.3275170415149918,0.1971900833282518,wave1,0.1968766527615324,0.1965980854525475,-0.8052226368361949,-0.0542859608741649,wave1,-0.0539097914882479,-0.0540947205151632,-0.6889018989645508,0.206454231523326,wave1,0.2065628398384354,0.2064074424235443,-0.6884618027268482,0.0176097828681881,wave2,0.0179332469999499,0.0177917815001754,-2.6762967270239693,0.4480295749409504,wave2,0.4473859086555323,0.4470285692614197,-2.3579707243339714,0.0112989249323635,wave2,0.0115497674990175,0.0112948987746842,-2.152384821700844,0.0952826574582144,wave2,0.0955506755718927,0.0953021604363003
0367083668,1.1244009817362226,0.0791982370977453,wave1,0.0792419341418045,0.0792928438589025,0.1849612764562636,0.4607181587367813,wave1,0.4605785528165368,0.4604736214257688,1.3716042788474947,0.2494238957844949,wave1,0.2495635335796422,0.2496306251583184,1.5593196682301913,0.2396492547303491,wave1,0.2394414611509286,0.2395452038744448,2.241093307614176,0.033427905668844,wave2,0.0335302740963068,0.0335998385256251,-0.3284010581112728,0.426857495182379,wave2,0.4267643983104036,0.4266726301018239,0.9443844365440088,0.1756422377994224,wave2,0.1758801990820815,0.175934011233273,1.4701315657679803,0.1851444998935426,wave2,0.1849779512158254,0.1850791954368021
048eb2a01e,0.8945933181698569,0.3741782746611805,wave1,0.3733677763019276,0.3737003311436621,0.0466464591444871,0.3838721772677717,wave1,0.3834325035888669,0.3838354239916025,1.0682586662265103,0.3774113237334432,wave1,0.3771034991202017,0.3770238970200502,0.4825281155356719,0.3911152212825949,wave1,0.3904582805947298,0.3908280245326136,0.3174818457857861,0.3303213284230634,wave2,0.3295713373697779,0.3298911170692857,1.167577172531603,0.352269618609406,wave2,0.3518748374813046,0.3522787380416078,0.2118132229364681,0.3080892236860065,wave2,0.3078797273858767,0.3077806097840995,0.2620237308650253,0.3282524938885415,wave2,0.3276877107420856,0.3280442617012284
049af4901b,0.9835481013757168,-0.2407226798151925,wave1,-0.240651332463933,-0.2403351754658383,0.1435161777586736,0.1249980914969358,wave1,0.1249337080021127,0.1253594778347898,0.3991277012440931,0.0064186161626677,wave1,0.0066764366447237,0.0065973672306448,1.1303461117674969,0.173605165561859,wave1,0.1733043927800825,0.1735825266445302,0.8349173963137877,-0.2357312529060583,wave2,-0.2356827916141837,-0.2353737550947921,-0.2835845600987861,0.1587429057026835,wave2,0.1586307067925351,0.1590483021244354,0.4915330767193296,-0.0545453408387092,wave2,-0.0542092013905998,-0.0543020879561052,0.7320804757273103,0.1567477205794127,wave2,0.1564645621745354,0.1567495468384989
04d9f72ef8,0.5887009286154449,-0.0364909210386303,wave1,-0.0362992032725366,-0.0362016733407024,-0.4154599897013635,0.3755097232346934,wave1,0.3754871483289531,0.3754151862808109,-0.0741938883862771,0.062813477283665,wave1,0.0632010102588551,0.0632348287175343,0.1586122740354188,0.1025682220330488,wave1,0.1024645516352434,0.1025620711076651,-0.1488554529997751,-0.0838795660990809,wave2,-0.0836274714646169,-0.0835113359093039,-0.6626341002515218,0.3409543893724035,wave2,0.3409792694266945,0.340920533285013,-0.7447929839976334,-0.0137382290381975,wave2,-0.0132497291370319,-0.0132292702290419,0.1123489905742098,0.0470495412068448,wave2,0.046988404630729,0.0470834601235339
05bac3f500,1.0186308574730842,-0.1316380338277233,wave1,-0.1311344351459492,-0.131137277002903,0.0346085984495266,-0.0569896903376559,wave1,-0.056479746218846,-0.0562620230216042,0.9528228752953178,0.1088261654443194,wave1,0.1089447163154833,0.108699787509497,0.1222317933573492,0.1590129920957776,wave1,0.1592620739904732,0.1589502760509202,0.8375297356484717,-0.1812496576435792,wave2,-0.1806944451526869,-0.1806950062818207,1.1287431996238024,-0.0940467667808822,wave2,-0.0934953512649395,-0.0932673815646073,0.6174120526215144,0.0396761048442118,wave2,0.0398938494410605,0.0396499872598472,-0.5383089410302051,0.0969945271325931,wave2,0.0973414332079842,0.0970048849366617
05d32e31a6,-0.8208325928872522,0.1738549912060872,wave1,0.1738355580562459,0.1737719443244553,-0.5603022743409272,0.1797234940808944,wave1,0.1793720739072801,0.1791805662530476,-1.125078598609495,0.1374044889948605,wave1,0.1374810500747897,0.1373307353178087,-0.811234172933683,0.1555516069173979,wave1,0.1558027377386682,0.1555309324068441,-0.578316030404303,0.1267773289145947,wave2,0.1268331554594838,0.1267393108316986,-1.4095240622577128,0.1449758479810232,wave2,0.1446634172801437,0.1444814114225785,-1.072464446147317,0.0592863169132446,wave2,0.0594743978879254,0.0593025733380504,0.0642939104903444,0.0856997027252808,wave2,0.0860506047273544,0.0857901525886995
066311bdf1,-1.2956976945301577,0.0844874131725062,wave1,0.084140669110869,0.0845342455446607,-2.1375296081193538,0.1878447242705051,wave1,0.1873641013562262,0.1874935755325234,-0.4591438463000826,0.1548399486815537,wave1,0.15484272983204,0.1548509686130348,0.3365989971746341,0.3180674281498603,wave1,0.3182634400976655,0.3176311429927809,-1.158193111846202,-0.0284235683218092,wave2,-0.0286295818345978,-0.0282270579407999,-1.5100602535845773,0.0588509621167659,wave2,0.0585448450568694,0.0586394529632104,0.0015053904408073,0.0675840929235529,wave2,0.0677000524688016,0.0677356385921004,0.6294607068080871,0.1932133535803679,wave2,0.1935715431503594,0.1929673292149029
076f1bf703,0.4846460339576645,0.1871047875720435,wave1,0.1871104044420912,0.1871622249738413,-1.0085846867226074,-0.0927384097522084,wave1,-0.0925757047332368,-0.0924305682863609,-0.0416943764341352,0.2498371024519513,wave1,0.2498216898187554,0.2496492983108861,-0.4566050136973412,0.1202364832741997,wave1,0.1206232372437178,0.1209663843533805,0.5974647998570572,0.1359456004266495,wave2,0.1359940392387291,0.1360493289801188,-0.0898173603581771,-0.1265849390798396,wave2,-0.1264127676524801,-0.1262484588733819,0.7512756151928103,0.1782937574242465,wave2,0.1783313572328834,0.178190078190629,0.4717502524673662,0.0501154600400527,wave2,0.050597008534394,0.0509256804754014
07e1d0ceec,0.2870785606323957,0.3272694469473882,wave1,0.326906193585545,0.3272948727238689,0.7078401220673014,0.4083902746974199,wave1,0.4078382292011484,0.4081075609930085,-0.2812792244212733,0.1120156482795182,wave1,0.1121612867352965,0.1121346596318695,-0.4924199584081979,0.0007750202937967,wave1,0.0009761852186489,0.0009542689758456,0.2693196642094954,0.2714898108091104,wave2,0.2712044605601682,0.2716066548890099,1.1689822914327528,0.3750010628892208,wave2,0.3744872826800474,0.3747735518099586,0.6778116041871403,0.0377050485165477,wave2,0.0379464148435475,0.0379215608209613,-0.0844142880938911,-0.0627203932435458,wave2,-0.0624380798758173,-0.0624594801258107
07eaef0ed0,0.0321502445195013,-0.3275888317366499,wave1,-0.3269947115125308,-0.3271239143574004,-1.386504568107459,-0.2289849657529494,wave1,-0.2289276883381449,-0.2283483104665672,1.149859378017028,-0.1173968139545649,wave1,-0.117205113471301,-0.1172207109149381,0.4168450980041131,-0.052522429322962,wave1,-0.0516357459374982,-0.0521628952747519,-1.6748692537843346,-0.3777664366255969,wave2,-0.3771006243859133,-0.3772239128954339,-3.1409034282992723,-0.2628348944414493,wave2,-0.2627383630467689,-0.2621483895907276,-1.4373974978938129,-0.1952300020837318,wave2,-0.1949234134591533,-0.1949722316585709,-1.5490289420094046,-0.1147141703659364,wave2,-0.1137395918582419,-0.1142570631470471
08cf21485f,-0.5177759656994178,-0.2680142173985765,wave1,-0.2678895613692469,-0.2675730794987614,0.5487122205923896,0.0763041063114683,wave1,0.076310035227184,0.0767439390702361,0.0797353653897877,0.030675157334351,wave1,0.0309051536942616,0.0308301692578308,0.1305187005965567,0.1581430665724767,wave1,0.1578716743606855,0.1581358958906559,0.4908241927792622,-0.4119353107683544,wave2,-0.4115818119362547,-0.4112913131230341,1.267470791856976,-0.085767367348546,wave2,-0.0855253293613628,-0.0850746203979043,0.290858586149494,-0.0642402866775445,wave2,-0.0638666688752781,-0.063972147647587,0.9108257387194326,0.0011938764207992,wave2,0.0011651589324527,0.0013737701474169
08f855a78e,2.090375759724631,0.3215701661707196,wave1,0.3213248846496962,0.3211351118710327,-0.3513609273837668,-0.0250401603002529,wave1,-0.024992353591864,-0.0248282036461941,0.9058492282706412,0.5175966196704089,wave1,0.5170366558052404,0.5169466258032198,0.77282855777843,0.5669670888617453,wave1,0.5669966647547862,0.5665202853615325,1.4645578655874305,0.3231344132393986,wave2,0.3228804553863188,0.3227139037982599,-0.1733505256331946,0.0098957094019363,wave2,0.0099178747857611,0.0100350078893665,0.7574739189659284,0.4626471795125,wave2,0.4621996604081042,0.4620434813035197,0.945347413423517,0.5605590732387655,wave2,0.5606003003839988,0.5601693700231187
09078398df,1.2053318468015517,0.5863348533922095,wave1,0.58580126775333,0.5858739383233666,0.4317320008931888,0.6402771802307606,wave1,0.6394951551624731,0.6396329075171846,0.3712589464934701,0.3766325860624829,wave1,0.3764348544591988,0.3761427671596028,0.494223471992167,0.2880045990521448,wave1,0.288180013369845,0.28830239034509,0.5723366202295971,0.5381351217424031,wave2,0.5376410231100339,0.5377172054660193,1.372834263635363,0.6084150451461413,wave2,0.6076396143901824,0.607796593258282,0.2397901084614002,0.3086672087361927,wave2,0.3085181920144914,0.3082572553169199,0.5836096535247143,0.2195323769193954,wave2,0.2198003629493634,0.2199086011980655
0a0eba5eff,1.3147527897825488,0.3666465649847117,wave1,0.3662866002088539,0.3665178999145385,-0.9726616310643424,0.0772636345911629,wave1,0.0776184488518664,0.0776141922007046,0.460089071744309,0.5716087658047788,wave1,0.5713601364901015,0.5714144538177572,-0.1756016746787108,0.326103364256922,wave1,0.3258074852525568,0.3258225217700546,0.9641596942217202,0.1843749434833395,wave2,0.1842517022695356,0.1844915356707744,-0.1092917794172194,-0.1051637827803332,wave2,-0.1045491912677022,-0.1045715440797275,0.4880276351502394,0.4203670335081557,wave2,0.4202835385345567,0.4203826493071065,-0.3199953919721194,0.1345905723400034,wave2,0.1345565855527327,0.1344790122680813
0bf0088beb,1.7871273954791145,0.4265617052255566,wave1,0.4257583306855502,0.4261552070515116,1.0332105782959922,0.0495788266987827,wave1,0.0492681974775358,0.0491771785697673,1.216464101731166,0.5380526708324482,wave1,0.5374796613537338,0.537640541499909,0.3364329301680221,0.369548132998531,wave1,0.3697580603576195,0.3691020281361041,1.440515841161333,0.3701470479799203,wave2,0.369426864720035,0.3698171841677196,0.7093107411122157,0.0019127652572686,wave2,0.0016786613761837,0.0015806171164737,1.0884591268716812,0.4645675149817845,wave2,0.4640939711142304,0.4642631398632511,-0.0503549294131612,0.3031017782947171,wave2,0.303396208864391,0.3027499746564583
0c964e30af,0.0302383923907384,0.4484253892150684,wave1,0.447482051162646,0.4477445524561214,-1.3030708519096823,0.1254021217741424,wave1,0.1252924926073569,0.1258051922378039,0.5175876269232927,0.5946202000888247,wave1,0.5940747871555311,0.5939369099163941,1.0664639245449568,0.4174616822461975,wave1,0.4168984155455585,0.4172202999794762,-1.4364349268408836,0.3690453986172949,wave2,0.3682284461266584,0.3684785354588106,-2.351823051503106,0.0333706229274012,wave2,0.033393038469132,0.0339152311977816,-0.0396379608704761,0.5420763231544835,wave2,0.5416134135085168,0.5414601776133875,0.9565292039193096,0.3326371854023921,wave2,0.3322055794429434,0.3325002865742554
0e1914fc1f,1.6869073225884406,0.4462377728656576,wave1,0.445780358248755,0.4459159705207581,0.4953101873940163,0.1370900663686054,wave1,0.13684842139418,0.1365100222649564,1.0409448415208653,0.6012333845817602,wave1,0.6005935622031816,0.6005759943676704,-0.4356317884152961,0.4067258636172804,wave1,0.4064469762310672,0.4062880169322199,2.1490554175733467,0.4541647316724008,wave2,0.4537291152323773,0.4538013821911083,0.0939085798075757,0.1773662660231827,wave2,0.177091878551876,0.1767120967235577,1.288939196550996,0.5445739644645234,wave2,0.5440253581620621,0.5439670449126462,0.3132993914371051,0.3881327436795939,wave2,0.3878722011418676,0.3877418164194786
0e36b22961,0.949494128344849,-0.2794089620849764,wave1,-0.278668074980344,-0.2786291202012518,0.0791321099480298,-0.3273563874181616,wave1,-0.3268082560622006,-0.326775798895354,1.7721379211924382,0.1588152222688991,wave1,0.1590139053026683,0.1586771246369324,1.6112138142870662,0.3361511754312573,wave1,0.3362734674231082,0.3366823692546281,0.6106484443897545,-0.3269243215456565,wave2,-0.3261445430946701,-0.3261020753167984,-0.0233372598199858,-0.3611693180000866,wave2,-0.3606118631060347,-0.3605601027302719,1.51853811557732,0.09093469009136,wave2,0.0911828977528134,0.0908765576641666,1.7211941808750753,0.2684880458371023,wave2,0.2687019158146768,0.2690966593347281
0f2ea47017,1.3101812219851483,0.4512755584117232,wave1,0.4508948521964566,0.4508368028879117,0.3769800079891195,0.1415127511261395,wave1,0.1413911294506457,0.141454927806205,1.1804625610918582,0.5377429510911975,wave1,0.5373256831728366,0.5372908631804094,1.5221378785962048,0.370202853659933,wave1,0.3698920474293935,0.3702967073834716,1.7868604025480814,0.3987423088604684,wave2,0.3984435689819456,0.3983755154500008,0.8321115795494124,0.1029115366839334,wave2,0.1028408063555844,0.1029294704561442,1.3021391634933346,0.4679606697372258,wave2,0.4676545409230819,0.4675912330914942,1.4343218865188636,0.3161354633188417,wave2,0.3159015535417221,0.3162969942459576
106c0c24ab,1.9556646331997072,0.3595764754217405,wave1,0.3592393126096052,0.3591748810979969,0.8000030472828137,0.4016748001690277,wave1,0.4013813475054063,0.4011292975720407,1.2697681841745168,0.3341094973648064,wave1,0.3339849756771538,0.3339417182110642,1.1750990677122564,0.0722293105541164,wave1,0.0723390728123037,0.0728121799760971,2.1215382288656373,0.422173461392086,wave2,0.4217752718185241,0.4217225518034684,0.9798145693587074,0.4893465269877936,wave2,0.4889162391189668,0.4887059085791544,1.67291425385577,0.3083071924762248,wave2,0.30824057547715,0.3081653573035896,1.1754207707433395,0.1205894459760875,wave2,0.1206419974158531,0.1210574809807077
110198db66,1.1821860236534985,-0.3268745328326374,wave1,-0.3260937932924708,-0.3262166583168324,1.1332518209859217,-0.2554533917058578,wave1,-0.2549640293543277,-0.2547156321971814,0.3421518665113092,-0.1290752937882184,wave1,-0.1284818177476676,-0.1286156620862484,-0.495653480411098,0.0403468438055468,wave1,0.0405201826629727,0.0408433180547423,0.8372527018216198,-0.3828411155880362,wave2,-0.3819747847154822,-0.3821074815228329,1.327332231693074,-0.2984760329688175,wave2,-0.2979299279593627,-0.2976574817043552,-1.99764640884463,-0.2048642989054627,wave2,-0.2041539182591463,-0.2043158851838376,0.0802221791518926,-0.0156185642846912,wave2,-0.0153662120711887,-0.0150529693598694
125da42099,-0.8575555460526478,0.3883432382842072,wave1,0.388046317117486,0.3880104981779951,-0.4251039819123543,0.1634754598055136,wave1,0.1632298438066981,0.1628231134404609,0.5964425866062212,0.3692676804012474,wave1,0.3689792424901198,0.3688480903051493,1.2523165914024297,0.2604500076134506,wave1,0.2603641306492313,0.2602792129144411,-0.053689860209821,0.3386657254565056,wave2,0.3384478364682056,0.3383820973047194,-1.6101860421923688,0.1267755487632626,wave2,0.1265718917652085,0.126174685259341,0.8783096394593839,0.2896441427390294,wave2,0.2894695359782931,0.2893169274963861,1.1261793156001263,0.1872604538400331,wave2,0.1872794752035014,0.1872057516978434
1315ecfc57,0.9004651442973526,0.146095772104534,wave1,0.1461358564065125,0.1464057681363356,-0.6266338841414368,-0.1532626135869198,wave1,-0.1526107618547852,-0.152493899240676,-0.040913095731614,0.1669129588340479,wave1,0.1672335648411442,0.1670968585276335,-0.5947596515981853,0.3055688356020545,wave1,0.3050428962030829,0.3051611248315254,0.8821166364832678,0.121914329296704,wave2,0.1219850452368925,0.1222641530286453,-0.5216910879561844,-0.1696303333136432,wave2,-0.1689560637359669,-0.168832749981744,0.1672175653459353,0.1268054553255753,wave2,0.1271787247018958,0.1270354018652011,-0.4801418835704477,0.2773268195176002,wave2,0.2768229235612177,0.2769399978780894
13a4a6c29c,,,,,,,,,,,,,,,,,,,,,2.145393615943142,-0.0484347817930314,wave2,-0.0481345200915609,-0.0479110630615941,0.1044601367153245,-0.4076068924784831,wave2,-0.4065862326879453,-0.4065507300547276,1.3167550876282297,0.1386004026447269,wave2,0.1388974241680427,0.1388962443875787,0.9365137861961907,0.1066463682303625,wave2,0.1065094683089354,0.1064518280849673
13b6d98318,0.4639526866271057,-0.3988561217069113,wave1,-0.39807772282928,-0.3981040595524943,0.0108814571269726,-0.4793094617558476,wave1,-0.4785448210061364,-0.4784760674468337,-0.1197165371170411,0.0486566167607778,wave1,0.0489021789796,0.0490078566516354,-0.3537407940707651,0.2256497423737219,wave1,0.2256053994906134,0.225908765670841,-0.4423919651543835,-0.5013586768110454,wave2,-0.5004396885920845,-0.5004866269254313,0.570333049891497,-0.5787416661805224,wave2,-0.5778364342777361,-0.5777520057032836,-1.6029212232551813,-0.0414922203466892,wave2,-0.0411148912983443,-0.041036020340337,-1.0032485109963758,0.1251796945024158,wave2,0.1252711404496113,0.1255886669794971
14a4bfe8ec,-1.7719644924392828,-0.4727315411601235,wave1,-0.4719509268354539,-0.471849320142527,-0.8130676928420301,-0.5436876824457095,wave1,-0.5431451590646468,-0.5431794985839606,-0.1801597801016499,0.174658588267042,wave1,0.1746155345860537,0.1747269549493885,-0.8663830430911814,0.2090956692292985,wave1,0.2090757011730344,0.2090387741106013,0.4331636519294221,-0.5188094965417199,wave2,-0.5179541850384163,-0.5178828566401804,-2.513976123966968,-0.581895288737635,wave2,-0.581308333777335,-0.5813333785005832,-0.8872993494710724,0.0999202078017095,wave2,0.0999851405984005,0.1000751813981718,0.2215144751095425,0.1400720112045761,wave2,0.1401506498015486,0.1401247130840602
14f56ec180,,,,,,,,,,,,,,,,,,,,,0.1808638415124028,0.3001908146414374,wave2,0.3000387601188559,0.3001245805862058,-1.5682417892661216,0.2784274830971774,wave2,0.2782798403974137,0.2782933612882931,0.0311035993758242,0.286197043671233,wave2,0.2861120469915793,0.2858348894422869,-0.4171132404224619,0.3135763039578473,wave2,0.313768267612952,0.3139556765183313
1547e2dad3,0.5770193520974203,0.2128179427487518,wave1,0.212808229258807,0.2127952983114457,-0.3058282780459641,0.2289371374066388,wave1,0.2290003185984789,0.2291250671173836,0.4738837802440292,0.1914472496599175,wave1,0.1914424280353774,0.1913025473272764,0.7556982042155738,0.1914907807192034,wave1,0.1916707053357619,0.1914494469189488,0.337197273109782,0.1138311478559944,wave2,0.1139280929937333,0.1139332632539728,0.1364350832795826,0.1209717060898337,wave2,0.1212049617087182,0.1213176536791961,0.463363578644319,0.1037873331560239,wave2,0.1039128241632469,0.1037701013568177,0.4221907401816844,0.0802585484652493,wave2,0.0806014311305038,0.0803510132182347
158bd7a026,1.405278403386756,0.0823473775876259,wave1,0.0821717777095324,0.0817634305919913,1.2356288623633118,0.1733235012386758,wave1,0.173617396976097,0.1738938177553639,0.556588990463131,0.3800139352451629,wave1,0.3800128694532393,0.3801684095953453,0.1783039258965938,0.4549968422463856,wave1,0.4545960870333154,0.4548593973986642,1.154091780042185,-0.1799954001170852,wave2,-0.1797900116829881,-0.1802547688742507,1.7857426780832228,-0.0664040769007465,wave2,-0.065772240151785,-0.0655878827851736,0.7994256901331324,-0.0395876077869178,wave2,-0.0390786969133373,-0.0389319638622179,0.6523452685771386,0.1206010578555686,wave2,0.1207319643045978,0.1208906496422825
18a3e0861e,1.6103637100873638,0.3044575466315065,wave1,0.3041533396927791,0.3045150255265256,0.2048820029930175,-0.072994695101882,wave1,-0.0729543829898797,-0.0726157396310595,0.6673630061392578,0.464571879194785,wave1,0.4642432326015744,0.4643730057879349,0.6149783607800497,0.2279250540465502,wave1,0.2277034932574987,0.2278240320558432,0.8556755992080055,0.2509207678649154,wave2,0.2506920597034732,0.251067726724961,0.3531721079927515,-0.1070597915416928,wave2,-0.106980303149702,-0.1066243052499042,0.8493396917725146,0.3943743104111921,wave2,0.3941382310914763,0.3942694972291052,0.6949492932243145,0.1648824892180233,wave2,0.1647415704215191,0.1648625818076822
18d5d50aeb,,,,,,,,,,,,,,,,,,,,,-0.7825706409065706,0.5085734626260446,wave2,0.5080779633391098,0.508151819200631,-0.7167969991104788,0.5264079061622868,wave2,0.5256149651631081,0.5253214305851301,-0.2701660565252174,0.3996074723014192,wave2,0.3992769216414399,0.3991101798877298,0.206444449149178,0.2257468141073946,wave2,0.2258981745968305,0.225503878324133
1929df0c2a,-0.4864253506702393,-0.2433313935803899,wave1,-0.2427457748957606,-0.242739523846537,0.7816644832079237,0.04302248748868,wave1,0.043456174146755,0.0433652598112249,-0.139563143306776,-0.0236841754149959,wave1,-0.0232120735493064,-0.0231738658518059,0.6542613375819601,0.1296487326608043,wave1,0.129516687049956,0.1295521607056618,-0.1205725018065165,-0.2659904275123751,wave2,-0.2653759845960279,-0.265360429602488,0.8744133138060766,0.0260807182046164,wave2,0.0265376636138653,0.0264533213959053,0.2429579502864316,-0.0613830172172369,wave2,-0.0608609085396405,-0.06082939911596,0.8290281831108118,0.1028713491479343,wave2,0.1027591362387808,0.1027934480328969
1977873683,0.2849333143416663,-0.0850994767131413,wave1,-0.0847293017938944,-0.084739767417412,-0.1939913240299297,0.4288813345328665,wave1,0.4287434680957053,0.4289011441808849,1.0956217136743134,-0.1163344067321261,wave1,-0.1159096057463411,-0.116109737281602,1.1402918484141755,-0.0175348241547084,wave1,-0.0170273949250372,-0.0174069796436558,0.6393727956244238,-0.1353674281642941,wave2,-0.1349453203507894,-0.1349534858174238,-0.1957135090653844,0.3930545109148086,wave2,0.3929561188518168,0.3931237231591092,0.9608741837729684,-0.1864377673191934,wave2,-0.1859133203505039,-0.1861121928021478,1.514423624215944,-0.0791235792574474,wave2,-0.0785190238336027,-0.0789231315878865
1a123be90f,1.3268521470433166,0.3227852827029254,wave1,0.3226154022934226,0.3226994481949765,0.0029643519865792,0.2938863983596617,wave1,0.2937360699361603,0.2937400063538987,0.1002563588281116,0.3188941351654027,wave1,0.3187861962833703,0.3184936146361093,0.0229251700366749,0.3464683746446499,wave1,0.3466159031472668,0.3468103744908097,-0.7971199089667862,0.3319483711865627,wave2,0.3317501199157331,0.3318318076230995,-0.1634123379583987,0.3192666207768181,wave2,0.3190241168792161,0.3190770101270045,-0.2973979171923166,0.274742479367304,wave2,0.2746608599489765,0.2743643866434545,-0.0479594484043765,0.3161018217306963,wave2,0.3162943579236389,0.3164289024360093
1a6d52576b,1.5263629317589715,0.2566936419971636,wave1,0.2562846962281225,0.2559226019157091,-0.5938219008638341,-0.1135636640772834,wave1,-0.1129111990051665,-0.112573238097108,0.3641932953460985,0.4851420033060724,wave1,0.4851155084040538,0.4850294153662052,-0.3608981447278037,0.4548454442971256,wave1,0.4544815246694284,0.4546712398647933,0.7160125106312475,0.2149781092727009,wave2,0.2146296534110651,0.21425766011451,-2.1347134604761147,-0.1507923169096559,wave2,-0.150087573378133,-0.1497645469032229,0.2739369341209555,0.4179459012225884,wave2,0.4180015519870163,0.4179141531979894,0.1838271572950551,0.4008342528745962,wave2,0.4005561775923027,0.4007286993581497
1a8f50b7eb,0.7567696340733142,-0.115404425409142,wave1,-0.1153740285034122,-0.1155415471890118,0.861836603692779,0.3015073709288693,wave1,0.3015858705560381,0.301836861258459,0.7268523017419799,0.0120076818055959,wave1,0.0125773053472374,0.0125394222264091,0.2315913859706644,0.0428235647990279,wave1,0.0431480694653744,0.043222374883929,0.082475322654595,-0.1582329255175253,wave2,-0.1581403784694456,-0.1583174143105599,-1.3282859522228814,0.2621748924255085,wave2,0.2623088147529078,0.2625443584009712,0.9921607943354892,-0.0559478452530904,wave2,-0.0552963445490571,-0.0553355383805352,0.3985230281818178,-0.0104308130067647,wave2,-0.0100214844877378,-0.0099645606871708
1d96124c67,-0.0763679567744198,-0.3944111895679673,wave1,-0.393762226580502,-0.3935192830235969,-2.292905753925822,-0.3290266758703085,wave1,-0.3280467424786556,-0.3281504049820093,0.1648412895102608,-0.0127994426554922,wave1,-0.0123162370003189,-0.0122905771171535,-0.4438214697314612,-0.0558318213805454,wave1,-0.0557027206596389,-0.0557599158910277,1.0463490103487274,-0.4431507777060952,wave2,-0.4424394299440743,-0.4421780974370474,-1.0955313007997467,-0.3664254690193737,wave2,-0.3653937848026497,-0.365484298269764,0.3158925946011574,-0.0921145748888869,wave2,-0.0915264589885118,-0.0915142087940801,-0.9633532005228626,-0.1130609566958444,wave2,-0.1128865233587796,-0.1129463275585559
1eea866019,-0.3467189616959218,-0.2525106075444804,wave1,-0.2519249369959174,-0.2518833672445247,0.5097121378272902,0.1038097799063086,wave1,0.1041951306764567,0.1042437044677818,-0.3501681960211632,0.0218139931785235,wave1,0.0220939805057824,0.0218206574608228,-0.1190826512963037,0.1483485691582977,wave1,0.1485609309536676,0.1483678383793951,0.0622360702706831,-0.2756827328628016,wave2,-0.2750733883630437,-0.2750306608876011,-1.456091698745081,0.0866960126321629,wave2,0.0871001340901262,0.0871537866731763,-0.1230765518954591,-0.0111441564023386,wave2,-0.0108165415238807,-0.0110894547592084,0.0453637839709855,0.1185101172745226,wave2,0.1187696904927135,0.1185641024954939
214481121a,0.272975489929833,-0.0150829316126964,wave1,-0.0149640128372926,-0.0148511348963046,-0.0458928980705197,-0.4030230808123045,wave1,-0.4026477775005723,-0.4027376299456793,0.489037192588811,0.3308055479515709,wave1,0.3305520666215183,0.330618490029721,0.5018597918363737,0.2230245629445629,wave1,0.2230313992352382,0.2229385390570753,1.048627112024111,-0.0616652205935867,wave2,-0.0614710952926637,-0.0613884930417337,-0.2081861995732901,-0.4390206821008906,wave2,-0.4386043164537376,-0.43868484707528,0.4853539030950377,0.2540513580456095,wave2,0.2539084460416853,0.253953301000115,0.8408507300124402,0.1530297575371991,wave2,0.1531366518547224,0.1530548872120978
21738c468f,0.4039817294007368,0.6174977971264431,wave1,0.6167372489537802,0.6166251680600346,0.8781820270032413,0.3520444354575545,wave1,0.3516463802968437,0.3517035545679945,0.389497289369733,0.6895427722962411,wave1,0.6887386604613122,0.6886590578244678,0.8613350792334241,0.5952226625847021,wave1,0.5951744459208401,0.5947590690233084,1.7637890223249983,0.5242650274383943,wave2,0.5236474649572033,0.5235233085484662,-0.1593681070419887,0.2545027813329129,wave2,0.2542004241490082,0.2543274141084216,1.6284045220743484,0.6028145413359223,wave2,0.6021131246665887,0.6020332286743182,1.2876230816998355,0.4818595557990968,wave2,0.4819715662068569,0.481527782677474
21a6bd76f6,-0.4742687682065599,-0.6108007075636812,wave1,-0.6097521581478942,-0.6095021062668411,-0.2499207198118788,-0.594596117439628,wave1,-0.5932650284064765,-0.5932820807519442,0.106875167863484,-0.3447663197123443,wave1,-0.3438197696326825,-0.3439377642927075,-0.6441574200628701,-0.0732308621671362,wave1,-0.0732696039860944,-0.0732633039029255,0.969615468866412,-0.6593454756553911,wave2,-0.6582358565961428,-0.6579676879717957,-1.042893302363095,-0.6299254468636041,wave2,-0.628545658634411,-0.6285496744507483,0.9421451545359636,-0.4269995911612823,wave2,-0.4259457661974724,-0.4260770595031122,1.1736933696512728,-0.1299764682171932,wave2,-0.1299705761302091,-0.1299665229586694
21b1d1e07c,-0.5151494027701606,0.1773275828410527,wave1,0.1767716759682475,0.1770377899061971,-0.1322316251980967,0.2860637852250248,wave1,0.2857677472234273,0.2861648264921864,-0.2854596902568856,-0.0031524018634713,wave1,-0.002934808321357,-0.0031158312213132,0.3971381621268747,0.0865465309261276,wave1,0.086327355678458,0.0866428563397029,-0.2864263859819063,0.1533317988846029,wave2,0.1528089891476617,0.1530684014332241,0.7900281861439075,0.2712165095639628,wave2,0.2709424271866839,0.2713396404292182,0.3221426545106974,-0.0403024704997622,wave2,-0.0400331648825366,-0.0402238641766573,0.6590032434191523,0.0534485491288738,wave2,0.05327760887209,0.0535862586663959
222b102abb,0.0184854112598926,-0.051969352823963,wave1,-0.0517371407082767,-0.0514045711589314,1.04671845801036,-0.0166607575721464,wave1,-0.0167889133299918,-0.0163613793841237,-1.4668222012554113,0.1757446623531466,wave1,0.1758351629310988,0.1759079847144635,-0.6852759132618079,0.2394721961403667,wave1,0.2392824178687873,0.2393932625334542,-0.2953424931781384,-0.1076355137303237,wave2,-0.1073250520301694,-0.1069786876586791,0.6904328680412471,-0.0519529370550546,wave2,-0.0520399830522044,-0.0515953094857126,0.25727499086332,0.1027185172272691,wave2,0.102904516981894,0.102978805791152,-0.668612472663122,0.1753412787995891,wave2,0.1752337004370478,0.175345039160843
24273afb08,-1.0462062716763028,-0.3000949677429118,wave1,-0.2994605618167761,-0.2994378472324027,-3.075974700706919,-0.273715474527175,wave1,-0.2734839843445944,-0.273673980643343,-1.330788562392204,0.070285030019931,wave1,0.0703898274182209,0.0703399854302347,-1.6802098176732445,0.0058086391650971,wave1,0.0060653663043719,0.0059949490673279,-0.6791024847256245,-0.3499104190837491,wave2,-0.3491966259642548,-0.3492042531152527,-2.4081972049689093,-0.31361370047262,wave2,-0.3133353901731439,-0.3135159132339642,-1.4460039658027557,-0.0088556599367702,wave2,-0.0086377790338932,-0.0087091724987656,-1.581265079129896,-0.0664801914044065,wave2,-0.0661198520654814,-0.0661791098636117
244c7693bd,-1.1767455638319582,0.2829909468790386,wave1,0.2824248740624676,0.2827831454159249,-1.6950488152526693,-0.0363393846940164,wave1,-0.0364788367476037,-0.0365663932795524,0.2025292249368452,0.2892377067879148,wave1,0.289006292162973,0.2891768099543688,-0.2946166005165148,0.1931127602858706,wave1,0.1935435507633964,0.1929039489071648,-1.3107614297966517,0.2248464518647135,wave2,0.2243661610025294,0.2247174982871045,-0.905861541134472,-0.0834878627335421,wave2,-0.0835505786295701,-0.0836451901273788,0.0855914741250315,0.2114050559830427,wave2,0.2112780306626884,0.2114566728613884,-0.4988658273169312,0.1247930332415287,wave2,0.1253102360622235,0.124681184772614
251e10401a,-1.678560601100203,0.4406336988913072,wave1,0.4404279401950838,0.4403794745020911,-0.6378450973024277,0.1160353976685014,wave1,0.1162146756307903,0.1164562510667052,-0.1496051231233601,0.4814419081491505,wave1,0.4809840943529961,0.4808659076141108,-2.388364210188495,0.3539613266295038,wave1,0.3539267960605587,0.3536579795333069,-2.4667590965382873,0.4450546374647467,wave2,0.4448379204327267,0.4447758871102995,-1.7115201316860509,0.160597161755364,wave2,0.1606731704311134,0.1609472588924047,-2.11163188163608,0.4356036308512869,wave2,0.4352060687326646,0.4350927558544486,-2.2884072670161384,0.3469998129024429,wave2,0.3469889634363831,0.3467001851857291
25afe4be50,-0.5422737991536697,-0.2212761496959418,wave1,-0.2212103583823665,-0.220832177082777,-0.5546784958555965,0.1081595400607434,wave1,0.1076257473031249,0.1078306296627468,-0.5204313166389247,-0.041785334831756,wave1,-0.0415999253065262,-0.0414737912653602,-0.352109467641102,-0.1634836006562,wave1,-0.1627840930883451,-0.1630851114522238,-0.9829259446331888,-0.4908611974640572,wave2,-0.4904269325960894,-0.4900472725742112,0.2629048824821943,-0.1771472637831918,wave2,-0.17726533664378,-0.1770376694884089,-1.960061515139134,-0.2508884971862328,wave2,-0.2503197118980096,-0.2503179241375868,-0.2131820380250568,-0.1959044801746439,wave2,-0.1951598879195709,-0.1953270454060581
25f591c064,0.1275136977426567,0.1988336555910808,wave1,0.1987187471703555,0.198740195725944,-0.0208416004634395,0.1982054297684804,wave1,0.1981132921385654,0.1978844857055669,0.9049319425661132,0.1319743583413632,wave1,0.1321388789359585,0.1321429771283004,-0.2931249522626943,0.1419142729281862,wave1,0.1419998883041101,0.142271001478155,0.8164868266649661,0.0920574739517785,wave2,0.0920908678200105,0.0920913506739882,0.2159293633955527,0.0991617961054419,wave2,0.099210295940188,0.0989979815653598,0.7605405441639378,0.0415627764054007,wave2,0.0418624536917611,0.0418399388943884,0.1611991843291844,0.0401617364904224,wave2,0.0403859265814642,0.040671691035592
270b97fed4,1.2271463309379849,0.3522562257457973,wave1,0.351877534250427,0.3521690263403876,-0.0686793321857424,0.2881917845114323,wave1,0.2878462823791119,0.2879662996942038,1.4144369468593545,0.3235210451504315,wave1,0.3234661181814113,0.3234182414825592,0.423216603087088,0.3125408891464029,wave1,0.3122679774750411,0.3123370982763109,1.763637244355076,0.2662460436830649,wave2,0.2659941425693581,0.2662859920058533,0.5352628268721088,0.2074491613923464,wave2,0.2072178479075279,0.207353050979387,1.337959536519722,0.2694714494520929,wave2,0.2694827527032524,0.269466404777184,0.8221686652682316,0.2281988705944581,wave2,0.2280242743549747,0.2281034953580438
275e7b7712,0.5840179508399318,0.0371200991521103,wave1,0.0369318715010554,0.0372364329266697,-0.0501894249357846,0.4815928564499857,wave1,0.4806086407048499,0.4809564732160748,1.0463061306072967,0.0027370960710038,wave1,0.0029067289770003,0.0029370865973521,1.0344198911213145,0.098689308783691,wave1,0.0990516882073928,0.098654460179859,1.0188569111111494,-0.1262420389641483,wave2,-0.126240343695136,-0.1259125954293231,0.6151343270804359,0.2807704923925321,wave2,0.2800474889316816,0.2803315812642443,1.0327195456368006,-0.0915596844716235,wave2,-0.091278258532585,-0.0912010550813939,1.0266269735016862,-0.0746923285176393,wave2,-0.0741070555708079,-0.0744562212265787
28dd281fa3,-0.71363176878574,0.0736529847915925,wave1,0.0737202139322203,0.0738264848211629,-0.6846526403754889,0.0885207094787604,wave1,0.0885815783026887,0.0885833996504049,-0.11393341732799,0.0740019697725472,wave1,0.0740733999589197,0.0739444851522025,-0.5500954857406546,0.0795579181460672,wave1,0.0800561698632328,0.0802991876830565,-0.5467893557793102,0.0498032722045265,wave2,0.0498894381943533,0.049997438896699,-0.4358121136974707,0.0725625892889704,wave2,0.0726268696327151,0.0726382671569528,-0.0373522393912609,0.0398145058652229,wave2,0.0399102465168615,0.0397968992244398,-0.6493534764859181,0.0464244131631727,wave2,0.0469672267337381,0.047203065370368
29b3027525,-0.0357127048651591,0.1277315097071302,wave1,0.1278226241588865,0.1278537809684207,-0.3671708348869682,0.0577976504189667,wave1,0.0582040058845879,0.0582467530547866,-0.590210688530731,0.2296390783600628,wave1,0.2295886352911818,0.2294362370988143,-0.2906982776636733,0.1323243017916965,wave1,0.1325591509873977,0.1323641185177976,0.4987569041656174,0.132835509710545,wave2,0.1329175996956345,0.1329352047894457,0.2376200489586881,0.0971575015675247,wave2,0.0974693816512416,0.0975444975887171,-0.7638866527056465,0.1842971663806778,wave2,0.1843100440737328,0.1841621789786842,-0.8213649435570847,0.1212354784101985,wave2,0.1215007578509212,0.1212841465359657
2a530c5a6f,0.5828308323431934,0.1513388502942162,wave1,0.1513531167898868,0.1513079259555007,-0.952046307975416,-0.084169887695614,wave1,-0.0841576089574274,-0.0844396990286933,0.9968097514248588,0.1292442720586269,wave1,0.1292812347076152,0.1291342418568212,0.5732520541250961,-0.0290355255851541,wave1,-0.0286903938987463,-0.0287819769795213,0.5998751675122106,0.0440069807691155,wave2,0.0441574949143735,0.0441151025258589,-1.343118648682353,-0.1997433355730935,wave2,-0.1996113852166057,-0.1998331358316636,0.791904472935116,0.0273015097302179,wave2,0.0274732895809143,0.0273239686343574,0.3693155379226676,-0.153509633698203,wave2,-0.1529779972523012,-0.1530754752480822
2bf7c51737,0.9737981894115912,0.1475842032361869,wave1,0.1476405223268757,0.1475256291038558,-0.5780902799996737,-0.1267696252227389,wave1,-0.1265143584118725,-0.1263817577663886,0.9367492797361602,0.2429889713242645,wave1,0.2430237960671628,0.242892058578505,0.7874060404491551,0.0750069545568053,wave1,0.0751047994545977,0.0755249882231395,1.6584100627068432,0.1507265960134833,wave2,0.1507950494480241,0.1506810797438802,-2.2134380619066425,-0.1021092536746489,wave2,-0.1018980518227651,-0.1017318001692633,0.3607196721976299,0.1919111093274854,wave2,0.192032935091825,0.1918714082903285,0.3952918973202619,0.0710685821408724,wave2,0.0711773005311765,0.0715637055318843
2e2a161848,0.2891856750797143,-0.3344782293498108,wave1,-0.3337325359925719,-0.3336810449742396,0.087220507700545,-0.4000142844345523,wave1,-0.3989685129750521,-0.3988508342769322,1.393176595532103,0.1785169458914615,wave1,0.178583383464528,0.1782671307681618,1.3795683758545223,0.265881318237167,wave1,0.2659285499798267,0.2657787904852484,0.3832205830484797,-0.3807872060485805,wave2,-0.3799938157231292,-0.3799399885417077,-0.047624236393104,-0.4363795124338899,wave2,-0.4352929799135377,-0.4351649178624183,1.177714232520834,0.1131144710720197,wave2,0.1132759512090813,0.112960345916204,1.2275427758260735,0.2060880628414118,wave2,0.2062298693582591,0.2060552711726697
2e7ea2ddd0,0.7750618178461987,0.476228450318771,wave1,0.4751964174801561,0.4754365261641199,0.7350010848475598,0.251397832786563,wave1,0.2511120179766223,0.2515981241726276,0.6286178150031932,0.4220149744305078,wave1,0.421684099348517,0.4215044258326014,0.2995210556943627,0.3748056822576199,wave1,0.3742820125838881,0.3746230299868886,0.69807064562807,0.3703117548054332,wave2,0.3694435819905139,0.3696650103172833,0.5623826959715017,0.1385776760427796,wave2,0.1384523730009238,0.1389491262051015,0.6293163527270543,0.3324149835426048,wave2,0.3322212158915186,0.3320161502338489,0.1600172764271911,0.25551679314627,wave2,0.2551758800678016,0.2554837064433312
2ebc48abf0,-0.6174421281371923,0.3806147815378841,wave1,0.380028885975232,0.3796792110690908,-1.026311376581793,0.0535586802112821,wave1,0.0540418087571814,0.0542392770560318,0.807720020140669,0.4851680039117662,wave1,0.4851001619958123,0.4850924829656095,0.9476270603802072,0.2809400158437067,wave1,0.2809262369559754,0.2809551179932905,-0.1095251066635132,0.3591045047258142,wave2,0.3585498363728335,0.3581952899668382,-1.3617590702280071,0.0342368407671864,wave2,0.0347471682360382,0.0349370224551193,-0.0730534071576224,0.4510447677179198,wave2,0.4510185994105845,0.4510102536683343,0.0787259434984272,0.2531669593453955,wave2,0.2531972500623173,0.2532175527373612
2f16b8a059,1.9028897265786016,0.3993589813077028,wave1,0.3986794063264222,0.3985363605206128,0.4851071567639776,0.4355897075163946,wave1,0.4355167774166011,0.4357669622332629,1.5287540270154625,0.3510399657128705,wave1,0.3512349132444828,0.3510879843499225,1.4947122727376272,0.1296278818851314,wave1,0.129861232276293,0.1298757392985463,1.7196159288464918,0.3573073211807659,wave2,0.3566886915442294,0.3565359905685116,0.6615664312003741,0.3985807532230496,wave2,0.3985597696840135,0.3987948002578285,1.8157468522739508,0.2848267034258412,wave2,0.2851020465607322,0.2849538272904864,1.1842523510759833,0.0762033979342883,wave2,0.0765217015854366,0.0765190366840934
2f655f0d5f,-0.5252681418241361,0.0798673706478819,wave1,0.0800761172868692,0.0800889431544643,-0.0470168258544844,-0.3519060196346538,wave1,-0.3510445491744928,-0.3508720834292579,0.3974277383140382,0.3332309279949557,wave1,0.3330394182105431,0.3328523692367666,-0.9074019122954796,0.2631364771524391,wave1,0.2632113424878261,0.2630298523915941,-1.121886557034392,0.0849308470371698,wave2,0.0851299862861006,0.0851291943411026,-0.3423550435600132,-0.3119694942361771,wave2,-0.3112041498906496,-0.3109986942032531,0.0116991723719888,0.2887618242935146,wave2,0.2886313975472829,0.2884490400006034,-1.352883299910275,0.255096523251173,wave2,0.2551971130560248,0.2549945855373385
3015cb799a,0.1237622863048039,-0.0964398470065532,wave1,-0.0959439767755714,-0.0959078454268362,-0.06565673513298,-0.0814312988108169,wave1,-0.0812980550624621,-0.0812104454822867,0.8751194391039568,0.2240027574675817,wave1,0.2241298538977966,0.2238307372950784,1.0625378310963096,0.2588258505063613,wave1,0.2589962590861582,0.259437754616462,0.5465394268378717,-0.1459162423150324,wave2,-0.1453787295685689,-0.1453390776756566,-0.4081845624619354,-0.1162907315529336,wave2,-0.1161467572129134,-0.1160397745433502,1.191506712333613,0.1553466111563129,wave2,0.1555242365735468,0.1552555184473975,1.009894121843113,0.1893740721455589,wave2,0.1896385926354635,0.190065893358523
303933720a,-0.0168887943112853,-0.2968190057250257,wave1,-0.296245188248817,-0.2962409853044383,-0.1530495119217777,-0.0154540037578399,wave1,-0.0151624729132314,-0.0153943596442865,-0.0727866170179471,-0.0538253351950208,wave1,-0.0534246239545104,-0.0533178945996173,0.2121317309497243,0.1029724215585426,wave1,0.1031169979650906,0.1034205263083039,1.3369926690513008,-0.2192563045634921,wave2,-0.2187667036399256,-0.218745693765386,0.5855313035931944,0.0817692623658671,wave2,0.0819141742928181,0.0817110981332017,0.3323728741425365,-0.053807231444126,wave2,-0.0533881896121162,-0.0532992140297494,0.4340347059511105,0.1727379596196808,wave2,0.1727960156719074,0.1730468571283877
3081c70ba8,1.0351322527636333,0.2928855250578036,wave1,0.2928343204748894,0.2927925290287884,-0.6097796653244606,0.0087863300654726,wave1,0.0090841717427118,0.009356903936435,0.6383349008314505,0.2755412270818753,wave1,0.27537986163027,0.2752645953842954,0.1205198656921637,0.1669728556640616,wave1,0.1672332159956794,0.1668897068106675,1.4474314924922895,0.320976763533,wave2,0.3208897037588906,0.3208332795109864,0.6603458233012792,0.0716553126426832,wave2,0.0718294107885385,0.0721292864813826,0.079431005725427,0.2624226197013553,wave2,0.2622737874732579,0.2621629217323951,-0.4394511409293083,0.1906997593897438,wave2,0.1909352356361586,0.1905845224481592
30b6c0d177,1.0134905526822566,0.0603885700172075,wave1,0.0606293144601839,0.0606830935699445,1.0283453555239457,-0.3393759552894672,wave1,-0.3386268565250098,-0.3386639220184354,1.0461438020421372,0.3711562855149856,wave1,0.3710846841615077,0.3708387002933128,0.4811119712810019,0.3620459974232745,wave1,0.3621528721000035,0.3626033132973456,1.175126647081052,0.0141204625318753,wave2,0.0143986458141236,0.014455932932232,1.1802794047640826,-0.3723351649942145,wave2,-0.3715776836763124,-0.371595656096913,0.4527487622688032,0.3051084228008248,wave2,0.3050843927323782,0.3048687869076097,-0.3417814209584796,0.2956257970222397,wave2,0.2958225789324939,0.29625902321567
323914c7d5,0.2584507069007816,0.1425583926395339,wave1,0.1425123111966826,0.1427411823429176,1.0233329920981231,0.4401330740414926,wave1,0.4395349561463131,0.4397890427595274,0.184710562745838,0.2820299873002894,wave1,0.2819735863917028,0.2819997776461134,-0.4239103846952044,0.270931325176984,wave1,0.2707951417856468,0.2707996010642261,-0.4674643672317475,0.0896474661662947,wave2,0.0896761495639379,0.0899190473198872,0.5474930727009555,0.4074186482378812,wave2,0.4068577461225018,0.4071292905048127,-0.8420316866718939,0.2145088606236111,wave2,0.2145416365757346,0.2145694523537316,-0.4488410794166133,0.2089625308247477,wave2,0.2089056368127803,0.2089104634450893
328259efd1,0.1744689085818598,0.5295099945976849,wave1,0.5291689890693616,0.5291915462635777,1.3276434002359845,0.2064996369803483,wave1,0.2063195057397465,0.2064867228790604,1.1169226947649775,0.5572440980551551,wave1,0.5569899092301448,0.5566051260900907,0.5270394866483117,0.473309642998706,wave1,0.4732298750992882,0.4734854041318958,1.4712545030803377,0.4815734696721063,wave2,0.481272475282491,0.4812985344600864,1.7423301701092373,0.173835268052607,wave2,0.1736627632759572,0.1738493117817564,1.4581831439196065,0.4894014715016662,wave2,0.4891970378254423,0.4888429738106384,1.0436035491254425,0.4037831197440462,wave2,0.4037977671455028,0.4040392486124366
351e5e1c6b,0.7698768552940273,0.373514146588638,wave1,0.3732083192410897,0.3731466537277745,0.677103477735292,0.4754698667272471,wave1,0.4750455607701335,0.4748939928140817,0.9448214245126252,0.1886361576598427,wave1,0.1887644431889517,0.1886308798163503,0.4403834213574009,0.064544995712994,wave1,0.0646820245047906,0.0650541088974511,0.4526697990056575,0.3195507687134939,wave2,0.3193282225139755,0.3192565686440953,1.4961849582208613,0.4361459146343879,wave2,0.4357728885869022,0.4356463103864553,0.2190027096221953,0.1169174595460886,wave2,0.1171579085323935,0.1169960308692603,0.30355121589386,0.0105461929188553,wave2,0.0107595870558486,0.0111220416078371
35fa171832,-0.3192732674717353,0.357666918945973,wave1,0.357386397283764,0.3573984957755972,-0.6898389089327877,0.1049226177514239,wave1,0.1047310759199117,0.1043698002530266,-2.1030856908385904,0.3896936725188092,wave1,0.3893678853093555,0.3892664049044411,-0.475312038485281,0.2431044946831176,wave1,0.2430515303575838,0.2429435445825508,-0.1766369374807948,-0.1200945733889155,wave2,-0.1196117883244053,-0.119735851647783,-0.516853545256644,0.0043755817201715,wave2,0.0043465446491146,0.0039571375630042,-2.74579657036824,0.0934228995662737,wave2,0.0935376092025433,0.0934004603389623,-0.8529905929139151,0.163225339528547,wave2,0.1632251742819142,0.1632283546878657
36413004e2,0.3831242515760649,0.094172643144327,wave1,0.0938132361983589,0.0941025852002623,0.8071508813050582,0.0644664225838037,wave1,0.0644854110727765,0.0649246481216473,0.1880720608570751,0.2146692774347066,wave1,0.2146207815001261,0.2144895324351902,-0.1002994094334165,0.0976098687772961,wave1,0.0974104127131387,0.0976787029712266,0.1579716106968975,0.154604569128212,wave2,0.1541300688573174,0.1544188105661609,-0.283091170402772,0.165687735976176,wave2,0.1655596065809373,0.1659828790594478,-0.8721558221551498,0.1739090790821295,wave2,0.1739056130448376,0.1737658925804109,-0.2332716530656904,0.132962043252613,wave2,0.1326974758220921,0.1329936729412017
36647813b6,0.4946544368346748,0.3954128161322362,wave1,0.3947524045772183,0.3945200161158996,1.6484033703839824,0.4838537683962816,wave1,0.483729006021973,0.4839747766351658,0.6482555526142411,0.227868434394053,wave1,0.2281907087164628,0.2280901726762921,0.7449614732742191,0.0988433768041094,wave1,0.0990621268100532,0.0991572560364974,0.1240741627019204,0.3737896143156097,wave2,0.3731606035245479,0.3729234788892296,1.315248369905068,0.4654599109094595,wave2,0.4653609023908043,0.4655989898599801,-0.0444357865842198,0.1932873601294512,wave2,0.1936513707380348,0.1935502282604891,-0.0125533705781705,0.071651648366848,wave2,0.071913671608797,0.0720001055705996
3674f8fb6a,0.3744210458572145,0.1290703772170527,wave1,0.1290165962337752,0.1293224062446243,0.789476581316552,0.096235092749118,wave1,0.0961517357715056,0.096319383442381,-1.694433932544562,0.1452777658091528,wave1,0.145445717587995,0.1454625351893932,-1.6445249426410198,0.0836781236995402,wave1,0.0836781662355243,0.0837679014099461,0.1292294662148163,0.1976571168945495,wave2,0.1974955732072167,0.1978288401358439,0.6282379418750837,0.1964975534047457,wave2,0.1962537925279506,0.1964259503050434,-0.905338838953484,0.116024422844944,wave2,0.1162412595846233,0.1161983579844168,-1.227545145285221,0.1296361047700948,wave2,0.1295955541713568,0.1296661110153127
3701f5a12c,0.4668252382350476,0.5313326956422244,wave1,0.5308650183320818,0.5309435658365051,1.6176576393022006,0.5824802961759347,wave1,0.5817979654861348,0.5819059925825848,-0.4710924983409075,0.3563026533960786,wave1,0.3561245414183124,0.355866542051464,-0.4651158112605075,0.2522901029585431,wave1,0.2525100857238646,0.2526781311879757,-0.4146558664371161,0.507297425775713,wave2,0.5068494116255964,0.5069297204716119,1.4023248560719688,0.5664527555576456,wave2,0.5657738414726609,0.565891495067861,-1.0904050673932468,0.3225212806877181,wave2,0.3223673012530647,0.3221248334105594,-2.597201460511767,0.2181831299082543,wave2,0.2184492142210096,0.2186101754249835
373f9aded3,2.0772258142806357,-0.0228244562849793,wave1,-0.0225764630882527,-0.0226344070640778,1.0726358722804956,0.3467862021573972,wave1,0.3466283937864437,0.3464563700271416,1.4062381178518828,0.0836213213251753,wave1,0.0838703792885424,0.0838661182242646,1.1357619478501049,0.1227167821608446,wave1,0.1227824267082279,0.1231737457555449,2.1014121574481743,-0.0752567287430208,wave2,-0.0749272182509035,-0.0749952424701134,1.0314832356656274,0.306616009351916,wave2,0.3065112507927073,0.3063639759027733,1.809316955933851,0.0142038769189167,wave2,0.0145627583317242,0.0145299813197734,1.8129733969409936,0.0704764739518358,wave2,0.0706161010322282,0.070997938130557
387b8636b9,0.7147019690080304,-0.3962119085852125,wave1,-0.3959295486012096,-0.3956589670715749,-0.1254326989151937,-0.3859076367827595,wave1,-0.3852642686938142,-0.3847694701747387,1.0599119661466303,0.0220860416438007,wave1,0.0223646354318721,0.0221966581652158,1.1225268352671782,0.2114804005456276,wave1,0.2111243646397075,0.2114346008498641,0.9613848865437254,-0.4439539621491329,wave2,-0.443605585414836,-0.4433482396870039,-0.6007601576016325,-0.4215465356722957,wave2,-0.4208511339417314,-0.4203558253638141,1.4165894201841485,-0.0526352579507193,wave2,-0.0522516514498277,-0.052439165437827,1.5103859204044578,0.1455541632707201,wave2,0.145294501730917,0.1455910352649669
39cc58864b,1.1117823217843066,0.0270197712436429,wave1,0.0271287105039351,0.0272310415492378,1.1764455243287886,0.4473392912990789,wave1,0.4472137566956825,0.4471575113371798,1.013349110833392,0.0949236038888263,wave1,0.0952855071232356,0.0952903216801879,0.9094364065607016,0.1679997750666476,wave1,0.1677903574738606,0.1679331323907405,0.5240617670431965,0.003441203117204,wave2,0.0035801882418061,0.0036918315489607,0.5946505657979957,0.4303111744635449,wave2,0.4302089985889886,0.4301593598052949,0.8924810115433618,0.0568391998536352,wave2,0.0572513655557644,0.057249510571993,1.0562745885189395,0.1402959463840399,wave2,0.140107716382236,0.1402492634438446
3fa9253b9c,-0.1473021225056119,0.376926631942221,wave1,0.3767202713496426,0.3767094955556805,1.4641771299050437,0.4002732628696616,wave1,0.4001879606782578,0.4002930570849515,-0.827275554086063,0.2604500840477686,wave1,0.2603093777258947,0.2602232642944762,-0.7456522846362691,0.0784728652318551,wave1,0.0788144791996607,0.0784885254052824,-0.368716618871146,0.3276372305982972,wave2,0.32748221777377,0.3274736665882735,1.6038492431531295,0.3655844578276143,wave2,0.365537176158211,0.3656524230025543,-0.7455502977086225,0.1921300192729942,wave2,0.1920874198013182,0.1920024082322868,-1.6630271751082388,0.0168461630738935,wave2,0.0172850883939869,0.0169340533467478
40b19037fe,0.2976384189250559,0.2041521827864282,wave1,0.204134414393127,0.2038386676858915,-0.8014078922032702,0.1955190701358338,wave1,0.1951736312693393,0.1955712151393174,0.5989568331477563,0.2310349740089932,wave1,0.2308633779097175,0.2306299322480889,0.9172826006024516,0.2302602663426254,wave1,0.2307716277475327,0.2301956206033202,1.3202202889514112,0.1590580303914829,wave2,0.1591059696759459,0.158815721459243,0.1030790407175683,0.1654909098205899,wave2,0.1651783342368452,0.1655876111620021,0.6257474208906764,0.1590969251992851,wave2,0.1590336694389047,0.1587670364103659,1.1880730916510756,0.1719033207420388,wave2,0.1724980083672027,0.171930765211205
4222a6acd0,0.23070585465005,0.3516075339595332,wave1,0.3514360443828594,0.3514730176262428,-1.616831525114194,0.0626791430880232,wave1,0.0626240240072898,0.0628098178377513,0.2382962788155759,0.3644069843812617,wave1,0.3642997503283492,0.3640264390269904,-0.9576548984516632,0.2618956354760834,wave1,0.2620990265631102,0.2623651480139403,-0.0564605997795744,0.2443871008585711,wave2,0.2443254358416926,0.2443715796780912,-2.047123557090614,-0.0320973830847989,wave2,-0.032038790724672,-0.0318636393813968,0.7972797751102828,0.2720701227385583,wave2,0.2720352067302195,0.2718277491156989,-1.1254951646529348,0.1555336330267788,wave2,0.1558770103910693,0.1561745835089094
4222f07252,1.030883501987414,0.0061978536135636,wave1,0.0063417745026375,0.0066803236432595,-2.24852096244005,0.0529837137610649,wave1,0.0527523777480032,0.0531728662745061,0.7668309419320757,0.1917150626823776,wave1,0.1917870823693175,0.191829530877827,-0.4142761182362424,0.2940784322261355,wave1,0.293827901568346,0.2939290023580296,0.9040216191906068,-0.0495933491133424,wave2,-0.0493709914255893,-0.0490186534271139,0.8120106323106917,0.0178106429492646,wave2,0.0176202583631226,0.0180578613456712,1.153800964020419,0.1187161508184126,wave2,0.1188836194644731,0.1189275782885765,0.96898007370088,0.2299107530702432,wave2,0.2297424700529088,0.2298440818559921
4508c72a94,0.4470855404682254,0.0185924466469437,wave1,0.018289131808736,0.0185304361431434,-1.3305291148512657,0.1116817590857478,wave1,0.1116349483664568,0.1120510322390243,0.6004822851825369,-0.1053363768280103,wave1,-0.1049574890952532,-0.1051693125931189,1.0572474186045246,-0.0789245487005723,wave1,-0.0788870980885239,-0.0786252317064165,0.1731620923334803,-0.0607030966873099,wave2,-0.0608806417704435,-0.0606521075419555,-0.3283453309416909,0.0261578877656186,wave2,0.026234591474881,0.0266596294972963,1.065691685751903,-0.1572603108234801,wave2,-0.1568012723209072,-0.1570282521146543,1.4356841137463472,-0.1613185637311774,wave2,-0.1611536306713779,-0.1609190752108893
45151470be,-0.8651437891314963,0.1767529662068706,wave1,0.1766653822702913,0.1767678922883609,0.3181776909196449,0.6094117079893787,wave1,0.6090545653523306,0.6090231743514439,-0.2030903819324651,0.1947229423145342,wave1,0.1949826887042152,0.1949364314981314,-0.2279789332303581,0.3281431806652287,wave1,0.3276990471130372,0.3279328701945643,-2.0277082474631483,0.0668758743211075,wave2,0.0669314911693539,0.0670478977537012,-1.300592989558989,0.50307952689471,wave2,0.5028729119748546,0.5028389922627795,-0.7972201874094946,0.0883962274746037,wave2,0.0887821953285044,0.0887514263486661,-1.498622528733924,0.2064066976308146,wave2,0.2061118404373754,0.2062984629161549
476c31df63,-0.4325041138564774,0.2149120712362319,wave1,0.2144911040852201,0.2143679839489357,1.0852399017421497,0.1845278297944483,wave1,0.1847354484912906,0.185109695981493,-0.5346381345227632,0.3193365821378616,wave1,0.3196264512031089,0.3193766229207021,-0.6486600174707822,0.2360518415193177,wave1,0.2360717217827256,0.2361865080696532,-0.7653435426570704,0.1742608339673056,wave2,0.1738986722558978,0.173765779120253,1.1245352256334793,0.1486220334489054,wave2,0.1488799551251589,0.149239356225324,-0.7133005268577514,0.2545476940626326,wave2,0.2549163693520401,0.2546652023836787,-1.0273478140516632,0.1843603027148461,wave2,0.1844625265758359,0.1845601317611757
484965fccb,2.2004401701651743,0.0111417076313454,wave1,0.011037542132025,0.0113130625443851,1.1644439344771784,0.0112018688286933,wave1,0.0109130956505657,0.0110730793872525,1.2906827495382425,-0.0107633358195604,wave1,-0.0105287764524484,-0.0104689633211534,0.46892220176794,0.0006968098382331,wave1,0.0012628016253086,0.0009861283288447,0.9338028624222962,-0.0447167256930236,wave2,-0.0447385574483711,-0.0444700357625671,0.5972980598961266,-0.0347069611092293,wave2,-0.0349204178671181,-0.0347678647190815,1.4348819823171857,-0.0872850761125758,wave2,-0.0869485633494608,-0.0868805344072862,0.7266894982318104,-0.0642833601946367,wave2,-0.0636359426201334,-0.0639024546540259
49c62b4193,-0.8711275875598433,0.2307489060882113,wave1,0.2301833181300701,0.2305999104019269,0.34237503176348,-0.1784538524415529,wave1,-0.1784596832349793,-0.1786175661526624,0.1668337987956773,0.3983324991568344,wave1,0.3979333493299788,0.3981445724782655,-0.8041754596554147,0.1535103665325998,wave1,0.1539987659427881,0.1533966252816482,-0.5875468600605025,0.1735131673356829,wave2,0.1730320411601793,0.1734418537280344,0.9082924458939348,-0.2266582455482376,wave2,-0.2265862858410056,-0.2267511224563455,-0.1760574668759009,0.3229785665235543,wave2,0.3226809795659573,0.3229004525772438,-1.2253284219459348,0.0866590803924773,wave2,0.0872322250238843,0.0866401701380554
4aa206c8fb,1.9888850553924224,0.1389549404624583,wave1,0.139001678614455,0.1389775381644857,1.3468674451851532,0.530181636011798,wave1,0.5297484084595688,0.5296027638841635,0.9810153345258122,0.1358150727625173,wave1,0.135999435946716,0.1359909259903888,0.8623723689178476,0.2684903172255605,wave1,0.2683651925531026,0.2686829471883302,2.4253647840681887,-0.0218538811405342,wave2,-0.0215900571963534,-0.021646911371594,0.9229810091898928,0.3679665934919763,wave2,0.3677702991000767,0.3676316748764864,1.6554083146335752,0.0319140059566955,wave2,0.0322521063679506,0.0322178433817987,1.6335883817768106,0.1185970098126484,wave2,0.1186740947374494,0.1190315841529315
4b746ecef0,-1.0563774738024403,0.3670124087678986,wave1,0.3667847735844143,0.3668000493970048,-0.3674628353319685,0.3040395236605849,wave1,0.3040543970357782,0.3040673051671495,-0.7919336538504256,0.3895836065696259,wave1,0.3895305994725075,0.3896070647888698,-0.5206146096379101,0.3518039901328483,wave1,0.3514341715141953,0.3514918296909311,-0.2727194709656332,0.3228273946978688,wave2,0.3226562921694108,0.3226902481365493,1.3964841314802297,0.2728318899939491,wave2,0.2728892915604682,0.2729153513213304,0.2922629253663447,0.3164881519032574,wave2,0.3165327297254918,0.3165959756883738,0.6504038527864922,0.2989417260917915,wave2,0.2986107036736503,0.2986660883971755
4b8278f4dc,0.2542255439406932,-0.1449365179926137,wave1,-0.1444142426404081,-0.1445533268707023,0.9278563094372,-0.0151617464189768,wave1,-0.0151680503936871,-0.015552659867593,0.2339845196657983,0.0537587444217301,wave1,0.0539300977498612,0.0537822201981169,1.3037002778658004,0.126610324439562,wave1,0.126662677544805,0.1266714028171621,-0.2531105995787694,-0.1950469043292787,wave2,-0.1944452568008069,-0.1946143037676596,0.4399201676555384,-0.0544642724331226,wave2,-0.0544248261225335,-0.0547997428763516,-0.3247020573743099,-0.0262974380389683,wave2,-0.0260120258285448,-0.0261813048540174,0.9131656983502744,0.0532520546051265,wave2,0.053409691446155,0.0534294793054528
4bf3e6edc8,0.2183119849453809,0.376926631942221,wave1,0.3767202713496426,0.3767094955556805,0.2534057850371731,0.4002732628696616,wave1,0.4001879606782578,0.4002930570849515,0.1067195381967932,0.2604500840477686,wave1,0.2603093777258947,0.2602232642944762,0.4263257791164012,0.0784728652318551,wave1,0.0788144791996607,0.0784885254052824,1.0337336026663158,0.4582401141210305,wave2,0.4579384103066256,0.457897037973393,0.2846090076188865,0.5380145031571409,wave2,0.5376713572873048,0.5378258347982038,0.2177520081871908,0.2676424833869537,wave2,0.2674821029755987,0.2674038061468373,0.2417269112390475,0.1502969736296746,wave2,0.1505505895297551,0.1502209691465283
4c633c1b86,-0.8950476860310591,0.2142379150906359,wave1,0.2140425367001843,0.2144929886802522,0.4402711860986426,-0.0350632976681348,wave1,-0.0351361469584669,-0.0347311247561556,-0.2372919774368483,0.1641213428155155,wave1,0.1641985701490778,0.1642447493855912,-0.5187345792887774,0.0773197199652892,wave1,0.0773176521732259,0.0774112684553908,-0.6431482295916284,0.1573800143291115,wave2,0.1572640725516887,0.1577278648866111,1.6847367181399495,-0.069747149340124,wave2,-0.0697795764722546,-0.0693578740667921,-0.1994443078106351,0.0875791403582233,wave2,0.0877551817376092,0.0878028770740171,-0.6298925549887611,0.0126462563919415,wave2,0.0127270998921988,0.0128211809078013
4d70aa7143,-0.2136108370686879,0.20541588629131,wave1,0.2052945104878137,0.2053549714741654,0.0230457803981844,0.6026479012465579,wave1,0.6023048609318237,0.602231415693994,-0.7166947793662309,0.3121299499089442,wave1,0.3122191960363552,0.3122283189283246,-0.8260616081943194,0.3707552566654482,wave1,0.3703356809959779,0.3705295681385692,-0.5536198786212255,0.0967811921805204,wave2,0.096801022268068,0.0968753731024026,-0.6896490744509837,0.4979927734407486,wave2,0.4977977516024711,0.4977217081620154,-1.0721335815576531,0.2075437569763523,wave2,0.2077564122657487,0.2077812100254623,0.1401981600323667,0.2505038895695291,wave2,0.2502317098632501,0.2503781683064677
502a01a70a,0.7426396134841355,-0.357385014795034,wave1,-0.3571527066888698,-0.3568694390894574,1.1564571327907829,0.0403385456951869,wave1,0.0403972382407523,0.040824589242406,-0.3406060746228143,-0.1750076609008378,wave1,-0.1744950137019482,-0.1746227422192098,0.9838669571767564,0.0122651218180659,wave1,0.0122003340178999,0.0124442508148251,0.4639187022513674,-0.4051196038389673,wave2,-0.4048214633659688,-0.4045515584343442,0.0340967370792282,0.0071704734046241,wave2,0.0072779877454668,0.0077057178686738,0.1050244583855183,-0.2490270632143828,wave2,-0.2484111106650876,-0.2485582440516957,0.7273191261012724,-0.0532162997982089,wave2,-0.0531855171071856,-0.05295540722256
5116e1ef95,1.0071906325040292,0.0861625245378325,wave1,0.0857396262309383,0.0860494306949845,0.5737028377613009,0.4728828002210065,wave1,0.4723058824044613,0.4727622214071386,0.6090719340508868,0.2807730626145629,wave1,0.2806604277326766,0.2806373337344358,-0.0702318372304113,0.2710565514729052,wave1,0.2707380474515254,0.2709692864302404,0.3106244371214364,0.0631255990039915,wave2,0.0627346119636297,0.0630380194057038,0.6247517401685575,0.4547129617705584,wave2,0.4541619669918829,0.4546188785809114,1.1158228874848686,0.2456993084013904,wave2,0.2456365379622532,0.2456037275991575,0.7791109200988031,0.2391123130113665,wave2,0.2388408674791628,0.2390652929199923
513793492e,-0.8565649088305785,-0.2593835712710565,wave1,-0.2586560312213614,-0.2588994478288066,0.0722467941711551,0.1987218001611639,wave1,0.1983515052219741,0.1980889135808134,-0.9747636240627116,-0.3637613547313419,wave1,-0.3629890134270398,-0.3633197608399144,-0.3127353553072531,-0.276083658062091,wave1,-0.2752760359583354,-0.2754903523094222,-0.1275639079823174,-0.3617331042278949,wave2,-0.3608777345047121,-0.361118227525017,-0.7667213456557317,0.0848609901721886,wave2,0.0846077352020286,0.0844055524265185,-1.4755788848999616,-0.4604120236577192,wave2,-0.4595140696624514,-0.4598463698723317,-0.453957784495438,-0.393786512429951,wave2,-0.3928024960695892,-0.3930224339237688
5435671b7e,-0.6867852926005987,-0.0838361670434111,wave1,-0.0834667765065229,-0.0835114318765584,-0.1260433216364156,-0.3979057507258449,wave1,-0.3973534955914447,-0.3971924908697196,0.1758046343786633,-0.0170420500960295,wave1,-0.01663881796008,-0.0167353643669097,-0.0784905507125687,0.0773814719160178,wave1,0.0775426996483253,0.077780775649583,-0.7805013229523443,-0.2498836257738113,wave2,-0.2492929771284202,-0.2493689946394732,-0.1945772215873689,-0.5645822234853713,wave2,-0.5637885011170948,-0.5636212146768825,0.4014423937601976,-0.1365895154714205,wave2,-0.1360162809100584,-0.1361376402966487,0.1346377926491978,-0.0781763803611154,wave2,-0.0778060626830038,-0.0775302387328768
554afd4747,-0.5361692456065572,-0.1177834608166006,wave1,-0.1178489343650337,-0.1174640684301228,-0.2313110536852445,0.2017688799205378,wave1,0.2010961035177453,0.2014181245789218,0.4579189273784486,0.131754657051085,wave1,0.1318304176621478,0.1317523136169813,0.4396132767298172,0.223028079119458,wave1,0.2232448430667807,0.2229900589167723,-0.8148202483654775,-0.1723696766253972,wave2,-0.1723547252740722,-0.1719764301486428,0.447859064512943,0.1539398801878563,wave2,0.1533437461082606,0.1536588343939785,0.0637728158206429,0.0607285912170145,wave2,0.0609004209967811,0.0608304794451357,-0.0315405120896849,0.1606168863237022,wave2,0.1609122285305281,0.1606671503516096
56e457183e,0.0237243867780856,-0.0171997471328968,wave1,-0.0169336183452608,-0.0168772596687796,-1.2232556272020352,-0.3561539133922916,wave1,-0.3555707638177608,-0.3554714907442099,0.5755575002183698,0.1463838435463321,wave1,0.1464711364711687,0.146276256895066,0.0275110231495011,0.162836101944008,wave1,0.1632220632853351,0.1635250737753446,0.0666929768516629,-0.0978679398987123,wave2,-0.0975172905895245,-0.097453507739228,-0.2055533031559212,-0.4307235776095123,wave2,-0.4300358672169452,-0.4299569552410266,0.240515174972843,0.0879800120205961,wave2,0.0881125066576636,0.0879687859723469,-0.7998803865127257,0.0939043473728379,wave2,0.0943786218368784,0.0947198456286028
5778bda759,1.0032766345775774,0.2628071748461069,wave1,0.2621503206730983,0.2624506506445553,-0.2586974061006223,0.305312757766126,wave1,0.3049853103165246,0.3053904270823103,0.6648448310232153,0.202024506916815,wave1,0.2019647468567421,0.2018363375644606,0.0864839631014111,0.2325449559341463,wave1,0.2321202795251155,0.2324567963256227,0.1295757240917899,0.2167104275515629,wave2,0.2161171589958605,0.216404350492862,-0.8538886744284694,0.2743533094152427,wave2,0.2740706800497857,0.2744764370506843,-0.2030390153140978,0.1300297004500713,wave2,0.130071115696699,0.1299231956153735,0.1448254202339772,0.1678913958026746,wave2,0.1675612335271745,0.1678842512823294
583e65e253,0.908118799708683,0.3978739671643069,wave1,0.3970044180691121,0.3972535871256974,0.1750652839391415,0.4880596537977845,wave1,0.4874555325233735,0.4879030912835581,1.264350319571322,0.2517129587424646,wave1,0.2516089925344961,0.2514721579330207,0.7804891828331566,0.0865852523058551,wave1,0.0865075647743384,0.0867358445112972,1.131708924888953,0.2928853990375328,wave2,0.2921775485553194,0.2924073918014604,1.0946043655054878,0.3809129425498819,wave2,0.3804635755341506,0.3809206063165739,1.3737909720493595,0.1634365261686562,wave2,0.1634641814362442,0.16330219606321,0.5440773298669908,-0.0295506809485975,wave2,-0.0294513392044089,-0.0292572568636991
58fe52b037,0.3467294231223411,0.2959060634552587,wave1,0.2957496496670545,0.2954660992944163,-1.3669552142164314,0.2874137285718506,wave1,0.2869817549913825,0.2873085662288013,-1.143860773857671,0.3189633293498377,wave1,0.3186913156020257,0.3184577701374511,-0.554713911785659,0.3374049703482134,wave1,0.3377672238118825,0.3372191761709466,0.2533790901178672,0.2515097559786111,wave2,0.2514183674856859,0.2511402143037208,-1.4181769266664743,0.2577393463037801,wave2,0.2573396795624443,0.2576782831299747,-0.4516960771724564,0.2480763655119635,wave2,0.2479116602136666,0.2476448289945518,-0.807606798895068,0.2793224848729945,wave2,0.279767901045221,0.2792284064355514
593b371f2e,-0.5194066353885138,-0.1201789130189135,wave1,-0.1200501530304093,-0.1204174023035245,0.1616315995646006,-0.4417619423186569,wave1,-0.440596776098209,-0.4405725809164251,0.3455790048551022,-0.2141899050399472,wave1,-0.2133907830095515,-0.2134596897360082,0.3039275645009507,-0.3269133970364216,wave1,-0.3258996126343339,-0.3261462733884731,-2.2020004869924352,-0.0925327114785861,wave2,-0.0924371716483443,-0.0928410455049434,-0.2437730441038487,-0.386527882342599,wave2,-0.3854330229409419,-0.3853997095301462,-0.0575154908466175,-0.2291165363667883,wave2,-0.2283107722309562,-0.2283556756903354,0.0118579041554518,-0.3035435382534286,wave2,-0.3025981322370719,-0.3027925148333892
596b0aeb7b,-1.8731959846861332,-0.0070341712319956,wave1,-0.0069011373656748,-0.0064788123320576,0.1523421941035382,-0.2940187407489845,wave1,-0.293736539661092,-0.2933938504448876,-0.0436879776201324,0.0335402985369215,wave1,0.0338608451573276,0.0338946633754442,0.5198332403287227,0.0927562759325879,wave1,0.0926541780173168,0.0928410465671287,-1.8840271134611428,-0.1813885996925801,wave2,-0.1809991039424621,-0.1805765834055024,-1.9054256168122412,-0.4629042187802563,wave2,-0.4623825235940797,-0.4620098276742601,0.1333286028633253,-0.0845599958682414,wave2,-0.0840938953409387,-0.0839978240467649,0.0271004088642476,-0.0820686907668686,wave2,-0.0819648251224949,-0.0817580058970462
59bd8d82dc,-0.2693141825438821,0.1672013247154999,wave1,0.167277129178873,0.1673168232094328,0.5297268415092593,-0.1882512045869121,wave1,-0.1878840469466213,-0.1877538878970673,0.1497697828475881,0.2960949744581659,wave1,0.2960648350493048,0.2957528728975355,0.8225826903216741,0.3377448350547125,wave1,0.3379026270339069,0.3381355150535181,-0.0379559649331479,0.0632265802144631,wave2,0.0634075164011662,0.0634564197046414,0.5196370303127927,-0.2806239947854873,wave2,-0.2801466227908916,-0.2800270474509224,0.337343316051224,0.2041846524997314,wave2,0.2042262111993756,0.2039804083582655,0.3556796490785251,0.2327505432057043,wave2,0.2330463880884654,0.2333108760949757
5a7b0b0e96,-0.1108928429972196,0.4380282003779112,wave1,0.4375225494313768,0.4378134066377304,0.8162559109321507,0.3690141520605074,wave1,0.3685543178854946,0.3686590708970867,1.1364857077996044,0.3762773283340379,wave1,0.3761563761657929,0.3760770920468161,1.0394924991145118,0.3972184526228303,wave1,0.396846660608272,0.3969056684451981,1.3322674730062376,0.4127714770332966,wave2,0.4123014387246515,0.4125993310959974,1.2754991590721914,0.3540933418939944,wave2,0.3536499434958278,0.3537633995612903,1.3500390243071638,0.3428518329059347,wave2,0.342775031435105,0.3426965640166377,0.7289642069223229,0.3670617506470907,wave2,0.3667282528232384,0.3667875035609519
5aeeda377a,-0.846385157783545,-0.3298004029049604,wave1,-0.3290766652752743,-0.3290205267735919,-0.8790001355185854,-0.2824089757481484,wave1,-0.2820506450484036,-0.281975099165706,-0.2904883030816418,0.0118734120028342,wave1,0.0121541849032792,0.0120030460039944,-1.6605436185467326,0.0225605305699462,wave1,0.0230402494735805,0.0235360582931846,0.2531197712481546,-0.3808292361836429,wave2,-0.3800627303857593,-0.3800031213759178,-1.7575675204567556,-0.3176961557471599,wave2,-0.3173261194320323,-0.31723133548511,-0.6555804327785412,-0.0588644094842168,wave2,-0.0585312895043509,-0.0586519458844517,-2.9958897712591077,-0.0468743026900496,wave2,-0.0463007569620368,-0.0458195320991515
5bf811eba3,-1.06782452178025,-0.0236201787677413,wave1,-0.0234315536010157,-0.0236218448821318,0.5689815891513421,0.4116328878125726,wave1,0.4108766197698677,0.4114045207764414,-1.932244183901426,0.0144904205862244,wave1,0.0145698547810795,0.014427183465099,0.0772078396656027,0.1013268216472054,wave1,0.1020088429250754,0.1014878789999594,0.1679140027396758,-0.0927093743268,wave2,-0.0924158994669462,-0.0926208327042307,0.8314127452709814,0.3325927791350034,wave2,0.3319099996190682,0.3325024611770305,-0.3051375160463628,-0.0353152031335164,wave2,-0.0351938032729393,-0.0353196996826308,-0.1224438037210331,0.0243432781324679,wave2,0.0251308260097274,0.0245779384830695
5cf82ab878,-0.3932338605077805,-0.6350395977144894,wave1,-0.6339605331578686,-0.6337014052036283,0.2368895198768111,-0.6122830140262551,wave1,-0.6109275435260259,-0.6109380721310563,1.250968302977884,-0.3857996692403331,wave1,-0.3847995402794038,-0.3849241930294778,0.9876755947853544,-0.1015877356148175,wave1,-0.1016042006844532,-0.1015990307376958,-0.3712030291635798,-0.6837121499424343,wave2,-0.6825719448480223,-0.6822947731819511,-0.0396631922967135,-0.6475190768499727,wave2,-0.6461150406131152,-0.6461125561897602,0.9481164390382218,-0.468355761720659,wave2,-0.4672481371262706,-0.4673860518099142,0.3155516902734286,-0.1583899381169892,wave2,-0.1583616141363772,-0.1583586641157308
5df660993d,0.0009501806711435,0.4529473832096616,wave1,0.4524398430596487,0.4523008659090267,0.1234720168794301,0.1719962177892727,wave1,0.1717727928241513,0.1719640758899812,-0.1016256881163731,0.5501287362182867,wave1,0.5494767836716514,0.5494133538523829,0.516018633127057,0.398779606931585,wave1,0.3990076841415526,0.3985314730086118,0.4316207928960966,0.4053296196038948,wave2,0.4048914882787903,0.4047581197537265,0.6059105910708392,0.1406585752533134,wave2,0.1404701105780897,0.1406729171797128,-1.412222257987906,0.4772327897668718,wave2,0.4766907009713517,0.4765939036117355,0.2256909432278265,0.3377682604558882,wave2,0.3380836291120916,0.3376161404479052
5e90bdb86e,-0.5837139320892694,0.0270197712436429,wave1,0.0271287105039351,0.0272310415492378,0.966581968641579,0.4473392912990789,wave1,0.4472137566956825,0.4471575113371798,-1.6406347655001383,0.0949236038888263,wave1,0.0952855071232356,0.0952903216801879,-1.0827903042363252,0.1679997750666476,wave1,0.1677903574738606,0.1679331323907405,-0.297242318406868,-0.0202901439235789,wave2,-0.0201209537549464,-0.0200000092781817,-0.6366894444372198,0.4132180459812756,wave2,0.4131393176939041,0.4130962863588022,0.1164592689486049,0.0184978768163406,wave2,0.0189605414799556,0.0189520154770137,0.1932380488098486,0.1125021838476046,wave2,0.1123352663096824,0.1124755860463773
5eabb36cfb,-0.7686174586198637,0.3590203130970781,wave1,0.3582368721354569,0.3584937455719572,-0.0995195328398296,0.3921868086541348,wave1,0.3917206190276209,0.3921845571264305,0.39103443149915,0.3306725424604267,wave1,0.3304720998117455,0.3303532129655991,-0.1469329171560504,0.0858040369523309,wave1,0.0857410600146816,0.0859489535896455,0.9044451528339308,0.3109467450065052,wave2,0.3102298957502602,0.310473571538313,0.8433471973498055,0.3582657813711106,wave2,0.3578486375070032,0.3583133517713074,0.7568200291588927,0.2585054276117376,wave2,0.258406649018272,0.2582682774119617,0.2384998968837228,0.0203767792689588,wave2,0.0204097813900738,0.0206039459649773
5ede40db09,0.4077856776211614,0.3327157299839171,wave1,0.3324393796398092,0.3324818082504065,1.3588066660184568,0.2979569303529583,wave1,0.2974734845886884,0.2972493590366611,0.0421027764038113,0.4019572291404424,wave1,0.4016532473004476,0.4015785259815824,0.6358881477397779,0.3977017024354883,wave1,0.3976070026904617,0.3972960621297388,0.9013524805650042,0.3106290060409126,wave2,0.3103886675780897,0.3104159554478659,0.7603539001840482,0.2814211837679039,wave2,0.2809561404126048,0.2807366043778394,0.8038924088126829,0.3650812557538224,wave2,0.3648306008050638,0.3647450726675173,0.952462620929365,0.3633996832305433,wave2,0.3633539688375118,0.3630485505210459
5fdb236881,-1.227080556646411,0.1988336555910808,wave1,0.1987187471703555,0.198740195725944,-2.6476832294459896,0.1982054297684804,wave1,0.1981132921385654,0.1978844857055669,-0.8054614348648548,0.1319743583413632,wave1,0.1321388789359585,0.1321429771283004,-0.5602502155480753,0.1419142729281862,wave1,0.1419998883041101,0.142271001478155,-0.7047037198106558,0.1476068347300934,wave2,0.147571530687266,0.147582906266275,-0.267326073365626,0.1603432313565464,wave2,0.1603004882994775,0.1600967950825022,-0.891449427855484,0.0617395618735838,wave2,0.0620148623737821,0.0619905034476246,0.1249459452449788,0.0898695619828037,wave2,0.0900287483449907,0.0902904620062226
6140f2c896,0.4783779832408829,0.4566718304160146,wave1,0.4561331808632647,0.4564668823216697,-0.3253278749488825,0.4546363199869592,wave1,0.4540554318919658,0.4542711013584333,0.4789181137004152,0.3431928816934075,wave1,0.3430334063858422,0.3430311075415984,1.1956405398785552,0.1673992303738542,wave1,0.1673781632221742,0.1673644817042844,-0.2212782394516662,0.4030999533148796,wave2,0.4026366110334147,0.4029842488021198,0.0826477147784433,0.4222959132908019,wave2,0.4217516941619752,0.4219846369752107,-0.1722966930535866,0.2730973275509225,wave2,0.2730294902634733,0.273028885732322,0.991976293178028,0.1047812908650728,wave2,0.104840250898523,0.1048269688302285
614e3d3a72,0.3240258942498535,0.2928920378082538,wave1,0.2927032602286827,0.2927860204627255,-0.8723009390656851,0.3144546060258418,wave1,0.31412426097227,0.3142451620480483,-0.2661389223160925,0.1600399732073963,wave1,0.1600346051937108,0.1597664620702265,-0.5279702105533447,0.2183503740778822,wave1,0.2186783348435549,0.2187388015198467,0.8776337685593698,0.2450851507128797,wave2,0.2449344896277459,0.2450207093530994,-0.3688192197533543,0.2833345762575402,wave2,0.2830099072930289,0.2831499142353179,0.3509626746859798,0.0906242148520243,wave2,0.0906686485482898,0.0904320645028008,0.35357637633529,0.150958418397143,wave2,0.1513771543484494,0.1514234414940737
62423df244,-1.414881529354424,-0.3275888317366499,wave1,-0.3269947115125308,-0.3271239143574004,-2.1997969056537836,-0.2289849657529494,wave1,-0.2289276883381449,-0.2283483104665672,-3.4276601662690664,-0.1173968139545649,wave1,-0.117205113471301,-0.1172207109149381,-1.261114201114285,-0.052522429322962,wave1,-0.0516357459374982,-0.0521628952747519,-0.9424265514562854,-0.4226753241229596,wave2,-0.4219404104710188,-0.4220810306207477,-1.3300182015564197,-0.3269415146199425,wave2,-0.3267872931281161,-0.3261394136199317,-1.8636730656111855,-0.2088073776275631,wave2,-0.2085137291227421,-0.2085294068343537,-1.3730387258817045,-0.1614223979250686,wave2,-0.1603857832310702,-0.160939052830874
64af6501d3,-0.2100379994915183,-0.1615355685021418,wave1,-0.161039484127895,-0.1610044959913847,-1.736817396007153,-0.0600531241868887,wave1,-0.0601768394906595,-0.0599126289881827,-0.1430830067592476,-0.0408890546546579,wave1,-0.0405684366627879,-0.0408335782611278,0.5181211275724228,0.0411800818793352,wave1,0.0416585330770648,0.0418982533583808,-2.7585926916147887,-0.2680995671064423,wave2,-0.2674949124155608,-0.2674508415703476,-2.1226048420008623,-0.1550779088652977,wave2,-0.1550875517899063,-0.1548340152401973,-0.6169281253954765,-0.131554850229297,wave2,-0.1311645142835037,-0.1313641888326845,-0.1656843919988928,-0.0630460784632401,wave2,-0.0624308775225331,-0.0621599351469853
6587e0bf91,-0.3009252742390148,-0.3889565411935849,wave1,-0.3886982323230477,-0.3885664977422319,-1.839421822887495,-0.1121950306558258,wave1,-0.111897258759115,-0.1114845025511491,-1.163842341180762,-0.721463317843232,wave1,-0.7202403113176831,-0.7206015856072575,-0.710630343748174,-0.6160611108741221,wave1,-0.6152446562307907,-0.6150935294913804,-0.2416953757084309,-0.5779818050934074,wave2,-0.5774154598248433,-0.5773089334951926,-1.5389684227395402,-0.3350561423081185,wave2,-0.3344338922313833,-0.3339965533419972,-1.7158236907957611,-0.8020210485660674,wave2,-0.8006668873565509,-0.8010520411628,-0.7334384484015092,-0.7889961912249208,wave2,-0.7879065699745276,-0.7878232827487421
65e2dae427,-0.5426723419944506,0.2483786165525349,wave1,0.247716086849071,0.2479249923432211,-0.0307458878812272,0.3902754875554425,wave1,0.3898152531839612,0.3902639842456475,0.4272372649058164,0.0278905749889523,wave1,0.0280990854972761,0.0279039608952321,0.5186998913538645,-0.1145626649129503,wave1,-0.1143465470404039,-0.114159732811062,-0.1260935741829096,0.1664244155661873,wave2,0.1658916696620615,0.1660877589604247,0.6597113927733823,0.299284173672126,wave2,0.2989556073034402,0.2994133122802401,0.2512552147939728,-0.024675471053256,wave2,-0.0243858904934309,-0.0245962674275331,0.6084365974088772,-0.1976586360425645,wave2,-0.1973140003568381,-0.1971545783924276
68234bea49,-0.1965071831913974,0.0321437355176281,wave1,0.0318179064829093,0.0320601263534298,0.7445065729719722,-0.2889544131459242,wave1,-0.2884551656492232,-0.2879714299752006,-1.0376748520573644,0.1742478497801879,wave1,0.1742779848973238,0.1740444050013964,-0.2256810647221138,0.1924755318508068,wave1,0.1921158957524102,0.1924582821289537,0.213671647086592,0.0397127904398657,wave2,0.0393598353359387,0.0395944973599541,1.4001579656756755,-0.2485301969296279,wave2,-0.2480870442905042,-0.2476123118953715,-0.3966304851987705,0.1150106834279395,wave2,0.1151145731749064,0.1148670412004874,-0.2610194189603127,0.1776110034054742,wave2,0.1772652694442053,0.1776142202465908
68b946ea34,0.4553778199459562,0.1600735670086174,wave1,0.1600756105118356,0.1598586158361169,-0.3054101140327924,-0.2013044111380028,wave1,-0.2010886820939543,-0.2007894398663878,0.5524689592308636,0.3760889422794999,wave1,0.375681858219862,0.3756082191550032,0.1785039976055818,0.3749458841204973,wave1,0.375244116827125,0.3747068806402425,-0.0853867077326353,0.1142700045616748,wave2,0.1143387756713724,0.1141273370570478,0.1238952683411848,-0.2324121973707439,wave2,-0.2321620176399485,-0.2318511831310623,-0.0679360423686236,0.3032990062431557,wave2,0.303001592129613,0.3028947401633037,0.4373407202238116,0.3156587515259603,wave2,0.3160417033597744,0.3155131894189817
6b317493d6,-2.528899944112497,-0.3634758803183598,wave1,-0.3632041615375577,-0.3629070680681572,-0.7006640534081091,-0.0229493606414662,wave1,-0.0227994943657191,-0.0223565837885991,-1.7528565378629553,-0.0523215234722006,wave1,-0.0519690178686306,-0.0520690085237899,-1.9811771726158312,0.0476668648778204,wave1,0.0475638411217804,0.0477935321581277,-1.6088677312418551,-0.3868089611787311,wave2,-0.3865050348951269,-0.3862144948132276,-2.0171459235076385,-0.0402895455052495,wave2,-0.0401145433168662,-0.0396712787614396,-1.4681802141930644,-0.088313298894206,wave2,-0.087910143889771,-0.0880198323390301,-0.7651836084967772,0.0157167656422471,wave2,0.0156605227765615,0.0158833730091458
6b5f3d7b27,-0.8049562052148708,-0.1324922369065875,wave1,-0.1321178382995811,-0.132024442167282,-1.1033456908763222,0.2931369504105138,wave1,0.2926756032658065,0.2927719265373388,-0.4126656200683348,-0.0845429753538095,wave1,-0.0842749632781169,-0.0844217248187207,-0.3174587091516551,-0.0521681530824927,wave1,-0.0515751306552785,-0.0512961738487701,-0.9047737246552454,-0.1298876118624659,wave2,-0.1295327272656992,-0.1294416598740688,0.6153854674814,0.3144862171724,wave2,0.313938399148402,0.3140840035406226,-1.1344559320946797,-0.137786137170539,wave2,-0.1374792634259231,-0.1376298865213771,-0.2383630834073602,-0.0904709438563833,wave2,-0.089821425372423,-0.0896023434954836
6bb20b084b,0.3396335870820697,0.022361689741133,wave1,0.0222131025688673,0.0220888322498299,1.1144711417437183,-0.0077698172049638,wave1,-0.0073006488215203,-0.0069963454209531,-2.447296975272383,0.0662224871872608,wave1,0.0668274626434642,0.0665490552314963,0.439045395501308,0.0049185845134893,wave1,0.0053387318855674,0.005331295082352,1.0195277523470587,0.0782766547495716,wave2,0.0780603398732354,0.0778608438490659,1.506183131432701,0.0899021969412028,wave2,0.0902504196283273,0.0905735890140051,0.7322782967356459,0.0400404207827399,wave2,0.0406579004110801,0.0404271951584384,0.8113087760824241,0.0515898290439539,wave2,0.0518720521633337,0.0519706149114218
6c0699685a,0.41504465237491,0.5472981556803495,wave1,0.5467045531181357,0.5468723549811071,0.1599985408515482,0.5217642753846317,wave1,0.520963571199871,0.5207021082314189,-0.2253216312187283,0.5314208720575565,wave1,0.53088991821255,0.5307859857391718,-0.5132361074276967,0.3156955603413938,wave1,0.3157267403366409,0.3152924248828646,-0.5439732970637333,0.3922933277555066,wave2,0.3918782545904523,0.3920822784617311,0.2383678200251332,0.3387510271692546,wave2,0.3381309929157652,0.3379798105031306,-0.2824848103398377,0.4205264878225717,wave2,0.4201319096580532,0.4200455655766512,-0.1008038415175707,0.1465329872264809,wave2,0.1468221272130837,0.146364913847431
6cc3ca99aa,0.607191406396951,-0.3812051953808744,wave1,-0.3804805185835074,-0.3803737341629356,1.0659828433901355,-0.0501677468643194,wave1,-0.0499455852853426,-0.0500320374483763,0.9878834076485804,-0.0803032724202811,wave1,-0.0800099424246706,-0.0801475301435216,1.341428958963188,0.0641304475699652,wave1,0.0646076273649158,0.0650178031539009,,,,,,,,,,,,,,,,,,,,
6db0abec3e,0.2268974431014026,0.1802170118641206,wave1,0.1800914087187197,0.1803833370128598,0.3004817073668017,0.1269913325426934,wave1,0.1268737744187203,0.1270240459026286,-0.0248852251212861,0.2142652482078417,wave1,0.2143428194869059,0.2143580413817731,1.1142996781549404,0.1444072605725712,wave1,0.1443301645544154,0.1444194472075203,0.6805156078117582,0.1290703772170527,wave2,0.1290165962337752,0.1293224062446243,0.2020619770567905,0.096235092749118,wave2,0.0961517357715056,0.096319383442381,-0.3560115434740327,0.1452777658091528,wave2,0.145445717587995,0.1454625351893932,0.6250274705862326,0.0836781236995402,wave2,0.0836781662355243,0.0837679014099461
6fa7a78d64,0.3816193637324298,0.1775200147978479,wave1,0.1774551678056972,0.1774724778983951,1.6489771626824776,0.202726280417897,wave1,0.2026162213446042,0.2024339459034755,0.3788263655347716,0.0461312884987052,wave1,0.0464371483124503,0.0463968577736437,0.9253132651389664,0.113630587812895,wave1,0.1137610140008408,0.1139938888340768,1.2618973311977315,0.1251739538146796,wave2,0.1251900265824874,0.1251972742405438,1.5796610407196696,0.164282075433693,wave2,0.1642220064225114,0.1640648906325411,1.1774061003441725,-0.0255998929704337,wave2,-0.0251818262500136,-0.0252504594103344,0.579406889680102,0.0607528959870596,wave2,0.0609579205526312,0.0611813375197539
713e823836,-0.4531469943169884,-0.4212655255120779,wave1,-0.4207444873357732,-0.4210485681256167,0.0009402208412589,-0.4300292182423151,wave1,-0.4289240530198683,-0.428824105322402,-0.2313144081716279,-0.1465739542002549,wave1,-0.1458782967469815,-0.1458562600883955,0.1568841656094147,-0.1351765194403723,wave1,-0.1344814783186241,-0.1346292811824717,-0.2433450294344923,-0.4648717971680832,wave2,-0.4642872505200955,-0.4646004679040297,0.1206641761196818,-0.4709225000510639,wave2,-0.4697593683322507,-0.4696751005459787,0.6345668530099456,-0.218659236126023,wave2,-0.2178770532907822,-0.2178564623882902,0.7814985594953436,-0.1898310490482171,wave2,-0.1890491994294645,-0.1892139673764601
72c91073b3,1.2590686749808262,0.2081438773748405,wave1,0.2077269525951055,0.208034071278806,1.1659968135884766,0.179486833088471,wave1,0.1789115478151056,0.1789957030576486,0.4958397375247419,0.2166910227413674,wave1,0.2164988444605944,0.2167173720621282,0.167274015834743,-0.0374618664671809,wave1,-0.0368499249878196,-0.037228286126098,1.4501367634960776,0.2604268104727767,wave2,0.2599835700874587,0.2602547220142722,1.3014861059620653,0.2845769913627817,wave2,0.2838932240478741,0.2840269050114626,0.7720226714215936,0.166398844619577,wave2,0.1662914090119884,0.1664803891877024,0.933117530806296,0.0053449927337265,wave2,0.0059001704096803,0.0054929101532469
73c1e4c345,,,,,,,,,,,,,,,,,,,,,-2.2343839830377425,-0.0041047158479946,wave2,-0.0038974034832351,-0.0041236303314159,-1.294250162453729,0.1468842176713345,wave2,0.1465281069047826,0.1470751931786365,-2.354487988705663,-0.1997206593302154,wave2,-0.1993378689523921,-0.1997079038755544,-1.215805403004856,-0.3378039948599578,wave2,-0.3365358401029639,-0.3370878361769256
73cea42f1a,-0.403213366369024,-0.2209747712658899,wave1,-0.2203619615012059,-0.2205179924738104,0.390139375037462,0.1456032499809105,wave1,0.145333453818559,0.1451005401314997,0.0868480091613098,-0.0304719744947338,wave1,-0.0301392244230328,-0.03029405914647,-0.1254097477771885,0.1928872348428892,wave1,0.1930232928959128,0.1928449193363158,-0.5768879775082246,-0.2441487280350142,wave2,-0.2434987254592574,-0.2436699147833031,0.4567482110876322,0.1273767385148047,wave2,0.1271277290093006,0.1268995547223519,-2.1947906129032804,-0.0688007164851428,wave2,-0.0684131236194091,-0.0685787142304829,-0.3518103238362015,0.1580134212035522,wave2,0.1581993174693206,0.1580265410749828
760b6e1230,1.7052198316396243,0.23497680283517,wave1,0.2344968239444229,0.2348247757265804,0.6922398396060085,0.6475557612479831,wave1,0.6463035702537346,0.6466766840161245,0.712949661939894,0.261022760046135,wave1,0.2608445833971782,0.2608460299696684,0.7794668338740278,0.3283480948715522,wave1,0.3284202024652038,0.3279879279336214,1.5164727881169917,0.1258909182733658,wave2,0.1255462217285244,0.1258828480618117,1.3873149159009854,0.5244517451957612,wave2,0.5233657781198674,0.5237038305931737,0.6898966166412729,0.1798264635697646,wave2,0.1797512407565973,0.1797801877829985,1.02644019256455,0.2091774033068387,wave2,0.2094025763340707,0.2089989195289014
761cb03ec9,0.4854009970521531,0.3929193697070114,wave1,0.3927335722121696,0.3927692124300319,0.7680333811850564,0.0682897536963994,wave1,0.0683220436830328,0.0684393614452266,-0.0944845325805901,0.4804733161866293,wave1,0.480285047719852,0.4799848017059972,-0.5065914794769446,0.364906577024109,wave1,0.3649662795213541,0.3653065775288905,0.1917109945188245,0.3687187023771667,wave2,0.3685530974836377,0.3685904942873776,0.2523303698400022,0.0516457194514384,wave2,0.0516822559667468,0.0518092339553114,-0.4727834569473896,0.4465095402171261,wave2,0.4463461218419408,0.4460612237846663,-0.5181369159425084,0.3302596348116735,wave2,0.3303663339080659,0.3306995787980519
77f6d80908,,,,,,,,,,,,,,,,,,,,,-1.205805982800542,-0.3470474372505563,wave2,-0.3463952524107265,-0.3464011468505361,0.4206557142073927,-0.0550014175069414,wave2,-0.0546576336444118,-0.054864785305659,-0.1353382540668456,-0.1226303819756053,wave2,-0.1221205042273814,-0.1220422213000946,-0.2296646414202905,0.0526887034572794,wave2,0.0529043888232712,0.0531985268725
788c47d392,-0.988920960887603,-0.2581616720330971,wave1,-0.2579126934636299,-0.2581821567535295,0.1282025159109373,0.165167064659566,wave1,0.1653890977428149,0.1657770897278161,-1.1212660829942966,-0.1243222538215352,wave1,-0.1235655084493762,-0.1236349789262633,0.05049801368673,0.1687145475540751,wave1,0.1686998790961477,0.16901550699924,0.6867998475939922,-0.0801426550308486,wave2,-0.0801426586824246,-0.0804305621613631,0.3611238024397814,0.4117874177699665,wave2,0.4117352875910574,0.4119980294899394,0.2785021936400115,-0.1027972178708803,wave2,-0.1021222069348627,-0.1020887292012188,-0.3077872293682011,0.0565122666965713,wave2,0.056719654989828,0.0569352894791716
78bde5f036,1.6447069378126715,0.5230556221324878,wave1,0.5226151890318926,0.5226960499389721,0.5567628047245864,0.5569550101837842,wave1,0.5563653139901755,0.5564242101643403,1.2540932848225743,0.401630823609843,wave1,0.4014249026663933,0.4011706199264543,0.2816078472245144,0.2848228568503905,wave1,0.284994748504929,0.2852226043706311,2.21245328147043,0.4756239676842886,wave2,0.4752222287935856,0.47530663269019,1.198604372695587,0.5248852176739608,wave2,0.5243023887189263,0.5243805447082143,1.0451651646256,0.3351467292599516,wave2,0.3349880025266311,0.3347645797370614,0.3961114059366335,0.2171236214673883,wave2,0.2173870438114595,0.2176007603167501
799e745a79,1.8001406814351733,0.595299270402175,wave1,0.5943558543180177,0.5941247980256342,0.3596036994215825,0.681365759222841,wave1,0.6809721451028885,0.6812871426145763,1.5243446287129307,0.4845049121933659,wave1,0.4845026151191448,0.484431413009056,1.543885000914985,0.3414106518428174,wave1,0.3412123576817995,0.3414293935054113,1.6931498672284475,0.5535867595480676,wave2,0.5527037622858274,0.5524629941691764,0.8734738180708836,0.6456964694272664,wave2,0.6453527721158867,0.6456528906551795,1.2765409258171263,0.4189744402367416,wave2,0.4190520998752925,0.4189796046537711,0.993214419795566,0.2876438802430009,wave2,0.2875310235118952,0.2877309280470938
799f6aa59a,-0.6282106048124115,-0.3221870960412596,wave1,-0.3215928359365352,-0.3215943373856229,-0.8870912127279736,-0.0532909734100154,wave1,-0.0529414515565088,-0.0531934083412562,-1.1340850321578737,-0.037306209388507,wave1,-0.0369428755164618,-0.0368202074162584,0.6192849344138621,0.0809766108082433,wave1,0.0811456322971962,0.0814775096917071,-0.9256894078420402,-0.3969038312356721,wave2,-0.3961928756261097,-0.396209504438578,-0.0573376747427283,-0.1126084888884074,wave2,-0.11218045098583,-0.1123954793165179,-0.2431121640290431,-0.1398432322062088,wave2,-0.1393169734361818,-0.1392368913621609,0.8586405809211258,0.0062366757115547,wave2,0.0065114132511548,0.0068292424933461
7a05516457,0.2361248237367773,0.0139129788888889,wave1,0.0140553486643795,0.0142697698611446,-0.7842685809678729,0.2917058993598924,wave1,0.2912993965635,0.2914772703352251,0.4619488788667114,0.1760231863171106,wave1,0.1761885647226646,0.1761414824959979,0.1161171694268854,0.3775786146829971,wave1,0.3772491095557692,0.3773267042837673,0.8123730479975474,-0.1257752284871651,wave2,-0.12542495956284,-0.1252164204095063,0.5814977362861047,0.1471298282904712,wave2,0.1469322424853432,0.1471319506547515,0.9489246849980946,0.110028085696147,wave2,0.1102707048616797,0.1102858687087693,0.9250511442509848,0.2437524621359048,wave2,0.2435744302362987,0.2436718360746907
7ac9a33d14,-0.5673549553708169,-0.3892664520362615,wave1,-0.3884112031283041,-0.3886423622079006,-0.4414087162012062,-0.2917267557714651,wave1,-0.2913778213795668,-0.291673843611822,0.1757636600265034,-0.0784370129185246,wave1,-0.0780457546537208,-0.0781462137869445,0.6811906661910111,0.1768370039998597,wave1,0.1768162607549588,0.1769293271549233,-0.7964504781335177,-0.4373563118194964,wave2,-0.4364247052520894,-0.4366857478919638,-0.4666092257275233,-0.329514835628359,wave2,-0.3291223894274866,-0.3294087652651378,0.4000851150513852,-0.1581317996699073,wave2,-0.1576270119257793,-0.1577488917804991,0.5880175883905203,0.1050577425937693,wave2,0.1051399593900084,0.1052638703459155
7ec590718b,0.5537893031152791,0.3586434125709045,wave1,0.3584453661706611,0.3584084915742439,1.0802793246028406,0.4690918715442574,wave1,0.4688238742967036,0.4689985712740491,0.9829993451133748,0.1292838950584893,wave1,0.1293215717284879,0.1292454204658388,0.2371478428527775,0.0264268670161066,wave1,0.0268758981546665,0.0264964742054897,0.2642563247608699,0.3333314424194326,wave2,0.3331597180031173,0.3331239812720775,0.9090283055976304,0.4516916292122684,wave2,0.4514426391563787,0.4516223438120176,0.95232758420287,0.0941763034453491,wave2,0.0942640304071951,0.0941884423052037,0.5525147376247236,-0.004609106654494,wave2,-0.0041111459204832,-0.0045029440203428
7fa2708b28,0.6206298547323386,0.5023327227493525,wave1,0.5019906838496048,0.5019607244237531,0.5395777298185519,0.5285527000085054,wave1,0.5282738627236873,0.5283857923583907,-0.0508021954423457,0.3819054643181327,wave1,0.3815854392853153,0.3815014411420441,0.5531595457986198,0.2215759508364944,wave1,0.2217042739108685,0.2214202806681182,-0.0355849510322753,0.4013027474802052,wave2,0.4010709780198437,0.4010590955621637,0.1172264876972569,0.4175119215580675,wave2,0.4174077318789738,0.4175077372708721,-0.6288751542085473,0.2942577673507094,wave2,0.2940683875710002,0.293981740951913,-0.047702850584336,0.1092155614624048,wave2,0.109508615083305,0.1091952319031985
80ea87b3c9,-1.0242685489541254,-0.0961993349964309,wave1,-0.0958034989851154,-0.0957974360419226,0.3549032677209637,0.1978452442753807,wave1,0.198058403477951,0.1979921811425858,-1.3936658457269588,0.0784693056418766,wave1,0.0788408668316409,0.0788277932693024,-2.4189592792274976,0.2896910208117458,wave1,0.2893239165769524,0.2894508038112667,-0.6994243921041646,-0.1186172931207644,wave2,-0.1181929202385862,-0.1181775377290263,0.054038162271174,0.1814069624386513,wave2,0.181642634727888,0.1815829793470816,-0.7336661470499054,0.0411549682470686,wave2,0.0415760982297588,0.041556331423614,-1.6972549929725598,0.2630551898236087,wave2,0.2627077066471857,0.2628334573597704
80f93dd8c8,-0.3293717157329842,-0.3442072840305504,wave1,-0.3435356305891907,-0.3435163894413059,-0.6059394799802116,0.1121402575380955,wave1,0.1124132952787372,0.1125467124799245,-1.0041110015442796,-0.2146720875340524,wave1,-0.2140599028409566,-0.2143217842317988,-1.7951008578172225,0.0028228640201581,wave1,0.0032904026852453,0.0030058941245982,-0.3773813973307018,-0.36825638311076,wave2,-0.3675603190252595,-0.3675399160763114,-1.204689171616432,0.0949165169693314,wave2,0.0952082991229234,0.0953467307346775,-0.3793382862631967,-0.2492482114608034,wave2,-0.24858678713106,-0.2488480799974344,-0.8584232292238247,-0.0274599154827735,wave2,-0.0269445664824324,-0.0272414278393551
819e6beaa2,-0.0103095650359786,0.2274002139496355,wave1,0.2273035654687286,0.2270783973964997,-0.487498739571722,-0.154840061823602,wave1,-0.1546756164182531,-0.1543939158182007,0.5356422536579041,0.4828867623590476,wave1,0.4823178198619287,0.4822939840527183,0.1906266979973283,0.4628535668091553,wave1,0.4630257632296921,0.4624758307051964,0.0377374831503951,0.2300677795002473,wave2,0.2299623890099774,0.2297603111055529,0.7063643392582051,-0.1209264119404897,wave2,-0.1207860552015708,-0.1205514654635526,-0.1997523553097733,0.4296794519974143,wave2,0.4292227168967599,0.4291325350022354,0.6001423602492783,0.4561368896567559,wave2,0.4563224064028592,0.4558175528045878
8367876d1c,-0.3823515425801983,0.4440826810095994,wave1,0.4436953783921911,0.4436364080002486,0.7791623837228229,0.1150257259400854,wave1,0.11495060215652,0.1149806378144088,0.6854094862100213,0.584002135015258,wave1,0.5835039090804357,0.5834989974112146,0.2272485959167317,0.3708871761731976,wave1,0.3705701201945836,0.3710082646762759,0.0568125227804472,0.3338065746702645,wave2,0.3335734940288908,0.3334936730320172,1.34510653084844,0.0122336961780992,wave2,0.0123054408814264,0.0123514298269985,0.6230703748261723,0.4925969610510678,wave2,0.4922370186178657,0.492205096750721,0.4143279158259697,0.2651335200881505,wave2,0.2649614005356394,0.2654146321628153
839ef11e8e,-0.2910323674809579,0.0037327649942551,wave1,0.0040275175863995,0.0041147039548141,-0.5831192765323929,0.3545657622819068,wave1,0.3542456100740615,0.3541855345275352,1.049083586546853,0.2132961565450998,wave1,0.2133492338923074,0.213121653994135,-0.3575505068151014,0.2250421653273694,wave1,0.2252503261746438,0.225690530678751,-0.4607445466244869,-0.0433472663229201,wave2,-0.0430137823057601,-0.0429230221918024,-0.5830481578778896,0.3208998074110346,wave2,0.3205889732685357,0.320548089399911,1.1368117078862885,0.1487612331051045,wave2,0.1488598360677034,0.1486622397304705,-1.750392207220642,0.158597027674433,wave2,0.1588949739378595,0.1593212342917531
860c682a2b,-0.3077832733449452,-0.2233677065014498,wave1,-0.2234189405009478,-0.2229200056483286,-0.077545686461922,-0.2853827474457658,wave1,-0.2853050047106439,-0.2852655688749784,1.3363436559152733,0.1976761968250944,wave1,0.1976895779178811,0.1976365210108497,1.3253964026774054,0.2684428580644253,wave1,0.2687187456272998,0.2682757432691078,-0.2213646514489793,-0.3769709597471897,wave2,-0.3768461507060862,-0.3763251823201882,-1.7681271889536558,-0.4748171798790842,wave2,-0.4744922219272308,-0.4745173843152884,0.9844625137788804,0.1038875614905516,wave2,0.1040070963316592,0.1040006412545073,1.2399710033144349,0.0948299898130146,wave2,0.0953268076097623,0.0949330946471024
86b6f6f3e5,,,,,,,,,,,,,,,,,,,,,1.2979696851708675,0.3297752888226352,wave2,0.3289966083006534,0.329226444754326,0.930745503964956,0.0361985801307266,wave2,0.0362170840983225,0.0367320946734145,1.4419236154570585,0.4129971702116678,wave2,0.4127092273179277,0.4125222088200561,1.0730272125167974,0.2526035797611933,wave2,0.2522824577573991,0.2525705547475638
86cdf539c0,0.2354482986864424,0.3131646696034242,wave1,0.3124412044276052,0.3126851590410532,-0.4342113582911205,-0.0391259301636522,wave1,-0.0389985588880846,-0.0384678502989498,-1.2644298263285696,0.5244482583037776,wave1,0.524017059932386,0.5238583945812821,-3.2345076055306112,0.2804065680014948,wave1,0.2800583431864049,0.2803322971904007,0.5545749144728006,0.2654752347261344,wave2,0.2648179884394088,0.2650488648767521,-0.7187550548653151,-0.0756669983404921,wave2,-0.0754871887140612,-0.0749554973289893,-0.4669927245476891,0.452105699213187,wave2,0.4517771672217373,0.4515988811530295,-1.3782884972080789,0.2148332198845061,wave2,0.2145813967746077,0.2148417821739858
86d5124ede,-0.9954748939605506,0.2618294596635752,wave1,0.2617264424178244,0.2616491728692106,-0.1309482506092666,0.3445602709661965,wave1,0.3439742456837233,0.3437284915441543,-1.140118771460095,0.0051735748364677,wave1,0.0054052396279214,0.0051313031199428,-0.8146500992334664,-0.1316161844281406,wave1,-0.1309540358759952,-0.1312904678787771,-0.69351914022318,0.2103930991034123,wave2,0.2103707302005156,0.2102635053846414,0.1441428803064803,0.3069219613425225,wave2,0.3063790389575116,0.3061430862686691,-3.3321979178113934,-0.0765428185367348,wave2,-0.0761957313145208,-0.0764907462122158,-1.605742687972521,-0.2033073439496566,wave2,-0.202542711434902,-0.2028673399552
87aa41b4a8,0.5164686363300379,0.4590868238292557,wave1,0.4588671837889039,0.4588313154049911,-1.7036287301480215,0.0901838694998594,wave1,0.0904451256346471,0.0906486907238438,0.4560446049166364,0.5587125060087763,wave1,0.5581475344984284,0.5580241169560687,0.257827823330663,0.3918358608192078,wave1,0.3917286261198595,0.3914927491526505,0.7860262458534075,0.4116046968923746,wave2,0.4114349006371866,0.4114011999679589,0.6564414647510153,0.0546080793870974,wave2,0.0549087631353272,0.0551228810235488,0.8413230252049604,0.4926720664731887,wave2,0.4922030221626203,0.4920804641625314,0.8649445186216237,0.3303193195231041,wave2,0.3303092617926454,0.3300483300631049
8b1c700f8b,0.7145322891019569,0.0240573540910443,wave1,0.0241767942625376,0.0239808076470627,0.4311910257025218,0.4442129230477135,wave1,0.4434198681592274,0.443936274765157,0.7496050369157891,0.0878823879916321,wave1,0.0878518080251145,0.0877424847426113,0.0748890736472426,0.1618671956438205,wave1,0.1624628842972455,0.16193296406721,0.8802743870643384,-0.0686825236475711,wave2,-0.0684238040843957,-0.0686316143854274,0.6282399525521919,0.34901538480835,wave2,0.3483139717147184,0.3489007690231379,0.32414940942087,0.0016906010989221,wave2,0.0017567148752228,0.0016474614014021,0.4730837710998551,0.0546271175566024,wave2,0.0553715620225501,0.0548141121990013
8b3a04f86c,-0.2190219491333962,0.3149139650022471,wave1,0.3143614537615721,0.314172903191963,1.179983065954988,0.3178524095364086,wave1,0.317889455968948,0.3182971843351319,0.1951282868204187,0.3634716844964124,wave1,0.3636865491079927,0.3634859439101884,-0.0550092997564521,0.3394045691096876,wave1,0.3391966345637531,0.3394349338568944,0.7537332671034198,0.3452806295568241,wave2,0.3446908733138717,0.3444649934055083,0.2888487209376122,0.3683023063160844,wave2,0.368276626361733,0.3686932302930907,-0.1075823324676228,0.3526421659340059,wave2,0.3528576925302008,0.3526812923967165,0.5972650838180467,0.3662297697852874,wave2,0.3659479920595465,0.3662389623976897
8b443f7c22,0.8273751896198986,0.0649420318783404,wave1,0.0650389869623733,0.0651182831636452,1.7495879853668836,0.3539620187247386,wave1,0.3537159574112619,0.3534771180984218,1.1606462198242855,0.1649914174661599,wave1,0.1650796789495934,0.1652341538574209,1.5467629682266806,0.4440240856775578,wave1,0.4437131203483534,0.443914234887076,0.1311603287691532,0.0152400624336384,wave2,0.0154149693149305,0.0154843162750635,-0.6178342064939121,0.3167378739256742,wave2,0.3165408685675118,0.3163268234099713,1.164072920082051,0.0983591099768923,wave2,0.0985542689758562,0.0986805158493222,1.387144904748527,0.3938128929527923,wave2,0.3935732246012638,0.3937652044757104
8d74b05fe6,-2.364566342684771,-0.2814410367707904,wave1,-0.2808719614252064,-0.2806218326907954,1.1700529048548096,0.051793541587293,wave1,0.0517030463353343,0.0519550386587288,-1.5779366209942212,-0.097381200318275,wave1,-0.0968666319843782,-0.0968468001935216,-0.1005380118660664,0.0609314644529712,wave1,0.0609859363326931,0.0610847754012881,-1.214545956567622,-0.334153660209008,wave2,-0.3335108375676334,-0.3332469853159105,1.552557150771588,0.0195518308817128,wave2,0.0194977691743039,0.0197670348300269,-0.9307450057859084,-0.1688385599825108,wave2,-0.1682311760258337,-0.1682097918117835,0.2123639812553222,-0.0005712795134318,wave2,-0.0004385449307946,-0.0003392483077706
8ed6071d39,0.3632058191402665,0.4570279209626769,wave1,0.4563201516315916,0.4565933817235553,1.2119349310930958,0.4781436722934039,wave1,0.4771779282620466,0.4773577886592443,-0.3543121686699624,0.3658934894995642,wave1,0.3655254943002877,0.3656746772275845,0.9343320124697578,0.2261138090177851,wave1,0.2263880112112032,0.2259362495943261,0.4091517195039568,0.4009254281403765,wave2,0.4003003910379351,0.4005669222224553,1.2191389148135674,0.4318813382292302,wave2,0.4309904869797828,0.4311631700392474,0.727658971426571,0.2919748781336668,wave2,0.2917062905879071,0.2918637614472401,0.4922437206508608,0.1602927483653037,wave2,0.1606501412156997,0.1602084217188905
90623d25b5,0.1353871750684887,0.0222133625069339,wave1,0.0223433502272459,0.0223449024767069,-2.6595716866817667,-0.3112027349517872,wave1,-0.3109038680985945,-0.3110806553269989,0.1723129526588055,0.2541039155607064,wave1,0.2539841097761498,0.253979528413056,-0.6485701678650396,0.2185652383077093,wave1,0.2185623358741238,0.2185198732171039,0.5133361707243619,-0.0553963504947733,wave2,-0.0551767253729066,-0.0551573444368093,-1.1297348053214828,-0.4025187729757964,wave2,-0.4021298347338491,-0.4022514189652515,-0.1653031577440662,0.1955389766558378,wave2,0.1954921412592679,0.1954960860790512,0.0727307895271136,0.132349328659837,wave2,0.1324777996045119,0.1324239548429447
908a3257df,-0.2983612503595396,0.5343237395508357,wave1,0.5337369600845613,0.5335396907671862,0.4267652339292082,0.6225695616111391,wave1,0.6217376763158324,0.6219734793554939,0.4169198359498419,0.3955165766560822,wave1,0.3951475019553054,0.39487349766015,0.3341903104398918,0.2809639135741875,wave1,0.2813702785867982,0.2808964224420098,1.068943401302041,0.4869501923083444,wave2,0.4864323201101713,0.4862406429823153,0.761317167441426,0.5922460675262078,wave2,0.5914476566246882,0.5916950514844126,0.6255222127438808,0.3226917471260742,wave2,0.3224321470401619,0.3221248035735624,0.3080064920136401,0.2204148095179759,wave2,0.2209076356372577,0.2204426283168546
9145cf24d3,-1.682081666869737,-0.0982361722605859,wave1,-0.0978508940922041,-0.0980830290946365,-2.196523694636566,-0.4388365714071349,wave1,-0.4383846350151012,-0.4379283181588317,-2.1533667791578406,0.0804097910079955,wave1,0.0803799638680522,0.0802568157057042,-2.406566583038269,0.0656815336714642,wave1,0.0664121330616927,0.0658340520787901,-1.4479903752892318,-0.1459696625994159,wave2,-0.1455159822206658,-0.1457422792163841,-3.1056941348154576,-0.4700948281253964,wave2,-0.4696078419413771,-0.4691404646167553,-2.340092187487533,0.0041971171370795,wave2,0.0042803653424168,0.0041242760680009,-1.4999694407739057,0.0055963002936259,wave2,0.0064119850906168,0.0058433612864375
917fb0a062,1.2978847224196084,0.0010246976796976,wave1,0.000899829707678,0.0006721798154684,1.425241039421558,0.4579072284577701,wave1,0.4577822735841823,0.4580747585299898,0.5630538158149804,0.0847658186741763,wave1,0.0852269246400453,0.0852395448414448,0.667227008276536,0.1680281766420181,wave1,0.1680892145684473,0.1682962090931494,0.9024871177867476,-0.0419097011797192,wave2,-0.0419722972046546,-0.0422094585115702,1.506277442356508,0.4192259997590879,wave2,0.4191554333419462,0.4194325791832232,0.1500789109090434,0.0168570263016291,wave2,0.0174001807240514,0.0174114696244357,0.601386306976637,0.1143087302730092,wave2,0.1144553405735019,0.1146448467991178
919aaf4850,-0.9334094746360342,-0.4633554207822495,wave1,-0.4624530207746075,-0.4626801957014953,0.5152310338013099,-0.0308386663406225,wave1,-0.0310615265472444,-0.0304389219977864,-0.0318696428534243,-0.450894884180788,wave1,-0.4501079299481145,-0.450424622182064,-0.4692044462071419,-0.1113396507047192,wave1,-0.1103174327960376,-0.1108253563513057,0.0368138787301765,-0.5113227819296667,wave2,-0.5103524501439353,-0.5105735785405044,0.7616776957110406,-0.0634754767930247,wave2,-0.0636609020578713,-0.0630278204171703,0.2485940746669528,-0.5284954990801625,wave2,-0.527594643530156,-0.5279438148545719,0.2303269651083999,-0.1716563741604823,wave2,-0.1705494264491729,-0.1710475088923055
91c728e6a6,0.0100696066811171,0.3209776065067578,wave1,0.3206748951952161,0.3208846092037887,1.1595446085011976,0.4734017978527703,wave1,0.4731808675627794,0.473285352037,0.3853025077318023,0.0642603914686856,wave1,0.0646621736446351,0.0646608339072571,0.2386359219826877,0.0260065118294388,wave1,0.0258897242368865,0.0259962082717877,0.5744281466085401,0.2708445824565371,wave2,0.2706053287551127,0.2708333640140182,1.1120833648352584,0.4401820207991783,wave2,0.4400065151860154,0.4401239502937674,-0.0825610040232937,-0.0155030779710558,wave2,-0.0149976268028246,-0.0150121976808919,-0.4675351216562456,-0.030601752792106,wave2,-0.030674281301717,-0.0305701106563207
9218f3f56b,1.145768232397604,-0.4747313656272516,wave1,-0.4738809853029131,-0.4739121227131291,0.5919652204431359,-0.1558704901495434,wave1,-0.1553939288461166,-0.1555390916554549,1.081359440100511,-0.2989047711207866,wave1,-0.2981178485447806,-0.2981106847184129,1.2256448638973032,-0.0748310556072343,wave1,-0.0744355051586413,-0.0741652293995022,0.6674022383281056,-0.5265140838454403,wave2,-0.5255837255731655,-0.5256249331466047,0.9463657697900826,-0.1969143687911768,wave2,-0.1963839748610968,-0.196504347444094,0.0493081163198352,-0.3709358907683397,wave2,-0.3700367872926708,-0.370057996763844,0.8342508890451139,-0.1264285914093038,wave2,-0.1259604475466654,-0.1256998460100628
921bc75ff6,-0.488628102955907,0.0858446430490952,wave1,0.0859748628617774,0.0859947383511682,-1.459392602158581,0.0636511667507277,wave1,0.0639993709095999,0.0640846819506288,0.5244677832499802,0.1173126235277071,wave1,0.1174220181710457,0.1172751196484307,-0.2957986849190789,0.0608760653262993,wave1,0.0612367628468767,0.0609950513111518,0.0943982818689001,0.0621127418304948,wave2,0.0622672530460356,0.0622882658268332,-0.9108475629338952,0.0468303133227367,wave2,0.0471967524036679,0.0472871489369019,0.5352563947820134,0.0834786866890187,wave2,0.0836366988094743,0.0834903090325462,-0.3897408786557621,0.0306212188128069,wave2,0.0310297289611795,0.0307754836784898
92412d02d5,0.1236477469678027,0.0915717472344143,wave1,0.0916676248453084,0.0914823195056956,0.1054574288416571,-0.2139911075074582,wave1,-0.2137476608288648,-0.2134784335804204,0.2686569185337796,0.2092169542917346,wave1,0.2090916917807055,0.20890191666233,-0.2343059026251225,0.2770162554464856,wave1,0.2774573962491014,0.2769789452447384,0.4205946559440644,-0.0031314618626049,wave2,-0.0028930781606107,-0.0030902918118825,0.555613232699823,-0.3104267351408662,wave2,-0.3100897482087258,-0.3097503739395699,-1.193837996392626,0.1162601001612766,wave2,0.1162422744799509,0.1160525918692672,-0.4887558097551453,0.1654739247681352,wave2,0.1660705072492028,0.1655646390374736
92cdffedd5,0.7956250893766137,0.0122907874693596,wave1,0.0120948086401324,0.0124540404443807,0.2807315639516974,-0.3234091129866167,wave1,-0.3231298646156387,-0.323195235116409,0.3806746422063953,0.0829647956521184,wave1,0.0831127971571259,0.0831587475678836,0.2851936625899682,0.1628679560617231,wave1,0.1633395735489917,0.1628363692199108,0.7066526136386958,0.0109968125790951,wave2,0.0108282937929105,0.0111651227689857,1.0870845217938043,-0.2896928167795266,wave2,-0.2894337969912851,-0.2894783081957478,0.649281239298561,0.0186621908085307,wave2,0.0189007051947238,0.0189356025684892,0.6431951002165952,0.1546086426342092,wave2,0.1550862093522404,0.1545751739389309
92fe9fa388,-0.7277896509651709,0.2470830205059063,wave1,0.2470011983097558,0.2471687895916817,-1.4832265258951267,-0.1412564142497167,wave1,-0.140610727856883,-0.1405899131735913,-1.603452851721663,0.482469678519952,wave1,0.4823424441953234,0.4823300205096468,-0.4683864052584466,0.4401613917431167,wave1,0.4396511672609871,0.4396918443504123,-0.5704395889992818,0.1581122852600787,wave2,0.1581466582428752,0.1583189199108262,-0.8458915793975685,-0.2318077828763255,wave2,-0.231033175229618,-0.2310213620532907,-1.7946141653659895,0.4082316031863737,wave2,0.4081871310767508,0.4081970445161624,-0.5837591552044037,0.3425539145272578,wave2,0.3421773801989063,0.3421719792616964
955a25b81e,-0.5990859303845579,-0.277477392198365,wave1,-0.2773930616181634,-0.2769552909304708,-0.7910875034222352,-0.2518260366699544,wave1,-0.2517273392947173,-0.2517278390967575,0.22930972345706,-0.0819934279106435,wave1,-0.0816960463166531,-0.0815905288958096,0.8641956750819163,-0.0772719397423296,wave1,-0.0765633614610393,-0.0770955916325875,-0.9790342624142072,-0.3363417130723802,wave2,-0.336170278354316,-0.3357397735598172,-0.3823456686855035,-0.3007796802973387,wave2,-0.3006009747020383,-0.3006086166392897,0.4918098100393794,-0.1613819298340106,wave2,-0.1609784633867135,-0.1608647938114864,0.9251993093927564,-0.1454182144630305,wave2,-0.1446236809844612,-0.1451452050708231
95ef3196cd,0.2863021468796015,0.181908184550787,wave1,0.181358641522399,0.1816330295343901,0.34786617398871,-0.150572725592348,wave1,-0.1502723373849838,-0.1497990598849249,0.4992403347542524,0.3381186534232984,wave1,0.3379090887104233,0.3377202436172292,0.6941424197655492,0.376113241937797,wave1,0.3754775543787185,0.375867117463771,0.831170320546692,0.1587059959514886,wave2,0.1581885337278836,0.1584563728144296,1.0738812989627733,-0.167190173866771,wave2,-0.166865791241373,-0.1663921709079577,0.3719389285703346,0.3015599764732043,wave2,0.3014020107226628,0.3012033503921772,0.2194791507682123,0.3434425975806445,wave2,0.3428546970754315,0.3432375655464227
9669e4ef16,-0.1327218855617683,-0.2358764530254411,wave1,-0.2352988097075028,-0.2353969183394635,0.4947943795803266,0.1827420544356085,wave1,0.1828001491375949,0.182727131900095,-0.6336136169749127,-0.1999827781301304,wave1,-0.1992887552101745,-0.199406772841201,-0.773709037223384,-0.0886185382345495,wave1,-0.0882541432382807,-0.0879014302245874,-0.7482756636167102,-0.3421322486465448,wave2,-0.3414081933900024,-0.3415272405635325,0.5540687993825267,0.0788527163617306,wave2,0.0790575954499285,0.0790005873689571,-0.0483368310494496,-0.2906699323973791,wave2,-0.2898433413567431,-0.2899879811346197,-1.26292547430334,-0.1886922634234696,wave2,-0.1881924856383471,-0.1878257070661736
96a30f7819,-0.1154839355881813,-0.2798396331271499,wave1,-0.2792392600521381,-0.2794401612059066,-0.4824277130106054,-0.3000747829601466,wave1,-0.2998944303089829,-0.2993795793239033,1.057558205794887,0.1195767784950128,wave1,0.119462695161447,0.1195374359763592,0.940974406633164,0.3369306461883232,wave1,0.337305830771138,0.3367448845720056,1.0223478669951434,-0.3910206778201252,wave2,-0.3902503183716678,-0.3904833122983283,0.1467234573474332,-0.4407663854098899,wave2,-0.4404590615932344,-0.439821069842581,1.2271361768093605,0.0542651931394346,wave2,0.0541837336797441,0.0543079995525244,1.3379655750857595,0.2109769191293462,wave2,0.2115231225565137,0.2108939319227179
9756d9eec1,1.0466645372285457,0.3106290060409126,wave1,0.3103886675780897,0.3104159554478659,-0.8500941998829433,0.2814211837679039,wave1,0.2809561404126048,0.2807366043778394,0.6383983825287771,0.3650812557538224,wave1,0.3648306008050638,0.3647450726675173,-0.719449366983328,0.3633996832305433,wave1,0.3633539688375118,0.3630485505210459,0.2227109486039548,0.288330658956167,wave2,0.288126577318687,0.2881387153736509,-0.1867394534469693,0.2647605532963832,wave2,0.2643140724089798,0.2640991512212687,-0.7123910925127489,0.3278846102497991,wave2,0.327687649108704,0.3275913122179278,-0.0395309165159077,0.3289865092648585,wave2,0.3289899401653982,0.3286900692625177
97f4a22925,0.5544652197822294,0.4668202578787885,wave1,0.4664456143584703,0.4665322959351463,0.5738339377034183,0.4999421725088385,wave1,0.4994511656174109,0.4994801385786988,1.2142677189856577,0.3794944551629601,wave1,0.3793078749142383,0.3790886580476155,1.250298797989878,0.2500257396232716,wave1,0.2502402359067736,0.2505136604373048,0.2309879243128979,0.4431990415183919,wave2,0.4428436454914879,0.4429321022376966,0.7920693922933881,0.4838254998668402,wave2,0.4833380654995792,0.4833766562547555,1.1986944039650795,0.3465104982291259,wave2,0.3463472508586408,0.3461434001550901,1.0243414849295676,0.2163589135349159,wave2,0.2166189173537264,0.2168852818941735
98252b9c6e,2.109702799651803,0.1320470164057497,wave1,0.1321963988530906,0.1321893250131612,0.9726572055603134,0.5458319695447692,wave1,0.5456176610953035,0.5456976382866038,1.5640803418759863,0.2381573813443027,wave1,0.2380776377509093,0.2378681334775667,1.2381967135885517,0.2695075524230299,wave1,0.2695490758006786,0.2693017079018802,1.9742702605862483,0.0848226919208025,wave2,0.0850212383468519,0.0850163910880793,1.3443769029522863,0.5113527185718257,wave2,0.5111764350442681,0.5112666177197457,1.583244018537704,0.1726294787760085,wave2,0.1726446970003838,0.1724360145266084,1.2225789293643516,0.2089355346505663,wave2,0.2090728527919023,0.208800427222691
9911d6c397,0.9757995041647016,-0.39342635316058,wave1,-0.3926970031789646,-0.3926484960626836,0.532088080008087,0.0004397204054079,wave1,0.0009383355108895,0.0010172948631944,1.3666474831057265,-0.1791470854640191,wave1,-0.1785780787092072,-0.1788485316720856,1.391171888099778,-0.0314734178557044,wave1,-0.0309766766522706,-0.0312446069919701,0.1765892238417664,-0.3929932554297569,wave2,-0.3922677776750624,-0.3922327475480828,-0.3138061001448457,0.0385220963615215,wave2,0.0389276380485187,0.0390388602389856,1.0376729425716034,-0.2312319642555136,wave2,-0.2305919055611462,-0.2308575860355721,0.7888778797891033,-0.0449394174095539,wave2,-0.04440889706397,-0.0446976862512401
996653258f,0.7920627905547183,-0.043247109963204,wave1,-0.0429785985603002,-0.0430852673039657,1.0665425265197357,-0.3268756396083527,wave1,-0.3265454876632772,-0.3267490647433422,1.3052346131120844,0.0751733015341694,wave1,0.0753194542254028,0.0752416278550848,1.3869385336422435,0.0922112247959894,wave1,0.0923812411827971,0.0923835137387477,0.4081616037864337,-0.0921889742633271,wave2,-0.0918428959130369,-0.0919795331373279,1.137482572157798,-0.36303238570071,wave2,-0.3626611205795385,-0.362855098629252,0.6398154838253663,-0.0058952297566606,wave2,-0.0056337361457968,-0.0057330564588574,1.2184823026076623,0.0205927006584965,wave2,0.0208653670359007,0.0208786672757759
9ac8322b97,1.2109299321563112,0.4554904783455322,wave1,0.4549623663277509,0.4553305240273477,0.0074027059464755,0.0825113617056499,wave1,0.0823261435465803,0.0826435334763038,0.192320048730014,0.5434061478768653,wave1,0.542984100924907,0.5430521754085491,-0.6855716763989294,0.3719216815906083,wave1,0.3715336370378774,0.3716343764278935,1.166211535793369,0.4287915704837171,wave2,0.4283011750937167,0.4286763856252507,1.1019032701477582,0.0656767118985233,wave2,0.0655107721808987,0.0658368759319494,0.6081541554872283,0.5087394347579461,wave2,0.5083632458913396,0.5084320995573022,-0.9134295261737332,0.3404375758914124,wave2,0.3400897978937846,0.3401907890430701
9b5440a63a,-0.5545341698564965,-0.2945961913764425,wave1,-0.2940235939783426,-0.2937049969029353,-1.3153109281916116,0.1375916025914463,wave1,0.1373636253295214,0.1377440358796147,-0.2270818685901396,-0.2324523946863566,wave1,-0.2318451062248436,-0.2317774143480313,-0.6894711431497582,-0.2189739576134202,wave1,-0.2184934261142004,-0.2184763305453697,-1.0592971249857643,-0.3223666755732646,wave2,-0.3217554179252455,-0.3214301293421924,-2.199996739641157,0.1202826257704228,wave2,0.1200747632849286,0.1204635026226974,-2.766421884756717,-0.2699609829134684,wave2,-0.2693055740931924,-0.2692371364495722,-1.334666719354002,-0.2505709996897365,wave2,-0.2500500460362116,-0.2500327149921851
9c3ece9924,0.0768517439068595,-0.3142580728781957,wave1,-0.3139483771903949,-0.3141016168471987,1.6602185600103736,0.0413575297805568,wave1,0.0417286827886576,0.0420970685915169,0.5530449837010597,-0.0438795118031768,wave1,-0.0431875225653449,-0.0433289635917085,0.7668057750644963,0.1268728698805412,wave1,0.1270197081084322,0.1271859020648495,0.4227387549578935,-0.3558506156178979,wave2,-0.355480642259817,-0.3556435178913958,1.6107406263840107,0.0032196988324519,wave2,0.0036445555943029,0.0039976272850039,-0.1048156042635539,-0.1110377135120616,wave2,-0.1102648692216831,-0.1104075389843189,0.6505449044688186,0.0751205467573392,wave2,0.0753500037334517,0.0754987036045335
9cafa4356a,1.4706173618623144,0.4862804998187585,wave1,0.4857690959304442,0.4855541600508885,0.6935830129491062,0.5581680684474157,wave1,0.5573938437624764,0.5576885286925808,1.2693517342427345,0.3791902467298063,wave1,0.378814321736141,0.3785735899477056,-0.2907106836373332,0.2307627836516761,wave1,0.2312373534264263,0.2307268358102206,0.5746663317160478,0.4140510602847657,wave2,0.4136495014621347,0.4134198035506941,0.7013709350869287,0.4785377157250157,wave2,0.4778379625794001,0.4781972116100548,1.1513373658702533,0.3260421451861663,wave2,0.3257136070663784,0.3254896298103933,-0.9497132358907778,0.151169695247835,wave2,0.1517538816085275,0.1512114016804535
9d345a9091,1.4781413349889183,0.3684735586987076,wave1,0.3678068755960511,0.3681532475062803,1.667865820450166,0.0689343145908033,wave1,0.0686580685652337,0.0686020043133514,1.56416783739401,0.3415287782545433,wave1,0.3412319138646844,0.3413790663364056,1.6937251166600098,0.2860147207020029,wave1,0.2863239493241993,0.2856608584273543,1.126731258841828,0.3675218427167835,wave2,0.3668818948277997,0.3672059812235254,1.2010476029929096,0.1049387365832897,wave2,0.1046388488047448,0.1046034467708546,0.3225396398871204,0.2780094606003063,wave2,0.2778016376942189,0.277937576505372,1.0029261637052902,0.2768364549557184,wave2,0.2771527329700533,0.2764823870830814
9e0545bb05,0.0039235564200056,0.2711759671878287,wave1,0.2707032299449604,0.2704015922896751,-2.5209295073053917,0.4085494449029436,wave1,0.4085373538363392,0.4087376763281862,0.0655480673747038,-0.0340999969492942,wave1,-0.0334759692954006,-0.0335563417822714,-0.3775795239452211,-0.0671280190086183,wave1,-0.0666760176331767,-0.0665895433235522,0.0850682766342799,0.1754397675619484,wave2,0.1750993573668816,0.1748207989158009,-2.635352850815076,0.2987797282056523,wave2,0.2989140027190817,0.299082028558939,0.3792419208861106,-0.1284186097374392,wave2,-0.1276691741290309,-0.127775398761564,-0.0083844402812779,-0.1737337462838495,wave2,-0.1730808280554166,-0.1730728665937191
9e08a6173b,-3.205234625580138,-0.165226613746639,wave1,-0.1651258815463375,-0.1652873913593953,-1.7021580907769485,0.2007764086922017,wave1,0.2009318713941557,0.2013547953365928,-2.513233398843501,0.1386748856615506,wave1,0.139136364348749,0.1390228881663987,-3.7807340548263904,0.3039338522879144,wave1,0.3037662670111142,0.304037819463941,0.1158672089215993,-0.2063359133208845,wave2,-0.206175774732774,-0.2063470497535458,-0.6915444723419918,0.1631578163131575,wave2,0.1633661176823975,0.1637741993489685,-1.1197279166690133,0.0739313363915034,wave2,0.0744714745099662,0.0743566740896776,-2.9656204222787412,0.2525495883030723,wave2,0.2524639090177813,0.2527182049426077
9f01eb721f,-0.4860500677155502,0.3057324248776879,wave1,0.3054530286998677,0.3052615947525278,0.2742103842654919,-0.0272702214793902,wave1,-0.0273111861424812,-0.0269445591939462,-1.328733403077362,0.494977291195728,wave1,0.4943111511161597,0.4943471772796952,0.4932835673127152,0.2434920494056747,wave1,0.2439302026566323,0.2433454021668953,-1.1607256366737222,0.2582889236194686,wave2,0.2580786935803111,0.2578928577563214,-0.4649418590778309,-0.0589107616815158,wave2,-0.0589163223443753,-0.0585381804533906,-1.0126395040399183,0.4225941263693604,wave2,0.4220369920033664,0.422039764236644,-1.8033909353516933,0.1831742720269684,wave2,0.1836987211422067,0.1831226577908012
a04c18b602,0.5876355758487938,-0.432374946432269,wave1,-0.4314767045583048,-0.4314229120837616,-0.1338525113873033,-0.4708790684662337,wave1,-0.4701300756850785,-0.4701382764138345,0.4388674568986569,0.0511548763136239,wave1,0.0514300471176604,0.0511963790980002,0.4186512249851095,0.204383830906319,wave1,0.2046738567316077,0.2051590661670023,0.5064017004772173,-0.4563600033230897,wave2,-0.4554421749105486,-0.4553866339827996,-0.5764975787562706,-0.4879759973099961,wave2,-0.4872219845819409,-0.4872205710676139,0.3349858231114181,0.0170802136989182,wave2,0.0173802237213759,0.0171617261180166,0.1671321570449419,0.1707529844699419,wave2,0.1710884512853187,0.1715665314033107
a0ae7d95ce,-2.409995706824009,0.284753518747221,wave1,0.2842714149602621,0.2845591565283292,-0.9593552105774198,0.2693190015998744,wave1,0.2686430342548856,0.268860327060661,-3.5359114699063983,0.2966016302347198,wave1,0.2964310931677301,0.2964387281996341,-1.7969626145674649,0.3129695936847973,wave1,0.3131403708339634,0.3128048527446336,-1.3054650404839327,0.2305252169644487,wave2,0.2301230706611612,0.2304041604653579,0.4951036755891762,0.2235789640336049,wave2,0.222976834142624,0.2231870034242044,-1.9594925764962956,0.22455338005425,wave2,0.2244799425783745,0.2244957981967656,-1.089083683655917,0.2494723271006129,wave2,0.249723100818721,0.2493973888322768
a1c66e51c9,-0.8369105342899411,0.1113709800547488,wave1,0.1113507738460763,0.1116984326357899,-1.372436498660363,-0.2827492654491255,wave1,-0.2824325749609173,-0.2821541871047854,0.2451600487088647,0.3189357421476317,wave1,0.3188765034419443,0.3189649668795284,0.9558495623343408,0.2609751646461755,wave1,0.2606418569622452,0.260846170697043,-0.5105011933503928,0.059184040597596,wave2,0.0592372227245974,0.0595987672992386,-0.8940270655762087,-0.3153404006356319,wave2,-0.3149868397246218,-0.3146910542648558,0.1056241959971274,0.2482555256638121,wave2,0.2482892506640721,0.2483791566671003,0.9907479705973694,0.1991746914510889,wave2,0.1989199952178348,0.1991248660468909
a2505a5f88,0.1416843035279325,0.3812237487085984,wave1,0.3808206429321531,0.3806900991702043,-0.8342419736347202,0.1249152998412308,wave1,0.124744435926736,0.124952982653997,0.0153801576290531,0.4403110231184337,wave1,0.4398243878057646,0.4397109144964624,-0.8931918753289513,0.3070754508531961,wave1,0.3074346532584078,0.306971592542012,-0.0557551354552067,0.35692768240796,wave2,0.3565598049399038,0.3564320986460373,-0.3888458773752177,0.1091273793347105,wave2,0.1089741910913353,0.1091884616214165,-0.648986819437422,0.4030851074518704,wave2,0.4026542557467967,0.4025241171961466,-1.8851499567385932,0.2762678278687807,wave2,0.276670975172357,0.2762123854311495
a6ad1591a9,-0.1532425518810375,0.493208962427988,wave1,0.4922073979180238,0.4924828876026849,-0.2919020029047316,0.5544981787892821,wave1,0.5537980591076289,0.5542440774849305,0.1428566599368197,0.3961068853051049,wave1,0.3957995173733858,0.3957017427873947,-0.9642645018853374,0.2179111074329549,wave1,0.2176408513691856,0.2178964703712517,0.5679861170048824,0.3590203130970781,wave2,0.3582368721354569,0.3584937455719572,1.0768660708612132,0.3921868086541348,wave2,0.3917206190276209,0.3921845571264305,1.144428736878454,0.3306725424604267,wave2,0.3304720998117455,0.3303532129655991,1.2571583424993793,0.0858040369523309,wave2,0.0857410600146816,0.0859489535896455
a8f94b8d79,-0.1029295988037536,0.1785567487461001,wave1,0.1784490558317584,0.1787117658919772,0.5112585997549784,0.5248425991974461,wave1,0.5241014907204329,0.5243686853028542,-2.049843529028116,0.2117749520724945,wave1,0.2118210330189371,0.2117887220099799,-1.784978822319341,0.2815496288341212,wave1,0.2814194059701091,0.2814050316906695,-0.7931783795488655,0.1244542228106473,wave2,0.1244227372688411,0.1246994144820825,1.3281523914009086,0.4917945122783,wave2,0.491091122052566,0.4913756507380549,-1.8592217312969168,0.1421877371846076,wave2,0.1423250559818709,0.1422944255319895,-2.1942264748619245,0.2188465437258466,wave2,0.2187965548629686,0.2187826044793265
a9d94d1efb,0.5099585062764643,-0.0284919561957682,wave1,-0.0284938019154449,-0.0288765413850567,0.6767711577853237,-0.3910564148826996,wave1,-0.3900216599712105,-0.389784137412871,-0.8555722287366151,0.0781206553856338,wave1,0.0786014056206706,0.0784835678259899,-1.1328587869334878,0.100263204156872,wave1,0.1004942650957085,0.1005274324364877,0.8594046796642626,-0.1222553994685383,wave2,-0.1221278989401795,-0.1224873643400782,-0.0104502443823246,-0.5003401587324547,wave2,-0.4991593237620484,-0.4989542501902893,-0.6375918134258091,-0.0179713775878372,wave2,-0.0173630348340881,-0.0175067613160498,-1.4020587760968366,-0.0075075431293634,wave2,-0.0070738457045729,-0.0071191605859562
aa6a81f980,-0.6391563400861613,-0.1619002637117034,wave1,-0.1614322000514151,-0.1616968255254588,0.0315813355107183,0.1789679463222791,wave1,0.1785086596645795,0.1790579338927863,0.2189410922439942,0.0330711164793204,wave1,0.033136602522354,0.0330346241042946,0.4763548907306749,0.274580456428289,wave1,0.2750550386807722,0.2744874401772275,0.3328250501114578,-0.2506378707563771,wave2,-0.2500359446631314,-0.2503126186559138,0.6549724936509771,0.0867877208349499,wave2,0.0864151243050986,0.0870353462377558,0.4086297234813467,-0.0516279972834579,wave2,-0.0514672828394413,-0.0515691407460825,1.0246223338238925,0.1698346229987135,wave2,0.1704545785828595,0.1698589786677356
ab0422cff5,-0.4554023443824587,0.2835649271716559,wave1,0.2830645391022227,0.2828240550097448,-0.505734032718496,0.3159260976268965,wave1,0.3159735757059292,0.3163678973336759,-0.977257325333296,0.2533151833230901,wave1,0.2536513825844081,0.2534730999157512,-0.5016337933372371,0.2874108341357552,wave1,0.2872546081218836,0.2875196205069274,0.4478500097092756,0.2121443773540837,wave2,0.2117406698072027,0.2115277559046181,0.4760824202729215,0.2296081178366007,wave2,0.2297685612484699,0.2301390261605598,-0.1261897542288191,0.1982756715775847,wave2,0.1986911288471681,0.1984873650202846,-0.9287800450280324,0.2084954327181464,wave2,0.2084960454925297,0.2086911055731286
ab377cec7d,0.7260544057741095,-0.2753371399491465,wave1,-0.2747040616303852,-0.2749547110694613,-0.5050089327727793,0.099011727646096,wave1,0.0986416667513377,0.099220126054725,1.0513266932167509,-0.1482633089918628,wave1,-0.147925121771431,-0.1481101500651478,1.4534472073922993,0.1278995903499716,wave1,0.1285834695977963,0.1280378654441494,1.20577042174895,-0.3652728099578236,wave2,-0.3645049287731156,-0.364767385741097,0.4319250580813378,0.0061811287848188,wave2,0.0058990270879249,0.0065479110030735,0.5349757940635677,-0.2351497028127274,wave2,-0.2347142602154908,-0.2348989758555184,0.588224808272326,0.0227222376286027,wave2,0.0235515217439814,0.0229784737796168
ab9278ed99,,,,,,,,,,,,,,,,,,,,,1.829386979799177,0.3588166969146585,wave2,0.3584621599082145,0.3587594139266815,-0.2256301402521599,0.1276854915565385,wave2,0.1279612797280428,0.1280276211703847,0.2258055621306185,0.4150311233582944,wave2,0.4150233400134639,0.4149797718779531,0.3442650562895625,0.2944842905261014,wave2,0.2940994313143983,0.294196555184638
aca25703c1,-0.5115512443985866,0.0735843128549156,wave1,0.0732211955829545,0.0736527654578736,0.0480153955914628,-0.3636356157320638,wave1,-0.3633870704817455,-0.3635090526715644,-1.6784913743605658,0.3424802473384902,wave1,0.3422581461057525,0.3423288000471034,-1.0939292788139932,0.2504325358294498,wave1,0.2508022199413934,0.2503162345039877,0.2109503275958199,-0.2642971749158053,wave2,-0.264161429054809,-0.2637718671809481,-0.2864250659694111,-0.6476313659451266,wave2,-0.6469209882393055,-0.6470847656482163,-1.305023813025278,-0.1156162033958088,wave2,-0.1152240412835263,-0.1151044485356336,-0.269808267312226,-0.1431606331511037,wave2,-0.1422954259480605,-0.1427203774975079
acc5cd03b5,0.1898151353660488,0.3909659329324457,wave1,0.3905984484989184,0.3905397933071841,0.9881039672924689,0.445438513903268,wave1,0.4450770843308612,0.4448457318566258,-0.1356461621996887,0.3216133359758024,wave1,0.321517854841733,0.3214585451123435,0.463417507884547,0.0963808466238936,wave1,0.0964622165336766,0.0969066543483504,0.5937221550591493,0.3083599663227623,wave2,0.3081027313108364,0.3080282222624764,0.9210141043472976,0.363649527604032,wave2,0.3634061127099443,0.3631788436793871,0.2802138370191485,0.2657973276856125,wave2,0.2657815117252324,0.2657097067604868,0.4451239697704655,0.0202181738125136,wave2,0.0204017100911611,0.020865484547799
ae0acd73c5,-0.8184358438390009,-0.2676397617022428,wave1,-0.2670290030667066,-0.2670287852526398,-2.3890138549046114,-0.3395832741424428,wave1,-0.3390227007167518,-0.3389485152161998,0.0971436025841403,0.1220958076456155,wave1,0.1222432869384833,0.1223599860568702,-0.2040891792032009,0.3506254386794248,wave1,0.3504159721489249,0.3506762304262559,-2.7413108185027624,-0.3192765257310126,wave2,-0.3185852327888925,-0.3185950693996122,-2.697902559705391,-0.3800484459536563,wave2,-0.3794342135450473,-0.3793352387246692,-0.0191915228967155,0.0515737067888237,wave2,0.0518331669380556,0.0519214123618358,-0.8348214030600106,0.29832975730695,wave2,0.2981944603108571,0.298445381233536
aee04ed7ca,1.4444443979792967,0.4294997780914854,wave1,0.4288071952501458,0.4290986267035169,0.785334641575524,0.4243430500703581,wave1,0.4234326574224628,0.4235878779360461,1.3178088519635136,0.3898460674693602,wave1,0.3894385406271397,0.389602695204875,1.1060134950244045,0.2028719031316621,wave1,0.2031776697857649,0.2027401318843004,1.2620853179983758,0.3736568825234215,wave2,0.3730466724717308,0.3733314288830872,0.5787126647929254,0.3778271911965426,wave2,0.3769919271235223,0.3771400455878401,1.1540020815802368,0.3165844568214315,wave2,0.3162755721225267,0.3164480462077055,0.8874078503078578,0.1374785546916121,wave2,0.1378669928319468,0.1374394080333122
b014a00400,0.5671072487996847,0.257746903238591,wave1,0.2574946368120039,0.2578343274574908,0.8917845030618926,0.2627762159114948,wave1,0.2624340283762023,0.2625995791589239,1.230713683416378,0.1352951901244437,wave1,0.1354901921064784,0.1354167884450043,1.7527138938587452,0.1839782438805141,wave1,0.1838773516000537,0.1839380761776267,0.8986962049771696,0.2313874018722783,wave2,0.2311720311126017,0.2315186034067244,0.8262839596500859,0.2472912243578957,wave2,0.246966301778696,0.2471404945288722,0.7125787164907774,0.0996107784979976,wave2,0.0998521325185406,0.0997795981611437,0.8275052841985577,0.1531759080528675,wave2,0.153114169466272,0.1531751419359736
b02f991897,-0.8613174450718799,0.2839678694681029,wave1,0.2836788640015344,0.2840116459517126,-0.2678665196327994,0.2781913780042917,wave1,0.2778320322022691,0.2779889259045751,-0.6027630212896427,0.1706815388202562,wave1,0.1708304712256267,0.1707562051527416,0.3012796223014933,0.2147105612377244,wave1,0.2145706098536903,0.214631087091523,0.4389818013302627,0.2313874018722783,wave2,0.2311720311126017,0.2315186034067244,0.4782432014023273,0.2472912243578957,wave2,0.246966301778696,0.2471404945288722,-0.2737068322875932,0.0996107784979976,wave2,0.0998521325185406,0.0997795981611437,0.6035728915488608,0.1531759080528675,wave2,0.153114169466272,0.1531751419359736
b032c8e13b,0.5655655832154789,0.1697617222313613,wave1,0.1697899626827969,0.169765813569399,-0.670110374200834,0.2382426954575242,wave1,0.2382414627845978,0.2384088435227186,0.9526235311743896,0.0755425013448032,wave1,0.075698965767964,0.075564842951165,1.1226370404380055,0.1212339542093152,wave1,0.1215375453901241,0.1212707216010175,0.2156344167620538,-0.1273385316266114,wave2,-0.1270072715350426,-0.1270174001823115,0.4847826050270969,0.0369719707319406,wave2,0.0371878757356724,0.0374144872891336,-0.0427576644102112,-0.3493334518451851,wave2,-0.3485751111805324,-0.3487022161220003,0.6689814729865747,-0.2453577857248948,wave2,-0.2444765371346591,-0.2448903866600278
b13592da72,-0.6164275882063288,0.2502164696145223,wave1,0.2495724707521364,0.2498663022709237,0.397052086406946,-0.1000982387403724,wave1,-0.0998702036046147,-0.0993981939466911,-0.0289458837909823,0.4461264412593865,wave1,0.4457638574571404,0.4456044944322413,0.4923234062665058,0.4729843244625588,wave1,0.4722067869276882,0.4726162247409555,-0.2090429742380601,0.227669084014848,wave2,0.2270562648662379,0.2273436507555994,0.2366550758069107,-0.1170224242834422,wave2,-0.1167702160455453,-0.116297743986082,0.0320080387988207,0.4104108714213953,wave2,0.4100989849912381,0.4099297910771026,0.4684981618400217,0.4408922519097959,wave2,0.4401617339061436,0.4405645833851674
b220fa000a,0.6537935751841094,0.1898180309652114,wave1,0.1897383548214709,0.1897532800029026,0.7183141832785953,0.1594952728475766,wave1,0.1591535173233,0.1589981357820624,-0.8762550251790886,0.2345334727970723,wave1,0.2344606059264323,0.2343622524692369,-2.342021803251091,0.2092478581862325,wave1,0.2094305607642506,0.2091244572590576,0.688204558968665,0.1437095853222597,wave2,0.1437041912617317,0.143688748891824,0.6408418440003378,0.125080647188319,wave2,0.1247774902142002,0.1246315046286023,0.0615107357599082,0.1579799246471988,wave2,0.1580168803633296,0.157896920236037,-0.473998666711668,0.1399459338769826,wave2,0.1402276042297974,0.1399327611186931
b2722593ad,0.1595667677479382,-0.0214439061479887,wave1,-0.0212538198611964,-0.0210036849373667,0.957327951714961,0.3077432639435844,wave1,0.3073191161240938,0.3076142496891483,0.4535253423696602,0.1286602642870387,wave1,0.1287990426711014,0.1288590072654061,1.0912065538397149,0.095607506003382,wave1,0.0956855893259249,0.0957005493347357,0.2221408653025218,-0.0752491372065136,wave2,-0.0749833720932908,-0.0747193599300537,0.9055100482317554,0.2742383783103579,wave2,0.2738526282245657,0.2741650564734079,0.2305386132545959,0.0586816456976324,wave2,0.0589120063308172,0.0589735510828337,1.2058883956271,0.0330780820990809,wave2,0.0332361607416133,0.0332515147122513
b3b1287091,-1.6638301446942525,0.2361488389067446,wave1,0.2361152347432674,0.2361011739207549,-0.1012835922581531,0.245395273930579,wave1,0.2454407643449873,0.2455603815709245,-0.9465120652003088,0.2248498961202145,wave1,0.2247968923307459,0.2246565709145775,0.3477645004472559,0.2217388631043046,wave1,0.2218709795894446,0.2216622541520458,-0.9778689604661116,0.2128179427487518,wave2,0.212808229258807,0.2127952983114457,-0.7508147540924814,0.2289371374066388,wave2,0.2290003185984789,0.2291250671173836,-0.7997479377901167,0.1914472496599175,wave2,0.1914424280353774,0.1913025473272764,-0.1993994111295167,0.1914907807192034,wave2,0.1916707053357619,0.1914494469189488
b3cfef728d,-0.1758774491981587,0.255141703261234,wave1,0.2549016669540209,0.2549991860551113,-1.3088511629433923,0.4025186171939062,wave1,0.4018800973512063,0.4020931903420063,-0.3763276257032477,-0.0302705784908446,wave1,-0.0301686577975982,-0.0302540783617434,-0.6019599263753639,-0.1264119381386431,wave1,-0.1256812821922975,-0.1255915595368682,-0.5836234826222664,0.2024686917676101,wave2,0.2022724490016101,0.2023732996226368,0.449614342023972,0.3691433962705089,wave2,0.3685142688116628,0.3687461444132903,-0.1913991223088701,-0.1036385673275489,wave2,-0.1034826156843585,-0.1035364545434934,-0.1559337267192921,-0.1956477813917974,wave2,-0.1948240449594556,-0.1947485631359201
b43fbb8431,1.97455827867301,-0.0766373132621371,wave1,-0.0763445334850361,-0.0762592744569585,0.2568239236455544,0.3707575983539762,wave1,0.3701123431476029,0.3702878847293352,1.114611360543787,-0.120950423369054,wave1,-0.1206564771943309,-0.1208415618417787,0.5377479923668056,-0.0593233905623232,wave1,-0.0587112908430962,-0.0585377218145944,0.6566940639256852,-0.2345484440076355,wave2,-0.2340898263040325,-0.2339895886264844,0.8842999715881575,0.2241682348599213,wave2,0.2237282800369081,0.2238629590830848,0.1378403832068125,-0.226361320458229,wave2,-0.2259901836252019,-0.2260749910912228,0.7974528144131106,-0.1893996913462146,wave2,-0.1886218786869234,-0.1883719199843641
b4f56b0b36,1.4915917360013695,0.094172643144327,wave1,0.0938132361983589,0.0941025852002623,0.7889195793023306,0.0644664225838037,wave1,0.0644854110727765,0.0649246481216473,0.7162559841767746,0.2146692774347066,wave1,0.2146207815001261,0.2144895324351902,0.4239047107643371,0.0976098687772961,wave1,0.0974104127131387,0.0976787029712266,1.2526003215934238,0.1241399188142979,wave2,0.1237235002725495,0.1240126641398843,1.1673639238693465,0.1140781505523927,wave2,0.1140246013820237,0.114456061003353,1.222854490795213,0.1947068578407625,wave2,0.1946808656517628,0.1945453523449983,0.3968689273593612,0.1153156794655933,wave2,0.1150837711918346,0.1153661323402669
b5398ecd0a,1.5517417271901963,0.4333160585531693,wave1,0.4326605464975505,0.4322786202620955,1.2103756399894143,0.1277740014442132,wave1,0.1281604937216722,0.1283744795730674,0.235804641529344,0.510071852335756,wave1,0.5099602033004732,0.5099774918183696,1.032670501526369,0.3369184616950049,wave1,0.3367846181265125,0.3368750190166342,1.1351465321635674,0.3901414574015102,wave2,0.389548634710878,0.3891570147018716,-0.0061238397675804,0.0894884858116555,wave2,0.0899288151820614,0.090127595444065,0.7936443598982307,0.4413887170926419,wave2,0.4413609319118426,0.441376888757702,0.5492409975716892,0.2811178893335528,wave2,0.2810725937819118,0.2811458043213599
b5e77c3b32,-1.3225125624264964,0.048799386160319,wave1,0.0486960309445105,0.0482770006122258,0.7965741932421064,-0.2353920750280731,wave1,-0.2345024708752161,-0.2344211192844949,-0.4204294435120512,-0.0542691716547018,wave1,-0.0536845897869323,-0.0537022427322365,-0.1856731716013766,-0.1394909407412335,wave1,-0.138837177859396,-0.1389371171759939,-1.779766404502571,0.0780662615875184,wave2,0.0779273889737902,0.0774722768812456,-1.1981152968145747,-0.177930601365146,wave2,-0.1771145930532935,-0.1770242950396761,-1.5946228464919745,-0.0683619325103889,wave2,-0.0677739578824369,-0.0677675215953309,-3.0431203622465355,-0.1135645814724342,wave2,-0.1129828301670728,-0.1130305304454622
b61658f497,-0.5092228802016745,0.0896432157063867,wave1,0.089832244590379,0.0898178548625768,1.048967438912912,-0.2704879095998412,wave1,-0.2698212311536,-0.2695828690253509,0.672097413746616,0.2429429167229246,wave1,0.2428742629965101,0.2426967457994406,0.8569375471285406,0.2473572923399424,wave1,0.2474830082645933,0.2472597625089711,0.4369753756547512,0.0416322097179776,wave2,0.0418705551575021,0.0418584586683518,0.2302970374487006,-0.3053640743078575,wave2,-0.3046592250228087,-0.3044104936298833,-0.1418452635616175,0.174135250013802,wave2,0.1741654709085509,0.1739888904309234,0.6096676495814792,0.1858691440685599,wave2,0.1860918648400384,0.1858437408658421
b875bb2b68,0.0607098260035041,0.2183787529772993,wave1,0.2182153045466981,0.2182409728810801,0.8517052643893702,0.1932751094039119,wave1,0.1932005282876225,0.1929256390601063,-0.4576999366843052,0.2150185524881394,wave1,0.2150434687071567,0.2150921610919085,-1.283831758229991,0.1688048010113828,wave1,0.1688469708686627,0.1691561371031081,0.5216114781689332,0.2241892544709884,wave2,0.2240348479016061,0.2240613282394268,-0.068396755850724,0.2169278386708874,wave2,0.2168112496570108,0.2165699053252251,0.2774784180493088,0.1666844749926084,wave2,0.166794018513956,0.166812350801869,-0.5075359468104516,0.1677635735455892,wave2,0.1678126085745704,0.1680883900498423
ba798b9e8b,1.0753660607378666,0.021520760765357,wave1,0.0217423928279231,0.0217720119895806,0.1424877145228934,0.0836465100065803,wave1,0.0835096430872077,0.0831338749562564,0.8058300971391057,0.3854680214211944,wave1,0.385153267921772,0.385121365469835,0.967203412823868,0.4029760744403335,wave1,0.4026405238710569,0.4025820237298248,1.2389757057481556,-0.0257992883537695,wave2,-0.0255010176493161,-0.0255016417281171,0.859315175651911,0.0456787792911912,wave2,0.0455860808671273,0.0452193873591925,0.2599431060815994,0.3103134696975437,wave2,0.3101073638827046,0.3100538879441047,0.8649798410205817,0.3310930953758667,wave2,0.3308603302748827,0.3308129684112273
bb86303c95,0.3537508672482301,0.4284435544597081,wave1,0.4278031972431311,0.4280513666046999,1.3025718834887048,0.4870402825143066,wave1,0.4860929085667381,0.4862898297349077,0.1269732337411254,0.266851814538688,wave1,0.2666231293903478,0.2667654635416818,-1.1227670435553323,0.1833258443280307,wave1,0.1836513069688982,0.1831958421842989,0.8798172589249256,0.4000860675433789,wave2,0.3994874992968023,0.3997322863359117,1.426602013488097,0.464009377741129,wave2,0.463099472646309,0.4632927318695007,-0.5217957197564428,0.2291533345137892,wave2,0.2289751904349808,0.2291216382131504,-0.6868066838590896,0.150056401345161,wave2,0.1504238651034339,0.1499735189067316
bc33f3ea52,0.206898610507958,0.0842776979312849,wave1,0.0844144582828337,0.0844210270226777,-0.1041195711608415,0.0101351319051924,wave1,0.0105697565752181,0.0105268504730425,0.4150823687829715,0.2085577645911807,wave1,0.208672008584726,0.208857428147118,1.299625485785003,0.0534006214898859,wave1,0.0534883098482057,0.0533660067950164,0.3717335651082982,0.1271531046416126,wave2,0.1272355077411489,0.1272558131650108,0.901000283318464,0.0615387973645659,wave2,0.0618988906638086,0.0618780799786166,0.6730210020672328,0.208835683820806,wave2,0.2089699193906533,0.209120062233066,1.1760167977777023,0.0935021219099082,wave2,0.0935019074234391,0.093422911792376
bcacb4a7bf,-0.215892541558392,0.2903457401070422,wave1,0.289784132020138,0.2901185313844859,-0.1505166160858656,0.6945248515140313,wave1,0.6931974725524751,0.6935774544931826,0.3134018466369122,0.3319893453640419,wave1,0.3317149858524701,0.3317082147600878,0.5414045395694488,0.392691306786774,wave1,0.3926819156601479,0.3922399636836357,-0.4034903650209321,0.2627348954921578,wave2,0.2622139925763381,0.2625451823110941,-2.267986412019631,0.6710728362013844,wave2,0.6697829625369237,0.6701595312545928,-0.401959701181358,0.2966744820532123,wave2,0.29644802157841,0.2964453555951771,0.3153392382834054,0.3606009303678272,wave2,0.3606321956205393,0.36019506208473
bf241a2bfc,-0.1652692864182847,-0.1827153598293301,wave1,-0.182151929214314,-0.1821252207790581,-1.062390482278094,-0.1735779073923614,wave1,-0.1728351636325878,-0.1726723333470386,0.1029670393039615,0.1386551582356479,wave1,0.1387383091361227,0.1384847978457426,-0.1202052973449206,0.1191705918954397,wave1,0.1194572768151429,0.1191617033914526,-0.1787984387416825,-0.2319260198762606,wave2,-0.2313112786630932,-0.2312823004603909,-1.636003262740253,-0.2110061409437656,wave2,-0.2102212394301837,-0.210048130675997,-0.5411826535606633,0.0704535317292889,wave2,0.0706348448605573,0.070382369921589,0.167924713559882,0.0575809129802262,wave2,0.0579648346352472,0.0576443899002012
bf78accc3c,,,,,,,,,,,,,,,,,,,,,0.0048197896720591,-0.0214439061479887,wave2,-0.0212538198611964,-0.0210036849373667,0.5907107368906191,0.3077432639435844,wave2,0.3073191161240938,0.3076142496891483,-0.7455924111654468,0.1286602642870387,wave2,0.1287990426711014,0.1288590072654061,-1.0032788093275262,0.095607506003382,wave2,0.0956855893259249,0.0957005493347357
c16938c655,0.3387848215827668,0.5188192211270817,wave1,0.5182674876241826,0.5183701430137866,0.8161542237897871,0.5777594953869459,wave1,0.5774012726884913,0.5774179209003426,0.2192906359534451,0.4511448541688743,wave1,0.4510224253018957,0.4511229316662366,0.2928176057506095,0.2639924402554293,wave1,0.2637499542235353,0.2638246210280622,1.4576581408989957,0.4725290357505952,wave2,0.4720366044143836,0.4721579820096747,1.5968192220305693,0.5455814004394276,wave2,0.5452671287977776,0.545296982517835,0.3640412474618611,0.3769461729487557,wave2,0.3769223529953611,0.3770096693634193,0.6048324586769206,0.2091148294119829,wave2,0.2089140760436876,0.2089863164292043
c188e62f46,0.5003661795555935,0.1159535983367677,wave1,0.1159339749051938,0.1157499923123598,1.0248847724931878,0.538998138627204,wave1,0.5381142573167892,0.53855980274281,-1.0735112079783733,0.1727655098372342,wave1,0.1726385890618016,0.1725293035590342,-0.7866275542380486,0.2697748014706167,wave1,0.2702199567591641,0.2697180922421383,0.575881545392138,0.0689089494636076,wave2,0.0689578835333114,0.0687795211230265,0.244041783907307,0.5068376190229109,wave2,0.5059898334781001,0.506447029750982,-0.0896626701330504,0.1003816808994364,wave2,0.10036377205313,0.1002210960495277,0.2870450302140858,0.2094800452367334,wave2,0.2100114048966242,0.2095182878771846
c1c1c1018c,0.3728859081187028,-0.1132567499424719,wave1,-0.1129269466302034,-0.1126210517570265,0.2232109965420194,-0.1191971197700818,wave1,-0.119161606950229,-0.11873823461062,0.359008778824946,0.2128273206577662,wave1,0.2128600153533215,0.2129923511955758,0.6464840115105512,0.1950646356665477,wave1,0.1949129504197437,0.1950427145986077,0.2913885469477865,-0.1681057252466975,wave2,-0.1676986721629885,-0.1673789052298309,0.719625241321934,-0.1544951250502408,wave2,-0.1544185787385685,-0.1539779112516181,-1.827121609719684,0.1411331223505099,wave2,0.141260013337632,0.1413937651534162,0.2124143417267875,0.1314404606732386,wave2,0.1313702928808754,0.1315005364647596
c25ccf8467,0.991507302051264,0.3828515711511673,wave1,0.3824759762307557,0.3826019010141435,0.6879404983634142,0.455520302039495,wave1,0.4553341780483787,0.4553549475266781,0.1297544387735013,0.3041766574251754,wave1,0.3042327485270026,0.3043425137431075,-0.1014209675379388,0.1138672527994971,wave1,0.1137965355159605,0.1138225760010052,1.3730761635033135,0.3352710907669363,wave2,0.3349562718315729,0.3351008595093341,0.1999171569495929,0.422413146751217,wave2,0.4222723268042746,0.4223062915643106,0.7412353364737179,0.2280657125838969,wave2,0.2282223636390015,0.22831885678723,0.3391598437892825,0.0583254769262649,wave2,0.0582973414111485,0.0583209741460478
c447e44f1d,1.6359959057962556,0.3152981520468086,wave1,0.3150474219732641,0.314783133655807,1.201065409504457,0.3502550188740401,wave1,0.3496700753257047,0.3501459207855702,0.5285440784831738,0.2902800895901478,wave1,0.2899370316303926,0.2897800645681645,0.6205193512065625,0.054595279524823,wave1,0.055307527985468,0.0546934886685017,1.005905529101003,0.2916904396510177,wave2,0.2914740144392084,0.2912125286449679,1.2468048233282452,0.3349040287973819,wave2,0.3343361280213853,0.3348177166955948,0.0321401056653119,0.2541211582379534,wave2,0.2538323487575376,0.2536588086512221,-0.1950959018248884,0.0247958417782408,wave2,0.0255506142847743,0.0249410424024445
c4ed58de27,1.9485239585186207,0.4133629612071654,wave1,0.4130976973823184,0.4131268402294374,1.378581814657009,0.1538905361241801,wave1,0.1536322187038109,0.1538962186915323,1.6151649216625008,0.3341926640212779,wave1,0.334097182340583,0.3337872197791488,1.2332872833474904,0.2651281050997942,wave1,0.2653340620028845,0.2654943086216088,2.2561047059388533,0.362401406948204,wave2,0.3621789512465014,0.3622115649625088,1.6522246273578416,0.1209220890424797,wave2,0.1206721005581513,0.1209551490908927,1.617572849722169,0.2620756666694014,wave2,0.2620339801055277,0.2617554499940696,1.1826682761537446,0.1941334787369146,wave2,0.1944355659819613,0.194581607742741
c5d8a78b04,-0.7817505870083801,0.3106290060409126,wave1,0.3103886675780897,0.3104159554478659,0.4311483901751925,0.2814211837679039,wave1,0.2809561404126048,0.2807366043778394,-0.9461278753839408,0.3650812557538224,wave1,0.3648306008050638,0.3647450726675173,-1.7171253699779134,0.3633996832305433,wave1,0.3633539688375118,0.3630485505210459,-0.4864329011153687,0.288330658956167,wave2,0.288126577318687,0.2881387153736509,0.1212877905379541,0.2647605532963832,wave2,0.2643140724089798,0.2640991512212687,-0.9349555594547556,0.3278846102497991,wave2,0.327687649108704,0.3275913122179278,-2.8491390225136297,0.3289865092648585,wave2,0.3289899401653982,0.3286900692625177
c6584f5f09,1.1381136597320054,0.4272546768401721,wave1,0.4268925152276546,0.4269804378776782,1.0248296255134808,0.4925048382632896,wave1,0.4919293086146282,0.4920267132189141,0.7661151643735249,0.2674454024061884,wave1,0.2673350177489092,0.2671426318434059,0.0537457006690252,0.1490425003806985,wave1,0.1493978827036934,0.1495973869771251,1.6488634130876292,0.4027332752062247,wave2,0.4023912213468634,0.4024808931756871,1.105959097936151,0.4762079849052066,wave2,0.4756362652315115,0.4757432838639678,0.6765971777021876,0.2331586955505892,wave2,0.2330728984349629,0.2328960876188045,0.6221760883723307,0.1148799573484808,wave2,0.1152814520014044,0.1154738273184962
c65cf1e13f,0.9767303871627868,0.0413133689536629,wave1,0.0413952213504785,0.0416496272560338,-0.1235296977622823,0.1486666757529525,wave1,0.1489631726430577,0.1489398519971064,0.8876433451706387,0.2691658318852081,wave1,0.2693789517302651,0.2692443351007429,0.6929926304169803,0.397392722767189,wave1,0.3968368283845829,0.3970534639291017,-0.0564808718716553,-0.0065265220787681,wave2,-0.0063834426501525,-0.0061104647076123,-0.7823307266330533,0.1138550482397636,wave2,0.1141994403709211,0.1141892230403488,0.6984935167375751,0.1914489957455278,wave2,0.1917651037883307,0.1916171460029054,0.5503142421995512,0.340513837109987,wave2,0.340002681541755,0.3402167323299794
c678740dbc,0.5493555850006754,0.167929705667952,wave1,0.1673615317336247,0.1676765286851344,-0.1024843351348085,0.5984770583427242,wave1,0.5977205681291323,0.5981592925085447,0.2428536096958785,0.2673642005301763,wave1,0.2672547824171004,0.2672335069270467,0.3524667956765298,0.334052589461554,wave1,0.3336278134421916,0.3338928197735477,-0.0321546188171215,0.1217419442298334,wave2,0.1212377090229792,0.1215398602248213,0.3093612375184216,0.5630917277864372,wave2,0.5623859322467973,0.5628256703306537,-0.7872596211385138,0.1964628645881082,wave2,0.196453933826482,0.1964131856651133,-0.5613348857064224,0.269506959665811,wave2,0.2691770947214879,0.269428506391629
c6eef426b8,-1.5787789477623215,-0.5938543196082541,wave1,-0.5930744927905433,-0.5934551267551279,0.2654505120827976,-0.5607281791503302,wave1,-0.5594294648306746,-0.559390878932708,-1.77068458328838,-0.4939364481879426,wave1,-0.4928350123499584,-0.4927955589633704,-1.2620892963187436,-0.3603105740892583,wave1,-0.3592896278862739,-0.3594608345103525,-1.8485681662802411,-0.6818845976957212,wave2,-0.6809832293920405,-0.6813398241366558,-1.5037926669933026,-0.6705124794218214,wave2,-0.6690662581750968,-0.6690602435758395,-3.5624117660175454,-0.5881782417171265,wave2,-0.5869558667146012,-0.5869425716649311,-2.5900751574197325,-0.4606162078460925,wave2,-0.4594042810569808,-0.4596522606936462
c74ee01945,-0.615425471119741,-0.1165680524936194,wave1,-0.1162211949189038,-0.1161579526781586,0.2540216620496769,-0.4212759524434198,wave1,-0.4206773095275428,-0.4205398145171012,-1.3490739333437511,0.0028756924229808,wave1,0.0030688020804953,0.0029365805642421,0.063173740167409,0.0254906437957124,wave1,0.0260617533732118,0.0263357480751868,-0.2339812392444403,-0.167185308669908,wave2,-0.1667972848083232,-0.1667306387184199,-0.4475867743864123,-0.4537133759351951,wave2,-0.4531069570118263,-0.4529504655785806,-1.9903176644831069,-0.0702941747737248,wave2,-0.0700467857919781,-0.0701475684703293,0.2589024019286133,-0.0434144785461339,wave2,-0.0427506353375671,-0.0424912373860067
c78339b3df,-0.1826906827957953,0.2889098792867917,wave1,0.2884246442564709,0.2886992270091549,0.8568401616398151,0.3079027223477323,wave1,0.3071809488489491,0.3073182661514689,-0.5186637534249801,0.204380633465818,wave1,0.2042223449699882,0.2044072177990439,0.186300495019916,0.0385265120515556,wave1,0.0390398557677273,0.0386274652161337,0.7379066551365046,0.2872042282853675,wave2,0.2867468132766762,0.2869997169435346,1.205466144195929,0.3391309969550603,wave2,0.338391150790828,0.3385492284870676,0.5302571487378616,0.1405709096066925,wave2,0.1405051670553367,0.1406790875123569,0.2015887489106534,0.0273460018333848,wave2,0.0278711216250828,0.0274499086255987
c814c0feef,2.1717220291351405,-0.1894458326440888,wave1,-0.1893253102817955,-0.1890266131017828,1.477425691355755,0.2610055595514896,wave1,0.2603481142474321,0.2606451293584678,1.3010647519553082,-0.2382514223373468,wave1,-0.2377666965413549,-0.2376922758784814,1.1518640520306145,-0.155421262286344,wave1,-0.1547362766119698,-0.1550835754440583,1.9430839869595915,-0.2476330949941081,wave2,-0.2474266796131985,-0.2471351435147299,1.1989100221808349,0.2131646918201154,wave2,0.2125860342953048,0.2128752036786086,0.8621454806583422,-0.3173623125119453,wave2,-0.3167724852598419,-0.3166898665719273,0.3133767607169928,-0.2226147250005084,wave2,-0.2218452459625093,-0.2221819692759593
c8190e8c5e,-1.2009495048811136,0.2991490313345111,wave1,0.2988774646273391,0.2989190062363243,-0.8025254295513244,0.2722064053482501,wave1,0.2720175156608863,0.2717386705617753,-1.4401586442608003,0.2690846743365878,wave1,0.2690310986677264,0.2690921121219891,-0.6728599687735081,0.2445423377877947,wave1,0.2444825610927133,0.2447722075071344,-0.9655589185020104,0.2743531563008046,wave2,0.2741204108743076,0.2741569390108911,-0.717156595018577,0.2539327381803143,wave2,0.2537677674210646,0.2535014005874479,-1.543502516187946,0.2352478979363912,wave2,0.2352483801393026,0.2352951736624167,-1.2428693052106103,0.2190839436002037,wave2,0.2190602736268957,0.2193453228953422
c90f20d05e,1.6105577203112762,-0.0265159415251577,wave1,-0.0267987021936924,-0.026528438275431,0.9676148168311712,0.4192534780793159,wave1,0.4187542249236758,0.4192048334170838,0.5740857749651755,0.0407963721958007,wave1,0.0410154052054038,0.0409298899126345,0.3484799858678407,0.0909499315060923,wave1,0.0908892343298334,0.0910928901112737,0.3738050931977736,-0.0753429975963558,wave2,-0.0755581430924481,-0.0753011499234351,0.9475003950566104,0.384116967234766,wave2,0.383669099184252,0.3841202743727917,0.1638734104246869,-0.0331500062027004,wave2,-0.0328273425276893,-0.0329323458607085,0.8298115075837496,0.0244831432702298,wave2,0.0245197157375391,0.0247095065553648
c946a59629,-0.7280016820502258,0.4093172391253401,wave1,0.4088481620107678,0.4092506971400889,0.438109012260555,0.0851220366300727,wave1,0.0849101157110288,0.0852555553375531,-0.1516520734910033,0.4230148613139957,wave1,0.4227548460534003,0.4227956192771931,0.5798162288056126,0.3021455175309872,wave1,0.3018554762291704,0.3019473955764579,-0.4700640283158295,0.2927922793940398,wave2,0.2924934152262448,0.2929034917019653,0.2178324011097925,-0.0194144170912686,wave2,-0.0194824559328578,-0.0191131430287196,0.3212751315302515,0.3302250000807565,wave2,0.3300833669445666,0.3301560516372406,0.6230152191637994,0.1815396088816058,wave2,0.1813951872400804,0.181497397464624
ca232b68ef,-0.976022306692269,0.1683702254934023,wave1,0.168284894540579,0.1683004991433641,-1.6970309371973258,0.1560453923380608,wave1,0.1560195570764188,0.1557696486569545,0.0493842699498178,0.146470948828866,wave1,0.1466049097905815,0.1466251195121359,-0.1580271732171048,0.1177000905474404,wave1,0.1178146478480642,0.1181145259068246,-0.001460491391542,0.117659942594398,wave2,0.1176535682010471,0.1176590934246084,-0.6088642477094773,0.1182554653600148,wave2,0.1182790325285449,0.1180541746548126,0.2549750628910968,0.0767991007580013,wave2,0.0770432706375441,0.0770349926058764,-1.100543785467364,0.0661168143288285,wave2,0.0663043320135089,0.0665948236027361
cb018f0677,-0.2800445810380735,0.2349603739489508,wave1,0.2349675229406042,0.2348989973784373,1.3556155583832383,0.6495083444979892,wave1,0.6486481929906596,0.6482077953479113,-0.6177429112763283,0.2921399561412173,wave1,0.2919966500876659,0.2917980023094725,-0.0270824021836097,0.3946062076028112,wave1,0.3944379385119226,0.3941678842134151,-0.2921455655737696,0.1883769685208637,wave2,0.1884593974139504,0.1883606658972872,1.5510316303257,0.6133151648365702,wave2,0.6124964576031111,0.6120652414247512,-0.0400216333618921,0.2174759411961785,wave2,0.2174401267135114,0.2172199404773879,-0.2710687585816119,0.3236587820539547,wave2,0.3235919427195249,0.3233330588405188
cc0fed0c48,1.444258181211285,0.4054073528978882,wave1,0.4051663489865752,0.405140799369713,1.6532211477818877,0.4603115772227052,wave1,0.4601072124278161,0.4602395697876723,1.4258840211723889,0.2471730816723842,wave1,0.247047220494861,0.2469652612260724,1.556493410439675,0.0985774683174027,wave1,0.0989000677763924,0.0985658287305634,1.3861154095775954,0.3027361866052077,wave2,0.3026070999431286,0.302599666147148,1.558698145871039,0.3481427203790624,wave2,0.348114562643176,0.3482348663658362,1.2229370471054877,0.1576342892150373,wave2,0.1576410992518202,0.1575566560819556,0.8064063733977042,-0.0140225290164784,wave2,-0.0135348768779169,-0.0138984162943148
cc2cee90df,-0.1376580585256135,-0.2893491861486811,wave1,-0.2890023096285304,-0.2893940105495477,-0.124268584936129,-0.2716226360542961,wave1,-0.2707842223667471,-0.2704525657916838,-0.5703733708850448,0.1028406624128782,wave1,0.103244293126718,0.1032669372558511,0.7768899178968001,0.3294179479980525,wave1,0.3292051212520094,0.3294463916451857,-0.3717707569121819,-0.3319367751383871,wave2,-0.3315280932330658,-0.3319293408627125,-0.1566724468099975,-0.3107949048494189,wave2,-0.3099012324278622,-0.3095849389578715,0.2336071823839269,0.0332215085561452,wave2,0.0337095063740874,0.0337307949283481,0.8847143127955027,0.2751933499698419,wave2,0.2750669239957896,0.2752906219300507
cc7a4de2a4,0.0806379262172312,0.2880458403234536,wave1,0.2878552517435564,0.2878814628983253,-0.0584069327364327,-0.1005239576414097,wave1,-0.1003739316095054,-0.1003532415776954,0.7529705637955372,0.4378865336142974,wave1,0.4375795998877194,0.4376518166782044,1.1421975846883117,0.4520514813104138,wave1,0.451686861330865,0.4519572361779113,0.1533548795464684,0.2627630870846398,wave2,0.2626120956171018,0.2626333238167191,-0.0702527995313235,-0.1193540680838332,wave2,-0.1191792990503751,-0.1191461074187359,0.7327769854051802,0.4033800587676448,wave2,0.4031283023662317,0.4031863319402715,1.441801307929944,0.425839561868124,wave2,0.4255122126260297,0.4257780170369171
ccd20e206f,0.9587122025002118,-0.2862574044024248,wave1,-0.2860703142145686,-0.2857204484777721,-0.9167696691633486,0.0833185713110987,wave1,0.082855113036489,0.0830743436870374,1.066319628442551,-0.1861654312265339,wave1,-0.1857762433211331,-0.1856525611114894,0.51738891684423,-0.2442809882642008,wave1,-0.2434800543291906,-0.2437802661951263,0.3389975843952993,-0.2645331060818336,wave2,-0.26435269790757,-0.2640208639799123,-0.4622640378844216,0.1331494961043052,wave2,0.1326358189438755,0.1328800360933014,1.0550316078997826,-0.216575435728608,wave2,-0.2161359614291029,-0.216027223842798,0.4623442309345531,-0.2264310967709096,wave2,-0.2256534561192922,-0.2259678659695712
cd44d4a222,0.7563509294707241,0.2037881112446262,wave1,0.2033999259913508,0.2036993251388854,-1.7120152401584638,0.1724327671759195,wave1,0.1718819412731208,0.1720673157185143,-0.6043854917092102,0.2485911261966444,wave1,0.2484779785581916,0.2485089484160818,-1.7703920379309124,0.2252155342896304,wave1,0.2254993994807532,0.2251878286502042,1.2288472565506685,0.149280158496957,wave2,0.1489723450466824,0.1492650295104014,0.1288716605105795,0.1263446889777327,wave2,0.1258683821533815,0.1260466104414429,0.2517020567713964,0.175939930776539,wave2,0.1759245381256415,0.1759637509634806,-0.4358220856148636,0.1616220315231393,wave2,0.1619859337265904,0.1616842132858266
cef55f10f6,-0.1676114152326645,0.1136539163771174,wave1,0.1136616712848938,0.1136945197838702,-0.0726091568875662,0.0707452615946113,wave1,0.0704898490289038,0.0703894195759539,0.5779748265328527,0.178311604425898,wave1,0.1783082128511987,0.1782187389105546,-0.0976625655581747,0.1251489967182222,wave1,0.1254599026479071,0.1251423241248226,-0.4562775408362524,0.0671094151525543,wave2,0.0671919802041108,0.0671944248907138,-1.16056828378691,0.0358850842626545,wave2,0.0356689210606151,0.0355779109328024,-1.3880501169706774,0.1012066517736779,wave2,0.101313679304185,0.1012026107350022,0.0206874331050204,0.0559393145272396,wave2,0.0563490457367524,0.0560427739024363
cf71b1c6da,0.4901939277069885,0.232128766963363,wave1,0.2321559429472631,0.2321574359853079,0.0360989123643736,-0.156085948714402,wave1,-0.1554460860595651,-0.155261061688617,1.1059425275853063,0.3458373924810984,wave1,0.3455882048431535,0.3454595400170419,1.2227062924345198,0.1306019095785408,wave1,0.1308812929628774,0.1305744359767592,0.1292203571157489,0.1292769589618904,wave2,0.1294151601989727,0.1294348341095373,-0.4744508243005931,-0.2698046846305367,wave2,-0.2689864402978242,-0.2688136002002598,1.1708800983440464,0.2539794315611818,wave2,0.2538650396659803,0.253733879763492,1.0196997366265308,0.0166789880128383,wave2,0.0171252426057759,0.0167897131278839
d12a9740d9,2.072056922253447,0.4545053890813167,wave1,0.4536863464174626,0.4540647653239583,1.0057142351803672,0.1055058750743428,wave1,0.1051372912305798,0.1050708983904616,0.4450126679769515,0.5154696156542808,wave1,0.5149332029308247,0.5150790851451403,-0.7687196633548881,0.3952697541030289,wave1,0.3954440144248116,0.3947740172182318,1.870862724481616,0.3978773024572111,wave2,0.3971417698336892,0.3975135887066341,1.387085474814682,0.0582033460145773,wave2,0.0579108856532389,0.0578374453918716,1.223183780766467,0.4413429882335418,wave2,0.4409067819655559,0.4410609116494881,-0.709907807836414,0.3284175195119083,wave2,0.3286767547041613,0.328016669736731
d162e74fd2,0.7136843411374718,-0.0476910456002946,wave1,-0.0474676015168326,-0.0476550190430035,1.541731449815512,0.3952410925771208,wave1,0.3945034024404442,0.3950369860521759,0.6625031072974933,-0.0226052226435617,wave1,-0.0224703620699884,-0.0226296856946857,0.5020775116924491,0.0709130646524685,wave1,0.0716383745220101,0.0711219598684118,0.7331031601912148,-0.0962674111793463,wave2,-0.0959739191906347,-0.0961555405798503,0.9992570609942526,0.3622735830783561,wave2,0.3615733956936784,0.3621182082985264,0.3807011820060437,-0.0975510611144119,wave2,-0.0973045760745532,-0.0974971403339872,-0.3431608915324844,0.0098356543171938,wave2,0.0106477329392918,0.010140553452447
d2304e26e1,0.7412282129266284,-0.0200627582300048,wave1,-0.0198984371765722,-0.0195162675257178,-1.2551933581597945,-0.3644223911624478,wave1,-0.3640131230073173,-0.3636914183580828,0.1349824204413947,0.1398687486905936,wave1,0.1400442165892215,0.140136239568301,0.3266868213593975,0.1058842395936418,wave1,0.1057483342311282,0.1059539569077263,-0.2981561077930731,-0.1069221608428718,wave2,-0.1066305716207951,-0.1062486039212484,-2.854500887232292,-0.4474683295141457,wave2,-0.4469412485101747,-0.4466047664645398,-0.1226157796354771,0.0807179494523742,wave2,0.0809647096565349,0.0810879843489689,0.0962146515654775,0.01934023518052,wave2,0.0193060832563842,0.0195215916586621
d3109d3bfc,,,,,,,,,,,,,,,,,,,,,2.8759367686175223,0.4542530142414979,wave2,0.4539611127613777,0.4539333473425141,1.7360991651295667,0.4945968000101711,wave2,0.4943550007584992,0.4944771656094088,1.42045923696524,0.3150342780511799,wave2,0.3148107913701257,0.3147277892913049,1.5937616844620155,0.1601997641369993,wave2,0.1604250548461613,0.1601159077841205
d397aef9a0,1.1884510651855715,0.256390639473832,wave1,0.2562142350626228,0.2561296632221077,-0.0174223045231582,0.3249933972882498,wave1,0.3248007509784861,0.3245983250508274,0.8617328380767669,0.1963201435640154,wave1,0.1964142487986784,0.1963139222952739,0.610211634111566,-0.0322401186784845,wave1,-0.0319822564865516,-0.0315279683155503,0.2177413779038853,0.1478044122503983,wave2,0.1477778326498355,0.1476725888293033,0.2911021280472772,0.2229551868727445,wave2,0.2229065510936013,0.2227207711468874,0.783951040237683,0.1041619629577224,wave2,0.1043911265805825,0.1042642943427534,0.9446917094951894,-0.1338584722968113,wave2,-0.1334628353684709,-0.1329945152041979
d49f57b08c,0.4920967392651376,0.5786017414794514,wave1,0.5779929534451819,0.5781122158118207,0.5636147902296674,0.5784675688918348,wave1,0.5776158360750383,0.5773084830053361,0.2135518881978799,0.5123901663282354,wave1,0.511897145130943,0.5117628853472843,0.7220993221263228,0.3317283788392487,wave1,0.3317282798736579,0.3313171400227073,0.0217955628035636,0.4777383408329555,wave2,0.4772575559527782,0.4773799215108901,0.9049676828995274,0.4696574416646424,wave2,0.4689156542315271,0.4686679707969765,0.4880128236488215,0.4195102754437884,wave2,0.4191407860619879,0.419004345826273,1.054439276435891,0.2102235114655031,wave2,0.210405410879267,0.209987843566182
d4cb6976da,-0.8837255228249377,0.4380282003779112,wave1,0.4375225494313768,0.4378134066377304,-1.046698453739596,0.3690141520605074,wave1,0.3685543178854946,0.3686590708970867,-0.8283121324418271,0.3762773283340379,wave1,0.3761563761657929,0.3760770920468161,-2.150356117260629,0.3972184526228303,wave1,0.396846660608272,0.3969056684451981,-1.464810035912388,0.4127714770332966,wave2,0.4123014387246515,0.4125993310959974,-2.149327330798925,0.3540933418939944,wave2,0.3536499434958278,0.3537633995612903,-1.0442627562422873,0.3428518329059347,wave2,0.342775031435105,0.3426965640166377,-0.1210238722950139,0.3670617506470907,wave2,0.3667282528232384,0.3667875035609519
d5eb4017e6,-1.6770258971332803,-0.3916476463538222,wave1,-0.3909330554488414,-0.3909248998464777,-1.6863648032843852,0.117728037635144,wave1,0.1179420310632612,0.1181175014662049,-1.9304551311986025,-0.3372349511646477,wave1,-0.3364539346865813,-0.3367093978965976,-1.345215478086579,-0.0698761573589986,wave1,-0.0692815858087297,-0.0696106367220537,-2.143657069122341,-0.1860555326349463,wave2,-0.1855811249420308,-0.1855869818152354,0.0179441094565206,0.3570339524034068,wave2,0.3569752731043604,0.3571527176767334,-1.3762321713910677,-0.257161294663182,wave2,-0.2565366533850557,-0.256734184961765,-0.5723089193887472,-0.1406964226845693,wave2,-0.1399948142109802,-0.1404232770521885
d6079ca025,1.1129169193111004,-0.2047430980290788,wave1,-0.2045366401538487,-0.2047932479838202,0.3672672164942686,-0.2229625154320529,wave1,-0.2221506992191457,-0.2219730965511721,0.6300255436893258,0.200639257276708,wave1,0.2009148123907888,0.2009439277725223,0.619545705389042,0.1374621347811221,wave1,0.1377241244951862,0.1376617982116276,-0.1386346278337309,-0.2935967182851283,wave2,-0.2932679998013247,-0.2935013332112374,0.4643345946216116,-0.3323833143773469,wave2,-0.3314252089794696,-0.331280221006061,0.3871822452080507,0.1107429937265277,wave2,0.1111358928598703,0.1111386097696643,0.4421941206205319,0.0341381481204334,wave2,0.034596514108234,0.0344552955108229
d61172d976,-0.1621379215423637,-0.1604517870496228,wave1,-0.1599896281092675,-0.1599424276040263,-0.5644355970435352,0.2162061829939158,wave1,0.2165094650122611,0.2165538326811639,-1.0384017336297586,-0.0131834717113881,wave1,-0.0128910901798604,-0.0131085112082598,-1.2624326270995043,-0.0551193842278344,wave1,-0.0546023554071189,-0.0549368122492693,-0.2136239658816069,-0.2096548586479055,wave2,-0.209141673548927,-0.2090922229889823,0.5718717420741568,0.1801235339708503,wave2,0.1804669703393943,0.1805213747553816,-0.6580592099529474,-0.081272553479754,wave2,-0.0808826025117073,-0.0810988298624251,-0.8777417974173756,-0.1159743933825985,wave2,-0.1153611910648653,-0.1157205600482798
d632ace838,0.981494837268366,0.543554150172937,wave1,0.5426789603465826,0.5424802728218981,1.5750361691197576,0.6111696803768187,wave1,0.6108666000714447,0.6111652689276972,1.5437455814455188,0.46202526565221,wave1,0.4620631528748199,0.4619670707785811,1.8590225765084016,0.2876630493356493,wave1,0.2875815501103644,0.2877370556535969,0.0296213554476308,0.5018578253012768,wave2,0.5010430238678997,0.500834622142248,1.6843084089705136,0.5750966464521778,wave2,0.5748441005913976,0.5751278330242751,1.4522171917324904,0.3966192393583639,wave2,0.3967368930995757,0.3966395027859429,1.8803018796712947,0.2340555115996251,wave2,0.2340592123371189,0.2341975773980575
d67c9ac40e,0.0488262807026576,-0.3449107938684794,wave1,-0.3442003451291646,-0.3440845901104321,-1.5357338365708388,-0.4131790187270777,wave1,-0.4120947300147161,-0.4122187740169353,0.1179036263006062,0.171776026372741,wave1,0.1720191043052679,0.1720242716941393,-1.0420364934238575,0.2496980917652769,wave1,0.2494668328951872,0.2494451182820143,0.2850360341629128,-0.3273554119249472,wave2,-0.3266671894852164,-0.3265279872019934,-1.6759920389260292,-0.3804642354736894,wave2,-0.37942852048158,-0.3795241237590675,0.270045887631385,0.1309948338327309,wave2,0.1313123590569145,0.1312750252402297,0.4123932117936869,0.2620103531642573,wave2,0.2617125650560926,0.2617333638658866
da14895c3d,0.5005256190587838,0.0294874184215082,wave1,0.0295894434906967,0.0297876369378751,1.0504566028442917,0.0860010544613677,wave1,0.0863928368136969,0.0863054215695212,0.9869038678512132,0.3943313095268739,wave1,0.3943470757062852,0.3943034867467945,1.0382524155701105,0.4032793165293243,wave1,0.4028306358086564,0.4029638749709264,-0.5204432841045624,-0.0170278028834859,wave2,-0.0168658338411073,-0.0166488860582342,0.0973881332951295,0.0506245571761384,wave2,0.0510651395824249,0.0509908179310681,0.5436113287427766,0.3191187682792635,wave2,0.3192353601147502,0.3191783696320585,0.7861074826301043,0.3473979824709577,wave2,0.3469927239573625,0.3471233319330496
da61bb512c,0.498264263320137,0.5439657898239183,wave1,0.5433066813118068,0.5436740589151681,0.409442776636546,0.1692470709763045,wave1,0.1689387586703932,0.1692407877529993,1.4128106342493267,0.5981287971377836,wave1,0.5976376966475685,0.5976745399846723,0.488471522315283,0.4601834992285471,wave1,0.459691272539286,0.4597819207215438,-0.057560871812192,0.4906423295446664,wave2,0.4900585931046222,0.4904401097474391,0.9925197914064766,0.1358092314265884,wave2,0.1355391356647495,0.1358585929569702,1.2883970073826445,0.5291485777757672,wave2,0.5287488209891349,0.5287872412257839,0.8301218894760152,0.3973005423160058,wave2,0.3968887402696363,0.3969799022819761
dba65639c6,0.2409759518467424,-0.2371225050665979,wave1,-0.2365279246184075,-0.2364338576859836,0.4945414112253076,0.0668432954050265,wave1,0.0669584754212005,0.0668633571991853,-0.8694475320708791,0.0702595226228993,wave1,0.0704491653222977,0.0702146857035984,-0.4415807077227875,0.2238080068627692,wave1,0.2240759024288593,0.2244696596209545,1.5518971797130288,-0.2600099767883155,wave2,-0.2593971232525225,-0.2593012770625018,0.8550176392068911,0.0504270444768416,wave2,0.0505463399920448,0.0504607806192275,0.5131549859663507,0.0379111942023621,wave2,0.0381235226772159,0.0379041287604265,0.4876145631233785,0.1913229195322522,wave2,0.1916346333654656,0.1920213739686899
dbd62eee0a,0.4258694497255292,-0.1494794040634582,wave1,-0.1490164289110792,-0.1490294332648917,-0.6824891764707107,-0.0864238640917816,wave1,-0.0863786094171766,-0.0866803762478518,0.0020268275736668,0.1796483582876774,wave1,0.179619943845262,0.1795532376765839,0.2040160471667299,0.1732262100472835,wave1,0.173227328303361,0.1731795997533701,0.676432148789469,-0.1471838956153864,wave2,-0.1466907404165592,-0.1467669790551952,-1.2877655597633098,-0.0509843448746325,wave2,-0.0509644646292835,-0.051307846126472,0.2050214627231187,0.1171460528180138,wave2,0.1172175626141575,0.11711015153727,-0.0501267791420899,0.1497044568052906,wave2,0.1497314216615264,0.1497119267481673
dd5002b2da,1.436095658919883,0.3825413313530301,wave1,0.3821007411419188,0.3824757629273385,1.713335554443909,0.4414931675146094,wave1,0.4409033066453049,0.4411555843601868,1.457180066135066,0.1852319680587719,wave1,0.185282908406499,0.1852545183109366,1.2722791691575326,0.0641301478693216,wave1,0.064250342559434,0.0642279389149073,1.25375533764665,0.3549723067444139,wave2,0.3545703093501591,0.3549521767476147,1.837355805441539,0.4249795038699246,wave2,0.4244084921826967,0.4246693104868815,1.360764220265327,0.1487650819100989,wave2,0.1488632368001725,0.1488357268310089,1.1465757207796858,0.0324740030647551,wave2,0.0326346556355243,0.0326124920868355
ddef568e0c,-0.2412357785777591,0.3752131575928396,wave1,0.3748706153853421,0.3749610495856047,-1.0134218699526554,0.0830555844470266,wave1,0.0828757811326576,0.082551050898171,-0.4578437334847623,0.4873016796950343,wave1,0.4868264220210981,0.4867764422708552,-0.1491228524947322,0.2988366016696509,wave1,0.2987120073900445,0.2985698003368753,0.8837309625854883,0.3821045568007503,wave2,0.3817849059974548,0.3818120487568194,-1.1504037152749689,0.1231897406751256,wave2,0.1229772911259887,0.1226113359967433,-2.371041269244389,0.4288775609722822,wave2,0.4284955382676684,0.42840484376023,-0.6865297841692303,0.279494139078355,wave2,0.2793890663690759,0.2792754714231942
dee9bbfb17,-0.8598761329967736,-0.0515222508691712,wave1,-0.0512665494216488,-0.0513311986119149,-0.9800857967914456,0.2847711604577218,wave1,0.2847137301679149,0.2844883052962957,0.8568727599646527,0.1490909790682568,wave1,0.1492169970180263,0.1492587413326407,1.2761202394795037,0.1039043022542315,wave1,0.1039842204013755,0.1044375701890479,-0.1208161842024859,-0.1025541236041742,wave2,-0.1022186519531784,-0.1022934027695769,-0.8306358519957325,0.2451834808745924,wave2,0.2451786522390366,0.2449777578529088,1.038997755995169,0.0815459243533354,wave2,0.0817797455299356,0.0817930057211833,1.130073097388924,0.0529464050157214,wave2,0.0530985988329405,0.0535426529710855
df1344e4be,-1.3466087193956806,0.0983260869980035,wave1,0.0978542693297663,0.0981499425116653,0.436557212546381,0.5454579102781371,wave1,0.5447775061692942,0.5452176957167917,-0.7558323573205468,0.1606076336451815,wave1,0.1606493733943411,0.1605988777516117,0.1182328944169712,0.236956494643159,wave1,0.2366744330436602,0.2369190117403489,-1.2742494568213156,0.0508795179604639,wave2,0.0504733915708225,0.0507560067144558,0.9261252999091972,0.5103307233818043,wave2,0.5097011575572962,0.5101421386756145,-0.1850405763181085,0.0881327037783666,wave2,0.0882765752370772,0.0882065748743033,0.3764395611620421,0.1713412761195262,wave2,0.1711554565692158,0.1713863068813372
df58685442,-1.2604905320046589,0.1803082135330352,wave1,0.1803362931761761,0.180364232533455,-0.4208438018754289,0.5430209352256536,wave1,0.5422527714416856,0.5419039622275106,-0.4066381143517379,0.3377845005741803,wave1,0.337557157173589,0.3374184607988034,-0.5768185879038135,0.3662515172299699,wave1,0.3661402829919654,0.3658234182228431,-1.0508939363448038,0.1070637549715746,wave2,0.1071757672558918,0.1072217780966448,-0.3163200613670423,0.4532056323975135,wave2,0.4525252052105641,0.4522316993556687,0.1697728438946561,0.2868804160153874,wave2,0.2867160504797182,0.2865859715556861,0.0465518411710459,0.282899038559832,wave2,0.2829150493367066,0.2825862672797619
e1c99baf96,-0.4195919276274776,-0.1296018398555413,wave1,-0.1292897141240999,-0.129465188858823,-0.092787132694253,-0.124211476922223,wave1,-0.1242903032831643,-0.1237086158539677,-0.5228080689093644,0.2423213050427408,wave1,0.2419426689944974,0.2421267494721326,0.0180980673788685,0.205589670038574,wave1,0.206104438448383,0.2054956938074495,0.6159440445853542,-0.1771283149223249,wave2,-0.176746928218663,-0.1769167389892453,-0.43646268386115,-0.1578633525641001,wave2,-0.1579038928348063,-0.1573106661585221,0.5050907208888957,0.1697674992928375,wave2,0.1694980635248284,0.1696488792560235,0.3596185546394324,0.1452867914651279,wave2,0.1458878336897482,0.1452878150630965
e2cbc665ef,-0.4107425859531938,0.1655914544744711,wave1,0.1656963433044912,0.1656649898928616,-1.1469688539720806,-0.1757331539891103,wave1,-0.1752239188213108,-0.1749684454724932,0.4661629895887746,0.2987212325353312,wave1,0.2985669765910697,0.2983931110665463,0.8078727582678671,0.3321508233223253,wave1,0.3321555220413427,0.3319492071344653,1.9836190983860424,0.1180132675185775,wave2,0.1181670507317528,0.1181379792615381,0.7865773742146424,-0.2102917164255452,wave2,-0.209744799291465,-0.2094788999876907,1.1008296787563905,0.2304208713682622,wave2,0.2303649467626451,0.2301919432530221,0.9640138103913236,0.2707407402848142,wave2,0.2708423332933133,0.2706111655586908
e3cdd42f78,-0.425405481008238,0.2537404080704805,wave1,0.2530539180906927,0.2532551360712677,0.6447689864107241,0.434552991101241,wave1,0.4340316460296883,0.4344712005995398,-0.76921442518724,-0.0341677028845922,wave1,-0.0338823014041212,-0.0340909666327114,0.1435563139153454,-0.1329978958157989,wave1,-0.1327627407708794,-0.1325695721608824,-0.5121738614410692,0.201860385506388,wave2,0.2012457600469179,0.2014333723850167,0.2139366406100137,0.403204333648507,wave2,0.4027301633414802,0.4031696640561407,-1.2437325665098735,-0.1110364839156939,wave2,-0.1106448413263726,-0.1108726744996427,-0.0234866458229796,-0.2013143673148852,wave2,-0.2009798808130019,-0.2008006004347132
e443b9fd2c,-0.8113812216293311,-0.2929962545582089,wave1,-0.2927276178038155,-0.292806782551645,-1.0829528644973456,0.0633442226345617,wave1,0.0637329562512856,0.0639164234933113,-0.1791028309342839,-0.1127411138906341,wave1,-0.111999771414237,-0.1121128145189686,-1.402399590483548,-0.1477676232160163,wave1,-0.1470421126462516,-0.1471708908198963,1.036123990000109,-0.1544688523395519,wave2,-0.1543749270989579,-0.1545938911554697,0.5086300569513421,0.2914318777052029,wave2,0.2915329275285758,0.2917699863535863,0.653332748082893,-0.1059003879598711,wave2,-0.1051985743492719,-0.1052142014559437,-0.5899463393250367,-0.0157530733004696,wave2,-0.0153673619828767,-0.0152659563788566
e4518c64e5,0.5516693176621535,0.2362692136136113,wave1,0.2357429531014206,0.236129435416609,-0.6426261534082747,-0.1365211687791946,wave1,-0.1365447821276947,-0.136581718693629,1.322355512875547,0.3843838016922936,wave1,0.3841263800840897,0.3841396997548156,1.2561525701120004,0.4261720038452574,wave1,0.4263111920029103,0.4257676192712233,-0.0322908099837154,0.1809471403114671,wave2,0.1805024264108219,0.1808822703826438,-0.2092919704345177,-0.1834169705593037,wave2,-0.1833650413305853,-0.1834090643967844,1.3560871340339082,0.3108503632592962,wave2,0.3106923001148476,0.3107137691957513,1.2907384262501655,0.361125174132826,wave2,0.3613466961242208,0.3608129537750752
e4a14ede09,-0.6208561794274062,0.026511708229973,wave1,0.0266389281712835,0.0269303521395589,-1.7927933878226563,0.0017491961038682,wave1,0.0016221984546087,0.0020129978584944,-0.447489388166329,0.3358634799733531,wave1,0.3357389891178652,0.3358385865691764,0.1893177618230512,0.3438642446761765,wave1,0.3435314163005677,0.3436507161220236,-0.4431699240196826,-0.0277425269580673,wave2,-0.0275386289603973,-0.0272331921389894,-2.443972492823002,-0.0331354243174117,wave2,-0.0332220911884302,-0.0328138153634866,0.0657824154328178,0.2660515990341745,wave2,0.2660194467541574,0.2661205377400664,0.6249174341617345,0.2806954067173061,wave2,0.2804434722935162,0.2805632913044706
e4a53c5fc0,-0.8751952332986103,-0.0202617710942577,wave1,-0.0199756813963251,-0.0199765868485418,-0.1612133556486411,-0.2967888276092484,wave1,-0.2960446754535962,-0.295776502241773,-2.9281488928456505,-0.0559932875411031,wave1,-0.0556726539850396,-0.0557904660542993,-2.386715386352412,-0.1913707030409508,wave1,-0.1905713009958357,-0.1910222744686574,-0.8367014005310115,-0.0193315972738473,wave2,-0.0190518159641083,-0.0190662654809917,-0.1715131635128584,-0.2529889994652098,wave2,-0.252346878575277,-0.2520466425555921,-2.571374789676558,-0.1068229288314628,wave2,-0.1064354334297912,-0.1065483322962534,-1.8895591879367857,-0.2009862524963446,wave2,-0.2001593731220353,-0.2006299092864379
e4d11eca77,1.5060245327574393,-0.2911498590031809,wave1,-0.2905480826187334,-0.2903042825272584,0.5956983737593983,-0.3750248861420886,wave1,-0.3746154416493887,-0.3742836858722109,0.9788561326970264,0.2036472989563698,wave1,0.2037548808749034,0.2039039820102852,0.9402473608022108,0.279941241067092,wave1,0.2795928398852023,0.2798238489696864,0.2053118957101143,-0.2599652045226257,wave2,-0.2594120229905532,-0.259154532537563,0.2298432524867067,-0.3267421005640967,wave2,-0.326410360456381,-0.3260759907523216,0.4628553956150399,0.1886325591909379,wave2,0.1887670746010059,0.1888861403948263,1.168177820012782,0.3028562964593546,wave2,0.3024876796479105,0.3027094049999176
e52464d9dd,1.8379895987803812,0.1222780296568799,wave1,0.1222257613905297,0.1223204878480974,1.3844356369419757,0.2048271915447274,wave1,0.2045181728901529,0.2047056211941881,1.1449424621122049,-0.0872308281990016,wave1,-0.0870576281281033,-0.0872148180911301,1.8594740693160323,-0.0184414409271312,wave1,-0.0177949989383535,-0.017784097082816,-1.738916445381803,0.097202636448036,wave2,0.0971705378483986,0.0972669378721045,1.5043744974512725,0.1890353731513777,wave2,0.1887297297089015,0.1889265917114858,0.7904983537184407,-0.1234704649068908,wave2,-0.1232708321186789,-0.1234120901568224,1.447733706640563,-0.0524106306806369,wave2,-0.0517186079067178,-0.051714757974773
e59793e83b,0.7510315941712726,0.0374391022998598,wave1,0.0377660264599361,0.0377553119090517,1.3413454983522783,0.0715078951509326,wave1,0.0718739045937361,0.0720551923987692,0.6999254057338524,0.3435131073979323,wave1,0.3432922643977634,0.3430443957947615,1.5774755477174969,0.3740562417190882,wave1,0.3739656982947776,0.3737409908961346,0.6138942283462591,-0.0601288534435767,wave2,-0.0596962814366101,-0.0596888745608054,-0.1605983004250909,-0.0417339256317797,wave2,-0.0411898931629085,-0.0410203237832672,0.5792048837255508,0.2585960209971738,wave2,0.2585025412290045,0.2582514331910726,1.2422744631608682,0.2616777883003469,wave2,0.2617520986830119,0.2614980531061225
e7a9dd45eb,-0.9805096853806626,0.5447663174138668,wave1,0.5440978767385278,0.544431208183989,-2.663748270123582,0.5387693599482761,wave1,0.5380691081903375,0.5382696909813542,-0.0637293272026407,0.3976134470638801,wave1,0.3973873791419382,0.3973537777748281,-1.3098525037182909,0.2527359961079422,wave1,0.2526151385425396,0.252591448771676,-0.5177859937635586,0.4299670297400544,wave2,0.4294659385189665,0.4298066205583586,-2.689996688614646,0.4385108738884293,wave2,0.4379482549044813,0.4381725695905218,-0.5433878251458136,0.3083070532530827,wave2,0.3081932354759471,0.308191783127498,-1.26251901753909,0.1361286682283546,wave2,0.1361475653521719,0.1361340802290635
e969f940db,,,,,,,,,,,,,,,,,,,,,-1.1390997488777297,-0.0465503830780593,wave2,-0.0466441173765956,-0.0463144874916472,0.545504248365804,0.3466549766903687,wave2,0.3458407730227574,0.3462380970945068,0.4565632811068303,0.0506778315810789,wave2,0.0508869316179794,0.0507630955816633,-0.3737600114378753,0.2906303031927605,wave2,0.2907555850466023,0.2904585533695011
ea0c12984b,-0.7530336319795071,0.1271531046416126,wave1,0.1272355077411489,0.1272558131650108,-0.270346920461232,0.0615387973645659,wave1,0.0618988906638086,0.0618780799786166,0.5952257931622548,0.208835683820806,wave1,0.2089699193906533,0.209120062233066,1.0557594280146465,0.0935021219099082,wave1,0.0935019074234391,0.093422911792376,-0.3245074874914395,0.1699862493311595,wave2,0.1700135178398155,0.1700476633992563,-0.4438705973481158,0.1146647058014761,wave2,0.1149477006694844,0.1149490753830279,0.1713675892587056,0.2082611140349002,wave2,0.2084152090050361,0.2085298492364937,1.0124207921493382,0.1344952513985594,wave2,0.1344056833637331,0.1343702539874101
ea94d43487,0.1096867630777093,0.0050029437557927,wave1,0.0046570362452866,0.0049268736842739,-1.448649997228057,0.0814189399664936,wave1,0.0813791043309269,0.0818866651430728,0.5668084798432615,0.2825932240841956,wave1,0.2825060968129983,0.282396130505084,0.6516212291000538,0.3690863736562195,wave1,0.3686107793109875,0.3689081423375597,-0.1647495691045405,-0.0430060963053745,wave2,-0.0432853926757502,-0.0430286078613702,-1.313391127456654,0.0440824966227512,wave2,0.0440966566706068,0.0446050321435306,0.2939986287354334,0.2087545934880387,wave2,0.2087718793610334,0.2086423043778641,-0.7039426531865861,0.3026352647812235,wave2,0.3022571894039413,0.3025408952933847
eaed254579,-0.7149282330516681,0.4348790409912151,wave1,0.4344238521730375,0.4343745423138376,-0.6482163767331321,0.457450695587095,wave1,0.4570836598498305,0.4567946100846546,-1.5650468543085077,0.4342498533543804,wave1,0.4339647813344722,0.43396433053721,-0.2669875586932882,0.1492954375961878,wave1,0.1492957325229783,0.1497825301588929,-0.0700849090901723,0.3530823746543465,wave2,0.3527358872823878,0.3526708961678728,0.613738676438573,0.3768581795283293,wave2,0.376606954410485,0.3763222930488171,-0.2876717894500497,0.3790885525169414,wave2,0.3788814578191699,0.3788686120926372,-0.3086228291655143,0.0737516309623124,wave2,0.0738529947137155,0.0743589729461057
eb21487c55,1.2740428816973344,0.0588556223967435,wave1,0.058948977297107,0.058932566408808,0.1976437434582732,-0.3483813711093081,wave1,-0.3478622988450498,-0.3478768141998657,1.657568509880836,0.3486679924286422,wave1,0.348468969549002,0.3485482550220293,1.229398132905556,0.2439031093676346,wave1,0.2438118105182117,0.2441777628957427,1.8322612620119865,0.0904452693896005,wave2,0.090508737666233,0.0904978150945574,1.425401048666624,-0.3066358411000257,wave2,-0.3061816598122165,-0.3061750563975144,0.9770239631178848,0.3372322443982365,wave2,0.3370620942407694,0.3371253608545892,1.2263954922533278,0.2696310928362623,wave2,0.2695094051667152,0.2698471531693786
ebaee9de3b,0.5516670223548814,0.1953950735122699,wave1,0.194843477555866,0.1951316355389533,-0.3431896881513977,-0.1713084082636752,wave1,-0.1709790914941004,-0.170497770274178,0.4103175848846254,0.4302711324590232,wave1,0.4299399042732227,0.4297749943186161,0.0782405775118678,0.4209169730588988,wave1,0.4202231252817356,0.4206125139700449,0.6979188205246644,0.1497914633218399,wave2,0.1493029488031174,0.1495781430340352,-0.1543654279305006,-0.2054846572901826,wave2,-0.2051064168815594,-0.2046242020735552,0.987015923383426,0.3584750966449982,wave2,0.3582456891742779,0.3580611181293244,1.0584208163762148,0.3565494431271414,wave2,0.3559499003132406,0.3563260196794448
ecb04a3998,-1.8731103493738908,-0.2167234684428111,wave1,-0.2161780081568553,-0.2160928796207066,-1.0019972041531882,0.1373452927241721,wave1,0.137636626014561,0.1376385768177045,-2.1077551410163835,-0.1949803155770422,wave1,-0.1942328603381138,-0.1943282460663165,-1.0184194999164122,0.1416600850255467,wave1,0.1413446442868869,0.1415074450458651,-1.0283609826374238,-0.3265905470932732,wave2,-0.3259035139387757,-0.3258044656087939,-1.4479697534240463,0.0315911129420073,wave2,0.0320319685135962,0.0320314441134906,-0.9578287892291562,-0.3058645661670554,wave2,-0.3049871238923878,-0.3050670799203703,-0.8555375765207653,0.0190541082702282,wave2,0.0188892431017462,0.0190048548246822
ed0c65f112,-0.4116717663517571,0.0993300736480144,wave1,0.0990831919985714,0.0988884725612643,0.1385319218332603,0.1078447369232287,wave1,0.1081678136883423,0.1084986897614865,-2.7265033883724854,0.0746023022690608,wave1,0.0751782653653289,0.0749480837407959,-1.6761963736377743,0.0779741859011926,wave1,0.0782143150442473,0.0783216270702237,-0.7172032889703533,0.008013902508391,wave2,0.0078928280901026,0.0077213137310162,-0.7110046945559588,0.0042227001935981,wave2,0.0046831351381855,0.0049815494606382,-0.7835639145676261,-0.0157210302487663,wave2,-0.0150265463691235,-0.0152822454818922,-1.3558963710397045,-0.0246483788226113,wave2,-0.0242129312385615,-0.024184700595782
ed5cf7e212,1.1786207190533438,0.0146505108601315,wave1,0.0147731983781906,0.0150775608314592,0.6800904101960255,0.4246039202798213,wave1,0.4239776371968105,0.4242965529591675,0.7888489856033862,-0.0006391685863282,wave1,-0.0003158381328887,-0.0003430647229076,0.878178092674881,0.0924942949707534,wave1,0.09260595388006,0.0925929310968287,0.7257437537478361,-0.0980441721932434,wave2,-0.0977574433015209,-0.0974457089385625,1.1587678522006428,0.3231052761838369,wave2,0.3226184521090058,0.322961065306061,1.0154548475196332,-0.0889438594619618,wave2,-0.0885100414641419,-0.0885053047634369,1.081135047487762,-0.022776141151132,wave2,-0.0225266945214009,-0.0225296131972774
ee1f4fdd9c,0.3674726056827822,0.0223340849990308,wave1,0.0225439168164603,0.0227394358469733,0.7541682026553805,-0.3559377718923239,wave1,-0.3549881624174241,-0.3549722824444618,-0.0484923551244352,0.2559277050844077,wave1,0.2560688690679613,0.2560877848969467,0.4251309164498458,0.1901881721613175,wave1,0.1899869474683309,0.1899329314963188,0.104820965096099,-0.0246896688243695,wave2,-0.0244197050138467,-0.0242055433725911,0.8487385172427588,-0.3903830176758754,wave2,-0.3893860442918982,-0.3893570785686165,0.5642190370942737,0.1779852160380566,wave2,0.1782300232383551,0.1782355457478026,-0.0802492464997551,0.1345889699814758,wave2,0.1344305022821819,0.1343740535456963
ef6aa2e300,1.267299042914999,-0.1075317526083684,wave1,-0.1070422599656854,-0.1071961740782408,1.0124816275970197,0.3172993186022448,wave1,0.3167913857200108,0.3164991506367296,1.4842464301275455,-0.1215864224515491,wave1,-0.1211559637763702,-0.1214236916810601,1.5435082604958077,-0.0608740588328752,wave1,-0.0603745185446473,-0.0606234821376074,0.8147452172031411,-0.157678788851726,wave2,-0.1571103053566883,-0.1572942294385072,0.6617142682877133,0.2781076838847216,wave2,0.2776451758913607,0.2773627442333235,0.8835074419063748,-0.2015705812405964,wave2,-0.2010268615449263,-0.201315756532162,0.94677696770137,-0.1326566093141507,wave2,-0.1320543342206385,-0.1322917736627561
efacffa04d,1.223094246551366,0.5107392373904561,wave1,0.510186801361974,0.5099923189243633,1.1936725868907327,0.6074514116445096,wave1,0.6066361979442336,0.6068778059325555,0.1121998038283093,0.3592558632548841,wave1,0.3589413634381149,0.3586506782881375,-0.077011135652875,0.2507468964433046,wave1,0.2511964366711565,0.2507269827865406,0.6192840810643979,0.4629623938470065,wave2,0.4624792974675075,0.4622904433853162,0.630809013371279,0.576957144689813,wave2,0.5761756638529449,0.5764288260717232,0.7195999948926086,0.2858329561128507,wave2,0.2856285674995695,0.2853045923699113,0.6196252166954148,0.1899750358573253,wave2,0.1905112480166957,0.1900507304653074
efc9027703,-0.1242557726219232,0.5669544916587479,wave1,0.5663289455198162,0.5665745641317521,-2.263450202789769,0.3056587368238793,wave1,0.3056852026090614,0.3057276361287381,0.1048538823680874,0.6778976617238837,wave1,0.6775532443068724,0.6775206703991461,0.9158424613375444,0.5333290358004159,wave1,0.5326999795655663,0.5328493799503005,0.101912548173631,0.5439297143190074,wave2,0.5433338568199231,0.5435888850626234,-1.73595880355151,0.2892453294457765,wave2,0.2892942815533351,0.2893432790594475,0.0115733202844329,0.6407615726575895,wave2,0.6404669565504031,0.6404277579151498,1.021232814627574,0.5055141187612413,wave2,0.5049066492387244,0.5050547929767715
f19261b7cf,0.4455017066543169,0.0329125855906466,wave1,0.0328010103059649,0.0325648979556016,-2.260356797851577,-0.4113002868236828,wave1,-0.4102612701727737,-0.4099978397104649,0.3831270545724705,0.3533203459695472,wave1,0.3535001673879349,0.3533143349300286,-0.8544068605819595,0.2120347679784557,wave1,0.2121823128534982,0.2121173060302032,-0.6405427421766999,0.0912645886695474,wave2,0.0910818649217421,0.0907699088971617,-1.73985807193384,-0.3122836641322259,wave2,-0.3113677356523272,-0.3110853585147208,-0.4445546804029455,0.3355684037744998,wave2,0.3357496477481566,0.3356117824010972,-0.6635864632240273,0.2643936744190018,wave2,0.2643947773348067,0.264435923450933
f25a9bf5b2,-0.8004185780640504,-0.4162722632273131,wave1,-0.4154066020418262,-0.4155903478494506,-1.1335194050718618,-0.3452680549166267,wave1,-0.3448727623678329,-0.3451229751516362,0.0455867444651565,-0.0547600380084395,wave1,-0.0544117524956361,-0.0544823479655708,0.4560965070926425,0.1629452040593178,wave1,0.162951991429672,0.1630428066727399,-0.1536785706247566,-0.4401979886569435,wave2,-0.4392941878536393,-0.439492980506906,-1.9098989133710609,-0.3642165402338699,wave2,-0.3637993827365311,-0.3640448173154067,0.0642995756637113,-0.0943157242752189,wave2,-0.0939109553753844,-0.0939923067153755,0.387400324269448,0.1271957886289277,wave2,0.1272538162696295,0.1273500953063136
f3682c37fa,-0.1350726508509649,0.1084102759039591,wave1,0.1084711347558557,0.1084394573143778,0.307706108642805,0.4666640024809204,wave1,0.4663372979432924,0.4661367897755334,-0.3898456089070192,0.2034189439921139,wave1,0.2034845725081373,0.2035215427488075,-0.3401983117612322,0.2488307532225137,wave1,0.248723202474265,0.2491040951517803,0.3911366818362784,0.0568133677018665,wave2,0.0569548242868254,0.0569130747318464,1.1256407923933816,0.4276795404926327,wave2,0.4274044370627384,0.4272286457086606,-0.2373838215130992,0.1356657683577831,wave2,0.135839509248306,0.1358479907077527,0.3545682372938085,0.1971249110654841,wave2,0.1970907348475,0.1974623592660874
f40c72ae7e,-0.2286839686014563,0.127194340845338,wave1,0.1267776790079962,0.1271944931579711,-0.0137540763070902,-0.2893806230025676,wave1,-0.2892213281233305,-0.289314925824406,0.8493602325085247,0.3567035058142958,wave1,0.3564704080882048,0.3565219934899866,0.3611241909901178,0.3085884127629785,wave1,0.3088825135728458,0.3083769589656421,-0.0367659380437658,0.1538273322550219,wave2,0.1533969854206756,0.1537954449102048,-0.537105517249635,-0.2372576181670117,wave2,-0.2371510875490784,-0.2372198460651348,0.9211292081335644,0.3340584295407978,wave2,0.3338630684993369,0.3338996131446259,0.0921476299329631,0.3348201333451538,wave2,0.3350783487202557,0.3345584746849669
f64b1b4202,0.0619501681021813,0.2257048416697608,wave1,0.225334001826054,0.22500921593,0.3909626018418252,-0.1661830075066106,wave1,-0.1654645219421158,-0.1651354675294101,1.3658287846310406,0.49399335806683,wave1,0.4939691287547906,0.4938587694925375,0.1168569467734563,0.4263186512934044,wave1,0.426031063271018,0.4261680982343009,0.0256166674815195,0.2050182547973448,wave2,0.2046773954118745,0.2043476173039002,-0.0922067955598745,-0.1849929917780017,wave2,-0.1842480715176804,-0.1839264496785739,1.2765963791234942,0.4609307535395109,wave2,0.4609470228908513,0.4608359931991111,1.336315098046209,0.3995330315580855,wave2,0.3992880097982937,0.3994164848229859
f6a6665561,1.4158425081701709,0.4847655550582553,wave1,0.484042173599411,0.484297053868632,1.4212134684993196,0.5330267488194981,wave1,0.532004764691617,0.5322089401777587,1.1688270529369436,0.3413544711056961,wave1,0.3410257131166334,0.3411597932035697,0.7489621475299781,0.2495248839271863,wave1,0.2497666986682689,0.2493011069435892,2.303708686002948,0.4284435544597081,wave2,0.4278031972431311,0.4280513666046999,1.5166292043978613,0.4870402825143066,wave2,0.4860929085667381,0.4862898297349077,1.6020281265315428,0.266851814538688,wave2,0.2666231293903478,0.2667654635416818,1.1844672233697466,0.1833258443280307,wave2,0.1836513069688982,0.1831958421842989
f7752a1bde,0.1986692572421522,0.1979258741362505,wave1,0.1972997761342134,0.1976138036054062,0.4214057333733369,0.6542425614744077,wave1,0.6534075053903708,0.6538371462767331,0.697997858346044,0.2420193774849238,wave1,0.2419363841530214,0.2419111216547259,0.7309727518017062,0.3492005756976354,wave1,0.3487461925375167,0.3490242884844429,0.6722202274522856,0.1217419442298334,wave2,0.1212377090229792,0.1215398602248213,0.0096172929404265,0.5630917277864372,wave2,0.5623859322467973,0.5628256703306537,1.556039672588519,0.1964628645881082,wave2,0.196453933826482,0.1964131856651133,1.238478815549763,0.269506959665811,wave2,0.2691770947214879,0.269428506391629
f79d33f18d,0.0907864053356735,0.4615070401280386,wave1,0.4607374988234326,0.460609008928777,-1.9372457785848,0.4906902514466673,wave1,0.4905399740898897,0.490812626267231,-0.3945520941651982,0.4480672997021816,wave1,0.4481439272327047,0.4479990178032652,-0.0215246927197466,0.2092548725920655,wave1,0.2093616277886158,0.209401786058261,0.5385004006138123,0.4712973346151708,wave2,0.4705201369937518,0.4703491837343682,0.2061972431270813,0.5232616363072937,wave2,0.52307381761557,0.5233484023027546,-0.0622901176300351,0.406728088335642,wave2,0.4068449556797876,0.4067233911295272,0.5145263088357614,0.208083345352078,wave2,0.2081600279337949,0.2082451234530308
f9839e79d2,-3.0829145914391263,0.2096133346928915,wave1,0.2094639496804403,0.2093301731174274,-0.9007039287665013,-0.0215818251074699,wave1,-0.0216017144692075,-0.0213062527051445,-1.4797119915645929,0.234239221857988,wave1,0.2340288850935046,0.233865457993728,-2.1286566690402724,0.1005599859906956,wave1,0.1012100044104882,0.1007333126992853,-1.1624514174273402,0.1592310142798129,wave2,0.1591538756357747,0.1590259123688556,-1.119343849282544,-0.0535499470358368,wave2,-0.0535337177392964,-0.0532271095037352,-0.4857485090218476,0.1569048373081867,wave2,0.1568090186063462,0.1566124948663008,-1.0970821867175216,0.0382068355486582,wave2,0.0389452207476182,0.0384779634069103
fa5579e04b,-0.9574063282563376,-0.2544883344078912,wave1,-0.2538960038490316,-0.2538023382382681,-2.3300324706099707,0.0694961808343371,wave1,0.0695323612890778,0.0694957587313823,0.0658821540460925,-0.008376226959842,wave1,-0.0081300137682988,-0.0083552386091704,0.565585265794064,0.1562702887273823,wave1,0.1566347932965285,0.1569622660258788,-1.0001216368786554,-0.249513933699087,wave2,-0.2489426276106543,-0.2488512224477002,-2.8766090324146947,0.0896621296722423,wave2,0.0896134953729975,0.0896260703680081,0.122402734735481,-0.0567758590205528,wave2,-0.0564948165849882,-0.0567251481570044,0.1835820932456483,0.1209473370012387,wave2,0.1213646097202178,0.1216323507023681
fb5094f9be,1.115175406790163,-0.1917941139894547,wave1,-0.1912441459909415,-0.1913076518308842,0.8285876350486829,-0.4548074837836312,wave1,-0.4541928818591777,-0.4539497530551998,0.8784397326744848,-0.224925060902533,wave1,-0.2241965627333568,-0.2243785709850394,0.1931544349346694,-0.0386063871019549,wave1,-0.038277378753157,-0.0380919890185284,0.749528158203966,-0.2474771662531243,wave2,-0.2468426163214834,-0.2469159342266633,0.673660842177858,-0.4955576200864279,wave2,-0.4948896997438085,-0.4946225880239808,0.8870385475236904,-0.3028463918207675,wave2,-0.3019991561701172,-0.3022088107038048,0.3628908990034858,-0.094710897835489,wave2,-0.0943030832172121,-0.0941273403619748
fbc2d6f448,0.6326899073463349,0.2350692424967418,wave1,0.2348885116704909,0.234728599364752,-1.2093530549493523,-0.040475852325745,wave1,-0.0404883433177458,-0.0401513587047419,0.2204767762481091,0.3303305893538319,wave1,0.3299450327567954,0.3298647061334883,-0.4502504314841475,0.1423335874022216,wave1,0.1429206744183522,0.1423939468169559,1.2045561834406593,0.1857395975898587,wave2,0.1856300260007696,0.1854758721322048,-1.685410708366217,-0.0723582605172141,wave2,-0.0723348397719784,-0.0719865949042299,0.7517148218795342,0.2547526211507813,wave2,0.2544796842192385,0.2543661127428813,-0.3674827533649283,0.08071305119924,wave2,0.0813877743868609,0.0808702700821671
fbdafd951f,0.5132166534874771,0.3344766857900235,wave1,0.3341533359867071,0.3344598930700898,-0.700051973470455,0.1106774031483704,wave1,0.1109765380847637,0.111049430134669,-0.5305780904789363,0.3758625880229684,wave1,0.3759066590056068,0.3758564422213022,-0.980038592992286,0.2658337784612493,wave1,0.2654715598965403,0.2655674157517949,0.9735082149027472,0.2852623033793149,wave2,0.2850019124271164,0.2853269916296149,-0.7561673777487715,0.0765519469906269,wave2,0.0768979333363776,0.0769838972504074,0.1617145990195991,0.2966861800302329,wave2,0.2968347464290051,0.2967712415498209,-0.7206978855798192,0.2082404276572472,wave2,0.207923900121737,0.2080172333222363
feccc75c1f,-0.3241492235248,0.4251096088215206,wave1,0.4246518402079874,0.4244695177172007,-0.6004682546602311,0.0857051229992483,wave1,0.0855515813317724,0.0858424872867858,1.2924638474908057,0.6206000937623797,wave1,0.6197772903991381,0.6198301523062169,1.4461443608802644,0.3845683695720165,wave1,0.3848088900177726,0.384247228018306,-0.4840265582308958,0.4020522453452936,wave2,0.4016283530254426,0.4014487699507815,-1.929824165999431,0.0700899391011702,wave2,0.0699537580807086,0.0702504997438134,1.2391314076945863,0.5854612499298528,wave2,0.584691807509536,0.5847280457378519,1.1304210440675388,0.354738079413903,wave2,0.3550214620086429,0.3544639840227888
ff30c563d8,-1.0112616721568664,0.138656885988508,wave1,0.1387196325064828,0.1388282453984959,0.1521215726649321,0.1457339653738091,wave1,0.1459647595453311,0.146043297985594,-2.07968532865113,0.0125182397417138,wave1,0.0129644238720245,0.0129744302409411,-0.1983566381141205,0.083055841734504,wave1,0.0828856781918768,0.0829322586293235,-1.636731681074075,0.0909823012698716,wave2,0.0911051537843157,0.0912323223243012,-0.6584007363313186,0.1135447838593534,wave2,0.113819539301048,0.1139111003297971,-2.6352785445810354,-0.0660047519003257,wave2,-0.0654558319321856,-0.0654591599724787,-1.4088950376866174,0.0282395415426155,wave2,0.0281108157320935,0.028155279110013
