,wave1,wave1,wave1,wave1,wave1,wave1,wave1,wave1,wave1,wave1,wave1,wave1,wave1,wave1,wave1,wave1,wave1,wave1,wave1,wave1,wave2,wave2,wave2,wave2,wave2,wave2,wave2,wave2,wave2,wave2,wave2,wave2,wave2,wave2,wave2,wave2,wave2,wave2,wave2,wave2
,language,language,language,language,language,memory,memory,memory,memory,memory,executive_function,executive_function,executive_function,executive_function,executive_function,speed,speed,speed,speed,speed,language,language,language,language,language,memory,memory,memory,memory,memory,executive_function,executive_function,executive_function,executive_function,executive_function,speed,speed,speed,speed,speed
,target,cookieTheft,wave,picnicScene,journaling,target,cookieTheft,wave,picnicScene,journaling,target,cookieTheft,wave,picnicScene,journaling,target,cookieTheft,wave,picnicScene,journaling,target,cookieTheft,wave,picnicScene,journaling,target,cookieTheft,wave,picnicScene,journaling,target,cookieTheft,wave,picnicScene,journaling,target,cookieTheft,wave,picnicScene,journaling
sample_name_longitudinal,,,,,,,,,,,,,,,,,,,,,,,,,,,,,,,,,,,,,,,,
01d1fdfc3a,-0.0926768347018185,0.0871101655113681,wave1,0.4318051348075507,0.2391100238428976,0.3275170415149918,0.0497648623104518,wave1,0.521212485864962,0.371387432157565,-0.8052226368361949,0.231462423498818,wave1,0.3889585756876588,0.1053692723441932,-0.6889018989645508,0.2835361181028692,wave1,0.312490173536698,0.1379395543009593,-0.6884618027268482,-0.4722456447788867,wave2,0.1791602943674934,0.034691644647709,-2.6762967270239693,-0.1040339331446433,wave2,0.2416054190357364,0.3415453308122693,-2.3579707243339714,-0.4671669337513122,wave2,0.0812025200195896,-0.1401107811551198,-2.152384821700844,-0.0578437467433262,wave2,0.12485732207676,0.0807386857030316
0367083668,1.1244009817362226,0.3358441797421405,wave1,0.164042478312747,-0.2015921558984996,0.1849612764562636,0.1157899633902579,wave1,0.0247577236052431,0.1660579537639634,1.3716042788474947,0.6722819458970486,wave1,0.4678232472541173,0.0605670761924144,1.5593196682301913,0.6936436558589718,wave1,0.3002984375782307,0.5261983709269304,2.241093307614176,0.1534610446393065,wave2,0.0006907079342699,0.6086538378260813,-0.3284010581112728,-0.114795406295862,wave2,0.2602367004701464,0.4531981812706134,0.9443844365440088,0.4183752480490184,wave2,0.1008683990395935,0.420706043932801,1.4701315657679803,0.3180141835482081,wave2,0.5166639142074962,0.4387388319918683
048eb2a01e,0.8945933181698569,0.6689645773121515,wave1,1.0192325915068017,1.3591890440699033,0.0466464591444871,0.166653798724194,wave1,0.5951579135884115,0.5979453538774218,1.0682586662265103,0.7039692450218206,wave1,0.8640261798958698,1.0951798624544646,0.4825281155356719,0.2828567693852172,wave1,0.5551435228525993,0.5583535157740128,0.3174818457857861,0.0845533301804108,wave2,0.5190550590897314,0.4451303225183498,1.167577172531603,0.2628542504547702,wave2,0.3761962563728951,0.4469694060286699,0.2118132229364681,-0.028720264372306,wave2,0.3513486294653859,0.2796055496259725,0.2620237308650253,-0.0408786461123868,wave2,0.1483270954227818,0.0691877726112025
049af4901b,0.9835481013757168,-0.3451175066152114,wave1,-0.4137064656304667,0.0656192068388803,0.1435161777586736,-0.1756480645309182,wave1,-0.0066494372421153,0.1886545815783487,0.3991277012440931,-0.2160467729952552,wave1,-0.3569396972408593,-0.0094603540921734,1.1303461117674969,-0.2501465357629547,wave1,-0.3317543064855516,-0.2048318439854503,0.8349173963137877,0.0711955086049591,wave2,-0.8880408631754613,0.033202672296895,-0.2835845600987861,0.117671354422757,wave2,-0.2199697092932417,0.0903682683606219,0.4915330767193296,0.108260753686655,wave2,-0.7368894031408145,0.2703766918034019,0.7320804757273103,0.1556258409400449,wave2,-0.4453742217529094,0.1520555321509072
04d9f72ef8,0.5887009286154449,0.073120107755543,wave1,-0.1110761055580527,-0.3697348084211156,-0.4154599897013635,0.0007425614559168,wave1,-0.1026792795836348,-0.2901635492210939,-0.0741938883862771,-0.0256278864473959,wave1,-0.1519685529667085,0.1348517466907575,0.1586122740354188,0.0372541720486542,wave1,-0.1574315879657156,0.2171411407036657,-0.1488554529997751,-0.2204365940834169,wave2,-0.2868304351998971,0.0924753090406209,-0.6626341002515218,0.0800491136415024,wave2,-0.0481199628871997,0.2538708432391916,-0.7447929839976334,-0.0169024611079935,wave2,-0.0672999675575805,0.3839220936037137,0.1123489905742098,0.2586160068027774,wave2,0.1354409043622164,0.3869804513857032
05bac3f500,1.0186308574730842,-0.0033458033586708,wave1,0.2735779911421612,0.5946768054885188,0.0346085984495266,0.4001615749407299,wave1,0.3273582980087046,0.0490962297561345,0.9528228752953178,0.3946690954833646,wave1,0.4564186025448457,0.7268848211703841,0.1222317933573492,0.3723920078294564,wave1,0.3909384441203689,0.4244309783551975,0.8375297356484717,0.2070372098504607,wave2,0.1211017539826659,0.1742483864414965,1.1287431996238024,-0.3044349169250151,wave2,-0.2628338306950475,-0.3652259248641423,0.6174120526215144,0.3274191031397356,wave2,0.3700101711635021,0.3039883884489142,-0.5383089410302051,0.1133681583476723,wave2,0.0480527326971806,0.0825343508387554
05d32e31a6,-0.8208325928872522,0.4049068721366082,wave1,0.6636951306860035,0.7048755824676527,-0.5603022743409272,0.3445090833694124,wave1,0.1189663157619531,0.6449423311090763,-1.125078598609495,0.3138197736474832,wave1,0.517762059336375,0.3900306270089089,-0.811234172933683,0.2381341724990228,wave1,0.1840186771166669,0.1573653104379932,-0.578316030404303,0.4817290762463804,wave2,0.4902453283028647,0.7955553608468344,-1.4095240622577128,0.2722964723432886,wave2,0.020925294291995,0.1769972694970738,-1.072464446147317,0.2011995296653717,wave2,0.2050539079579054,0.4077536168838256,0.0642939104903444,0.0782632289423321,wave2,0.0724274760909373,-0.0038879913465795
066311bdf1,-1.2956976945301577,-0.7583233859712961,wave1,-0.2504545742234905,-0.791018676056058,-2.1375296081193538,-0.279415816573485,wave1,0.0236301977368054,-0.2582618880276732,-0.4591438463000826,-0.4985090490100885,wave1,-0.037996670874121,-0.5881073312859348,0.3365989971746341,-0.5315724687477004,wave1,-0.0794574416761748,-0.3988375648893729,-1.158193111846202,-0.7051142829452606,wave2,-0.2508228862124211,-0.0579387887488525,-1.5100602535845773,-0.5209234518584935,wave2,-0.1834426862592262,-0.1435046771452266,0.0015053904408073,-0.333809782307348,wave2,-0.1061479458936742,0.5518327483373995,0.6294607068080871,-0.2355308627973506,wave2,0.0200193299615074,0.2298260133245522
076f1bf703,0.4846460339576645,-0.1474960604928281,wave1,-0.3471917159289261,0.3626183764834325,-1.0085846867226074,0.0229945334239602,wave1,-0.1427970354225838,0.1378348070750399,-0.0416943764341352,-0.1319109791458297,wave1,-0.0244360579221947,0.3569415904116995,-0.4566050136973412,-0.0935588666403687,wave1,0.05550529065483,0.2625696737304682,0.5974647998570572,-0.3229610937373086,wave2,-0.0051161556471541,-0.6453060905571986,-0.0898173603581771,-0.2018414819734397,wave2,-0.3424302527260101,-0.057075856416771,0.7512756151928103,0.0722762604045019,wave2,0.2472599007139004,-0.5482096125864167,0.4717502524673662,-0.019785886575777,wave2,0.2136250004993621,-0.2702469848390466
07e1d0ceec,0.2870785606323957,0.0225786296917083,wave1,0.4380175288501977,0.0494780701412627,0.7078401220673014,-0.0402052126153802,wave1,0.2206760927966038,0.3632849398760873,-0.2812792244212733,-0.0299137326950074,wave1,0.398411482115756,0.0524353033426754,-0.4924199584081979,-0.1793541709589684,wave1,0.2380009323539614,0.1071049988189217,0.2693196642094954,0.46542458942523,wave2,0.1716185523185114,0.1233062928897279,1.1689822914327528,0.4244988704444843,wave2,0.2599542474326526,0.325154098978075,0.6778116041871403,0.4127368404757954,wave2,0.1568942674807885,0.3390488619489686,-0.0844142880938911,0.1755962094226334,wave2,0.0122291718386934,0.2219951003849311
07eaef0ed0,0.0321502445195013,0.236743813722694,wave1,0.2107683626439473,0.3975870886482149,-1.386504568107459,0.1581669457415242,wave1,0.1515201086617055,0.3746568710710698,1.149859378017028,0.3179619545257086,wave1,0.2595235899678174,0.4382724438762073,0.4168450980041131,0.4313753347442407,wave1,0.5855846590308195,0.5941973905739969,-1.6748692537843346,-0.0857113747179789,wave2,-0.0293462260548855,-0.5172318534576956,-3.1409034282992723,-0.2609004872546916,wave2,-0.1384617389103959,-0.3074837266373929,-1.4373974978938129,-0.0232106359207655,wave2,0.1217370781610762,-0.2065830447772936,-1.5490289420094046,-0.0320458348659148,wave2,0.2687915341918415,-0.2317732889041918
08cf21485f,-0.5177759656994178,-0.1002976976118439,wave1,-0.057657948122215,-0.0202076368789063,0.5487122205923896,0.3344063066695995,wave1,0.173913520316753,0.1535978913782778,0.0797353653897877,-0.0754853672847829,wave1,-0.1104239045122289,-0.1472626719725552,0.1305187005965567,-0.1311664635982471,wave1,-0.0619752823015113,-0.1371583374805215,0.4908241927792622,0.3645901874318709,wave2,-0.239664031236243,-0.1482937200202803,1.267470791856976,0.2788211202175734,wave2,-0.2056257777066075,0.0091939977282806,0.290858586149494,0.3272312503960247,wave2,-0.14722167434219,-0.0486340945157123,0.9108257387194326,0.2750102941065308,wave2,-0.1853027358225961,-0.2484961865812368
08f855a78e,2.090375759724631,0.3457670049555978,wave1,0.1223526482821142,-0.0302201724093313,-0.3513609273837668,0.0870983398671643,wave1,-0.2043355940088949,0.0120278885625606,0.9058492282706412,0.4216329937851725,wave1,0.3257958740645845,0.1192539604482191,0.77282855777843,0.4638119639593866,wave1,0.1740791628539727,0.2463868969568715,1.4645578655874305,0.1544302055521875,wave2,0.0464137869378673,0.301532154351291,-0.1733505256331946,-0.0427168588228421,wave2,0.1042633769406693,0.0648567560755108,0.7574739189659284,0.405044247789164,wave2,0.2277272012104866,0.4268517544732563,0.945347413423517,0.3027866868245733,wave2,0.3443574681764433,0.3508841505451648
09078398df,1.2053318468015517,0.3742156114493371,wave1,1.2515398606397925,0.8238798489284906,0.4317320008931888,0.2327264335585983,wave1,0.8413311184406154,0.8753276920256381,0.3712589464934701,0.2906461854866125,wave1,0.876082231740579,0.4504117270852026,0.494223471992167,0.2374308604371345,wave1,0.7177492411476457,0.225034447972566,0.5723366202295971,0.9433900157822764,wave2,0.7989997754197165,0.7857131331395422,1.372834263635363,0.7518173261542325,wave2,0.8872967199245512,0.6054211264121068,0.2397901084614002,0.758247661123423,wave2,0.4390534979583544,0.5009196265742952,0.5836096535247143,0.8525486146981741,wave2,0.4138700130449181,0.4614335219486619
0a0eba5eff,1.3147527897825488,0.6182835665235697,wave1,-0.0589967750272886,-0.2627739873796577,-0.9726616310643424,0.3970948670252612,wave1,0.3578780681794067,0.4244214393240619,0.460089071744309,0.71528134110345,wave1,0.1813271744474218,-0.0962940732345303,-0.1756016746787108,0.2697599511542818,wave1,0.0017337877669391,-0.1732233370273025,0.9641596942217202,0.191468258152236,wave2,0.037203353309303,-0.2963469510453751,-0.1092917794172194,0.2394200139206665,wave2,0.0376838756195125,0.2544925427350148,0.4880276351502394,0.2323560827107029,wave2,0.3105982920457486,-0.2536876792347384,-0.3199953919721194,0.1293420662141183,wave2,0.0857467832352119,-0.4591487124525849
0bf0088beb,1.7871273954791145,0.4061868367238817,wave1,0.3971201952057877,0.620571529298533,1.0332105782959922,0.2061839707291368,wave1,-0.144202226686172,-0.087307552649813,1.216464101731166,0.6956427151524969,wave1,0.4906894610234349,0.9041937678941824,0.3364329301680221,0.4947048624230938,wave1,0.1594197738369658,0.8678411723937125,1.440515841161333,0.753141070984706,wave2,0.2693455420771493,0.4266390181735087,0.7093107411122157,0.3120312536932466,wave2,0.1338163150549176,0.0315492812708959,1.0884591268716812,0.8030058883829676,wave2,0.534579654609088,0.6995735027698589,-0.0503549294131612,0.6620125465563413,wave2,0.5080021677559121,0.579143382154967
0c964e30af,0.0302383923907384,0.0088856308955393,wave1,-0.0383971617206932,0.148511976562591,-1.3030708519096823,0.0309233785581075,wave1,0.0773593095113254,0.3929049189358555,0.5175876269232927,0.2350328623304053,wave1,-0.0074563612404071,0.3169459376160485,1.0664639245449568,0.1587676942343497,wave1,-0.089302471694021,0.4498411799841212,-1.4364349268408836,0.123205640158184,wave2,-0.3224307516935905,0.1717601027813147,-2.351823051503106,0.0200030868633116,wave2,-0.10347527175779,0.4557436140526012,-0.0396379608704761,0.0607754745957659,wave2,-0.2798313746717892,0.2754778720747116,0.9565292039193096,0.1772483073701184,wave2,-0.211858855042219,0.3706477685867112
0e1914fc1f,1.6869073225884406,0.1953708552411841,wave1,0.4432815518037798,-0.0819294403643624,0.4953101873940163,-0.1065246511925852,wave1,-0.0956911664111921,-0.060048451297306,1.0409448415208653,0.3721742769701228,wave1,0.2525225952582934,0.1555987625409856,-0.4356317884152961,0.179860002958666,wave1,0.1927089341309493,0.1562986664279868,2.1490554175733467,0.2928625058628515,wave2,0.1686753283168576,-0.1528029758738669,0.0939085798075757,0.0869810295328614,wave2,0.0505258762282598,0.199036138266673,1.288939196550996,0.3775542115486188,wave2,0.3316908600147561,0.0053896925632159,0.3132993914371051,0.2881873300205606,wave2,0.2024475828191174,-0.1790892324702187
0e36b22961,0.949494128344849,0.5595101677946295,wave1,0.685110120003346,0.7020822989370081,0.0791321099480298,0.316499707433282,wave1,0.1979884880668199,0.3111305046153152,1.7721379211924382,0.4128019266206908,wave1,0.6268006341024455,0.6916291944775788,1.6112138142870662,0.4050374602088656,wave1,0.4433158875470785,0.55883984755041,0.6106484443897545,0.7027329345968047,wave2,0.2969005766500128,-0.0225887043289765,-0.0233372598199858,0.3614871928111132,wave2,0.0901267858469712,-0.2551665316525735,1.51853811557732,0.6534394602587312,wave2,0.251519892552325,0.1081072334628139,1.7211941808750753,0.5273270754346105,wave2,0.3674409156685562,0.31740597912838
0f2ea47017,1.3101812219851483,0.1753907576000744,wave1,0.5521795557764775,0.3095502526651019,0.3769800079891195,0.0917240936073422,wave1,0.1858993921482035,0.0262229002806078,1.1804625610918582,0.2050674225151662,wave1,0.6124967167160752,0.2852155663163241,1.5221378785962048,0.0616956468138282,wave1,0.3079779557738692,0.1834619896995037,1.7868604025480814,0.5264088294738407,wave2,0.6671987488698496,0.8071360777108589,0.8321115795494124,0.0702144901186681,wave2,0.239378242094707,0.0493870650270735,1.3021391634933346,0.5038472355545257,wave2,0.5014149055931113,0.8396866762840204,1.4343218865188636,0.3640100493181772,wave2,0.5241312789411781,0.6005874679615879
106c0c24ab,1.9556646331997072,0.5389522331239189,wave1,0.4556340232481819,0.1463296625251176,0.8000030472828137,0.4294028680063186,wave1,0.5024276395845548,0.1269632272729983,1.2697681841745168,0.6077637120800193,wave1,0.4824056841271887,0.241356176588925,1.1750990677122564,0.4687092570463564,wave1,0.4202360496724681,-0.0143947934148099,2.1215382288656373,1.0029578479488372,wave2,0.4855002148921103,0.206812607421488,0.9798145693587074,0.7821270471014079,wave2,0.8137445899953131,0.1990554543455267,1.67291425385577,0.9249906570257448,wave2,0.4221455323331994,0.2351523561933329,1.1754207707433395,0.8400100005725009,wave2,0.3224552361687076,0.129681843381516
110198db66,1.1821860236534985,0.7084114915371416,wave1,0.497975235101078,0.1230503711450508,1.1332518209859217,0.1943070329454517,wave1,0.2625484653454804,0.1421831251645928,0.3421518665113092,0.5825227717125202,wave1,0.2613329708945217,0.2051953662611244,-0.495653480411098,0.4258153674024869,wave1,0.1704159997754823,0.1377813208656563,0.8372527018216198,0.5202528307234395,wave2,0.530758815644734,-0.2273163944078802,1.327332231693074,0.0529282369899404,wave2,0.0179202779982221,-0.0442241201109967,-1.99764640884463,0.4431911260358033,wave2,0.465409953688516,0.1111571206867317,0.0802221791518926,0.3920433610362661,wave2,0.3440218442778186,0.1434924339532314
125da42099,-0.8575555460526478,0.4301467084499881,wave1,0.0941901304522416,0.2687279596842162,-0.4251039819123543,0.0968185596101871,wave1,0.0146038314155678,0.2390857119471479,0.5964425866062212,0.1946609694032883,wave1,0.0786071276592978,0.3800572756118721,1.2523165914024297,0.0200573497356712,wave1,-0.2740164050222129,0.0142182212084286,-0.053689860209821,0.3693655738749388,wave2,0.3961025005725958,0.5218273812874106,-1.6101860421923688,0.0523736200531332,wave2,0.1813879962535882,0.287558731063376,0.8783096394593839,0.3476863098136824,wave2,0.5055525601581807,0.4694953166569353,1.1261793156001263,0.0758779407090603,wave2,0.370565535425763,0.2381263018037961
1315ecfc57,0.9004651442973526,0.2320244621885909,wave1,0.5681054496790088,-0.2023325394701434,-0.6266338841414368,0.0842639902827466,wave1,0.1002749124579527,0.0895637614944873,-0.040913095731614,0.27905599978516,wave1,0.5275019086493824,0.312986905463954,-0.5947596515981853,0.0533793314334817,wave1,0.2501202746356371,0.3292398976590348,0.8821166364832678,0.0423533977145469,wave2,0.0984410948813123,0.4836253800503378,-0.5216910879561844,0.3261943331248733,wave2,-0.0498627373604045,0.2033980055427766,0.1672175653459353,0.1184430565124357,wave2,0.4240804069758539,0.7624398590482895,-0.4801418835704477,0.2319396672174386,wave2,0.449524702630507,0.7835755922281886
13a4a6c29c,,,,,,,,,,,,,,,,,,,,,2.145393615943142,0.5998504146950472,wave2,0.5337515590478823,0.7449201072591687,0.1044601367153245,0.4396131755516792,wave2,0.4877023013309516,0.6385071075650945,1.3167550876282297,0.6922642166374979,wave2,0.5350183828034245,0.7034211970056776,0.9365137861961907,0.762968367057292,wave2,0.3101908025997717,0.752825491657314
13b6d98318,0.4639526866271057,0.0362207136999641,wave1,-0.2719941007853497,-0.6183569339095367,0.0108814571269726,-0.0421311405652879,wave1,-0.1561288014685142,-0.4015205077308372,-0.1197165371170411,0.2215004539525661,wave1,0.0100613315125844,-0.1188077324530135,-0.3537407940707651,0.1194648748547526,wave1,-0.1689560949029725,-0.1519785131765057,-0.4423919651543835,-0.1988615437352616,wave2,-0.1443976402244926,-0.0499134479711949,0.570333049891497,0.0075760032617491,wave2,0.3885065775972138,-0.136591299878743,-1.6029212232551813,0.1177452836035827,wave2,0.0016591192313152,0.1373480343847949,-1.0032485109963758,0.1300054806046608,wave2,0.2906258415335216,0.2203033601968249
14a4bfe8ec,-1.7719644924392828,0.265120657721591,wave1,-0.1845688001237557,-2.194686082749481,-0.8130676928420301,0.2082176611046529,wave1,0.0639387345499618,-0.5035624740056452,-0.1801597801016499,0.4846134812721672,wave1,0.0864750945140884,-1.1260595963972877,-0.8663830430911814,0.5200991044125083,wave1,0.1323869665809313,-0.6740949438399186,0.4331636519294221,0.0426735523182055,wave2,-0.2546793063916599,-0.6134293917405236,-2.513976123966968,0.2112794731474856,wave2,-0.2146466507578621,-0.0984945084249957,-0.8872993494710724,0.2830061329705879,wave2,0.1658023045851193,7.635260651128739e-05,0.2215144751095425,0.345104300242071,wave2,0.29493540224065,0.1721611445723671
14f56ec180,,,,,,,,,,,,,,,,,,,,,0.1808638415124028,-0.5419141740613764,wave2,-0.5514783162676957,-0.2016055598409976,-1.5682417892661216,0.0937511467483216,wave2,-0.1483797509999478,0.2369569264289488,0.0311035993758242,-0.084477630266297,wave2,-0.2404307488797781,0.1145497697243453,-0.4171132404224619,-0.1510297820126319,wave2,-0.3991419548516824,-0.0701748615188267
1547e2dad3,0.5770193520974203,0.5590389922604371,wave1,0.8019423980043374,-0.1050100147358512,-0.3058282780459641,0.63859916860957,wave1,0.4517936264276638,0.5285384250336569,0.4738837802440292,0.4723920132386662,wave1,0.4521444439388266,-0.0902162049828231,0.7556982042155738,0.3556468303769568,wave1,0.3018303758075091,0.0831936224254025,0.337197273109782,0.1683322635241713,wave2,0.779819918831425,0.4366797427220148,0.1364350832795826,0.238210519644892,wave2,0.5877933601366037,0.4069524007746072,0.463363578644319,0.1814495775322812,wave2,0.2899855945181991,0.1706333875117111,0.4221907401816844,0.1161456815720273,wave2,0.0842536992296684,-0.0970325324994212
158bd7a026,1.405278403386756,0.4858778259140286,wave1,0.5057025450339152,0.2720116196551436,1.2356288623633118,0.2996752108486655,wave1,0.3171177297899648,0.1931333947691065,0.556588990463131,0.591494902440989,wave1,0.6834500288722478,0.6299844281082265,0.1783039258965938,0.483002730202231,wave1,0.6789889020872382,0.6211221583361324,1.154091780042185,0.5109911915164278,wave2,0.4928059645950471,0.329308190400984,1.7857426780832228,0.4111664563080766,wave2,0.3138586892678912,0.4279165037538293,0.7994256901331324,0.6093168258473023,wave2,0.6922375122384268,0.4339942640229566,0.6523452685771386,0.531800514106676,wave2,0.5366603950097915,0.5967266110006983
18a3e0861e,1.6103637100873638,-0.4724062816912835,wave1,-0.2426583099242192,-0.1175466597837884,0.2048820029930175,-0.1499987664803415,wave1,-0.1370449072182573,-0.2740768772448265,0.6673630061392578,-0.2330183263356331,wave1,0.1714473687893445,0.2194637650775428,0.6149783607800497,-0.0861116027566942,wave1,0.119289824987902,0.0474207050099998,0.8556755992080055,0.442878344433121,wave2,0.3309100259360704,-0.0412266704792516,0.3531721079927515,0.2773670442243161,wave2,0.2509563802595465,-0.0742893493019374,0.8493396917725146,0.506655369399815,wave2,0.4282984108177454,0.2567945419179396,0.6949492932243145,0.3616496724598467,wave2,0.2700551867639741,-0.1424803743291792
18d5d50aeb,,,,,,,,,,,,,,,,,,,,,-0.7825706409065706,-0.0191312146840658,wave2,-0.4291702413560796,-0.3968533895965715,-0.7167969991104788,0.329425081396091,wave2,0.0213474680449967,-7.908371255926916e-05,-0.2701660565252174,-0.1573101427536343,wave2,-0.5373970072887368,-0.5679763195541094,0.206444449149178,-0.3141012424642023,wave2,-0.6200677827739811,-0.6926280990278058
1929df0c2a,-0.4864253506702393,0.5357900133919458,wave1,0.7730920295326977,0.5658510058762571,0.7816644832079237,0.6186235846504686,wave1,0.5821308807354628,0.6791471021447804,-0.139563143306776,0.4068968937759063,wave1,0.5823302391854988,0.3976189175574318,0.6542613375819601,0.6029602526294846,wave1,0.5644531545685201,0.4519467869299081,-0.1205725018065165,0.0915433324556205,wave2,0.2643046976471925,-0.0739538066509584,0.8744133138060766,0.4876986301846393,wave2,0.7396200110407827,0.1701540421690566,0.2429579502864316,0.1676387041153364,wave2,0.1724320018194776,0.022041479154883,0.8290281831108118,0.1957719574120332,wave2,0.3098914139425183,-0.000278695305295
1977873683,0.2849333143416663,0.2985018928375753,wave1,0.2314328950508133,-0.1172265347965513,-0.1939913240299297,0.333491491440582,wave1,0.4076678050817657,0.2143955319168218,1.0956217136743134,0.4134228805268839,wave1,0.2498101410437757,0.2415504186274354,1.1402918484141755,0.3631430999535229,wave1,0.2658131022124609,0.1554965646961076,0.6393727956244238,0.5643458111014499,wave2,0.9000373610432599,0.5412625895818901,-0.1957135090653844,0.4273871407039795,wave2,0.4416987973935713,0.566248255837766,0.9608741837729684,0.6294765219539736,wave2,0.9678082596884896,0.4117446888894979,1.514423624215944,0.3833770357332737,wave2,0.7009053971857557,0.3276253030309194
1a123be90f,1.3268521470433166,0.1754377116327699,wave1,0.0396932108112839,-0.2100238661657327,0.0029643519865792,0.1667269930079435,wave1,0.0976987533847277,-0.3832310211759835,0.1002563588281116,0.5125508521520703,wave1,0.2974153269272563,0.1913754298846037,0.0229251700366749,0.4732402435987585,wave1,0.1922057428067533,0.035753248110422,-0.7971199089667862,0.1711474091947848,wave2,0.3398163174384601,-0.853546756004911,-0.1634123379583987,-0.0315412241910988,wave2,0.0880811818859186,-0.6226942582672264,-0.2973979171923166,0.1891903669441488,wave2,0.4617909708375949,-0.2806281006647682,-0.0479594484043765,0.0806108805197761,wave2,0.33821007317256,-0.3551559746855722
1a6d52576b,1.5263629317589715,0.4178124163391619,wave1,0.2313736211425516,0.5212946914687269,-0.5938219008638341,0.3383074842040734,wave1,0.1345146186411046,0.4902833375555369,0.3641932953460985,0.5328141103978639,wave1,0.1872815199453699,0.3884549646181905,-0.3608981447278037,0.3218002573708238,wave1,0.1427324703373335,0.3463965759532698,0.7160125106312475,0.2685760011499232,wave2,0.4169124814681675,0.4839973615751702,-2.1347134604761147,0.3588466857180077,wave2,0.2338744336617806,0.3915113219897799,0.2739369341209555,0.2487640396849744,wave2,0.4181891358957088,0.5464172011877766,0.1838271572950551,0.1738889023278468,wave2,0.2912766260198717,0.5668721120751243
1a8f50b7eb,0.7567696340733142,-0.1948923145819487,wave1,0.1767228898132802,0.3312799755925106,0.861836603692779,0.3190966874108596,wave1,0.2357668535362,0.3394523224300372,0.7268523017419799,-0.5486246505786898,wave1,0.0323801489030208,0.2107472870215052,0.2315913859706644,-0.1308691842301655,wave1,0.2662499589294018,0.409262102995262,0.082475322654595,-0.3941853053126904,wave2,0.1140185243759965,0.2184058904563723,-1.3282859522228814,-0.0397785928909797,wave2,0.1425929660085085,0.1788021663151491,0.9921607943354892,-0.2333039165435182,wave2,0.164067827409704,0.3777012212216664,0.3985230281818178,-0.0288351863457423,wave2,0.1287176290202651,0.2930270495207962
1d96124c67,-0.0763679567744198,0.289393129786136,wave1,0.1042011251690695,0.2572823878484191,-2.292905753925822,0.0750336857727653,wave1,0.0946769056377083,0.3876403736416491,0.1648412895102608,0.500793422793564,wave1,0.2555700478059353,0.4611771423449213,-0.4438214697314612,0.2648933510596817,wave1,-0.0613298282343646,0.2453188606205197,1.0463490103487274,0.5738566153509281,wave2,0.18560232813949,0.0606137613168775,-1.0955313007997467,0.3801819174138459,wave2,0.1850989269487339,0.1767683893959162,0.3158925946011574,0.5962475693587583,wave2,0.2723825445463799,0.114357924395569,-0.9633532005228626,0.4687703674420604,wave2,0.1224130590993513,-0.0583254565378584
1eea866019,-0.3467189616959218,-0.2802094495949097,wave1,-0.3529748587507733,-0.1031408266732467,0.5097121378272902,-0.0043939500734895,wave1,0.1656329094279276,0.378617823446286,-0.3501681960211632,-0.4861645689193065,wave1,-0.4168778459072176,-0.2239158046584141,-0.1190826512963037,-0.4065044393251871,wave1,-0.4011749141919066,-0.2534559154447338,0.0622360702706831,-0.4230240907634741,wave2,0.3320321781703677,-0.0214740911033943,-1.456091698745081,-0.0424838842127806,wave2,0.4378630707605473,0.3051304054624819,-0.1230765518954591,-0.2884498292824694,wave2,0.1951716591004982,0.1648229343914112,0.0453637839709855,-0.2052589643126723,wave2,0.0357789544926123,0.1065573360594182
214481121a,0.272975489929833,0.3481464214066472,wave1,0.5422564442227378,-0.3537269727662187,-0.0458928980705197,0.5831434033394587,wave1,0.3229756044546794,-0.0248118795643621,0.489037192588811,0.5100702684181899,wave1,0.4520487921955471,-0.1432832419293024,0.5018597918363737,0.492216008210273,wave1,0.3609003541943709,0.2320890087474587,1.048627112024111,0.6883175711924507,wave2,0.7026402579210718,-0.3351627234602521,-0.2081861995732901,0.3901913851605882,wave2,0.437025304529745,0.0232056296703342,0.4853539030950377,0.7257408210475107,wave2,0.7748325690116002,0.2771068336252915,0.8408507300124402,0.6630017723370127,wave2,0.7963981682875476,0.3151529861467421
21738c468f,0.4039817294007368,0.1999595668049674,wave1,0.10929596893789,-0.4399486862543444,0.8781820270032413,0.1447099456885641,wave1,0.349975521909645,0.0623796554830797,0.389497289369733,0.1974422689352532,wave1,0.1005716934217861,-0.2790620728104565,0.8613350792334241,0.1292616027842398,wave1,0.1090545243681483,-0.1241934027009615,1.7637890223249983,0.2262889198754949,wave2,0.2134419904591251,0.1088357306486333,-0.1593681070419887,0.1833661047571806,wave2,-0.116135495286374,-0.0637894338922495,1.6284045220743484,0.1587150361814031,wave2,0.2747732565056102,0.3647732464082524,1.2876230816998355,0.275038533230087,wave2,0.2513679478240574,0.2384950279734398
21a6bd76f6,-0.4742687682065599,-0.8375248572671223,wave1,-0.9812681903558872,-0.5258773380351998,-0.2499207198118788,-0.9408259741347484,wave1,-1.0505325305983526,-0.757673958010767,0.106875167863484,-0.0875565410927579,wave1,-0.316851060841385,-0.0596968747485866,-0.6441574200628701,0.0006517774303026,wave1,-3.23673985802575e-05,-0.0456136049491706,0.969615468866412,-0.6478963353595235,wave2,-0.7505206730212164,-0.0376801786274403,-1.042893302363095,-0.5851270407645164,wave2,-0.8539584871743771,-0.0945329927556939,0.9421451545359636,-0.2252045043646648,wave2,-0.2922216250643163,0.0188738791042637,1.1736933696512728,-0.1617370676035959,wave2,-0.1911114294208287,-0.0426563219810565
21b1d1e07c,-0.5151494027701606,0.8319826584326087,wave1,0.3372840712524361,0.8809983518947841,-0.1322316251980967,1.0177795789805435,wave1,0.708247833628536,0.8647145246061507,-0.2854596902568856,0.5579348873203781,wave1,0.0944803182485133,0.5720662573618142,0.3971381621268747,0.3640393932999385,wave1,-0.3422123441138412,0.395339984206173,-0.2864263859819063,0.3378470600025542,wave2,0.0284162028481682,0.6537467201632896,0.7900281861439075,0.7117264214969548,wave2,0.3560754877327454,0.7534482285455044,0.3221426545106974,0.0025471675326121,wave2,-0.2676182262421583,0.488773717190425,0.6590032434191523,-0.3420622044326603,wave2,-0.7011962912683408,0.4765531557053487
222b102abb,0.0184854112598926,0.2693878734136863,wave1,0.3923422731316428,0.5542499351705317,1.04671845801036,0.2012754850812284,wave1,0.3198992185372744,0.4715410073728354,-1.4668222012554113,0.3455965795916507,wave1,0.4340076844170193,0.4194696436192813,-0.6852759132618079,0.0529308982862292,wave1,0.0705502664743663,0.1738347375035326,-0.2953424931781384,0.0678958594403882,wave2,0.0294772374183822,0.3658872869207967,0.6904328680412471,-0.0224482849832936,wave2,0.0245979675220855,0.0287750246683864,0.25727499086332,0.1985671534129989,wave2,0.0143045721134464,0.406423569023584,-0.668612472663122,0.364316384063973,wave2,0.1140849539344909,0.2678305126266965
24273afb08,-1.0462062716763028,-0.2966402685069091,wave1,-1.0070229453745818,-0.2298643340461947,-3.075974700706919,-0.6650527937644057,wave1,-0.6482188507439004,-0.0152246246055611,-1.330788562392204,0.1204681791636839,wave1,-0.4413155139450191,0.08103672431256,-1.6802098176732445,0.0954922473708849,wave1,-0.1188410359413716,0.2070103314565751,-0.6791024847256245,-0.4458262967683355,wave2,-0.4126918638816734,-0.5757027707795022,-2.4081972049689093,-0.380779334239185,wave2,0.2576369983886992,-0.0387441449129444,-1.4460039658027557,0.0227892685409372,wave2,-0.2301705795350253,-0.174893695286147,-1.581265079129896,-0.0935327216180106,wave2,-0.4240102162451771,-0.3618700868245324
244c7693bd,-1.1767455638319582,0.1063419199207511,wave1,-0.1495299288634868,0.2031326182819999,-1.6950488152526693,0.1028903148614204,wave1,0.0842305067739741,0.0520809375002389,0.2025292249368452,0.0664093287726446,wave1,0.1047744901484615,0.3844556100196292,-0.2946166005165148,0.0110031573284663,wave1,-0.0861355332528992,-0.0203784425882877,-1.3107614297966517,0.137614407283201,wave2,0.0570355224543175,0.5201175456316558,-0.905861541134472,0.2382279824832904,wave2,-0.0007242109537988,0.2715274312702709,0.0855914741250315,0.3032638162810823,wave2,0.0809939042902143,0.5267569195442297,-0.4988658273169312,0.2888448152806009,wave2,0.0020914962671496,0.383288717095529
251e10401a,-1.678560601100203,-0.3693940837665352,wave1,-0.499739189989324,0.1953692909460143,-0.6378450973024277,-0.3146688939329034,wave1,-0.3454761857859045,-0.1685000471409266,-0.1496051231233601,-0.0980061467651008,wave1,-0.1852879501269778,0.1553884065376495,-2.388364210188495,-0.0501652184868344,wave1,0.0093729725424746,0.1056900864226004,-2.4667590965382873,-0.7387629249044436,wave2,-0.5713699286737093,-0.7850237495316623,-1.7115201316860509,-0.5542310914517969,wave2,-0.2985475205900432,-0.5054440707294505,-2.11163188163608,-0.2552374755849392,wave2,0.0204785381731696,-0.0692868415898481,-2.2884072670161384,-0.1306224993072125,wave2,0.3266041693246621,-0.0124093692594507
25afe4be50,-0.5422737991536697,-0.3970486109195512,wave1,-0.6112172766982096,-0.3263526283572968,-0.5546784958555965,0.276940622971709,wave1,0.0191505179803854,0.2452599939351549,-0.5204313166389247,-0.5071616142304392,wave1,-0.7909526227840067,-0.5436561236220647,-0.352109467641102,-0.5238753864513237,wave1,-0.9811575893096562,-0.7065027779952064,-0.9829259446331888,-0.1070716665120228,wave2,-0.4669592720917519,-0.5478013610800057,0.2629048824821943,0.1281840589058025,wave2,0.0392337942060843,-0.2165526780570275,-1.960061515139134,-0.1620135871037147,wave2,-0.405002553682529,-0.4630844536959395,-0.2131820380250568,-0.0719698609359391,wave2,-0.2550717299330611,-0.4048000571480408
25f591c064,0.1275136977426567,0.0038121490780658,wave1,-0.3110304804038906,0.0837051925603491,-0.0208416004634395,0.0540384919972363,wave1,-0.0775660228510182,0.280863778405348,0.9049319425661132,0.1595806614423242,wave1,0.0043995198491125,0.2820149146751848,-0.2931249522626943,0.0446265878060436,wave1,-0.0498418560233736,0.0241245510731242,0.8164868266649661,-0.2596759721455237,wave2,-0.47927456345182,0.2095505242467337,0.2159293633955527,0.1199704501961751,wave2,-0.1938089764078936,0.438262853303242,0.7605405441639378,-0.0915900092978309,wave2,-0.061956713272785,0.2264931806597766,0.1611991843291844,0.0533858089181775,wave2,-0.0032447527754671,0.1657882763864788
270b97fed4,1.2271463309379849,-0.1604790345185645,wave1,0.5494287167527099,-0.6768203768183843,-0.0686793321857424,0.0381526342208697,wave1,0.1506118497072908,-0.1373243007217719,1.4144369468593545,-0.1773522242034908,wave1,0.4170466570959896,0.0063173769093705,0.423216603087088,-0.1632076385334172,wave1,0.243994045632727,-0.1139577432963433,1.763637244355076,1.0539139305535832,wave2,0.7455938655111831,-0.1155860069267298,0.5352628268721088,0.4646151354444017,wave2,0.3860238412550956,-0.216539329802694,1.337959536519722,0.7511193074120799,wave2,0.5244537657573907,0.2205992712912809,0.8221686652682316,0.491027104512621,wave2,0.3423987648350212,0.2891616407190968
275e7b7712,0.5840179508399318,0.8591155455490549,wave1,-0.5952595128786133,0.068386912129144,-0.0501894249357846,0.4312843453129673,wave1,-0.4630851750051827,0.1668916452622872,1.0463061306072967,0.839555085806748,wave1,-0.4877696169606802,0.2508986054810396,1.0344198911213145,0.8078344860254485,wave1,-0.3378250450339539,0.1913552502209925,1.0188569111111494,0.3466655584754385,wave2,0.3498602839795786,0.0235546469848055,0.6151343270804359,0.2494816934189461,wave2,0.2695843877084805,-0.104027896299677,1.0327195456368006,0.3508278764754948,wave2,0.4207859095365311,0.2989695463927593,1.0266269735016862,0.3678629247140526,wave2,0.3436277698647352,0.0587037684438045
28dd281fa3,-0.71363176878574,-0.7277841620472361,wave1,-0.6168816108184714,-0.3816546531329108,-0.6846526403754889,-0.1027119547163266,wave1,-0.2038511033164423,-0.167332784216128,-0.11393341732799,-0.3917700888605244,wave1,-0.0162121868963627,0.1239390622513201,-0.5500954857406546,-0.2670377314156639,wave1,-0.1656636034689659,-0.2390066739006339,-0.5467893557793102,-0.0206840804542876,wave2,-0.2253379446931973,-0.1520352636196007,-0.4358121136974707,-0.6285781950704674,wave2,-0.2394919751898752,0.1209032628983317,-0.0373522393912609,0.3181729197547285,wave2,0.2919570987530164,0.2484408948580005,-0.6493534764859181,0.2805248718071421,wave2,0.275435990432788,0.3140269005481578
29b3027525,-0.0357127048651591,0.2335053286059119,wave1,0.5540008286609344,0.4051847885334232,-0.3671708348869682,0.1772447758297319,wave1,0.2595212052467484,0.5648723848939898,-0.590210688530731,0.1825601685798367,wave1,0.4480664666160606,0.2999458886841751,-0.2906982776636733,0.0435670803760365,wave1,0.2519280629194213,0.2532146724983219,0.4987569041656174,0.4193897173673204,wave2,0.0561051131360641,-0.1609326044064176,0.2376200489586881,0.2425136181418454,wave2,0.0751893227931796,0.142305201858063,-0.7638866527056465,0.3150848702677912,wave2,0.2295037973757042,-0.0889908488027378,-0.8213649435570847,0.1788007843858207,wave2,0.0887829376765744,-0.1749318751499132
2a530c5a6f,0.5828308323431934,0.6255619561003667,wave1,0.2873849275174178,0.7478440570914793,-0.952046307975416,0.3285325426433709,wave1,0.3517709725690785,0.3171381708317262,0.9968097514248588,0.5877775715299884,wave1,0.4403349965685421,0.6903736337508393,0.5732520541250961,0.4233472911733493,wave1,0.3719836775670854,0.5884655444386226,0.5998751675122106,0.5620724909497317,wave2,0.3203706459010043,0.3354916756074124,-1.343118648682353,0.0769082175806035,wave2,0.197523492258768,0.0586554847660576,0.791904472935116,0.6215334938140986,wave2,0.1641580606071675,0.1708056130971187,0.3693155379226676,0.53799837932205,wave2,0.3533575956659313,0.1867978880284628
2bf7c51737,0.9737981894115912,0.7372758294053159,wave1,0.2195491406932022,0.918970867109437,-0.5780902799996737,0.6358710496900668,wave1,0.2491195158975665,0.2374732703895568,0.9367492797361602,0.5751069777869745,wave1,0.1175717037306235,0.9075030253396218,0.7874060404491551,0.3860436569323668,wave1,0.1091629675762077,0.6701016340810646,1.6584100627068432,0.6656300280799918,wave2,0.5988841838636394,0.7539393941223493,-2.2134380619066425,0.1782509973232431,wave2,0.1800318084696133,0.3555425268028742,0.3607196721976299,0.5303822030315329,wave2,0.626940701123243,0.7229005882300209,0.3952918973202619,0.1932445723371103,wave2,0.2482944117189018,0.558197992841279
2e2a161848,0.2891856750797143,0.4703098535555949,wave1,0.0567656490173154,0.0331517954477091,0.087220507700545,0.3035433557207492,wave1,-0.1839505790894078,0.0430779983950908,1.393176595532103,0.5458352093297519,wave1,0.2633635670112574,0.2440001196390339,1.3795683758545223,0.5359554165144467,wave1,0.3362090598145315,0.1743970137493,0.3832205830484797,-0.0981006258361036,wave2,-0.0475176083315189,-0.4036488087336147,-0.047624236393104,-0.3820981183572303,wave2,-0.2079729700166592,-0.143425833985558,1.177714232520834,0.2014273517776258,wave2,0.4099804305057238,-0.05752250685092,1.2275427758260735,0.131535808170178,wave2,0.3934828528688589,0.0564889055084016
2e7ea2ddd0,0.7750618178461987,0.5297785225291582,wave1,0.8081101273207485,0.487486267586471,0.7350010848475598,0.1699925455477786,wave1,0.4006661519044296,0.0831328197576977,0.6286178150031932,0.516107397344198,wave1,0.895970615199274,0.6070740512066678,0.2995210556943627,0.3545229806144859,wave1,0.7419384967246804,0.472202325757889,0.69807064562807,0.8037681648896282,wave2,0.6545746914481099,1.1558458586580131,0.5623826959715017,0.1412289783740581,wave2,0.0431340539117246,0.4037027297501576,0.6293163527270543,0.8351497510249805,wave2,0.7663025251370749,0.90572104833274,0.1600172764271911,0.6218778013378571,wave2,0.7587741161729246,0.5525873290598945
2ebc48abf0,-0.6174421281371923,-0.2254801027846666,wave1,0.2223309653179193,0.4524088012268996,-1.026311376581793,-0.5666612072556194,wave1,0.0908530426308249,0.2361569205537297,0.807720020140669,0.229783337387345,wave1,0.2294632418422035,0.4157557989284202,0.9476270603802072,0.2163332339027741,wave1,0.1788974864131076,0.3580853358297834,-0.1095251066635132,-0.0764351272263246,wave2,0.0855661179736282,0.7989722816352578,-1.3617590702280071,-0.4040771215814727,wave2,-0.1224719331600698,0.3984494646132919,-0.0730534071576224,-0.1037784532832661,wave2,0.0420623639496398,0.5335605082898871,0.0787259434984272,-0.0498893789480976,wave2,0.2089939179029238,0.4463765512437291
2f16b8a059,1.9028897265786016,0.1731651080559606,wave1,-0.0197487617299794,0.2242656524565545,0.4851071567639776,0.3868324107336833,wave1,0.4137592241443475,0.5134025505496302,1.5287540270154625,0.4483638707854123,wave1,0.156711853904178,0.2518275492345667,1.4947122727376272,0.4954649810508442,wave1,0.4616999594069603,0.5924300356448731,1.7196159288464918,0.0455143982739767,wave2,0.4494218138622612,0.3436189231554305,0.6615664312003741,0.3908147458563571,wave2,0.4526328457274304,0.4835511499390297,1.8157468522739508,0.1526529489901835,wave2,0.4623674044851684,0.2802124849313423,1.1842523510759833,0.1860020225638118,wave2,0.1511170154940257,0.356800345232747
2f655f0d5f,-0.5252681418241361,-0.4035863210537636,wave1,-0.3317960857713777,-0.5560540149655315,-0.0470168258544844,-0.2870383973457904,wave1,-0.3085290691817834,-0.0283793793341251,0.3974277383140382,0.0421680045104712,wave1,0.1825719600904326,0.0023823489566033,-0.9074019122954796,0.0023621437918801,wave1,0.1702349413432948,-0.0831342492995344,-1.121886557034392,-0.244614534910168,wave2,-0.9596342877343732,-0.3771441864467575,-0.3423550435600132,-0.3799514641680908,wave2,-0.4056498454683197,0.0837104032861097,0.0116991723719888,0.2366100513261372,wave2,-0.3736033833023319,0.0798053222152622,-1.352883299910275,0.0499350870861327,wave2,-0.2818441147639799,0.1173517730174721
3015cb799a,0.1237622863048039,-0.4828957827296853,wave1,0.4382302941573341,0.2060414956281884,-0.06565673513298,-0.1722956443910153,wave1,-0.1114938112858534,0.25887923766855,0.8751194391039568,0.0444166845645948,wave1,0.7344124357496029,0.2762070000682191,1.0625378310963096,0.1713983518773111,wave1,0.6931093255544248,0.1832074028605331,0.5465394268378717,0.3239049822974891,wave2,0.4691613886403531,-0.0543462847986984,-0.4081845624619354,0.2543125762631031,wave2,0.3015904243506404,0.0733601167997926,1.191506712333613,0.6461006997705128,wave2,0.5770556092865697,0.3592922741378537,1.009894121843113,0.614254669580676,wave2,0.7419712402104633,0.3971044482001117
303933720a,-0.0168887943112853,0.2958213205141731,wave1,-0.0143566787069895,-0.0109129553291342,-0.1530495119217777,0.1471135434527555,wave1,0.2087971391827785,0.1754845537786928,-0.0727866170179471,0.3285468161692378,wave1,-0.0379284611022833,0.1046741194211425,0.2121317309497243,0.1586598213958964,wave1,-0.0827447333493054,-0.043334551777156,1.3369926690513008,0.2551275330744027,wave2,0.6235590845383339,0.5944380694355171,0.5855313035931944,0.0909137272334368,wave2,0.40641231026981,0.3661331120137661,0.3323728741425365,0.3008307244111147,wave2,0.2351439393408975,0.3326870092803188,0.4340347059511105,0.1937884188009261,wave2,0.0951714699649556,0.0484965317110505
3081c70ba8,1.0351322527636333,-0.4829238626356624,wave1,0.2422698701901429,0.2847875713868295,-0.6097796653244606,-0.6529057942217507,wave1,-0.1550491705860293,-0.044222925357122,0.6383349008314505,0.1341335385556553,wave1,0.5171128725228938,0.7993043559106611,0.1205198656921637,0.5420017743807202,wave1,0.6232138871045392,0.6258683023860019,1.4474314924922895,0.2333353637281026,wave2,0.2558930697426604,0.2245594755858158,0.6603458233012792,-0.1946382336534058,wave2,-0.5536308330245392,-0.0198223754515312,0.079431005725427,0.5315763357556901,wave2,0.6215473054201958,0.4706144980199455,-0.4394511409293083,0.6075097734380297,wave2,0.5859393849977834,0.5175035838556046
30b6c0d177,1.0134905526822566,-0.8995842913297694,wave1,-1.3102854648976432,-0.1965556868926541,1.0283453555239457,-0.0214636152768887,wave1,-0.6026507079627379,0.0129993647207138,1.0461438020421372,-0.5911014619396631,wave1,-0.736916028416188,0.1775219652258703,0.4811119712810019,-0.6555210671435617,wave1,-0.7556691338693625,0.0252780448571566,1.175126647081052,-0.0768013081773262,wave2,-0.507338285360394,0.1237071257750865,1.1802794047640826,-0.2574613112902351,wave2,-0.4056739673037084,0.1875809740529845,0.4527487622688032,0.1326001785315869,wave2,-0.1447533868978832,0.2686040908484752,-0.3417814209584796,-0.0147834678487602,wave2,-0.4491563813205596,-0.0754988203222165
323914c7d5,0.2584507069007816,0.2980761975210537,wave1,0.1299254045641409,0.3376995865740637,1.0233329920981231,0.1235710969254202,wave1,0.0713651507037895,0.3010249836628271,0.184710562745838,0.1753658954346271,wave1,0.1690475859755786,0.1794674043222639,-0.4239103846952044,0.2588042172898656,wave1,0.1724546079994712,-0.1335304151767361,-0.4674643672317475,0.7501809450061243,wave2,0.1050254914440791,0.1413946217705977,0.5474930727009555,0.3390712134938849,wave2,0.1709596283488785,0.0705512246964557,-0.8420316866718939,0.5290793142590093,wave2,-0.0518451975125309,0.4072973190596887,-0.4488410794166133,0.5275668791257927,wave2,0.0785495244093573,0.2944692388188999
328259efd1,0.1744689085818598,0.2000884745083351,wave1,0.4719186912705473,0.6252630752230088,1.3276434002359845,0.0210812699369382,wave1,0.1108083265404662,0.0227573110254399,1.1169226947649775,0.3449025388835611,wave1,0.5383335872188066,0.6826738925889231,0.5270394866483117,0.284361384410876,wave1,0.3997568855473793,0.6418355538666204,1.4712545030803377,0.484348364501282,wave2,0.8209168905325563,0.2344043450577035,1.7423301701092373,0.1612294550436015,wave2,0.4637109683866049,0.0943755876798588,1.4581831439196065,0.4289022280445311,wave2,0.6830287659258616,0.1831571840234529,1.0436035491254425,0.4476099636482121,wave2,0.5526496047642396,0.4009590944432818
351e5e1c6b,0.7698768552940273,0.0440441976679983,wave1,-0.2004760704549451,0.1727357249121133,0.677103477735292,-0.0236169013188594,wave1,-0.0850122468941678,0.1447246119801175,0.9448214245126252,-0.2254173734726751,wave1,-0.3091991903347407,-0.2275176716152888,0.4403834213574009,-0.4264768528756638,wave1,-0.441000882098469,-0.5674046343855441,0.4526697990056575,0.3967148805764626,wave2,0.1841644455244178,0.601197992259523,1.4961849582208613,0.3537884234100044,wave2,0.1931439403683847,0.3653939337495149,0.2190027096221953,0.3008797559592461,wave2,0.0186942232805861,0.4192315415355631,0.30355121589386,0.2856859934489064,wave2,-0.0790752127044725,0.2753543178337298
35fa171832,-0.3192732674717353,-0.3849618849852563,wave1,-0.4042900000477885,-0.6665080160241343,-0.6898389089327877,-0.7113742417740754,wave1,-0.3698475257014391,-0.3954698338887816,-2.1030856908385904,0.0031153826062777,wave1,-0.1319530216741975,-0.3470707325058144,-0.475312038485281,0.0225530178071708,wave1,0.0851366816639737,-3.580835461686194e-05,-0.1766369374807948,-0.4501012680966783,wave2,-0.8419911347066673,0.2020924053424986,-0.516853545256644,-0.4891631015664035,wave2,-0.7428323810080217,0.2117006079511421,-2.74579657036824,-0.2572866953679582,wave2,-0.6814483820554986,0.3052884042795776,-0.8529905929139151,-0.0110796913050659,wave2,-0.4286008910980657,0.1522292761896412
36413004e2,0.3831242515760649,-0.4777753279565175,wave1,-0.1803002770195594,-0.6302604784459265,0.8071508813050582,0.3117081027097783,wave1,0.1988115966163777,0.0469521529369236,0.1880720608570751,-0.4314241608066002,wave1,-0.0794385796913105,-0.3485691759443509,-0.1002994094334165,-0.1252264187865623,wave1,-0.2069424780487562,-0.2709899968853028,0.1579716106968975,0.4727414173524626,wave2,0.1639395085199206,-0.4239223744941138,-0.283091170402772,0.4534873807537374,wave2,0.5259872484495598,0.3508638332650209,-0.8721558221551498,0.5105726737274711,wave2,0.1406884606614969,-0.2494813869611446,-0.2332716530656904,0.414023037101957,wave2,0.0112210791848076,-0.3119429498793068
36647813b6,0.4946544368346748,-0.220191568648556,wave1,-0.7383255403453908,-0.3235859930686717,1.6484033703839824,0.1624531725696008,wave1,-0.3163146964829935,-0.1433538366823257,0.6482555526142411,0.0566905733056093,wave1,-0.2650797320076061,-0.1801430331139624,0.7449614732742191,-0.0518263399423882,wave1,-0.2738666329379434,-0.3907821726249261,0.1240741627019204,-0.1048530724543677,wave2,-0.1514296785227125,-0.5260057257236972,1.315248369905068,0.0901506615178961,wave2,0.1431951181929787,0.0118457803030753,-0.0444357865842198,-0.2086093187116144,wave2,-0.1384971130240635,-0.5640230015112158,-0.0125533705781705,-0.110290849886376,wave2,-0.1128751739739555,-0.4661463037174394
3674f8fb6a,0.3744210458572145,0.3227441186404234,wave1,0.0857571460089552,-0.1812816504483123,0.789476581316552,0.561710002763617,wave1,0.4290672107284234,0.1956654624253175,-1.694433932544562,0.0953726032125299,wave1,-0.1755187977941905,-0.3763592902572736,-1.6445249426410198,-0.0191704054894815,wave1,0.0169462325558685,-0.3316978818670774,0.1292294662148163,0.5996880091410959,wave2,0.2056526238624045,-0.0482690248662245,0.6282379418750837,0.688958827311311,wave2,0.6800682836740006,0.4362426543928097,-0.905338838953484,0.1962625750626596,wave2,-0.1774365926223398,-0.2789400756407452,-1.227545145285221,0.1344130103978312,wave2,-0.1322270090151384,-0.4039344589690806
3701f5a12c,0.4668252382350476,0.2595980087287584,wave1,0.3918085915339528,0.6914424856921653,1.6176576393022006,0.4327919641702622,wave1,0.4585001595837825,0.3061181933129702,-0.4710924983409075,0.2603065700409224,wave1,0.2520870609748615,0.4972345685601369,-0.4651158112605075,0.098178276898844,wave1,0.1961786766740262,0.1364752897037998,-0.4146558664371161,0.6237037743199261,wave2,0.0949835390901345,0.5448506138574134,1.4023248560719688,0.5778644997822964,wave2,0.1254296973046869,0.6099439108946845,-1.0904050673932468,0.4337765712626225,wave2,-0.0468775075786616,0.4817680561888098,-2.597201460511767,0.2372303319703771,wave2,-0.0974406193490092,0.1878358726875276
373f9aded3,2.0772258142806357,0.7544489739578597,wave1,0.8436384034451705,1.0344840461827447,1.0726358722804956,0.2256553850661051,wave1,0.2152012630019169,0.3826337892811968,1.4062381178518828,0.6588645235826674,wave1,0.7740868634772188,0.8868311751152823,1.1357619478501049,0.4510743404730119,wave1,0.5654505683941384,0.5033836949089723,2.1014121574481743,1.011646898037415,wave2,0.8207018580097944,0.5907723569379075,1.0314832356656274,0.5457033818080828,wave2,0.4448635793359943,0.4139528186705459,1.809316955933851,0.8445258115140853,wave2,0.7540261553012769,0.537028493719396,1.8129733969409936,0.6160997427629964,wave2,0.6907579232152228,0.3641261768203693
387b8636b9,0.7147019690080304,-0.1427446922977109,wave1,0.2801381392170208,0.8489734975894374,-0.1254326989151937,-0.2430929226808764,wave1,0.0464910517894514,0.4024088078322707,1.0599119661466303,-0.2742012593887301,wave1,0.3201922701752068,0.9200549506067964,1.1225268352671782,-0.1479639783805017,wave1,0.2652076854277375,0.7063592337513828,0.9613848865437254,0.1120117308790498,wave2,0.4877612119750945,1.1226650482820208,-0.6007601576016325,0.2046077585120871,wave2,0.1337187525521201,0.5396947445593159,1.4165894201841485,0.2638341000072987,wave2,0.6478280044772436,1.093322916548099,1.5103859204044578,0.3884743694182903,wave2,0.6250193568964756,0.952247092750926
39cc58864b,1.1117823217843066,-2.0870924879419728,wave1,-0.0946586093519989,0.657417839710511,1.1764455243287886,-0.2112899786023487,wave1,0.1953055648767134,0.7278313909497294,1.013349110833392,-0.8418067946032051,wave1,0.0744839714569809,0.1901870059901402,0.9094364065607016,0.2200557938872958,wave1,0.2972792001984156,0.1667356962588886,0.5240617670431965,-0.1290006076758936,wave2,0.0059788939912226,0.5399331104938754,0.5946505657979957,0.1644813803228484,wave2,0.3037647969988641,0.3827399430749796,0.8924810115433618,0.0991799451083998,wave2,0.0819208872750181,0.3071029605377955,1.0562745885189395,0.2748027376396851,wave2,0.4868486263709917,0.1809922807737681
3fa9253b9c,-0.1473021225056119,0.3698095362607874,wave1,0.2592254161221796,-0.1358457575807186,1.4641771299050437,0.2197076492314256,wave1,0.0967806249304232,0.3806645393305929,-0.827275554086063,0.1957239534319618,wave1,0.032910772125731,-0.2148150167371408,-0.7456522846362691,-0.1083128163743032,wave1,-0.2507994191217387,-0.3810129759629464,-0.368716618871146,0.0733541056823225,wave2,0.3796898502491816,0.1347979754258386,1.6038492431531295,0.1931787986801731,wave2,0.333013607321134,0.4232247199487142,-0.7455502977086225,-0.2066130357338519,wave2,0.0873371924058442,0.0084033164867002,-1.6630271751082388,-0.2494386941074487,wave2,-0.0083803483183511,-0.2386707251841187
40b19037fe,0.2976384189250559,0.0926731460510861,wave1,-0.0841469289273939,-0.491260619883499,-0.8014078922032702,-0.5160230791653371,wave1,-0.3620318437537189,0.1207208853104671,0.5989568331477563,0.384233880436704,wave1,0.1330700170465463,-0.202957171870148,0.9172826006024516,0.3368859024988845,wave1,-0.060325154873238,-0.1832005124907031,1.3202202889514112,-0.0183031361540348,wave2,0.457455397368294,0.0947890577219332,0.1030790407175683,-0.1372209217564632,wave2,0.4725772954422109,0.2150624562152518,0.6257474208906764,0.1927624393884288,wave2,0.3965593737365917,0.1354273404962178,1.1880730916510756,0.1788558909440575,wave2,0.3434705964516616,0.2659343017269354
4222a6acd0,0.23070585465005,0.0665191653321877,wave1,-0.0857960367009267,0.0447601716170942,-1.616831525114194,-0.1936266393616375,wave1,-0.146797757184697,0.2235849113286714,0.2382962788155759,0.1987400760427706,wave1,-0.1662273806389858,0.1988848794415925,-0.9576548984516632,0.5777304386647345,wave1,0.0828749725754035,0.4551624055047777,-0.0564605997795744,-0.0578903596215203,wave2,0.2644889045281282,-0.1477047424129509,-2.047123557090614,-0.317099187711257,wave2,0.1624324770915781,0.0656830162367763,0.7972797751102828,0.1494292943771658,wave2,0.4349687594982905,-0.1627985553213862,-1.1254951646529348,0.0868935627230492,wave2,0.4363430891729981,0.0448411493583481
4222f07252,1.030883501987414,0.8582666562350472,wave1,0.8511616608887085,0.6481604886276564,-2.24852096244005,0.5782201227569219,wave1,0.4665931123680926,0.0958790669254106,0.7668309419320757,0.9509711909592138,wave1,0.8718953520892012,0.6644762048638109,-0.4142761182362424,0.6653607084138152,wave1,0.64057768834162,0.4646031986361872,0.9040216191906068,0.6231331561252178,wave2,0.7944948215284242,0.3668032431768235,0.8120106323106917,0.583499009040866,wave2,0.3177655040978862,0.2377319474623931,1.153800964020419,0.7429557018840698,wave2,0.8175004909578178,0.3113044032743182,0.96898007370088,0.7417328390279602,wave2,0.7687170657264722,0.4907332254611257
4508c72a94,0.4470855404682254,0.4414460890304095,wave1,0.2088950443327826,0.3695785318161622,-1.3305291148512657,0.4558047917396042,wave1,0.338835392893825,0.3955567707413583,0.6004822851825369,0.4523976261917971,wave1,0.2982740475337492,0.1605809823048899,1.0572474186045246,0.2807791508234053,wave1,0.3286626784575116,0.1283264672224416,0.1731620923334803,0.2155360820290079,wave2,0.0241634329030253,-0.3925493711545724,-0.3283453309416909,0.2559488899418705,wave2,-0.0327250693989102,0.0505779151650069,1.065691685751903,0.3507642649510926,wave2,0.1718850908189259,-0.0371922889730623,1.4356841137463472,0.1776799974307864,wave2,-0.0039908761704009,0.0338245074780592
45151470be,-0.8651437891314963,-0.2909983634757593,wave1,-0.1212859551525178,-0.6585886977653441,0.3181776909196449,0.0489220408599695,wave1,0.1571066499014815,-0.2575406326144491,-0.2030903819324651,0.2808514496049743,wave1,0.3305662547160417,0.3033398589620213,-0.2279789332303581,0.0953190777424477,wave1,0.1625010412559594,0.3320279804005064,-2.0277082474631483,-0.6355899348510881,wave2,-0.758317819233564,-0.6559509525226046,-1.300592989558989,-0.593069571040888,wave2,-0.2917095505157692,-0.1680996219061581,-0.7972201874094946,0.1267185377871498,wave2,-0.3635657088649351,0.0236758377219006,-1.498622528733924,0.1817204434277879,wave2,-0.6356511588129954,-0.2896509181464331
476c31df63,-0.4325041138564774,0.2471932448632445,wave1,0.1294836785826101,0.3123965295535869,1.0852399017421497,0.2881741252664851,wave1,0.2136856339479964,0.1711274618911755,-0.5346381345227632,0.4079369263716854,wave1,0.049822298682487,0.4118352688073532,-0.6486600174707822,0.530078860284414,wave1,0.1169250042143951,0.3538825364502451,-0.7653435426570704,0.4086625734021871,wave2,0.2606970270892388,-0.5787206187166047,1.1245352256334793,0.3489840709319993,wave2,0.1629607629306348,-0.0368840004532418,-0.7133005268577514,0.3602101569577534,wave2,0.0772230924343242,-0.5252241569282763,-1.0273478140516632,0.3715844370096332,wave2,0.0328417504858888,-0.5122640286900402
484965fccb,2.2004401701651743,0.2795333076576147,wave1,0.2843487840481189,0.1257361815084157,1.1644439344771784,0.2897873838447307,wave1,0.2283931192002781,0.3696065340411478,1.2906827495382425,0.3609251541354796,wave1,0.3399758994372155,0.1272855418019995,0.46892220176794,0.2639942740204088,wave1,0.2140282663125101,-0.0484334878891856,0.9338028624222962,0.1577761628427052,wave2,0.4440889651413839,0.1703894971602157,0.5972980598961266,0.1296020187641264,wave2,0.0371729923729335,0.1825881037974941,1.4348819823171857,0.0903079829739452,wave2,0.4893073242846915,0.3223687651669349,0.7266894982318104,-0.0386651950234,wave2,0.2102708208607038,0.0805160358864989
49c62b4193,-0.8711275875598433,0.3398981909483693,wave1,-0.4038904978629825,0.5799998647988978,0.34237503176348,0.0563001137766576,wave1,-0.0804166182372063,0.2664015048905459,0.1668337987956773,0.1159808475148012,wave1,-0.3899295968780729,0.4969757126488903,-0.8041754596554147,0.0101992733417146,wave1,-0.230557740936955,0.2308763870748578,-0.5875468600605025,0.0126827096830184,wave2,0.4466676440288069,0.018775109253367,0.9082924458939348,0.0372086163013598,wave2,0.1084627492067724,-0.4628800890879079,-0.1760574668759009,0.2077748948425981,wave2,0.448020244844961,0.1341609316890941,-1.2253284219459348,0.2107285784656443,wave2,0.4020964549930905,0.2301688180855161
4aa206c8fb,1.9888850553924224,0.3488069210830167,wave1,0.7032190578874848,0.9399047058707052,1.3468674451851532,0.421168186186698,wave1,0.3797841591027711,0.4904180668784288,0.9810153345258122,0.2197787160945671,wave1,0.5641984423562262,0.752144123405012,0.8623723689178476,0.1389677638800137,wave1,0.5391270261896552,0.6507616205594184,2.4253647840681887,0.5759059243129871,wave2,0.5888326279866347,0.3422468118411985,0.9229810091898928,0.5602406496798016,wave2,0.3260246298694753,0.2291515075982635,1.6554083146335752,0.5622539964136904,wave2,0.5841328531750217,0.0936569051704038,1.6335883817768106,0.6006117775205457,wave2,0.8363179169728847,0.3704575981721036
4b746ecef0,-1.0563774738024403,0.4086923789062124,wave1,0.553191898337102,-0.0125880099607607,-0.3674628353319685,0.4814841869450783,wave1,0.6758277630001366,0.4494301849602113,-0.7919336538504256,0.4281880213718532,wave1,0.4534639266592886,0.042064853027214,-0.5206146096379101,0.4787531463257066,wave1,0.5272429669643837,0.1126863526539581,-0.2727194709656332,0.4892983610270414,wave2,0.881278810617828,-0.4503475982090501,1.3964841314802297,0.5051780541149802,wave2,0.8614392753295428,0.0730218153190322,0.2922629253663447,0.4669811203946614,wave2,0.6508514539635484,-0.2277593190751554,0.6504038527864922,0.529132873840596,wave2,0.5308017943718535,-0.0120156152453085
4b8278f4dc,0.2542255439406932,0.4083481776534601,wave1,0.6444183516221211,0.7880470823029913,0.9278563094372,0.1415648867650356,wave1,0.2722085598202615,0.2384674976983334,0.2339845196657983,0.4659424110696013,wave1,0.4360977861437953,0.7315328056468833,1.3037002778658004,0.3101491120518013,wave1,0.2545669595818506,0.4126743020329317,-0.2531105995787694,0.617599399894142,wave2,0.3506919175909382,0.0658975694997252,0.4399201676555384,0.3181232903080755,wave2,0.2022225713645717,0.2088254931358981,-0.3247020573743099,0.8481996045600024,wave2,0.4414226821688707,0.0965241047966924,0.9131656983502744,0.6039815612103154,wave2,0.371104998487633,-0.0021821366433852
4bf3e6edc8,0.2183119849453809,0.4776220035021619,wave1,0.074888770377278,0.8031779176072522,0.2534057850371731,0.9532851484640767,wave1,0.3414339498243066,0.6923142898862165,0.1067195381967932,0.3531784190659949,wave1,-0.0309651539942105,0.3764762094787425,0.4263257791164012,0.3740164794509801,wave1,0.1205097800194649,0.4258895122236576,1.0337336026663158,0.2351664961138917,wave2,0.0680166682926537,0.547609261055293,0.2846090076188865,0.5774260630316892,wave2,0.1929672401770523,0.814942514704617,0.2177520081871908,0.1533024079401438,wave2,0.1486171022482291,0.2718606351687506,0.2417269112390475,0.2865725423171629,wave2,0.2523829762457842,0.256456549796886
4c633c1b86,-0.8950476860310591,0.26316428431684,wave1,0.0375042607581841,0.3215719888569088,0.4402711860986426,0.0268801691440065,wave1,-0.115310895939261,0.1101152419704103,-0.2372919774368483,0.4674447258851182,wave1,0.1927763832571218,0.4372002541140993,-0.5187345792887774,0.1889988803265415,wave1,0.0572941690256646,0.292732564899936,-0.6431482295916284,-0.3946011622878798,wave2,-0.0924115177907181,0.092289457216129,1.6847367181399495,-0.0307281652110629,wave2,-0.102737000248418,-0.1541257878995789,-0.1994443078106351,-0.0312225412127733,wave2,0.1607504711723688,0.466464526312238,-0.6298925549887611,0.0482107985179277,wave2,0.2490135239584437,0.3925510810688281
4d70aa7143,-0.2136108370686879,0.0736587436783726,wave1,0.2062901370001664,-0.1030145665958368,0.0230457803981844,0.563645224629832,wave1,0.5618044341113257,0.1115728089680503,-0.7166947793662309,-0.0312219476645352,wave1,0.1618429253374707,-0.3182472647510428,-0.8260616081943194,0.2687708751777395,wave1,0.3938130806329462,-0.1896341792516347,-0.5536198786212255,0.4187608502821631,wave2,0.1173488841151679,0.2085364812865928,-0.6896490744509837,0.5079993062155228,wave2,0.4912856625382151,0.3858602536378546,-1.0721335815576531,0.1572960220102301,wave2,0.0123086357451582,0.2481386658319317,0.1401981600323667,0.1302485350527663,wave2,0.222678888163506,0.3016539171659647
502a01a70a,0.7426396134841355,0.5100246455744275,wave1,0.4289498756951542,0.6618439044464182,1.1564571327907829,0.7253884509294881,wave1,0.6750773865306328,0.8807415761632322,-0.3406060746228143,0.5968116764318264,wave1,0.5186190830059912,0.6688981163162194,0.9838669571767564,0.7228617678843486,wave1,0.6699784448220282,0.8247148676331851,0.4639187022513674,0.5815646480560697,wave2,0.5763616681861865,0.5469493985789218,0.0340967370792282,0.5449443519709392,wave2,0.4271769642723573,0.7372196059048886,0.1050244583855183,0.4846700625295775,wave2,0.6790654824924417,0.6433363419205397,0.7273191261012724,0.6558062122598814,wave2,0.6166736292985849,0.6363325922667086
5116e1ef95,1.0071906325040292,0.4007138227418096,wave1,0.6699367414939126,0.2402638110410284,0.5737028377613009,0.5993195113242602,wave1,0.6193876758627117,0.5620278157864669,0.6090719340508868,0.3971474962963502,wave1,0.7218105053590694,0.4536888828747446,-0.0702318372304113,0.7544889764018815,wave1,0.9010466931327455,0.58492688310051,0.3106244371214364,-0.0711580440509755,wave2,0.5798187191316606,0.0753434657144176,0.6247517401685575,0.0946296438671505,wave2,0.2429622338603931,0.160655555266131,1.1158228874848686,0.1614473122344569,wave2,0.6001288992423978,0.2472299777622236,0.7791109200988031,0.1562425155402272,wave2,0.63787103934519,0.45169104571437
513793492e,-0.8565649088305785,0.0343814895022087,wave1,-0.1670991371780883,-0.2719498646125311,0.0722467941711551,0.2068098355116163,wave1,-0.0069755852871236,0.0493191534727397,-0.9747636240627116,0.4377511221927259,wave1,0.3306160290594062,-0.0102874315361527,-0.3127353553072531,0.4244237166660404,wave1,0.2976020378079058,0.080081783953467,-0.1275639079823174,0.3069895506183799,wave2,-0.553484345441082,-0.6902013492554624,-0.7667213456557317,0.2692372020703117,wave2,-0.0098299706978493,-0.2702991237518028,-1.4755788848999616,0.5489618682351243,wave2,0.0776308470520568,0.1003629369144618,-0.453957784495438,0.6998281405474411,wave2,0.2979368838774007,0.118188719845311
5435671b7e,-0.6867852926005987,0.4359492300364791,wave1,0.3177143389684871,-0.0056336687672877,-0.1260433216364156,0.2980623149802734,wave1,0.1498338937412702,-0.0224415320844031,0.1758046343786633,0.3064234056758993,wave1,0.1659343132759595,-0.0802965581817199,-0.0784905507125687,0.1775455836514094,wave1,0.162461258230847,-0.1784455464041737,-0.7805013229523443,0.5516830480976931,wave2,0.2665052132155137,-0.1533976138245765,-0.1945772215873689,0.4106827605375904,wave2,0.1888224602878756,0.1546354852969156,0.4014423937601976,0.3524754854708646,wave2,0.1843811234665465,-0.1449617115247047,0.1346377926491978,0.1642801665876227,wave2,0.0023478258040522,-0.0592925807359748
554afd4747,-0.5361692456065572,-0.198264467597006,wave1,-0.2054667128972465,-0.2755705317812813,-0.2313110536852445,-0.1255547692538328,wave1,-0.0964613554838056,-0.08915416072014,0.4579189273784486,-0.1006240554590303,wave1,-0.1316177904477473,-0.1076039794031868,0.4396132767298172,-0.1067066967511793,wave1,-0.2487435190658699,-0.2314796640273586,-0.8148202483654775,0.4761231554575582,wave2,0.0401562968372131,0.1828979796698435,0.447859064512943,-0.1365912164487266,wave2,-0.4340979965536995,-0.522203323704844,0.0637728158206429,0.4685786317432965,wave2,0.5140699457853708,0.6813160030306544,-0.0315405120896849,0.4960474845463811,wave2,0.4520867325952107,0.8428960314048268
56e457183e,0.0237243867780856,0.1435819492659125,wave1,0.3807860141577912,0.0142556491183627,-1.2232556272020352,0.0986333563335453,wave1,0.243063852611816,0.1503698897841316,0.5755575002183698,0.2544239935259873,wave1,0.4735983713109708,0.2598556935929514,0.0275110231495011,-0.0223698876770775,wave1,0.2145702601682056,0.1543115726852163,0.0666929768516629,-0.3076642736408395,wave2,0.2633545115251976,-0.2448754172654743,-0.2055533031559212,-0.1414712178368637,wave2,0.2573606724922106,-0.0978683269006706,0.240515174972843,-0.0828107224377419,wave2,0.0596361654332091,-0.013608529323283,-0.7998803865127257,-0.0532909766475172,wave2,-0.1705203715405897,-0.4147380926352372
5778bda759,1.0032766345775774,0.8410681885211655,wave1,0.72612180122965,0.3130355913453428,-0.2586974061006223,0.6473745535685484,wave1,0.6468450485600128,0.3528290356535204,0.6648448310232153,0.9614114069280992,wave1,0.8819956101508867,0.5934275966186663,0.0864839631014111,1.1098372356734645,wave1,0.8718767752245783,0.643391811982503,0.1295757240917899,0.7191666180509266,wave2,0.5264034657176533,0.8314369279153337,-0.8538886744284694,0.8701506495783193,wave2,0.5894705054166534,0.9501725368093464,-0.2030390153140978,0.6751562772537901,wave2,0.3743426583767456,1.0396424631443535,0.1448254202339772,0.883103540251177,wave2,0.2825358661315836,1.1104260919726785
583e65e253,0.908118799708683,0.3111406080041516,wave1,0.275678404642196,0.4587093813312071,0.1750652839391415,0.5521978197629993,wave1,0.3568389700590235,0.3604849019450253,1.264350319571322,-0.0103004402901792,wave1,0.0929869826009418,0.3568950912670062,0.7804891828331566,-0.2989848082723764,wave1,-0.2734844114488964,-0.0566345404797695,1.131708924888953,0.5933613424459734,wave2,0.3117646024794125,-0.2391573101141755,1.0946043655054878,0.9366323143260882,wave2,0.1112505505761034,0.0326888736821229,1.3737909720493595,0.2834895472888991,wave2,0.1877347040918483,-0.1581224424266464,0.5440773298669908,0.0410952553481039,wave2,-0.0673248105084808,-0.1677885628352697
58fe52b037,0.3467294231223411,-0.4432469797899199,wave1,-0.5602154437203357,0.1742857648983606,-1.3669552142164314,-0.0344565046239071,wave1,0.1371584454805292,0.1707615833670122,-1.143860773857671,-0.4487246175331019,wave1,-0.5288168960290642,-0.0115393307794491,-0.554713911785659,-0.3722570512223387,wave1,-0.2479648660851477,-0.0809129376903788,0.2533790901178672,-0.1168509260975552,wave2,-0.1969885434988791,-0.3045548412170247,-1.4181769266664743,0.3363585769633519,wave2,-0.1444370635219112,-0.2496654738706643,-0.4516960771724564,-0.2819357437239081,wave2,-0.0431228014407785,-0.2821930562278232,-0.807606798895068,-0.0956634714066969,wave2,-0.0862642547528019,-0.1045348668873408
593b371f2e,-0.5194066353885138,-0.6954377341875677,wave1,-0.153845791382305,-0.0923211704882898,0.1616315995646006,-0.4203331553826956,wave1,-0.2771126416282203,-0.158115862283503,0.3455790048551022,-0.4561275993541707,wave1,0.0299351754879499,0.1530722329451501,0.3039275645009507,-0.4079039502961628,wave1,-0.0829356031909123,-0.0240216520182939,-2.2020004869924352,-0.4925697933027537,wave2,-0.835280297231118,-1.804915153009361,-0.2437730441038487,-0.111247311529788,wave2,-0.1442306324043649,-0.5328806388784073,-0.0575154908466175,-0.2819923989077928,wave2,-0.3989716713405897,-0.9853823123548976,0.0118579041554518,-0.1258686221022614,wave2,-0.2477599414545675,-0.7360441980761823
596b0aeb7b,-1.8731959846861332,-1.0310555975751,wave1,-0.7053559158819791,-0.6590030758767269,0.1523421941035382,-0.3580826415603986,wave1,-0.2918745419151007,-0.0487017379754481,-0.0436879776201324,-0.5803784680690618,wave1,-0.0576693723390766,-0.2841696190441789,0.5198332403287227,-0.6962949373275419,wave1,-0.3693486842187564,-0.3648704351481339,-1.8840271134611428,-0.3121031859660648,wave2,-0.5728574958994999,-0.452807650580171,-1.9054256168122412,-0.3171903659483335,wave2,-0.5524874346089312,-0.1465093956292014,0.1333286028633253,0.1211911736108688,wave2,-0.215445212954811,-0.2621326407210582,0.0271004088642476,-0.0363909217299248,wave2,-0.3929545372601218,-0.2323976835072901
59bd8d82dc,-0.2693141825438821,0.0875514847477483,wave1,0.2028267779288743,0.2915146912028004,0.5297268415092593,0.1372078723070786,wave1,0.1846421321763509,-0.0012807287931888,0.1497697828475881,-0.0783869824334648,wave1,-0.0459837062911963,0.3461482436895053,0.8225826903216741,-0.0192896289792746,wave1,0.0590879141715071,0.7479912428303156,-0.0379559649331479,0.5741486996755396,wave2,0.5641340858890731,0.4703988651735671,0.5196370303127927,0.433623553704122,wave2,0.3929994529888065,0.1665804550604868,0.337343316051224,0.5300529780764736,wave2,0.5248986579539188,0.6819230124059907,0.3556796490785251,0.6058238155552303,wave2,0.6435334212654288,0.651556124600912
5a7b0b0e96,-0.1108928429972196,0.9157110906596104,wave1,0.7132680252479244,0.8450983184452778,0.8162559109321507,0.6989922483231101,wave1,0.622999849312369,0.5899984389575019,1.1364857077996044,0.8322963323945398,wave1,0.6261386511329321,0.935730584921453,1.0394924991145118,0.8557464237052356,wave1,0.5207893331601173,0.871717643763476,1.3322674730062376,0.6112273929798366,wave2,0.5588987148718649,0.5231133199206219,1.2754991590721914,0.792757252011473,wave2,0.5719096842781459,0.479320174576852,1.3500390243071638,0.4323032653738066,wave2,0.398114148601675,0.4280315226012678,0.7289642069223229,0.3363946229200766,wave2,0.2688573378120756,0.4107693197803551
5aeeda377a,-0.846385157783545,0.0987217191671583,wave1,0.1956955408842791,-0.1659335627557172,-0.8790001355185854,-0.2764089214384455,wave1,-0.0496016705504072,-0.3929019976589627,-0.2904883030816418,0.0244713900413446,wave1,-0.0334385568930328,-0.092164360293562,-1.6605436185467326,0.0469316695648064,wave1,0.0764803625717934,0.3696881262566015,0.2531197712481546,-0.376505760660718,wave2,0.0818024147377463,0.148488075604577,-1.7575675204567556,-0.2056799515547038,wave2,-0.0699000331946049,-0.2927883064030552,-0.6555804327785412,0.0660743859016985,wave2,0.314157716085444,0.6129830428927265,-2.9958897712591077,0.1371122167134112,wave2,0.2835452686547132,0.4679300049797795
5bf811eba3,-1.06782452178025,0.0445869056915928,wave1,-0.1201612801302112,0.2819047492249884,0.5689815891513421,0.2254172161044936,wave1,0.075925160330355,0.236277994146123,-1.932244183901426,0.184191520842654,wave1,-0.1206783292629963,0.1084484302279626,0.0772078396656027,-0.0195032815019021,wave1,-0.2506275271033661,-0.0468771232554728,0.1679140027396758,0.3713833693626338,wave2,0.5358892036076088,0.0453729839556411,0.8314127452709814,0.472839035621317,wave2,0.5917373018168366,0.4101339938904109,-0.3051375160463628,0.1328850904683242,wave2,0.4804151912461737,-0.0046432576068627,-0.1224438037210331,0.2455389081862219,wave2,0.4571798235522076,0.1193544879773699
5cf82ab878,-0.3932338605077805,0.2748894569834932,wave1,0.1722385511061155,-0.2011541921260495,0.2368895198768111,0.3814199483934331,wave1,0.073657167605132,-0.179605917836257,1.250968302977884,0.3354391456963177,wave1,0.4155637885949241,-0.0005211626522587,0.9876755947853544,0.4457980594950922,wave1,0.3840618999609215,0.2038476784035734,-0.3712030291635798,-0.198840873739682,wave2,-0.3006686139960175,-0.298539570499845,-0.0396631922967135,-0.0652641942072322,wave2,-0.1015783011333775,-0.3209621531271256,0.9481164390382218,0.1281683299633176,wave2,0.0319761836058463,0.2302914277193317,0.3155516902734286,0.1459413651265245,wave2,0.0708935899696366,0.2338671735707749
5df660993d,0.0009501806711435,0.4979536379861347,wave1,0.752249921608392,0.7642783970416633,0.1234720168794301,0.1425436535971136,wave1,0.2220180343191113,0.1174789457131595,-0.1016256881163731,0.4208367117767121,wave1,0.7443844136071305,0.742422769627832,0.516018633127057,0.4908744255724578,wave1,0.7791520792529018,0.6233394390581471,0.4316207928960966,0.4122144871090467,wave2,0.5650384657217369,0.270100744144236,0.6059105910708392,0.072707770682117,wave2,0.2496289618045719,0.4761183448237185,-1.412222257987906,0.4996024451280511,wave2,0.4966551416945836,0.0704316236592563,0.2256909432278265,0.580114227447932,wave2,0.6561612734773282,0.3064136542929158
5e90bdb86e,-0.5837139320892694,0.4398204140048483,wave1,-0.1767511931708578,0.4416126714442878,0.966581968641579,0.1779778633498241,wave1,0.0445559146231058,0.4220308036331668,-1.6406347655001383,0.5496708128795142,wave1,-0.2557671089283575,0.2403943652951601,-1.0827903042363252,0.6156212998906494,wave1,-0.0451920604159605,0.4082068750894588,-0.297242318406868,0.3189587489497372,wave2,0.3280116316686716,-0.1941109400776102,-0.6366894444372198,0.3700570517135018,wave2,0.2565023729048949,0.0561420482973529,0.1164592689486049,0.246558118481825,wave2,0.2066850655051801,0.0095001097267628,0.1932380488098486,0.2169258709973961,wave2,0.2190312366282891,-0.0973325933393284
5eabb36cfb,-0.7686174586198637,-0.0085773622038247,wave1,-0.3165119723948495,-0.6401504939238605,-0.0995195328398296,-0.0488749841312698,wave1,-0.2386226948395973,-0.3198670524423095,0.39103443149915,0.0459011712062539,wave1,-0.1510004038151854,-0.3575415230464392,-0.1469329171560504,0.4707564892018135,wave1,0.0574684242533734,-0.2625440184722433,0.9044451528339308,-0.0198878853874202,wave2,0.4466752697582465,-0.0043071564365144,0.8433471973498055,0.0976410704653631,wave2,0.098804978817363,0.17079267209124,0.7568200291588927,-0.4220524853818989,wave2,0.1819146354563866,-0.0612601721907929,0.2384998968837228,-0.4439335302188029,wave2,0.1610499129124543,-0.055346816615652
5ede40db09,0.4077856776211614,-0.4144846084828888,wave1,-0.2050890037789252,-0.4510269852014694,1.3588066660184568,0.0118632897131198,wave1,0.4951421618423695,0.3812249055974799,0.0421027764038113,-0.2275494187440545,wave1,-0.2517407628939565,-0.4095520740372163,0.6358881477397779,0.1060152022827629,wave1,0.0242399483397061,0.084937475900028,0.9013524805650042,0.3804061533481864,wave2,0.0693364523112083,-0.1591326139343585,0.7603539001840482,0.3258399146988304,wave2,0.4363357053185226,0.0608235227322893,0.8038924088126829,0.4839913419022033,wave2,0.2427125054111292,0.1914864766631858,0.952462620929365,0.6294360408339765,wave2,0.3916327297427321,0.1960060663273439
5fdb236881,-1.227080556646411,0.0153360889216962,wave1,0.046700470531733,-0.0795933160323394,-2.6476832294459896,0.1541408261081776,wave1,-0.0673313701690705,-0.1263439517112077,-0.8054614348648548,0.0600612295722214,wave1,0.2129558718729846,0.2877259525186392,-0.5602502155480753,0.1267332554575057,wave1,0.2091989054479445,0.3462183803820131,-0.7047037198106558,-0.09351179434986,wave2,-0.0918535782219542,0.5442086632200076,-0.267326073365626,0.0013267663596232,wave2,-0.0739728350568291,0.1883633091125862,-0.891449427855484,-0.0860930436720529,wave2,0.3337571550783972,0.5401748677615937,0.1249459452449788,0.0821862543400945,wave2,0.3639177021938359,0.2884237715965325
6140f2c896,0.4783779832408829,0.348195529882199,wave1,0.3881751249383467,0.386073171690545,-0.3253278749488825,0.5157113044402037,wave1,0.6499275120270518,0.478091616424757,0.4789181137004152,0.2070176529327465,wave1,0.136600998129087,0.1203623665587212,1.1956405398785552,0.5435378493146453,wave1,0.5570199489694739,0.2979330395089653,-0.2212782394516662,-0.1653713701768628,wave2,0.7851894715387973,0.3137862322857256,0.0826477147784433,0.0897246709300243,wave2,0.8071274512041131,0.4910556001495152,-0.1722966930535866,-0.2990495317632962,wave2,0.3068380413274849,0.0894527918876542,0.991976293178028,-0.1218398970693638,wave2,0.4972570924933833,0.3142419788735812
614e3d3a72,0.3240258942498535,0.1319259918475552,wave1,0.2197545206625826,0.0485867482954904,-0.8723009390656851,0.1551851419854655,wave1,-0.0233850881800266,0.0136854635553902,-0.2661389223160925,0.1046540849892831,wave1,0.2354165652493551,0.0865708023521496,-0.5279702105533447,0.0699446270690468,wave1,0.0694203954284219,-0.0849303334072476,0.8776337685593698,0.7533959442452216,wave2,0.2550666872503877,0.0582028606973035,-0.3688192197533543,0.5529755797201066,wave2,0.077607479006005,0.0328668462568955,0.3509626746859798,0.6361850778722085,wave2,0.2161007185953289,0.0568517064159701,0.35357637633529,0.3995502671715026,wave2,0.0981115398677546,-0.0839255372814024
62423df244,-1.414881529354424,-0.448840583929359,wave1,-0.4832496062389675,-0.8508564331524167,-2.1997969056537836,-0.0854911971894343,wave1,-0.0519686171742592,0.0350226995793723,-3.4276601662690664,-0.1919394315128762,wave1,-0.1655345937460013,-0.3319132649659866,-1.261114201114285,-0.1228821612299927,wave1,-0.0706191888546708,-0.3709901217150647,-0.9424265514562854,0.3288537401401543,wave2,0.3056988036760082,-0.2329207652483258,-1.3300182015564197,0.2607116445270554,wave2,0.3708597813570526,-0.549646200152615,-1.8636730656111855,0.3922272077035961,wave2,0.4137195010166387,0.1573531345155343,-1.3730387258817045,0.4656516874250788,wave2,0.5082885085398593,0.071396340768603
64af6501d3,-0.2100379994915183,-0.2607296038874922,wave1,-0.5171264531877113,0.2957245870484246,-1.736817396007153,-0.6267063956249155,wave1,-0.9048443908024488,0.0687350725523554,-0.1430830067592476,0.0697886556223732,wave1,0.0848013788283053,0.2923501235383963,0.5181211275724228,0.0528267588059073,wave1,0.2724921604257767,0.2825498242399037,-2.7585926916147887,-0.8159480781302755,wave2,-1.0248104671373357,-0.4844019116448257,-2.1226048420008623,-0.215065952407865,wave2,-0.713485488683721,-0.3730742213655542,-0.6169281253954765,-0.4985099745542096,wave2,-0.1697435474266577,0.0666972010711952,-0.1656843919988928,-0.1773845519541806,wave2,0.0704452735350197,0.0131065086524041
6587e0bf91,-0.3009252742390148,0.3248562505016272,wave1,-0.0639695523597561,-0.0497714865605181,-1.839421822887495,0.2318780240462947,wave1,0.3076533507547307,-0.0892090033430785,-1.163842341180762,0.1749678814392733,wave1,-0.1564403455815276,-0.0788569810023317,-0.710630343748174,0.0659579436017328,wave1,-0.3340064186040757,-0.3456038838729162,-0.2416953757084309,0.518590710896744,wave2,0.1287772772130468,-0.0775620445745379,-1.5389684227395402,0.756744747646322,wave2,0.3172775964151388,0.3889343284933662,-1.7158236907957611,0.2264797090089133,wave2,-0.1982575238435625,0.0891053267648948,-0.7334384484015092,-0.0397857865848386,wave2,-0.5331138946616577,-0.045060200379221
65e2dae427,-0.5426723419944506,0.3554151125851106,wave1,0.3045592413517062,0.3208451953176403,-0.0307458878812272,0.3339377114303024,wave1,0.184544409161421,0.5184142657910877,0.4272372649058164,0.2753241450598797,wave1,0.4484074460099762,0.216200037366936,0.5186998913538645,0.3756563860553764,wave1,0.2822770319369737,0.1952343738578391,-0.1260935741829096,0.3394440142062407,wave2,0.2671860292830079,-0.0807293622518738,0.6597113927733823,0.2341340034580672,wave2,0.4556438132702949,0.6386468028057952,0.2512552147939728,0.5560594642286679,wave2,0.1085426125648024,-0.2169873759044577,0.6084365974088772,0.6477426345015896,wave2,0.1675532196034122,-0.2028923330536084
68234bea49,-0.1965071831913974,0.3090849672456428,wave1,0.3908763169766238,0.1103009915717432,0.7445065729719722,-0.0180624271525866,wave1,0.1032944290372706,0.1925353542479846,-1.0376748520573644,0.5020115520147616,wave1,0.6082151247803954,0.1725093275574877,-0.2256810647221138,0.5032771721877906,wave1,0.6901285448205622,0.3476219328444269,0.213671647086592,0.6303128999160259,wave2,0.4672438271592705,-0.0998653715424431,1.4001579656756755,0.3694498201861949,wave2,0.0275826876870377,-0.1089624248050591,-0.3966304851987705,0.5154981284656676,wave2,0.4825053373171603,0.1731389572465463,-0.2610194189603127,0.6033261699561506,wave2,0.4800906878430889,0.3534406815700831
68b946ea34,0.4553778199459562,0.1864328813138021,wave1,0.1096467778141876,-0.4570109976744418,-0.3054101140327924,0.3798472958293324,wave1,0.1037487183922545,-0.1846540577492033,0.5524689592308636,0.3550999747409457,wave1,0.2872191765468543,0.0465893113998258,0.1785039976055818,0.3464275451696718,wave1,0.2323783889573339,0.0381799531753296,-0.0853867077326353,-0.143030165111915,wave2,0.1009497057270845,-0.1490688314382453,0.1238952683411848,0.0697167809226435,wave2,0.1517439705654606,0.0471252328895492,-0.0679360423686236,-0.0807196700261539,wave2,0.0928440371535467,0.2404204218214167,0.4373407202238116,-0.0213497160184626,wave2,0.0631657622002864,0.1814456657910618
6b317493d6,-2.528899944112497,-1.0570876755304617,wave1,-0.1364024028849029,-0.4375709804164438,-0.7006640534081091,-0.159797666792421,wave1,0.1186552505513871,0.1645795798657294,-1.7528565378629553,-0.7894495950256778,wave1,-0.3153763716536154,-0.4381086410986817,-1.9811771726158312,-0.4104302127897757,wave1,-0.3137111522727894,-0.6137546222458558,-1.6088677312418551,0.1517304947263309,wave2,-0.1001753970608543,-0.0324922005528025,-2.0171459235076385,-0.0211121050322802,wave2,-0.027277340854142,0.062470860440174,-1.4681802141930644,-0.038409817334715,wave2,-0.1818490861074683,-0.2315296214511141,-0.7651836084967772,-0.1597925858072141,wave2,-0.3592665905963373,-0.1650083436353075
6b5f3d7b27,-0.8049562052148708,-0.2081613607174339,wave1,0.0540009744793004,0.2236435905544509,-1.1033456908763222,-0.0972910879777968,wave1,0.265928817003743,-0.0332602722382326,-0.4126656200683348,0.1029424998850241,wave1,0.502744733441904,0.3575823816262349,-0.3174587091516551,0.166942872592099,wave1,0.5625945969427341,0.2704358731930408,-0.9047737246552454,0.2843317332131916,wave2,0.2684173379313466,-0.170278401270336,0.6153854674814,0.095052026812584,wave2,0.2407223444341766,0.1694112646163779,-1.1344559320946797,0.3689749422990975,wave2,0.1903130265757608,-0.0945419280707406,-0.2383630834073602,0.4051008408445592,wave2,0.3073745378521603,-0.0068142622957957
6bb20b084b,0.3396335870820697,0.2116777819553337,wave1,0.1917767659579587,0.079954674485037,1.1144711417437183,0.1585792363194806,wave1,0.1130237004853011,0.0919468890150085,-2.447296975272383,0.0777083465874901,wave1,0.0769423955851857,0.1455334572234945,0.439045395501308,-0.0061874800987969,wave1,-0.0848079958504955,0.0226720477590335,1.0195277523470587,0.0284089781328948,wave2,-0.4672409255735443,0.1940344488223959,1.506183131432701,0.2768337156345268,wave2,-0.2863027057366809,0.1311684731307145,0.7322782967356459,-0.2369930056225078,wave2,-0.3296290131453019,0.1213587301343444,0.8113087760824241,-0.2427834565336182,wave2,-0.2622983553360126,-0.025793885158226
6c0699685a,0.41504465237491,-0.6400228314383152,wave1,-0.2061344395882298,0.4408236376622239,0.1599985408515482,-0.0494614868899618,wave1,0.0395493519176828,0.3329774813957316,-0.2253216312187283,-0.5013212956123783,wave1,-0.029103613532061,0.3524313398677139,-0.5132361074276967,-0.3703774189141582,wave1,0.1916362966867192,0.2292434497143475,-0.5439732970637333,-1.2623093049837912,wave2,-0.2107950677277599,-0.3976397240033189,0.2383678200251332,-0.271724349518158,wave2,-0.2310911539336897,-0.0519706740430117,-0.2824848103398377,-0.9268582139982546,wave2,0.0711604351354326,-0.1058715097211682,-0.1008038415175707,-0.6617238488688233,wave2,0.0466667337276366,-0.156988588949077
6cc3ca99aa,0.607191406396951,0.2801547490330576,wave1,0.2555184292963253,-0.5559825739050754,1.0659828433901355,0.6123157800422314,wave1,0.475185567739083,-0.0641717086845932,0.9878834076485804,0.2956622709719032,wave1,0.2023333548308539,-0.1434732140386794,1.341428958963188,0.3731980980412656,wave1,0.4466016800961471,-0.111140920214746,,,,,,,,,,,,,,,,,,,,
6db0abec3e,0.2268974431014026,0.6028764804453104,wave1,0.2916476764461402,0.3958267333968583,0.3004817073668017,0.3669951269846243,wave1,0.4334644472010098,0.4163347256253722,-0.0248852251212861,0.3592513594735931,wave1,0.119438763137798,0.3996416028480447,1.1142996781549404,0.0649773053552985,wave1,-0.0482746369991967,0.5043008116847582,0.6805156078117582,0.0372882226481587,wave2,0.4086519038610698,0.6041027896557387,0.2020619770567905,0.2964580149232736,wave2,0.544783064019875,0.7845333095218083,-0.3560115434740327,0.1325548221139665,wave2,0.190964505483024,0.4481793374787597,0.6250274705862326,0.0946375693756461,wave2,0.0525757868530271,0.375780419260279
6fa7a78d64,0.3816193637324298,0.6184525298011843,wave1,0.6288643624150017,0.470752686855985,1.6489771626824776,0.9050967291298476,wave1,0.7133499987693035,0.7088883140548738,0.3788263655347716,0.3852684589324721,wave1,0.4095742106072549,0.0784868055442814,0.9253132651389664,0.2414614625003499,wave1,0.2712426242200562,0.201857511271777,1.2618973311977315,-0.2304447396077495,wave2,0.6127021172101403,0.6218897169386564,1.5796610407196696,0.234196670129587,wave2,0.4704928087077673,0.6285935073597864,1.1774061003441725,-0.3091237153935168,wave2,0.8192849482712373,0.4675243215563892,0.579406889680102,-0.2110961451672864,wave2,0.7223736560004765,0.3817677806950056
713e823836,-0.4531469943169884,-0.0891695185834944,wave1,-0.3843712576525497,0.0142201675497357,0.0009402208412589,-0.1218130359855502,wave1,-0.1130836462322089,-0.1099481656204248,-0.2313144081716279,0.2051523079154669,wave1,0.171443402056926,0.0269621740565106,0.1568841656094147,0.1634698551816713,wave1,0.074896089400993,-0.3684300569638399,-0.2433450294344923,0.1808563222305172,wave2,-0.0989035974588903,0.8762516438135703,0.1206641761196818,0.2264371424301197,wave2,-0.0483303317553416,0.2143109852166189,0.6345668530099456,0.3144717338433853,wave2,0.0533344604620737,0.8405396504954981,0.7814985594953436,0.2609695290652367,wave2,-0.0140714897067218,0.4380219234732191
72c91073b3,1.2590686749808262,-0.0882992309753167,wave1,0.0864472970752867,-0.1288327189693467,1.1659968135884766,0.3165712150425355,wave1,0.2699156325566814,0.0351952601859295,0.4958397375247419,-0.0492725935487274,wave1,0.0770891615825173,-0.071918691678338,0.167274015834743,0.0032557757170757,wave1,0.118896760525776,-0.1281924305531769,1.4501367634960776,0.2757777577315132,wave2,0.2215931260221268,-0.0052749127311861,1.3014861059620653,0.0951711353236466,wave2,0.2703030549910439,0.0795391502694626,0.7720226714215936,0.2039466752176102,wave2,0.3759418785416957,0.0909247436945748,0.933117530806296,0.0352962833575954,wave2,0.3059837889275845,-0.0545173967127316
73c1e4c345,,,,,,,,,,,,,,,,,,,,,-2.2343839830377425,-0.5596663162096391,wave2,5.082172101533722e-05,-0.0335354222920465,-1.294250162453729,-0.0319707886583247,wave2,0.3884746097952667,0.3578833096033049,-2.354487988705663,-0.2951378145601025,wave2,-0.1027507734159565,-0.0823896430841402,-1.215805403004856,-0.2454922420345081,wave2,0.1009546870414336,-0.2445483468905004
73cea42f1a,-0.403213366369024,-0.3530790650186381,wave1,-1.1629283066995066,-0.5742336716769234,0.390139375037462,-0.1609580747992904,wave1,-0.7035022347037028,-0.3923347754769206,0.0868480091613098,-0.1305588583600345,wave1,-0.4097615888040098,-0.1020667223828526,-0.1254097477771885,-0.2385751471058126,wave1,-0.3742410386021675,-0.2412526824106187,-0.5768879775082246,-0.5077520019682495,wave2,-0.796912758751283,-1.1293664363480564,0.4567482110876322,-0.1251458279949597,wave2,-0.3868432440876097,-0.4405308266611694,-2.1947906129032804,-0.1019872899893512,wave2,-0.2701051198750839,-0.5110005382990483,-0.3518103238362015,-0.1923874816105864,wave2,-0.3702994194837686,-0.4304397644893354
760b6e1230,1.7052198316396243,0.5560882549113195,wave1,0.5353614124465333,0.5760794487042635,0.6922398396060085,0.4397133294218953,wave1,0.582233061685709,0.4479731952335104,0.712949661939894,0.5403033553136709,wave1,0.5817518147600442,0.6170388923667856,0.7794668338740278,0.5416969388798969,wave1,0.5777030010258595,0.8045047999714301,1.5164727881169917,0.4702617264801358,wave2,0.6467391899534918,0.5142981499237944,1.3873149159009854,0.3916016411550123,wave2,0.311658086989822,0.3613263094542782,0.6898966166412729,0.5066558670711083,wave2,0.8303642145780785,0.4282297700631219,1.02644019256455,0.5033914330803806,wave2,0.7990428972991044,0.5561553337418355
761cb03ec9,0.4854009970521531,0.0838048172695036,wave1,0.6360330504393505,0.2060414956281315,0.7680333811850564,0.0402966104870219,wave1,0.2570407310182561,0.258879237668614,-0.0944845325805901,0.2731341980492039,wave1,0.6114504648770169,0.2762070000682439,-0.5065914794769446,0.3330639684241693,wave1,0.6503380743630073,0.1832074028605331,0.1917109945188245,-0.0332396611585401,wave2,0.7919072770281732,-0.3688523506786956,0.2523303698400022,-0.1698860165014388,wave2,0.3896923037079669,-0.3383450156108822,-0.4727834569473896,0.0609286709058549,wave2,0.7898858783848017,-0.0384342314217573,-0.5181369159425084,0.0431540373347293,wave2,0.6113431949312796,-0.0423890999203685
77f6d80908,,,,,,,,,,,,,,,,,,,,,-1.205805982800542,0.1728052577292094,wave2,-0.4300660113144894,-0.1486314131247987,0.4206557142073927,-0.2604840592131203,wave2,-0.1229945392325098,0.2696872259719083,-0.1353382540668456,0.3018276494776383,wave2,-0.0209059026809702,0.0203970798625042,-0.2296646414202905,0.325527080034351,wave2,0.0951211792526326,0.3020403268626192
788c47d392,-0.988920960887603,-0.4308964341701102,wave1,-0.3452935634036711,-1.038037673419817,0.1282025159109373,-0.2112276471114496,wave1,-0.1746052939419449,-0.3858526671290956,-1.1212660829942966,-0.0336811638385659,wave1,-0.1901953437178782,-0.6893931765507988,0.05049801368673,-0.1903894068565166,wave1,-0.1383304611650038,-0.452544199391689,0.6867998475939922,-0.7445695509253523,wave2,-0.6863225506721284,-0.1393726087434257,0.3611238024397814,-0.0602661741731298,wave2,-0.1994813083987046,0.0199270670513638,0.2785021936400115,-0.7359687432192694,wave2,-0.5352791705160906,-0.1624204633013857,-0.3077872293682011,-0.5862298909515453,wave2,-0.4560573431595754,-0.3990061774723573
78bde5f036,1.6447069378126715,0.633404474728845,wave1,0.4569726599175687,0.5707550528037235,0.5567628047245864,0.1800436773848721,wave1,0.4283013598100984,0.4681561628406543,1.2540932848225743,0.7484778326777382,wave1,0.5162889470411485,0.7463794435732076,0.2816078472245144,0.5467861815031586,wave1,0.3113570679970528,0.6034423655945486,2.21245328147043,0.7703846774730716,wave2,0.775141453509476,0.8598598851216692,1.198604372695587,0.3828254633816015,wave2,0.5166878168393558,0.7277850037942923,1.0451651646256,0.6094960848016031,wave2,0.5740596741323944,0.6649599678739793,0.3961114059366335,0.5934629269409112,wave2,0.4093227541219745,0.4773714554702079
799e745a79,1.8001406814351733,0.0826563225806755,wave1,-0.0383316371970816,-0.2826348300013266,0.3596036994215825,0.1440212909372349,wave1,-0.0611485299105758,-0.0438923429882807,1.5243446287129307,0.1220090494998955,wave1,-0.0970363315367892,0.0008389138312114,1.543885000914985,0.0748854429301517,wave1,-0.0875196444288236,-0.0363730652586014,1.6931498672284475,0.3134259078015309,wave2,-0.1663804421720245,-0.4001380176925031,0.8734738180708836,0.1797884848084303,wave2,0.1287095615353466,0.0120580815678776,1.2765409258171263,0.1965939345574816,wave2,-0.212629954912991,-0.2785294499872157,0.993214419795566,0.1774892777810505,wave2,-0.04061792409698,-0.2304298608892315
799f6aa59a,-0.6282106048124115,-0.0109862394291,wave1,0.400695937146776,0.143413661067139,-0.8870912127279736,0.2145291183478501,wave1,0.5384107265621301,0.2716251441608686,-1.1340850321578737,0.0166089404316905,wave1,0.2388012868571337,0.2174794042896782,0.6192849344138621,0.2107895966367127,wave1,0.2183134563907455,0.2315948425002393,-0.9256894078420402,-0.0225311273330421,wave2,0.0001475528357408,-0.7164190979306295,-0.0573376747427283,0.2861208469104632,wave2,0.2542674665170625,-0.2309091096341313,-0.2431121640290431,-0.1939172204447169,wave2,-0.1796124319603133,-0.6332097052298743,0.8586405809211258,-0.1207481980563625,wave2,-0.0996863536249306,-0.5392945246592229
7a05516457,0.2361248237367773,0.1550749843964718,wave1,0.0324344045157802,-0.4129915617484316,-0.7842685809678729,0.0876824664647619,wave1,0.2968982239153122,-0.482911543383433,0.4619488788667114,0.0919393795026763,wave1,-0.1262176273058637,-0.052352843513701,0.1161171694268854,-0.0436194969725926,wave1,-0.0274968316979845,-0.2258495620897102,0.8123730479975474,0.0185657398272591,wave2,0.7491323859166634,-0.0486857996647271,0.5814977362861047,0.3972234670125294,wave2,0.8769975748091481,0.0888143145945679,0.9489246849980946,-0.1982202517956315,wave2,0.552508316578459,0.0752751959191107,0.9250511442509848,-0.0479240461291948,wave2,0.5364342586239513,-0.0332863132868107
7ac9a33d14,-0.5673549553708169,0.7292133015304949,wave1,0.6039749507325061,0.3489637088055151,-0.4414087162012062,0.5935152652102642,wave1,0.2348129750613028,0.3093690995560345,0.1757636600265034,0.6998414028323505,wave1,0.6882352733933581,0.4496726457503406,0.6811906661910111,0.5062159388597773,wave1,0.6011078868536874,0.5115634769848152,-0.7964504781335177,0.0567120603200606,wave2,0.0918932230993463,0.5269825173278733,-0.4666092257275233,-0.1556989422429608,wave2,-0.0458737474557102,0.2582547389062852,0.4000851150513852,0.2714967596911817,wave2,0.1188463526849072,0.561086909883554,0.5880175883905203,0.2053233594137037,wave2,0.3229522243191913,0.4480710189586274
7ec590718b,0.5537893031152791,0.4000463741832698,wave1,0.5231736662221942,1.0560140917727376,1.0802793246028406,0.5225012786935381,wave1,0.2106609236761056,0.4541142079302163,0.9829993451133748,0.4286580191059038,wave1,0.6536508240474815,0.8283751103626996,0.2371478428527775,0.4754688179063204,wave1,0.5779027591155999,0.7573351426446233,0.2642563247608699,0.4990460691569414,wave2,0.5166113764932034,0.8450442383512269,0.9090283055976304,0.60868342706687,wave2,0.5648941055841266,0.8951291281868197,0.95232758420287,0.4001193622826519,wave2,0.3583810508723298,0.549348603594633,0.5525147376247236,0.0742747003936423,wave2,0.0467001322880846,0.2928454766842742
7fa2708b28,0.6206298547323386,0.1658418542451758,wave1,0.129697797227041,0.2741742815712702,0.5395777298185519,0.3056382135662585,wave1,0.4875122549804245,0.3032894183078287,-0.0508021954423457,0.1288345759062393,wave1,-0.0654046706206866,-0.114709509360047,0.5531595457986198,0.1521258655858314,wave1,0.019327065483319,-0.1191928408636891,-0.0355849510322753,0.1227015027539759,wave2,-0.0951277762851392,0.3526599926217817,0.1172264876972569,0.2400369441018828,wave2,0.0647532268832784,0.5685906701602623,-0.6288751542085473,0.0005360049821753,wave2,-0.2246059972034634,0.1108821798207188,-0.047702850584336,-0.1756539238078425,wave2,-0.2655213630974023,-0.1993328127888068
80ea87b3c9,-1.0242685489541254,-0.2182553330240022,wave1,-0.528263750391103,-0.0891127969722096,0.3549032677209637,0.4162097701206522,wave1,0.2501386497636571,0.4799774011687232,-1.3936658457269588,-0.4023654926628883,wave1,-0.6412500890300956,-0.3655603503518412,-2.4189592792274976,0.0881311567149856,wave1,-0.2724941476303162,0.0548399576098608,-0.6994243921041646,-0.5297911294595705,wave2,-0.078679236485462,-0.6830548014256959,0.054038162271174,-0.2075384153470441,wave2,0.0520103120218899,0.1437081647641906,-0.7336661470499054,-0.3323100712970479,wave2,0.0072002171454585,-0.6566745484581209,-1.6972549929725598,-0.0326896270956938,wave2,0.0367411401775542,-0.3678103100844531
80f93dd8c8,-0.3293717157329842,0.3941388562575514,wave1,-0.2944485178831004,-0.1218245827089272,-0.6059394799802116,0.6312390146445903,wave1,0.3805663288946683,0.3492496857663316,-1.0041110015442796,0.321697404730603,wave1,-0.1764208150804679,-0.0852567270731611,-1.7951008578172225,0.6588701613715597,wave1,0.2010295556141594,-0.0582565372358601,-0.3773813973307018,0.3468819452011713,wave2,0.3650217377307738,0.2306553746796189,-1.204689171616432,0.6214811533421547,wave2,0.4499602225857404,0.246883467198705,-0.3793382862631967,0.4940220115778951,wave2,0.4538622164270388,0.3897292643675339,-0.8584232292238247,0.4601858259446245,wave2,0.5526538393723734,0.4732258004069757
819e6beaa2,-0.0103095650359786,0.1319440183634832,wave1,-0.0280462355392223,-0.153907555223592,-0.487498739571722,0.3674036309886386,wave1,-0.0446265902777898,0.2715948396732255,0.5356422536579041,0.1252382048499631,wave1,-0.0551314643953056,-0.2214584816614718,0.1906266979973283,0.1909065898034042,wave1,0.0624732187346207,-0.2598331687429424,0.0377374831503951,0.5193695702555241,wave2,0.1178892657281782,-0.0062251251124914,0.7063643392582051,0.5029142129384754,wave2,0.2240647106963522,0.1173899246308924,-0.1997523553097733,0.3396936378097903,wave2,0.1176175114340431,0.2022007940305789,0.6001423602492783,0.1696276262770898,wave2,0.1070490165875551,0.2405961414947225
8367876d1c,-0.3823515425801983,-0.0034772758990109,wave1,0.3986160979328907,0.1394275038472736,0.7791623837228229,-0.0364186853492694,wave1,0.1224312241511385,0.0092069180549312,0.6854094862100213,0.1557548496878366,wave1,0.449257332623613,0.499683125291997,0.2272485959167317,0.0445638461175838,wave1,0.4788519705202351,0.32656407193912,0.0568125227804472,0.1906959459676658,wave2,0.2294406234881569,-0.1645525208458669,1.34510653084844,-0.0013189735881591,wave2,-0.0410999072540463,0.0845480807596426,0.6230703748261723,0.5504741213792937,wave2,0.4662058264325913,0.1878005383844608,0.4143279158259697,0.4932983476428953,wave2,0.390582892518765,0.0514615812594094
839ef11e8e,-0.2910323674809579,-0.0960813280248602,wave1,0.2374335327928756,-0.0637932817525255,-0.5831192765323929,-0.105124683952094,wave1,0.1523684954860749,0.3897646658081717,1.049083586546853,-0.0449964793166937,wave1,0.1287995544389995,-0.4883942795140692,-0.3575505068151014,-0.0176320182392301,wave1,0.0800975608033923,-0.1233158089633216,-0.4607445466244869,0.2844832165087434,wave2,0.0854165985233537,-0.0233969078682265,-0.5830481578778896,0.1574541880566937,wave2,-0.0707472328522968,-0.0516636679806321,1.1368117078862885,0.3741609234727128,wave2,0.3396972324100309,-0.1122872644303676,-1.750392207220642,0.2493616156678307,wave2,0.1200787175223817,-0.2011768688793532
860c682a2b,-0.3077832733449452,-0.3827786430206146,wave1,-0.2662173736264503,-1.248798787460549,-0.077545686461922,-0.120471938491665,wave1,-0.3142924687476625,-0.4805473355976963,1.3363436559152733,0.0232733670598872,wave1,-0.0083248753940587,-0.2020946492911142,1.3253964026774054,-0.1098609715171745,wave1,-0.0354196445706404,0.2206962216548667,-0.2213646514489793,-0.2097629465008856,wave2,-0.1924367924007759,-0.0622568197496349,-1.7681271889536558,-0.0955404464584148,wave2,-0.1434702271850696,-0.2002781045696418,0.9844625137788804,-0.1199167308370998,wave2,-0.0075544974959689,-0.1753954831613284,1.2399710033144349,-0.0264884638206348,wave2,-0.027348271020783,0.1330941526438294
86b6f6f3e5,,,,,,,,,,,,,,,,,,,,,1.2979696851708675,0.4069369248279944,wave2,0.5548250721911294,0.5256294769421836,0.930745503964956,-0.0292081220359681,wave2,-0.1006918349284133,0.0220870686710772,1.4419236154570585,0.5306636220352928,wave2,0.5630568843714349,0.4647265679726781,1.0730272125167974,0.3500962726073889,wave2,0.407858397731054,0.3775094443960515
86cdf539c0,0.2354482986864424,-0.5004496406994938,wave1,-0.2125235515277534,0.453964508832368,-0.4342113582911205,0.1803492117140908,wave1,0.0020631569953568,0.4597983115546351,-1.2644298263285696,-0.264347348826626,wave1,-0.0842403155056458,0.392175650173075,-3.2345076055306112,-0.0771364226236381,wave1,0.0398358555851846,0.3982965362798488,0.5545749144728006,0.0585041249647522,wave2,-0.2546473519007473,-0.7428825752438393,-0.7187550548653151,0.009786842631668,wave2,0.0837694746488058,0.0275230848527447,-0.4669927245476891,0.1143377594520408,wave2,-0.2043734685710453,-0.5983421935931686,-1.3782884972080789,0.1854295667499826,wave2,0.0645051077431287,-0.3693517627138093
86d5124ede,-0.9954748939605506,-0.508963304556763,wave1,-0.8779927319501288,-0.0493710509220375,-0.1309482506092666,0.07981055369224,wave1,-0.2302317376267109,0.2384462997635428,-1.140118771460095,-0.1070752209805687,wave1,-0.478475490866977,-0.1071369600557898,-0.8146500992334664,-0.2116019872140462,wave1,-0.6197057340489598,-0.2268106806478738,-0.69351914022318,-0.2183392182740511,wave2,-0.6250756272308866,-0.1593749555135115,0.1441428803064803,0.0827855958245564,wave2,-0.0759362634870048,0.0294658970824628,-3.3321979178113934,-0.0643870200573848,wave2,-0.3630051254092004,-0.0515932618117223,-1.605742687972521,-0.3920516209465046,wave2,-0.6233215281996813,-0.3711966612960367
87aa41b4a8,0.5164686363300379,0.3850340720774663,wave1,0.5818438248829563,0.0964689257865587,-1.7036287301480215,-0.0064649716221909,wave1,-0.126080030723255,-0.214098285465047,0.4560446049166364,0.2785487994967356,wave1,0.4141826994680969,0.2371746636884969,0.257827823330663,0.1172050460142221,wave1,0.2629490267363207,0.0082811092365539,0.7860262458534075,0.579277770608086,wave2,0.4358991163841699,0.4651134157234637,0.6564414647510153,0.5575445360767204,wave2,0.2761292268254354,0.2484208993835497,0.8413230252049604,0.6295758477491348,wave2,0.6582089986812826,0.6192751123017807,0.8649445186216237,0.3915216451538643,wave2,0.4534905577030847,0.3162872551792143
8b1c700f8b,0.7145322891019569,0.5600902506880405,wave1,0.335241669361938,0.4420917416558592,0.4311910257025218,0.5056784803764947,wave1,0.4781159831122945,0.3729703670458852,0.7496050369157891,0.495086415543394,wave1,0.4044999759740783,0.3834253893262475,0.0748890736472426,0.491051200945351,wave1,0.4691034351232778,0.2448898607577642,0.8802743870643384,0.2549612348460692,wave2,0.4238129932925967,0.0375228535099079,0.6282399525521919,0.2918988352508713,wave2,0.5297957915275711,0.1143482740823227,0.32414940942087,0.2399856435649709,wave2,0.3198590918083676,0.4051672146042703,0.4730837710998551,0.1234052694183297,wave2,0.131315447388073,0.0450074325216171
8b3a04f86c,-0.2190219491333962,0.1339017886469511,wave1,-0.1592447765778692,-0.108396442693035,1.179983065954988,0.3789963008839792,wave1,0.1617216942223012,0.2885870732013378,0.1951282868204187,-0.0716520918528296,wave1,-0.1685487766315332,-0.5186610511995089,-0.0550092997564521,-0.1203366230567222,wave1,-0.0905770750245756,-0.2980437581196904,0.7537332671034198,0.3998490303675877,wave2,-0.0510889372274934,0.1757078357168278,0.2888487209376122,0.3022629761171573,wave2,0.1051092963328932,0.1557975054464082,-0.1075823324676228,0.1662255319360936,wave2,-0.2154232298416185,-0.0955255755384874,0.5972650838180467,-0.0809459496576173,wave2,-0.241535905577106,-0.2691610286225328
8b443f7c22,0.8273751896198986,0.1531967184101259,wave1,0.1490873195065996,-0.0433705952422283,1.7495879853668836,0.2912866100694484,wave1,0.2854441068189832,-0.2412928117329775,1.1606462198242855,0.2236094026003435,wave1,0.1872537177344085,0.1707799256539172,1.5467629682266806,0.2952776202620175,wave1,0.3455786534286542,0.1488283976133326,0.1311603287691532,-0.0614957503934854,wave2,-0.339485694801847,-0.3144335275375911,-0.6178342064939121,-0.309263029236005,wave2,-0.1572188960258735,-0.5293722507595466,1.164072920082051,-0.0216023648601687,wave2,-0.0442062687283736,-0.0205137222454204,1.387144904748527,-0.1742815921475123,wave2,-0.2551730727501085,-0.4137661471631866
8d74b05fe6,-2.364566342684771,-0.4568787183635887,wave1,-0.3044946563245809,-0.0211679022253834,1.1700529048548096,0.011042748757013,wave1,0.1940446458469282,0.5019335352356262,-1.5779366209942212,-0.5055073864414092,wave1,-0.4242746151051495,-0.334299016971507,-0.1005380118660664,-0.5660319620704649,wave1,-0.1785501110899617,-0.3990376213636507,-1.214545956567622,-0.2340277421094003,wave2,0.3479700807272849,-0.1338650604665998,1.552557150771588,0.0291880289404318,wave2,0.4325049107043481,0.1631392443924979,-0.9307450057859084,-0.353970612230758,wave2,0.1449159318451145,-0.3024201431922377,0.2123639812553222,-0.4210632488471041,wave2,0.1916908692303297,-0.4858056966332166
8ed6071d39,0.3632058191402665,0.4743833484051305,wave1,0.4164975304384706,0.6836646968699549,1.2119349310930958,0.4970756555289926,wave1,0.307042204033455,0.5436200151995072,-0.3543121686699624,0.4111413674143584,wave1,0.5201783269762126,0.4572846064648475,0.9343320124697578,0.4230280985483992,wave1,0.4997408051182708,0.3555829400080079,0.4091517195039568,0.7529275802414919,wave2,0.7102311563257979,0.6880667869350887,1.2191389148135674,0.5148104418174593,wave2,0.3544801248634277,0.4162950545827346,0.727658971426571,0.7290116352742453,wave2,0.7095875638700797,0.6072336997194225,0.4922437206508608,0.8500585396921871,wave2,0.7922442949941697,0.706077251443729
90623d25b5,0.1353871750684887,-0.0793829769141463,wave1,-0.1650291379277861,0.2320159733219795,-2.6595716866817667,0.2525466720007012,wave1,0.0165191179408095,-0.0020280383033044,0.1723129526588055,-0.1456667977240113,wave1,0.0089799140950168,0.2221580308742037,-0.6485701678650396,-0.231510194507784,wave1,-0.1315395555350547,-0.1240885576607525,0.5133361707243619,0.4053000417138688,wave2,-0.0733671750828546,0.5040295076245624,-1.1297348053214828,0.3374645960983622,wave2,-0.0656135346731126,0.3448721308306546,-0.1653031577440662,0.3600029177845163,wave2,0.1434534742718696,0.5757874449527958,0.0727307895271136,0.2788581802815494,wave2,0.1562744234184225,0.3349385294005664
908a3257df,-0.2983612503595396,-0.0818542588765958,wave1,-0.1328681117402534,0.0146632653591123,0.4267652339292082,0.0653873424674933,wave1,0.2239284995248769,0.0552205091566535,0.4169198359498419,0.0527637417181838,wave1,-0.0214324822895033,0.1585543940340987,0.3341903104398918,0.1607137141918752,wave1,0.2991612534099234,0.2878704791110497,1.068943401302041,-0.1217769189870086,wave2,0.3466805514118822,0.1433328249852639,0.761317167441426,-0.2853533047347243,wave2,0.2780798885413507,0.3447006089613591,0.6255222127438808,0.0773176581751413,wave2,0.4182694044003065,0.0324396388887584,0.3080064920136401,0.177429391295078,wave2,0.6166942189785519,0.1880750488364854
9145cf24d3,-1.682081666869737,-0.754361082803644,wave1,-1.097147984585525,-0.5549495281849437,-2.196523694636566,-0.3472727707249898,wave1,-0.3550608082097692,-0.375279411526249,-2.1533667791578406,-0.3652562022687423,wave1,-0.6018052230779838,-0.0988083272011404,-2.406566583038269,-0.1607497143878485,wave1,-0.4798872288970291,-0.122803381214459,-1.4479903752892318,-1.0993450778591256,wave2,-1.097138212504255,-0.4788400532308945,-3.1056941348154576,-0.6021027545829991,wave2,-1.1395248400894509,-0.6184630750128819,-2.340092187487533,-0.7808978941519036,wave2,-0.5675987555437967,0.0219910450551563,-1.4999694407739057,-0.4359759779318849,wave2,-0.5626223289650639,-0.037560688657504
917fb0a062,1.2978847224196084,0.4813497057288227,wave1,0.5114928206654898,0.4325907324321663,1.425241039421558,0.1394418015307412,wave1,0.565349932391271,0.5228009227904413,0.5630538158149804,0.4047695304637706,wave1,0.3980879948320375,0.5383080965305718,0.667227008276536,0.3205094368252132,wave1,0.4608196054549349,0.4726386168189979,0.9024871177867476,0.3180368136945812,wave2,0.4384074366056114,0.4882491864508598,1.506277442356508,0.4498721119561952,wave2,0.6700508356121742,0.4042708173718596,0.1500789109090434,0.291584778243068,wave2,0.1916352208905429,0.3029760293631138,0.601386306976637,0.5355535787649144,wave2,0.4302320147775824,0.4334095153320509
919aaf4850,-0.9334094746360342,-0.105281759898322,wave1,0.1597257379324015,0.7464934401140704,0.5152310338013099,0.0580279628857791,wave1,0.2229287055082029,0.5854963216621045,-0.0318696428534243,0.107360981012456,wave1,0.3923341988685175,0.6211675953071882,-0.4692044462071419,0.3192383563096198,wave1,0.3631401618925353,0.8146787861004977,0.0368138787301765,0.4538845130872435,wave2,0.3501387323013725,0.4444539984776348,0.7616776957110406,0.4263531246994052,wave2,0.5126653437407835,0.3911838418587314,0.2485940746669528,0.6156331596892946,wave2,0.4626599207514492,0.5182937819668645,0.2303269651083999,0.6555339448714722,wave2,0.7013502971230946,0.6291032004812912
91c728e6a6,0.0100696066811171,0.2004520046211682,wave1,0.5460313764145908,0.8884283221680955,1.1595446085011976,0.3642826655625393,wave1,0.5138238243667812,0.6854418965566207,0.3853025077318023,0.2692218156914308,wave1,0.50625233648339,0.637895251040177,0.2386359219826877,0.2862858633234422,wave1,0.4080010074165634,0.6101495642772816,0.5744281466085401,0.207506299804753,wave2,0.1674936321106637,0.5079980587444695,1.1120833648352584,0.0983006200839373,wave2,0.1598714173226751,0.3595653083785504,-0.0825610040232937,0.1835001930259672,wave2,0.0285747548396324,0.2380517835380415,-0.4675351216562456,0.2186392679296873,wave2,0.0800405840154155,0.2039469021609767
9218f3f56b,1.145768232397604,-0.0389455917234822,wave1,0.0565331271011966,0.1626441302200754,0.5919652204431359,0.6687806711312161,wave1,0.9803757317959668,0.9585777502304842,1.081359440100511,-0.384293105561856,wave1,-0.3259853491225456,-0.1878143983359276,1.2256448638973032,-0.0724994459049813,wave1,-0.0172944931771586,0.3709752904060812,0.6674022383281056,0.345446789797637,wave2,0.4735157568308912,0.3705556206125586,0.9463657697900826,0.501191287090766,wave2,0.6551691684385303,0.3905073647464554,0.0493081163198352,0.1923768225074799,wave2,0.3237458481258489,0.1494273001225364,0.8342508890451139,0.2192001876743352,wave2,0.2383545310989673,0.1647474618093196
921bc75ff6,-0.488628102955907,-0.0723890516648906,wave1,0.1671683480076029,0.4749150178590491,-1.459392602158581,0.2355250040295478,wave1,0.2279677941155924,0.4269123487375643,0.5244677832499802,-0.1633649191331861,wave1,0.1236676467402538,0.3665388943497992,-0.2957986849190789,0.2488785139278008,wave1,0.1293935603231803,0.3656578349873031,0.0943982818689001,0.4426483623727852,wave2,0.4329971791056297,-0.0967905672851436,-0.9108475629338952,0.5803804434828033,wave2,0.572022688207324,0.3911475362356404,0.5352563947820134,0.2530185755565538,wave2,0.2618875055412347,-0.1400735546057895,-0.3897408786557621,0.1761814445981412,wave2,0.2707688513462797,0.052945675413529
92412d02d5,0.1236477469678027,0.4975367019114201,wave1,0.6393601913297824,0.5356865402917712,0.1054574288416571,0.3841835319143456,wave1,0.3825686034332252,0.3102074423686298,0.2686569185337796,0.3613241801274811,wave1,0.681223182670728,0.3371695148715185,-0.2343059026251225,0.3385650462870136,wave1,0.6743438235058047,0.4285077303256986,0.4205946559440644,0.448014569098331,wave2,0.1925567870279378,-0.0078123803676384,0.555613232699823,0.3735840109114372,wave2,0.3909471640886579,0.1922456051877032,-1.193837996392626,0.3890347598944003,wave2,0.2245533933053493,0.023418949645344,-0.4887558097551453,0.4333549525545893,wave2,0.3148198340875402,0.0688339489397019
92cdffedd5,0.7956250893766137,0.2744547486719453,wave1,0.2631626349216285,0.6048587683256161,0.2807315639516974,0.299176965354035,wave1,-0.0002127355800363,0.3852553406976367,0.3806746422063953,0.3254232728434985,wave1,0.425672551217817,0.796370833107978,0.2851936625899682,0.2752477624405887,wave1,0.257104621533923,0.592916708830304,0.7066526136386958,0.6845384345383967,wave2,0.2321355129067019,0.8329034192684337,1.0870845217938043,-0.1522579207001895,wave2,-0.2422831511713608,0.3848055062541293,0.649281239298561,0.8746720484500352,wave2,0.4893656632858574,0.8406929694342813,0.6431951002165952,0.7716682871285712,wave2,0.3541712445387213,0.6846679870194072
92fe9fa388,-0.7277896509651709,-0.1634496015542641,wave1,-0.17951017536737,-0.2187045848004261,-1.4832265258951267,0.3869908746167174,wave1,-0.060836220211687,-0.1057597049975547,-1.603452851721663,0.2445982273506253,wave1,0.4544599009557695,0.1354674722390063,-0.4683864052584466,0.2021961665807332,wave1,0.1795222643422795,-0.0356054728374344,-0.5704395889992818,-0.0647922260626532,wave2,0.397627805593534,0.1666211978845746,-0.8458915793975685,-0.0002296746325283,wave2,0.0538133286069582,0.122645603061801,-1.7946141653659895,0.2951715153149381,wave2,0.5599357252048685,0.4525641452342137,-0.5837591552044037,0.1752528187178146,wave2,0.166370393695892,0.2056720654577308
955a25b81e,-0.5990859303845579,0.2588494020542162,wave1,-0.1582763843756041,-0.1668143820463754,-0.7910875034222352,0.0165394977485098,wave1,-0.1787003027105034,-0.126646687220616,0.22930972345706,0.4125255653612008,wave1,0.2053090602654073,0.2272472963095875,0.8641956750819163,0.5840367281469758,wave1,0.1457550781268391,0.2291779147515402,-0.9790342624142072,0.1610404521142197,wave2,-0.0055289950462187,-0.2627614047844742,-0.3823456686855035,-0.4712385920990996,wave2,-0.0705158912189367,-0.2831240260579215,0.4918098100393794,0.4950568604868459,wave2,0.3502462902525243,-0.0123412478057922,0.9251993093927564,0.6695954843115044,wave2,0.6194127944924115,0.1830850339109502
95ef3196cd,0.2863021468796015,0.0111107645266346,wave1,0.2598023900261188,0.6466786405684932,0.34786617398871,0.0011934321970819,wave1,0.1332327411155409,0.8060750860678416,0.4992403347542524,0.2280880228014475,wave1,0.4777682441307603,0.6106935947789199,0.6941424197655492,0.4223484190993579,wave1,0.4804821407180873,0.7682098517679684,0.831170320546692,0.2041302603300983,wave2,0.3569895503810809,0.1626795243039078,1.0738812989627733,0.1936097842497681,wave2,0.036137250014709,0.1349666966718343,0.3719389285703346,0.2015362088204676,wave2,0.6163802049453256,0.1604043974384074,0.2194791507682123,0.1463061824714492,wave2,0.4983204427283759,-0.0013263955104906
9669e4ef16,-0.1327218855617683,-0.3078226941348179,wave1,-0.184187982847702,-0.1997614113871688,0.4947943795803266,-0.2226833021069405,wave1,-0.1348328192252965,-0.0118198058411194,-0.6336136169749127,0.0101834153789056,wave1,0.0433840678918718,-0.1020335394921091,-0.773709037223384,-0.0616446989139157,wave1,0.1049526745777657,-0.1215513367484562,-0.7482756636167102,-0.000776404579426,wave2,-0.0065303436951733,-0.0845048998922171,0.5540687993825267,-0.0043884703337682,wave2,0.2845712110756018,-0.0441731306167121,-0.0483368310494496,-0.046762431562853,wave2,-0.1719295911886232,-0.0835459930045802,-1.26292547430334,-0.3079017543119018,wave2,-0.1410503923414763,-0.1622121645711456
96a30f7819,-0.1154839355881813,0.1310848158419195,wave1,0.0841590343838214,-1.394951190532579,-0.4824277130106054,0.2639123612963829,wave1,-0.0765084411386034,-1.0001768990541526,1.057558205794887,0.4389511656725324,wave1,0.4797336854225071,-0.6598134123390254,0.940974406633164,0.5116152264749733,wave1,0.4536451622236755,-0.0899831748140421,1.0223478669951434,-0.2742472847176642,wave2,0.4769547855507954,0.1208831667483292,0.1467234573474332,0.0852771223144008,wave2,0.6268759116446136,0.3794658350926472,1.2271361768093605,-0.0465119406479877,wave2,0.6048980121238348,0.2449523579888829,1.3379655750857595,0.2557454173475414,wave2,0.7012880344804636,0.3230208035551504
9756d9eec1,1.0466645372285457,0.1019832272806082,wave1,-0.4993719221956638,-0.4056406438906341,-0.8500941998829433,0.3173590636270555,wave1,0.0340758755319134,-0.0950528246904445,0.6383983825287771,0.0831629867330894,wave1,-0.5044179088411573,-0.1409310779531829,-0.719449366983328,-0.0623083984696933,wave1,-0.5435812983278898,-0.1551993620882601,0.2227109486039548,0.112775278682538,wave2,-0.3535351366181629,0.0644543867643285,-0.1867394534469693,0.0854466939746114,wave2,0.0857678848482204,0.4314117020431742,-0.7123910925127489,0.1424509159814462,wave2,-0.201799323200656,-0.1139553949285783,-0.0395309165159077,-0.2453509830558181,wave2,-0.4422353777092128,-0.2390645211737164
97f4a22925,0.5544652197822294,0.1122476158339236,wave1,0.5582121121013872,0.5720948020105496,0.5738339377034183,0.011956337620492,wave1,0.1772048415992357,0.1850144812558301,1.2142677189856577,0.1073607041448334,wave1,0.4926313437730272,0.6024391723811733,1.250298797989878,-0.1742947465772842,wave1,0.2716743686672019,0.2940333314890225,0.2309879243128979,0.0598591984199712,wave2,0.1643103651144286,-0.2565644921469145,0.7920693922933881,0.190641133000891,wave2,0.1350090544639379,-0.1458473058704257,1.1986944039650795,-0.0197431276432111,wave2,0.3556569883130107,0.00290573710781,1.0243414849295676,-0.0352079040071809,wave2,0.1321294593098699,-0.0426321837796296
98252b9c6e,2.109702799651803,0.9641674677779252,wave1,0.8350824714107019,1.2224199758457046,0.9726572055603134,0.8181864538688561,wave1,0.8749008088236918,0.9630956029922584,1.5640803418759863,0.948618338134341,wave1,0.6594160447560794,0.7855216354356495,1.2381967135885517,0.7364811776622291,wave1,0.5034063838993246,0.3916957670818976,1.9742702605862483,0.1683322635241713,wave2,0.8269954800836055,0.9311834769886866,1.3443769029522863,0.238210519644892,wave2,0.8294401202009554,0.952484780045805,1.583244018537704,0.1814495775323096,wave2,0.3568228931865022,0.5113529450522701,1.2225789293643516,0.1161456815720415,wave2,0.2904899811985572,0.4294925354891845
9911d6c397,0.9757995041647016,-0.4387911368656427,wave1,0.3942904831551055,0.3997872012851391,0.532088080008087,-0.5343402331624465,wave1,-0.1911296929588144,-0.1352953672525969,1.3666474831057265,-0.120836760104028,wave1,0.5477385890358305,0.4330774973542807,1.391171888099778,-0.1287340613391763,wave1,0.2164424911740085,-0.0015650430669283,0.1765892238417664,0.0604718502847414,wave2,0.1296393898526977,-1.0090991937913223,-0.3138061001448457,-0.1299216571224537,wave2,-0.1797552013764809,-0.6361707275791897,1.0376729425716034,0.166986785277542,wave2,-0.0490446947641772,-0.2800477139236742,0.7888778797891033,0.2247355914687749,wave2,-0.0749600859882882,-0.2466718539526023
996653258f,0.7920627905547183,0.7661718179939503,wave1,0.6362771984778415,0.4483756618642367,1.0665425265197357,0.536970805720349,wave1,0.2132937517391144,0.2750529171103062,1.3052346131120844,0.6776640499308575,wave1,0.5958661027352574,0.4963017333270996,1.3869385336422435,0.6477298295559717,wave1,0.4086656735934359,0.4593926821124172,0.4081616037864337,0.6667371961798505,wave2,-0.2092293831480853,0.3065380850803132,1.137482572157798,0.0156878260683421,wave2,-0.2087737539225826,0.0119565899457796,0.6398154838253663,0.6635757142245675,wave2,-0.0612599671652989,0.3493559620136783,1.2184823026076623,0.6217136959877172,wave2,0.0581368820382334,0.3943157780456855
9ac8322b97,1.2109299321563112,0.505869253585606,wave1,0.1125452953915853,-1.3819097870174593,0.0074027059464755,0.2614266171414177,wave1,0.1408016843394817,-0.4897522829156044,0.192320048730014,0.4439868036779266,wave1,0.1137686100720589,-0.969781783202864,-0.6855716763989294,0.2303028858758512,wave1,0.1708900166062491,-0.7382671260053392,1.166211535793369,-0.06257538869334,wave2,0.5063758309304762,0.1052235281896627,1.1019032701477582,0.0333919257484232,wave2,0.4233009993700327,0.0685383085137276,0.6081541554872283,-0.2203426371864347,wave2,0.2472011592566318,-0.0322805757697586,-0.9134295261737332,-0.2300703351569689,wave2,0.1674573466549084,-0.0490329857925188
9b5440a63a,-0.5545341698564965,-0.1092271526794812,wave1,-0.3811993508886298,-0.3442292027463498,-1.3153109281916116,-0.1593523766951254,wave1,-0.2617609011646404,-0.0027089970872968,-0.2270818685901396,0.0659649190707458,wave1,-0.0358479378833895,-0.023381265694538,-0.6894711431497582,0.0991375798458807,wave1,0.0105488051452881,0.0861939314257574,-1.0592971249857643,-0.1637860401983468,wave2,-0.5529479498622147,-0.4068328939529344,-2.199996739641157,-0.080013947765535,wave2,-0.2903917655680348,-0.0702102570581968,-2.766421884756717,-0.1215568461689775,wave2,-0.1659032459723519,-0.2721244598250885,-1.334666719354002,-0.1367970428948411,wave2,-0.4919650871382278,-0.467948141244309
9c3ece9924,0.0768517439068595,-0.1586065259177203,wave1,-0.5080276023915022,0.1954262700131797,1.6602185600103736,-0.0417014581073182,wave1,-0.3102477787582829,0.3505342454863169,0.5530449837010597,-0.106287635005402,wave1,-0.3008435211755791,0.0719176213680032,0.7668057750644963,0.0077508363094857,wave1,0.0058000245814046,0.1626818685318211,0.4227387549578935,-0.6182706792394121,wave2,0.1177489133389846,-1.104712707936772,1.6107406263840107,-0.3445333693832422,wave2,0.3811635753582763,-0.5141452422038351,-0.1048156042635539,-0.5480670394700651,wave2,-0.2313005859345072,-0.7763083635704326,0.6505449044688186,-0.3382753202521194,wave2,0.0845748548190958,-0.4012259718631533
9cafa4356a,1.4706173618623144,0.7819376617780949,wave1,0.762174853519954,0.6408975273161055,0.6935830129491062,0.7537059954856269,wave1,0.4824086060288466,0.5386617261646887,1.2693517342427345,0.6636958168982448,wave1,0.6522921851289509,0.6073442755474185,-0.2907106836373332,0.6080109126741594,wave1,0.5221053567715347,0.4958107092513936,0.5746663317160478,0.2750084965390724,wave2,0.7311206873209171,0.3490737200994009,0.7013709350869287,0.3101851611395316,wave2,0.6274580115866839,0.0734157431644719,1.1513373658702533,0.200228416409184,wave2,0.5145341651462472,0.458708908010021,-0.9497132358907778,0.117646890507243,wave2,0.4350344235271793,0.2268904323563484
9d345a9091,1.4781413349889183,1.027318998953506,wave1,0.7194608855987203,0.9351011893731718,1.667865820450166,0.3842686807142113,wave1,0.3930300687919668,0.4119161658776868,1.56416783739401,1.0380992514713194,wave1,0.7096872600249393,0.9641983232430966,1.6937251166600098,0.9767236758054016,wave1,0.6611672493843805,0.7952816128497253,1.126731258841828,1.3398534460848373,wave2,0.8299013934997732,0.3922103630167557,1.2010476029929096,0.2395040938089554,wave2,0.0168792222917764,-0.1215405997835334,0.3225396398871204,1.1784497222699228,wave2,0.8726200706029228,0.3052441093356555,1.0029261637052902,0.843720650108652,wave2,0.8609002655733331,0.319700438345762
9e0545bb05,0.0039235564200056,-0.1157957511539522,wave1,0.1107917502551152,0.1872911787267788,-2.5209295073053917,-0.1063759790428815,wave1,-0.1978236710610705,0.2353605797319804,0.0655480673747038,0.0420962793533092,wave1,0.0454071650449381,0.2434390605418674,-0.3775795239452211,-0.0455654136215906,wave1,-0.1119542386949499,0.1621426580212021,0.0850682766342799,-0.0038406708886538,wave2,0.0764553725600802,-0.1899258907773124,-2.635352850815076,-0.1295717766175979,wave2,-0.2965636279712769,-0.3879795914944959,0.3792419208861106,-0.0572473269145081,wave2,0.0939715670027911,-0.3249717246381594,-0.0083844402812779,-0.0774969730228565,wave2,0.0224154786872773,-0.0891258337368592
9e08a6173b,-3.205234625580138,-0.5987218787440556,wave1,-0.5384028155587419,-0.9962156267247536,-1.7021580907769485,-0.249660377091893,wave1,-0.2741461371064224,-0.0699972471826708,-2.513233398843501,-0.2327197039182635,wave1,-0.3882432354371325,-0.6737377409483054,-3.7807340548263904,-0.1509207000418935,wave1,-0.2762023351963961,-0.4531560306510714,0.1158672089215993,0.1448873683774487,wave2,-0.6034084527100005,0.1956840300163032,-0.6915444723419918,0.2291706948847809,wave2,-0.6093297398882165,0.0149422763575326,-1.1197279166690133,0.1810143039491691,wave2,-0.4359277841485132,0.2229933420711707,-2.9656204222787412,0.1195891464652353,wave2,-0.4212872816835551,0.3056655600428377
9f01eb721f,-0.4860500677155502,-0.7265540094440828,wave1,-1.2149954728797894,-0.782962323218306,0.2742103842654919,-0.2500871495512413,wave1,-0.5397340937955355,-0.4754106891156127,-1.328733403077362,-0.334112687935312,wave1,-0.640586735046544,0.026191593920179,0.4932835673127152,-0.2716160019494854,wave1,-0.4054332361856848,0.0816779751307689,-1.1607256366737222,-0.2739717579187661,wave2,-0.1423876697788875,-0.1009973497053364,-0.4649418590778309,-0.3568896424051901,wave2,-0.1332203277948065,-0.3432856300913638,-1.0126395040399183,0.0373665550363786,wave2,0.1026091116499392,0.1019544723203366,-1.8033909353516933,0.0725301803381993,wave2,-0.0447933091827336,-0.1169712433051485
a04c18b602,0.5876355758487938,0.0742233534960623,wave1,0.497083122919417,-0.5413143854336473,-0.1338525113873033,-0.1689890100678215,wave1,0.3556970631984457,0.1797185906502072,0.4388674568986569,0.2216607146342912,wave1,0.4680169160234357,-0.408915252226385,0.4186512249851095,0.147252487626999,wave1,0.224911464877635,-0.6246318277577633,0.5064017004772173,0.0982265361774217,wave2,-0.3516225057501756,-0.8079378243074375,-0.5764975787562706,0.1603551089921198,wave2,0.0409648837857492,-0.4214611019600607,0.3349858231114181,0.0025316459460094,wave2,-0.1880766685285069,-0.2881282186942639,0.1671321570449419,0.0311661385075002,wave2,-0.1473969312869677,-0.2073300378479722
a0ae7d95ce,-2.409995706824009,0.2881342170889338,wave1,0.0547858661867968,0.1189055533386684,-0.9593552105774198,0.2888269272650188,wave1,0.2759254879027653,0.3147907403755701,-3.5359114699063983,0.0920410972838927,wave1,-0.0847776754726961,-0.0688778442768212,-1.7969626145674649,-0.1721783884737804,wave1,-0.2852876541539895,-0.1836782279350055,-1.3054650404839327,0.1895994272737056,wave2,0.0770171032555095,-0.2925151982918628,0.4951036755891762,0.4520665762537601,wave2,0.3450480928598352,0.0188309001882593,-1.9594925764962956,-0.0318646737454024,wave2,-0.1966201102682092,-0.2962259928612216,-1.089083683655917,-0.1042970046162849,wave2,-0.3102421066938619,-0.1186699079339845
a1c66e51c9,-0.8369105342899411,0.3165344804967431,wave1,0.3819112529733743,-0.059732885093692,-1.372436498660363,0.0973463591061767,wave1,0.4953931730591092,-0.0150616847029367,0.2451600487088647,0.3846016042773903,wave1,0.3794477000663065,0.0659920054200329,0.9558495623343408,0.4812604114134328,wave1,0.5323492695033368,0.1665215706949289,-0.5105011933503928,0.7422662605683605,wave2,0.1693499925618296,0.5463115029933903,-0.8940270655762087,0.7125759313907278,wave2,0.3532128756240076,0.4118979558089362,0.1056241959971274,0.5704621252328583,wave2,0.1368225392577322,0.3168184950507191,0.9907479705973694,0.54053703035673,wave2,0.221211624022464,0.3437569820459635
a2505a5f88,0.1416843035279325,-0.0904733168001381,wave1,-0.056658516422601,0.5572329405154484,-0.8342419736347202,0.0033175693224571,wave1,-0.4048167723072748,0.5618437517245995,0.0153801576290531,-0.1444905174665134,wave1,0.0191149787626238,0.3237733944948404,-0.8931918753289513,-0.0916765489904835,wave1,-0.119076729636062,0.3085636696397505,-0.0557551354552067,0.6372948839309498,wave2,0.2530661741381743,0.1044489519699587,-0.3888458773752177,0.2473034003980068,wave2,-0.114859567325062,0.2527365515340247,-0.648986819437422,0.7811993612134485,wave2,0.2345566178190447,0.2548336727907662,-1.8851499567385932,0.804037378785908,wave2,0.0771611492648082,0.4462144738511172
a6ad1591a9,-0.1532425518810375,0.2553642642356364,wave1,0.2817403918343617,0.0938772043260682,-0.2919020029047316,0.3725673911166676,wave1,0.4365919119942449,0.3000356346283368,0.1428566599368197,0.2655228484277435,wave1,0.1890969500447302,0.1683167183550146,-0.9642645018853374,0.192768890030683,wave1,0.1493274312439894,-0.0329026418876784,0.5679861170048824,-0.2473664787639948,wave2,0.1237054095546532,-0.0453409752760187,1.0768660708612132,0.1626859302187857,wave2,0.3689778333129432,0.2861019177450101,1.144428736878454,-0.3000740161152179,wave2,0.2524124975405427,0.1882678619593468,1.2571583424993793,-0.1047197864478465,wave2,0.1035766019131899,-0.0254005721818807
a8f94b8d79,-0.1029295988037536,0.4806178485632615,wave1,0.3910272760437405,0.7445031745033099,0.5112585997549784,0.131886024034411,wave1,0.3004790221264968,0.5215287503471071,-2.049843529028116,0.2896718598326968,wave1,0.1086096614606,0.25183351362339,-1.784978822319341,0.3733428282303047,wave1,0.1840814091814547,0.3792469699931463,-0.7931783795488655,0.0738306816297207,wave2,0.2748383657754072,0.0282771704490829,1.3281523914009086,0.0150995713316532,wave2,0.1142699201385335,-0.0341219657864315,-1.8592217312969168,-0.0892892045253628,wave2,0.0578794219515419,-0.0915294656354306,-2.1942264748619245,0.0379976343628752,wave2,0.0590265184680126,0.0581400407251208
a9d94d1efb,0.5099585062764643,0.2575995468615821,wave1,-0.0860993502998415,0.550499105225688,0.6767711577853237,0.1846985797190676,wave1,0.1228247151468699,0.0606946557785585,-0.8555722287366151,0.3286693111666343,wave1,0.2025992687923996,0.6176845506496682,-1.1328587869334878,0.327488244892037,wave1,0.3838661172996409,0.4337915183987073,0.8594046796642626,0.3809009465370865,wave2,-0.0626207683641171,0.1148629708510018,-0.0104502443823246,0.2315691188334983,wave2,0.0258254104916326,0.1177615347707126,-0.6375918134258091,0.3966824984308292,wave2,0.0129609307443478,0.1510402989798187,-1.4020587760968366,0.1899103815745699,wave2,0.0342200731465331,0.0442501372374328
aa6a81f980,-0.6391563400861613,0.4131529123829403,wave1,0.3735350576971366,-0.0415076230275139,0.0315813355107183,0.5625487218089757,wave1,0.6473896216573549,0.3371920582912779,0.2189410922439942,0.4643091796483078,wave1,0.4853829004416323,0.065634244013533,0.4763548907306749,0.5730330939307938,wave1,0.6600455007496254,0.2595784114096363,0.3328250501114578,0.13092400350507,wave2,0.3141499714078943,0.6196276253909676,0.6549724936509771,0.3777986639382167,wave2,0.614674590564209,0.617373566540941,0.4086297234813467,0.2254986205319697,wave2,0.3350270314678169,0.6246522130268786,1.0246223338238925,0.4437904158765894,wave2,0.6864275258293783,0.8356685616130205
ab0422cff5,-0.4554023443824587,-0.132393787054565,wave1,-0.0694667920055733,0.3346090896441573,-0.505734032718496,0.1579168365557988,wave1,0.302252723335884,0.290461637938004,-0.977257325333296,0.1097516818210424,wave1,-0.0142460952935574,0.6075195307350842,-0.5016337933372371,0.212414155992091,wave1,0.0682084101920307,0.7878782780582227,0.4478500097092756,0.263393277593301,wave2,0.0936613272018562,0.6514959653484356,0.4760824202729215,0.5783571899512896,wave2,0.1867649383658707,0.4126366661958467,-0.1261897542288191,0.4666132221024539,wave2,0.1720296484637167,0.934408722011666,-0.9287800450280324,0.478121698273334,wave2,0.3156583646357699,0.9084217270909388
ab377cec7d,0.7260544057741095,0.952800670529638,wave1,0.4466392517581987,0.1274251156244654,-0.5050089327727793,0.7035906660625892,wave1,0.3125841436676113,0.2492876794320349,1.0513266932167509,0.6021377939812353,wave1,0.3976110265977607,0.188531386759684,1.4534472073922993,0.5814711527586448,wave1,0.4267734354060265,0.2360645019693156,1.20577042174895,0.5758372129075757,wave2,0.6614526244825754,0.3294885798504021,0.4319250580813378,0.6200415263360819,wave2,0.378583833363296,0.1789913730940355,0.5349757940635677,0.2522341595775281,wave2,0.6502057665087237,0.2928795758919262,0.588224808272326,0.3360766506583371,wave2,0.617312062727012,0.1210505293361884
ab9278ed99,,,,,,,,,,,,,,,,,,,,,1.829386979799177,0.7401632878771003,wave2,0.4206618375805129,0.8020398390432231,-0.2256301402521599,0.2354052099932559,wave2,0.1376341946777353,0.4367921870572793,0.2258055621306185,0.572699756428448,wave2,0.4385586768779568,0.6583031763016383,0.3442650562895625,0.2219963257596621,wave2,0.2020302980317981,0.3476117480757843
aca25703c1,-0.5115512443985866,0.2106161988448471,wave1,0.0789211082439602,-0.1363247412274044,0.0480153955914628,0.1628111722262315,wave1,0.007172731410582,0.4776180466223603,-1.6784913743605658,0.1641734764254938,wave1,0.2156799971753182,-0.0184272169816013,-1.0939292788139932,0.1867318695698068,wave1,0.0604440939536572,0.0316082876175771,0.2109503275958199,-0.2729494563484458,wave2,-0.420588657357857,-1.0324410473044012,-0.2864250659694111,0.1491792435314338,wave2,-0.223930085527229,-0.2497266443372785,-1.305023813025278,-0.0398782176581764,wave2,-0.1579618784811376,-0.3997794299312078,-0.269808267312226,-0.0363584971908976,wave2,-0.1276906298150839,-0.4000609211286567
acc5cd03b5,0.1898151353660488,0.0285259534592015,wave1,0.0327880737975982,-0.3945517797001616,0.9881039672924689,0.5808088527137316,wave1,0.2530185566084293,-0.1270210766376018,-0.1356461621996887,0.428671038068492,wave1,0.1887770989187124,0.0499167505826357,0.463417507884547,0.5495957898149382,wave1,0.4368280411674898,0.131459302380384,0.5937221550591493,0.1615092175276671,wave2,0.1762795524264251,0.6740831842556223,0.9210141043472976,0.3358324578113822,wave2,0.4890928703762085,0.6730556947342083,0.2802138370191485,0.2487476197410042,wave2,0.3620184420115545,0.3456321355119917,0.4451239697704655,0.2276316057444833,wave2,0.6162678698619926,0.3017040562827603
ae0acd73c5,-0.8184358438390009,-0.5789758221637626,wave1,-0.5419116096017071,-0.1033385681862286,-2.3890138549046114,-0.0610166617085579,wave1,-0.0877186386164681,0.0235107228933395,0.0971436025841403,-0.2804473696728252,wave1,-0.2626946898582986,0.2040741215487292,-0.2040891792032009,-0.1426132050231977,wave1,-0.0404525342297057,0.1439009513982611,-2.7413108185027624,-0.0500870743177301,wave2,-0.3297578829285856,-0.3613503323943425,-2.697902559705391,-0.0184073908796518,wave2,-0.3586609235761793,-0.2268937314021475,-0.0191915228967155,0.1913385618719819,wave2,-0.0730755584294605,0.0180773044149248,-0.8348214030600106,0.2395483668010085,wave2,0.0643534093190753,0.0728458067990597
aee04ed7ca,1.4444443979792967,0.6364081305431011,wave1,0.8199699737126713,0.4938062618838588,0.785334641575524,0.4040342568057928,wave1,0.5158484813020436,0.3819888298820468,1.3178088519635136,0.4716664260931866,wave1,0.7723867292423658,0.2376792862805354,1.1060134950244045,0.2957787682457669,wave1,0.6741581545743669,0.0568283615685669,1.2620853179983758,-0.0014079247103557,wave2,0.6369445951678232,0.6325193839597221,0.5787126647929254,0.093731961429571,wave2,0.5649672772688867,0.2943096207347002,1.1540020815802368,0.0411239653386676,wave2,0.6746410137182528,0.4801205954174998,0.8874078503078578,0.0452230938173734,wave2,0.5590629102261206,0.2809784960870058
b014a00400,0.5671072487996847,0.5035752748386138,wave1,0.4395606638183924,0.305119111945598,0.8917845030618926,0.4902856169623013,wave1,0.4180086486298298,0.1979941321208396,1.230713683416378,0.5464028543806014,wave1,0.4537949210714451,0.5616483451379248,1.7527138938587452,0.3854348746546668,wave1,0.3893414336023347,0.3921695890352982,0.8986962049771696,0.6430964913429227,wave2,0.4186225063326247,0.082135251109169,0.8262839596500859,0.5694738995458861,wave2,0.5426865411035169,0.4793005953716864,0.7125787164907774,0.6397912394317751,wave2,0.2999124905899686,0.0810296168341242,0.8275052841985577,0.3954282771483618,wave2,0.1158680592153594,-0.0869272453860042
b02f991897,-0.8613174450718799,0.3215622153840951,wave1,0.0529930482221234,0.1294609145991847,-0.2678665196327994,0.6722519533002824,wave1,0.0839185755481235,0.2016878373591759,-0.6027630212896427,0.5339955277114354,wave1,0.1561001939722293,0.1684592176810553,0.3012796223014933,0.4937896641720781,wave1,0.3921016670949763,0.3145609726733606,0.4389818013302627,0.4905884661397204,wave2,-0.0328427431703799,-0.0222548197344809,0.4782432014023273,0.6568500773151111,wave2,0.0720505536708788,0.3102813418534307,-0.2737068322875932,0.4549690867163067,wave2,0.113984532814686,0.2348615447600712,0.6035728915488608,0.5355369293302025,wave2,0.2870843350975177,0.1338332621430481
b032c8e13b,0.5655655832154789,-0.2596500133447046,wave1,-0.0204994985125661,0.35360555750368,-0.670110374200834,-0.2159667756909047,wave1,-0.2881401362004379,0.2090485382545512,0.9526235311743896,0.1392506550037503,wave1,0.4009661742644276,0.6651404792577224,1.1226370404380055,0.007640038013304,wave1,0.1972519729880077,0.5965986980059188,0.2156344167620538,0.4674428107960429,wave2,0.4940887318879281,0.9565257222324576,0.4847826050270969,0.4029892122074128,wave2,0.3763882119797967,0.4904871973647537,-0.0427576644102112,0.3755298975006201,wave2,0.543612473408407,0.8988839990117906,0.6689814729865747,0.1444129574236662,wave2,0.3846143643649419,0.3406068816358544
b13592da72,-0.6164275882063288,-0.133675490965156,wave1,0.2072335058675658,-0.1632370441846891,0.397052086406946,-0.1912112337101223,wave1,0.1900063801866442,0.0712946858720746,-0.0289458837909823,-0.0459582352730486,wave1,0.2992757602475336,-0.1310267738839895,0.4923234062665058,-0.205143685006571,wave1,0.2413603721764455,-0.2324222188390518,-0.2090429742380601,0.0880810326531438,wave2,-0.0192683825265318,-0.0305726926895097,0.2366550758069107,-0.197836768031212,wave2,0.2658327789740329,-0.214353940144063,0.0320080387988207,0.0615037914308832,wave2,-0.0521999500497133,0.2096716492723175,0.4684981618400217,-0.0589105165501434,wave2,-0.0026535901104919,-0.1009432955519126
b220fa000a,0.6537935751841094,0.7507345329532895,wave1,0.4480320167833755,0.1824503254315428,0.7183141832785953,0.616123086625709,wave1,0.2840076718587061,0.3177783447555427,-0.8762550251790886,0.5872145436054417,wave1,0.4051625935474143,0.0496080828661555,-2.342021803251091,0.372952885354165,wave1,0.2791728982995962,0.0691329475658132,0.688204558968665,0.4946640581280608,wave2,0.5613446065344752,-0.0690467010590203,0.6408418440003378,0.683895020508303,wave2,0.5953555799801575,0.20460514521929,0.0615107357599082,0.3511668274644186,wave2,0.5888816817222449,0.0919597938831515,-0.473998666711668,0.4021401349513682,wave2,0.5341760850949446,0.2778322815194817
b2722593ad,0.1595667677479382,0.0293961219661009,wave1,-0.0155462397200119,-0.1439145549706495,0.957327951714961,0.2200617349676203,wave1,0.2948238880223695,0.304372491597308,0.4535253423696602,0.1529880819809945,wave1,-0.0202121747310419,-0.1647525554605295,1.0912065538397149,0.2279748142232759,wave1,0.0900275935806148,0.064248564935886,0.2221408653025218,-0.0200304997821265,wave2,0.099448176205894,-0.640604213682147,0.9055100482317554,0.1425710197405134,wave2,-0.0133738095929762,-0.1481793112891711,0.2305386132545959,0.0741046663783477,wave2,0.0955251193410289,-0.3983601797950302,1.2058883956271,0.2298686702625189,wave2,0.2890417944497775,-0.3608828326838035
b3b1287091,-1.6638301446942525,0.2259732599170401,wave1,-0.113267004695083,-0.0386463130503027,-0.1012835922581531,0.0059677902023769,wave1,0.0914901091115436,-0.0184210847766883,-0.9465120652003088,0.1773363721639888,wave1,-0.1341334985343901,0.1652697420699022,0.3477645004472559,0.1292389627775014,wave1,0.1039012415143056,-0.0624442245343044,-0.9778689604661116,0.3765823228521641,wave2,0.4706845431179212,-0.1042690421208338,-0.7508147540924814,0.5726950353577656,wave2,0.1791719025473983,0.2214191101915625,-0.7997479377901167,0.3268202793128972,wave2,0.3197661311120353,-0.0157025403652878,-0.1993994111295167,0.1774173427950899,wave2,0.1478243654811477,0.0409161754571815
b3cfef728d,-0.1758774491981587,0.6567889362690404,wave1,0.4713507603434961,0.5852210742177666,-1.3088511629433923,0.0870379795142892,wave1,0.2826272351988548,0.8171503301333884,-0.3763276257032477,0.5923920920130703,wave1,0.4552175282330846,0.3752695369387773,-0.6019599263753639,0.517969862720216,wave1,0.751326402039003,0.6431764013824169,-0.5836234826222664,0.1516945046698412,wave2,0.6200287490154477,0.4139871605284175,0.449614342023972,0.2384772245444133,wave2,0.3398026049969789,0.3488218990161136,-0.1913991223088701,0.2094931368729136,wave2,0.4271031361550608,0.4147004522561248,-0.1559337267192921,0.139050153745836,wave2,0.5289492140637101,0.4365303805590071
b43fbb8431,1.97455827867301,0.2758714592176285,wave1,0.5439717528791566,0.4834907466809157,0.2568239236455544,0.2454273742358492,wave1,0.5928458721745549,0.3782076669165977,1.114611360543787,0.2409402816845083,wave1,0.2675749306475348,0.3844274494944151,0.5377479923668056,0.2961754676184028,wave1,0.310798737647984,0.2643443861437079,0.6566940639256852,0.5990565180603682,wave2,0.5775999034462018,0.5363354368605184,0.8842999715881575,0.584559005707391,wave2,0.6184203410679268,0.4585562589250282,0.1378403832068125,0.3309134934992448,wave2,0.2249631333472659,0.2202873851755611,0.7974528144131106,0.5127949934798609,wave2,0.3987578897144156,0.3871275595181326
b4f56b0b36,1.4915917360013695,0.3732358086819458,wave1,0.1033191239911783,0.2739520091419567,0.7889195793023306,0.3291927584117617,wave1,-0.0096321846470206,0.3555396177892396,0.7162559841767746,0.3930881112141168,wave1,0.2584147370739226,0.4942073755008863,0.4239047107643371,0.1778488405631303,wave1,0.0629697182606557,0.1353139527824708,1.2526003215934238,0.350515837575245,wave2,0.0984588083771671,-0.2416522117860673,1.1673639238693465,-0.0016486498248164,wave2,0.031987291021021,0.1278345668056419,1.222854490795213,0.1459355357291994,wave2,0.1525590681919518,-0.1347192447208319,0.3968689273593612,-0.1942832594345075,wave2,-0.086293104292625,-0.2545166001619682
b5398ecd0a,1.5517417271901963,0.395013255028704,wave1,-0.0069118929203257,0.4513553610582996,1.2103756399894143,0.2692579438122939,wave1,0.1582117635705413,0.4951733484712985,0.235804641529344,0.4974005154893826,wave1,0.1178790993495195,0.5904395768300508,1.032670501526369,0.5269686029450633,wave1,0.3205093974745012,0.4804568664253707,1.1351465321635674,0.3395005126746833,wave2,0.5585471852382811,0.3717009537557012,-0.0061238397675804,0.3118147425664805,wave2,0.2314281638781603,0.2274820649624362,0.7936443598982307,0.4568970639976255,wave2,0.5053325730730904,0.3891377200943777,0.5492409975716892,0.5012539627972044,wave2,0.6482207177438513,0.5680877398624142
b5e77c3b32,-1.3225125624264964,0.3922710488270979,wave1,-0.3911083616225084,0.5648381302614083,0.7965741932421064,0.0245066255630372,wave1,-0.2357066251286717,0.4179770326693368,-0.4204294435120512,0.419314701921869,wave1,-0.1341350679346238,0.4655404152962203,-0.1856731716013766,0.5159406769868999,wave1,0.1928934183098584,0.8730908884612161,-1.779766404502571,0.1650155898456993,wave2,0.2061227735914381,-0.1221889877305417,-1.1981152968145747,-0.0330424922484884,wave2,0.1217406662419724,-0.0024886156453909,-1.5946228464919745,0.1583614500758488,wave2,0.2292514926240962,-0.1508346241267788,-3.0431203622465355,0.5351097210171902,wave2,0.7455810235795708,0.3078326583747892
b61658f497,-0.5092228802016745,0.2840064237208097,wave1,-0.0859032054084589,0.2116126864888743,1.048967438912912,0.2079033305831932,wave1,-0.1443068340966937,0.0132824691727702,0.672097413746616,0.4277096308257507,wave1,0.2521181199446033,0.5574652257825629,0.8569375471285406,0.3799674230114715,wave1,0.2820462460111185,0.5434769851215153,0.4369753756547512,0.0697200900147705,wave2,0.1050469020848261,0.4396804598957775,0.2302970374487006,-0.0337585596147826,wave2,-0.1923807033511502,0.1816977031649189,-0.1418452635616175,0.3672382198082017,wave2,0.2273350796459236,0.657428272167539,0.6096676495814792,0.517832802257473,wave2,0.3168123978521288,0.7236523528307603
b875bb2b68,0.0607098260035041,0.1953462840641675,wave1,0.2033250188851245,0.460563323516181,0.8517052643893702,0.4459079203084382,wave1,-0.0393914456244213,0.1098002799645774,-0.4576999366843052,0.2430271438536683,wave1,0.3215276211196581,0.3989984493075879,-1.283831758229991,0.1978706211886291,wave1,0.2994121316533188,0.2330102609849464,0.5216114781689332,0.5219850208543275,wave2,0.216837043730699,0.2790485356349252,-0.068396755850724,0.3394266149837806,wave2,0.0264060487721347,0.2709692955433158,0.2774784180493088,0.3212965910495909,wave2,0.2137316034365232,0.3649054772887431,-0.5075359468104516,0.3728703120450884,wave2,0.1609468239680633,0.2239013050951894
ba798b9e8b,1.0753660607378666,0.4042746719785808,wave1,-0.0029588035754608,0.3752242648865604,0.1424877145228934,0.3771445148740764,wave1,0.0669381493101262,0.3562912318144906,0.8058300971391057,0.3797773482813353,wave1,-0.0145210649720917,0.7382614244639905,0.967203412823868,0.3592694964943292,wave1,-0.1403662828157855,0.4887088891583195,1.2389757057481556,0.3383310837037085,wave2,0.4988719936718744,0.1269984799756138,0.859315175651911,0.2561512498213367,wave2,0.3027266971532214,0.1250830644454994,0.2599431060815994,0.2925989656425096,wave2,0.3123580699752912,0.3305175999020437,0.8649798410205817,0.4815790086835229,wave2,0.3117393923063038,0.4403563929506637
bb86303c95,0.3537508672482301,0.2248840066027142,wave1,0.1965307462806111,0.5375985214931709,1.3025718834887048,0.3176244353487658,wave1,0.3553100345182529,0.6589143246434142,0.1269732337411254,0.0409621145506953,wave1,0.1140003412678203,0.2719814165334087,-1.1227670435553323,0.1084471848191395,wave1,0.1441240508275192,0.1623114391961842,0.8798172589249256,0.5534625855179445,wave2,0.5500798805345686,0.9041918637321502,1.426602013488097,0.4186379546914454,wave2,0.6235648457954905,0.7270237771939998,-0.5217957197564428,0.4817986159027552,wave2,0.4351768511388607,0.6707195113534057,-0.6868066838590896,0.4312872396338423,wave2,0.2231340206409467,0.6169911929201586
bc33f3ea52,0.206898610507958,-0.599808624657026,wave1,-0.30911495259459,-0.8819840415298845,-0.1041195711608415,-0.0857564151985876,wave1,-0.3943176630450089,-0.5180480599007329,0.4150823687829715,-0.0202612720873829,wave1,0.216742105238759,-0.1359234808451779,1.299625485785003,0.1255958637770609,wave1,0.0229212191529813,-0.3103195098130816,0.3717335651082982,-0.3180422799483686,wave2,-0.1393778314451301,0.0632990840422813,0.901000283318464,-0.5221521750989917,wave2,-0.5159507262491407,-0.2540234689785399,0.6730210020672328,-0.1265405102727488,wave2,0.3493379357046242,0.1877967284336219,1.1760167977777023,-0.1318680306176513,wave2,0.1542184041218119,0.0558592879064564
bcacb4a7bf,-0.215892541558392,0.7684097035652879,wave1,0.3977102962580021,0.2689094457279282,-0.1505166160858656,0.5773979563564784,wave1,0.4376843328942432,0.0832318995777581,0.3134018466369122,0.6280847451813718,wave1,0.2294326799853843,0.3198449264752752,0.5414045395694488,0.7327726296446615,wave1,0.32884239914473,0.3631824426264334,-0.4034903650209321,0.4484859410007873,wave2,0.0400815494996451,0.0338636097609863,-2.267986412019631,0.6271099070177826,wave2,0.3006729727548833,0.3636189525238422,-0.401959701181358,0.4006214309950862,wave2,-0.0703089607554348,-0.2994757313270806,0.3153392382834054,0.5628246641407637,wave2,0.0452841475728292,-0.147475598459982
bf241a2bfc,-0.1652692864182847,-0.0252175565775418,wave1,-0.4577423265465099,0.4348104985355445,-1.062390482278094,-0.0090576763574685,wave1,-0.1283038033396888,0.3513058512698279,0.1029670393039615,0.4049791595234752,wave1,0.0094294329259801,0.6016122147605326,-0.1202052973449206,0.3434584841104595,wave1,0.0944004666268744,0.4830209384680703,-0.1787984387416825,-0.3339137172187676,wave2,-0.352531102392871,0.2055177532700862,-1.636003262740253,-0.1937422833022326,wave2,0.1441079716804232,0.3331714738110105,-0.5411826535606633,0.1433348429830107,wave2,0.0241960945230198,0.6063788301798961,0.167924713559882,0.1551545126561102,wave2,0.0267675231851025,0.3354632576298272
bf78accc3c,,,,,,,,,,,,,,,,,,,,,0.0048197896720591,-0.6647327918132544,wave2,-0.3479928459845007,-0.62048105366118,0.5907107368906191,-0.3873672701406545,wave2,-0.0270376249573298,-0.4731119382691973,-0.7455924111654468,-0.1433037930562797,wave2,-0.5657744196606038,-0.1962461782818478,-1.0032788093275262,-0.2650999992890203,wave2,-0.4580907849708829,-0.1833915506038571
c16938c655,0.3387848215827668,0.2571312327812105,wave1,0.5610620654834557,0.242355277334465,0.8161542237897871,0.3347405695160155,wave1,0.6015602421835224,0.041164680946055,0.2192906359534451,0.3165152347910331,wave1,0.5759220267554293,0.3988041578078847,0.2928176057506095,0.2234892873222218,wave1,0.3468027663847626,0.2026820314723384,1.4576581408989957,0.3717477710494439,wave2,0.4642783477153878,-0.1509789426118817,1.5968192220305693,0.3137050080928565,wave2,0.4428011323363663,0.0943800323694958,0.3640412474618611,0.4919211155820009,wave2,0.4974407394479905,0.2186349967263225,0.6048324586769206,0.2553272815366108,wave2,0.3996925773398173,0.0659979137736106
c188e62f46,0.5003661795555935,-0.2975845392550489,wave1,-0.0253610180530372,-0.5074916381751355,1.0248847724931878,0.2567316069751508,wave1,0.2117668373837724,0.1142417946231666,-1.0735112079783733,-0.2048432897734962,wave1,0.1032313626605491,-0.3950892263912485,-0.7866275542380486,-0.2483359707819997,wave1,0.1866525825917094,-0.3301712508403583,0.575881545392138,0.0401180981665387,wave2,-0.046312147526131,0.3741715033667805,0.244041783907307,0.1550893118409257,wave2,0.3990769502975544,0.6298328318777733,-0.0896626701330504,-0.0747033398262467,wave2,-0.2440466885664683,0.1159938736522447,0.2870450302140858,-0.127193987643973,wave2,-0.1732274312025851,0.1339813720540384
c1c1c1018c,0.3728859081187028,0.0835796686658554,wave1,0.5483273412041694,0.4469450007915601,0.2232109965420194,0.0274070695373285,wave1,0.5087177342536471,0.2618217407446583,0.359008778824946,0.1755771629328739,wave1,0.4956612841080883,0.578323063578654,0.6464840115105512,0.2511942493113864,wave1,0.4736072155068175,0.6739335509733534,0.2913885469477865,0.5414921491858458,wave2,0.5010083630846625,0.5238669127026898,0.719625241321934,0.0989238000258283,wave2,0.2601472599754242,0.3400463099515147,-1.827121609719684,0.7869390949783366,wave2,0.5579713178019241,0.7275059950798286,0.2124143417267875,0.7503159729052643,wave2,0.5150965972143066,0.7974452682540151
c25ccf8467,0.991507302051264,0.5721959267443859,wave1,0.4647339846499272,0.2259991687760032,0.6879404983634142,0.3029200430954437,wave1,0.3388136778447659,0.5492911516681669,0.1297544387735013,0.6959712340293582,wave1,0.6472265346890915,0.243306520441799,-0.1014209675379388,0.6308621133709487,wave1,0.600959139716414,0.1933197856509814,1.3730761635033135,0.5584492700408181,wave2,0.6429528152212542,0.3155930955335924,0.1999171569495929,0.5953749129105017,wave2,0.5663345054994242,0.3881322964619154,0.7412353364737179,0.5287054201623751,wave2,0.6020695507235585,0.2703825859060922,0.3391598437892825,0.8155624178298975,wave2,0.7211286231784537,0.5638853778443325
c447e44f1d,1.6359959057962556,0.584808661998321,wave1,0.4883380293923089,0.3333659928682293,1.201065409504457,0.5230722196391056,wave1,0.7487998254572941,0.3141491321284357,0.5285440784831738,0.5350176436339305,wave1,0.3986688821458343,0.489382245041602,0.6205193512065625,0.5514966802559148,wave1,0.5947636937256092,0.548674469237611,1.005905529101003,0.9207671596477583,wave2,0.3836016062827749,0.2071497812904292,1.2468048233282452,0.8845188123893175,wave2,0.8793033041011316,0.6027123739628317,0.0321401056653119,0.6317199488966025,wave2,0.1662769046926028,0.2285106188064735,-0.1950959018248884,0.644149758923393,wave2,0.4015603065045637,0.3453546323665944
c4ed58de27,1.9485239585186207,0.4441219202078794,wave1,0.4426061556437306,0.8088937455889018,1.378581814657009,0.0186306706623149,wave1,-0.2071631904122894,0.2671617510777904,1.6151649216625008,0.3376626842370411,wave1,0.3964818372844512,0.7845284041340967,1.2332872833474904,0.3717714494510219,wave1,0.3396538693893361,0.7157350525868037,2.2561047059388533,0.7261140861540352,wave2,0.6022380583083831,0.526637927287738,1.6522246273578416,0.3697068460613901,wave2,0.4028022768572903,0.1578421855227207,1.617572849722169,0.7557389433138324,wave2,0.6261475079841463,0.6722979138111058,1.1826682761537446,0.7721193746896157,wave2,0.7273224459934292,0.9068044864276816
c5d8a78b04,-0.7817505870083801,0.3130377259655992,wave1,0.0785359395865459,0.4082134271363808,0.4311483901751925,0.3075412617891169,wave1,0.1287414799849531,0.2882638191984272,-0.9461278753839408,0.1860840797801468,wave1,-0.0228750750229751,0.464816295896638,-1.7171253699779134,0.0972045291104832,wave1,0.025998384970782,0.5235376602776298,-0.4864329011153687,0.0225124636377973,wave2,0.3633639332871383,0.4515696870580488,0.1212877905379541,-0.0362609939962916,wave2,0.0473812472371089,0.4200787465008366,-0.9349555594547556,0.0053699907665849,wave2,0.225877480951308,0.4229294232173901,-2.8491390225136297,0.0401830069684129,wave2,0.0782229812577727,0.45600954496011
c6584f5f09,1.1381136597320054,0.3631023918320319,wave1,0.137386545946436,0.3587075061936982,1.0248296255134808,0.3645030133987155,wave1,0.1434927671118995,0.4589720956563683,0.7661151643735249,0.2021246681441311,wave1,0.101830864290263,0.1441238346871025,0.0537457006690252,0.2095181058244518,wave1,0.0960498586616042,0.1352194327923975,1.6488634130876292,0.3279613401145338,wave2,0.2903827152422467,-0.0078885312447185,1.105959097936151,0.1430237649146062,wave2,0.1915422299789253,0.3992565963181946,0.6765971777021876,0.1713865768780174,wave2,0.1480150279555108,-0.3239009546862017,0.6221760883723307,0.089190752290157,wave2,0.0865474073454491,-0.3352841234389708
c65cf1e13f,0.9767303871627868,0.2055262500243189,wave1,0.4003805764612802,0.2171294842396309,-0.1235296977622823,0.3279114781094627,wave1,0.243309355600173,0.1671764176885786,0.8876433451706387,-0.0208355143499434,wave1,0.102365582229233,0.1502811959053627,0.6929926304169803,-0.0353143549594858,wave1,0.1565974568471102,0.1424636257429337,-0.0564808718716553,0.4481723552350818,wave2,0.4795751716381629,0.5565346176276953,-0.7823307266330533,0.3915047189704623,wave2,0.5805018856736519,0.510893297688259,0.6984935167375751,0.5649880664829419,wave2,0.424504313102283,0.5441996414775807,0.5503142421995512,0.6711162357958358,wave2,0.6685156611626879,0.7147429282715614
c678740dbc,0.5493555850006754,0.1305002403773862,wave1,0.3966122716107512,0.068884788789197,-0.1024843351348085,-0.2204294198035974,wave1,0.2486165067733892,0.3637214315610468,0.2428536096958785,0.0806893586804747,wave1,0.3566235863792443,0.0965304325988342,0.3524667956765298,-0.1912214775671853,wave1,0.1244866263466875,0.0116258314965881,-0.0321546188171215,0.5318464557115521,wave2,0.2389083163451204,0.3069444679566804,0.3093612375184216,0.1750245660436817,wave2,0.2492117660319985,0.1167798379098323,-0.7872596211385138,0.3491257676600404,wave2,0.1762070242973227,0.2272680151208225,-0.5613348857064224,-0.0054336190595981,wave2,0.0775570369266739,-0.0734503987421585
c6eef426b8,-1.5787789477623215,-0.2944270538700206,wave1,0.078851883994611,0.2036553932934068,0.2654505120827976,-0.4384754165168256,wave1,-0.3101875959009732,-0.55062530992119,-1.77068458328838,-0.040513689175317,wave1,0.068546088230752,0.2927302552378545,-1.2620892963187436,0.0264536885507848,wave1,0.0946914260809829,0.1489532445133012,-1.8485681662802411,0.4489233457757198,wave2,0.3281028462407334,-0.3325363051876024,-1.5037926669933026,-0.2420150961444915,wave2,-0.0691978881482582,-0.6023123607882928,-3.5624117660175454,0.7080118080185609,wave2,0.4020507135183533,-0.2471820348685787,-2.5900751574197325,0.5216785867096978,wave2,0.2848157153384547,-0.2949636466945451
c74ee01945,-0.615425471119741,1.017309733413483,wave1,0.4695562612270019,0.5158562365251746,0.2540216620496769,0.5013990094469181,wave1,0.1917258537111137,0.2529371318990399,-1.3490739333437511,0.949726919705344,wave1,0.5930362532026847,0.4653465418912805,0.063173740167409,0.6485504034441453,wave1,0.4883704165235482,0.2601403140336379,-0.2339812392444403,0.2144748135036127,wave2,0.2722040171823099,0.369377914739794,-0.4475867743864123,0.3043664308322298,wave2,0.3166644894587622,0.1170382006377628,-1.9903176644831069,0.2196564537112935,wave2,0.250738440832583,0.4063084635723788,0.2589024019286133,0.2506897222491829,wave2,0.2711004833927596,0.5268924286309841
c78339b3df,-0.1826906827957953,0.8099205780663721,wave1,0.4444480598924891,0.6746155633762201,0.8568401616398151,0.6589465940643819,wave1,0.7470115077933208,0.7112914012866778,-0.5186637534249801,0.3381463777549134,wave1,0.1833301122492552,0.5082042638391633,0.186300495019916,0.394888874184244,wave1,0.2760149570034098,0.5335282505211527,0.7379066551365046,0.88493084474332,wave2,0.3445415013073134,0.8427351790193973,1.205466144195929,0.902834792100331,wave2,0.6623956918887282,0.800149735833358,0.5302571487378616,0.7097205874796091,wave2,0.1341476491325546,0.5071077702488014,0.2015887489106534,0.8117153058808424,wave2,0.0742450460045845,0.535012440890045
c814c0feef,2.1717220291351405,0.3008456852430083,wave1,0.1927510741161091,0.2779250067977723,1.477425691355755,0.1467046509191591,wave1,0.3555066948373393,0.1998122585772743,1.3010647519553082,0.2755500197907652,wave1,0.3153161563397411,0.1007841993717508,1.1518640520306145,0.2992011533114009,wave1,0.4841119848318702,-0.0108700252005373,1.9430839869595915,0.8301501599379391,wave2,0.0978710331434618,-0.2917245624733184,1.1989100221808349,0.3644462717831023,wave2,0.1825248054250496,-0.1772566975735667,0.8621454806583422,0.6099994887798312,wave2,0.2497683952373612,-0.3306426314298754,0.3133767607169928,0.4816147581451346,wave2,0.4603070364050681,-0.2494242908074442
c8190e8c5e,-1.2009495048811136,-1.0321832190389837,wave1,-0.6441507058087299,-0.7195800815455162,-0.8025254295513244,-0.5305715917765019,wave1,-0.2595444113435559,-0.2929685601582055,-1.4401586442608003,-0.4278007908170614,wave1,0.1132384831290927,0.0598710634849252,-0.6728599687735081,-0.3655932395531869,wave1,-0.0345505827425121,-0.1665732442718404,-0.9655589185020104,-0.0673368504186178,wave2,-0.3204538844804898,-1.3942659713642076,-0.717156595018577,-0.0788550822929228,wave2,-0.4966938167527186,-0.6070018045602443,-1.543502516187946,0.3204297599636924,wave2,0.1551360075226689,-0.4053196848627837,-1.2428693052106103,0.4507714177889667,wave2,0.1386326246857214,-0.2712628477337827
c90f20d05e,1.6105577203112762,0.205501185739094,wave1,0.2201151820715361,0.633077998287203,0.9676148168311712,0.3746696983546371,wave1,0.5138542099460857,0.6959781576144106,0.5740857749651755,0.0540424294612519,wave1,0.1409062389690568,0.4537907715933303,0.3484799858678407,-0.0628460153981377,wave1,0.1215027928303374,0.5360748162449741,0.3738050931977736,0.0604498945511629,wave2,0.0242512892196333,0.271977585302803,0.9475003950566104,0.0966658920078251,wave2,0.1343449000043257,0.2995767356706227,0.1638734104246869,0.2333951808471753,wave2,0.1592444174987562,0.1790790983425091,0.8298115075837496,0.2101037838354412,wave2,0.0805144482482776,-0.1953139384866594
c946a59629,-0.7280016820502258,-0.5721074936540218,wave1,-0.899243845891962,-1.3426709690769578,0.438109012260555,-0.0256888585296657,wave1,-0.5045645508316006,-0.5285976361530631,-0.1516520734910033,-0.1760586999381468,wave1,-0.4415309790800887,-0.4515531269707171,0.5798162288056126,-0.2381471784911549,wave1,-0.1809976854792304,-0.1277208572797082,-0.4700640283158295,-0.5707087690301316,wave2,-0.862550955169187,-0.4036765058661493,0.2178324011097925,-0.3010708464539391,wave2,-0.3290026890585551,-0.2496719755173004,0.3212751315302515,-0.2689344788396068,wave2,-0.238430342273701,0.2598357438905929,0.6230152191637994,-0.2573324986102033,wave2,0.1285906774385535,0.3718705075010863
ca232b68ef,-0.976022306692269,0.1634462936626093,wave1,0.2232416582020948,0.196649169363956,-1.6970309371973258,-0.473098666204151,wave1,0.2053057538861222,0.2712584901530814,0.0493842699498178,0.3567412776613948,wave1,0.1556249134480279,0.1345492528213149,-0.1580271732171048,0.1104213521608332,wave1,0.156797851605473,0.0568627090020529,-0.001460491391542,0.4672882765356396,wave2,-0.1358220858309029,0.5945735891331094,-0.6088642477094773,0.4631420219355349,wave2,-0.02857596625103,0.5614795813476576,0.2549750628910968,0.3356591788455866,wave2,-0.2199718615322007,0.3764936187932491,-1.100543785467364,0.23169315602045,wave2,-0.0828071147101988,0.2352992031722204
cb018f0677,-0.2800445810380735,-1.0138397982600158,wave1,-0.7001626287807778,-0.1778222967359122,1.3556155583832383,-0.0705355320667691,wave1,-0.3228653336219131,0.0899702400489601,-0.6177429112763283,-0.5211975018267838,wave1,-0.1162320430976022,0.1236346189831147,-0.0270824021836097,-0.2670376339833973,wave1,0.0691741654591979,-0.0160049538222402,-0.2921455655737696,-0.197236803799008,wave2,-0.6261326854882641,-0.473281702113479,1.5510316303257,0.1150645804656906,wave2,-0.3365698341911558,-0.0075477680019877,-0.0400216333618921,-0.0717695542277525,wave2,-0.3911601251848708,-0.1673306724757128,-0.2710687585816119,-0.0910872289453135,wave2,-0.3766805990522036,-0.092353553370373
cc0fed0c48,1.444258181211285,0.591576476941158,wave1,0.7741515844190796,0.8715478028208126,1.6532211477818877,0.3140585132022822,wave1,0.3250392510414115,0.5364274400684863,1.4258840211723889,0.1947084539662927,wave1,0.5437868829990341,0.6806496103172991,1.556493410439675,0.0645080667101029,wave1,0.2634866427489736,0.5010080119127991,1.3861154095775954,0.583101437113871,wave2,0.4731449351056791,0.5623644878228942,1.558698145871039,0.3129392921663463,wave2,0.2193345582052623,0.5160478244757334,1.2229370471054877,0.2230177575894208,wave2,0.0644315217348049,0.0194269431801247,0.8064063733977042,0.2187051383582121,wave2,0.0591145402688517,0.1113285587931273
cc2cee90df,-0.1376580585256135,-0.4138764775448016,wave1,-0.5159140026335107,-0.5190635025502934,-0.124268584936129,-0.1554911585426219,wave1,-0.1254678210160247,0.0512044731588618,-0.5703733708850448,-0.1171150627149968,wave1,-0.0688900860451555,-0.2899690130768761,0.7768899178968001,-0.1629417174396339,wave1,-0.0031700015698664,-0.2208076587514514,-0.3717707569121819,-0.5874046279259826,wave2,-0.4345483709407056,-1.1347364423221968,-0.1566724468099975,-0.2110300934435096,wave2,-0.0508310470251849,-0.3493689806370696,0.2336071823839269,-0.2294419704945878,wave2,-0.028582435953611,-0.269135915575994,0.8847143127955027,-0.1527488192938549,wave2,0.0331997158359098,-0.2659876498881033
cc7a4de2a4,0.0806379262172312,0.5734299321761731,wave1,0.347486164677401,0.1539305428235646,-0.0584069327364327,0.420679631943923,wave1,0.2377752923482596,0.0286532132743013,0.7529705637955372,0.6597435112792832,wave1,0.6202858349460475,0.3042448630664452,1.1421975846883117,0.5172927153742937,wave1,0.7428121367127394,0.5316255442341549,0.1533548795464684,0.5673948565320441,wave2,0.6497954546811142,0.3215762016093966,-0.0702527995313235,0.2171843120956189,wave2,0.4441417467632333,0.2386210278496483,0.7327769854051802,0.6249520969799051,wave2,0.7177277220545389,0.3797625566200927,1.441801307929944,0.6748895412051594,wave2,0.7164867730411884,0.6336090131041809
ccd20e206f,0.9587122025002118,0.0095062263004424,wave1,0.1236693012410818,-0.3588676797839598,-0.9167696691633486,0.0638105758826155,wave1,0.0229742195808779,0.0038605977357013,1.066319628442551,0.0236721448642824,wave1,0.2491598743250189,0.0199248896814256,0.51738891684423,-0.0221659468568189,wave1,0.0464492928609221,-0.0366519330768486,0.3389975843952993,0.3517910928225625,wave2,-0.525482576901596,-1.1074224188559922,-0.4622640378844216,-0.2927641866785215,wave2,-0.3795856775895458,-0.4280020210797444,1.0550316078997826,0.5389091825910686,wave2,-0.1556173433083547,-0.5031288965467235,0.4623442309345531,0.0364238935745455,wave2,-0.2432418718440389,-0.3795756205207445
cd44d4a222,0.7563509294707241,-0.0806937893523418,wave1,0.2353165235572962,0.189695578281972,-1.7120152401584638,0.3487646969033675,wave1,0.1979697570738881,0.3963453250641047,-0.6043854917092102,-0.1217050393734087,wave1,0.2085614117338863,0.2771776549946423,-1.7703920379309124,-0.0148648640605979,wave1,0.1942766980083292,0.0908003907676664,1.2288472565506685,0.0636866774724311,wave2,0.5312917508924069,0.8331064109705006,0.1288716605105795,0.4098712700403917,wave2,0.6772211776140362,0.6660207726394818,0.2517020567713964,-0.0433135640635355,wave2,0.2641707204419645,0.5280835480387764,-0.4358220856148636,-0.0941345209160968,wave2,0.223333183750591,0.222600574398967
cef55f10f6,-0.1676114152326645,-0.45256825632605,wave1,-0.0321651732674461,-0.6401290932869066,-0.0726091568875662,-0.0503989614150885,wave1,-0.0100294514650161,-0.4629732530045591,0.5779748265328527,0.1234672049849849,wave1,0.4194917077445994,0.1290697097347453,-0.0976625655581747,0.0005116049157247,wave1,0.1752871106800723,0.1162330495062786,-0.4562775408362524,-0.6847283968068223,wave2,-0.4317848169391247,-0.8275320775363206,-1.16056828378691,-0.3741280788463961,wave2,-0.1688990700236969,-0.4547199238272366,-1.3880501169706774,-0.2064232961456438,wave2,0.1268595425864178,-0.5384756173059408,0.0206874331050204,0.0114032265311274,wave2,0.2090280263991705,-0.2397831871075111
cf71b1c6da,0.4901939277069885,0.4837400276433317,wave1,0.1238704138230564,0.4574408147681348,0.0360989123643736,0.0305449603886733,wave1,-0.0183308157554304,0.0196293679327017,1.1059425275853063,0.5287727381255033,wave1,0.3270649746956801,0.6617035374223142,1.2227062924345198,0.3433699793308273,wave1,0.2058835204890058,0.4650648693920242,0.1292203571157489,0.0707012116798799,wave2,0.4039322403210552,0.521560559643615,-0.4744508243005931,-0.4934760122426467,wave2,0.0906935883837718,-0.172381482475187,1.1708800983440464,0.4077094930225885,wave2,0.3639778425028813,0.6979857277743927,1.0196997366265308,0.4338943393932563,wave2,0.3326710900318114,0.5904127336929921
d12a9740d9,2.072056922253447,0.6629113201212498,wave1,0.6284038154782001,0.5639988460619305,1.0057142351803672,0.3935450491955206,wave1,0.3813319077251877,0.5472921704613496,0.4450126679769515,0.5323007618010116,wave1,0.4491275539447985,0.4856764575809669,-0.7687196633548881,0.3375809636415838,wave1,0.1718525426030903,0.2708846798702624,1.870862724481616,0.522910567177195,wave2,0.7763051560058525,0.8995542638105221,1.387085474814682,0.4159624093732965,wave2,0.5126141188660318,0.7701492428903278,1.223183780766467,0.6456984246998656,wave2,0.8369218632745075,0.7775651134285104,-0.709907807836414,0.4880579405937162,wave2,0.6349369744889648,0.6263839306498422
d162e74fd2,0.7136843411374718,0.3763388231198499,wave1,0.3743512443211194,0.6691754323930679,1.541731449815512,0.3596889408695825,wave1,0.2982314270320909,0.3023261189028581,0.6625031072974933,0.4910100146219122,wave1,0.5621619296401734,0.7481004263453759,0.5020775116924491,0.23122268511405,wave1,0.3015789054446859,0.4705749905185662,0.7331031601912148,0.3990370580616431,wave2,-0.264344811765586,0.3445457162909158,0.9992570609942526,0.2793077874843717,wave2,0.0798835419402905,0.5183714427060764,0.3807011820060437,0.5340555096217701,wave2,-0.2226901745911794,0.4116731230657122,-0.3431608915324844,0.3917655969242769,wave2,-0.2873187085154299,0.204205273622858
d2304e26e1,0.7412282129266284,0.5828148674541449,wave1,0.0666826688978226,-0.464709281257913,-1.2551933581597945,0.0549353844108333,wave1,-0.3231189778802625,-0.1373549069669351,0.1349824204413947,0.2727508694751912,wave1,-0.000878133248491,-0.4152515556689669,0.3266868213593975,0.1269634893711114,wave1,-0.1309761844339184,-0.3896165478214694,-0.2981561077930731,0.4992599355178093,wave2,-0.1135517414825182,-0.4425319142391135,-2.854500887232292,-0.2015698855342185,wave2,-0.4849446404549358,-0.1029789761139294,-0.1226157796354771,0.4189167475870738,wave2,-0.0369388252814504,-0.0849173064046562,0.0962146515654775,0.1279605332001193,wave2,-0.162322646577942,0.0268774350656205
d3109d3bfc,,,,,,,,,,,,,,,,,,,,,2.8759367686175223,0.5777312497422429,wave2,0.0906490308518344,0.5215262822368083,1.7360991651295667,0.3166246775873689,wave2,0.3458196558138477,0.3299853774829713,1.42045923696524,0.4638696613617775,wave2,0.0674205839169695,0.3873330113579459,1.5937616844620155,0.1905084346364113,wave2,0.01763712250188,0.2015692228391345
d397aef9a0,1.1884510651855715,0.6080438116186291,wave1,0.4868499876025574,0.7410461404798396,-0.0174223045231582,0.3698229328983664,wave1,-0.2739172623009696,0.1561337781206699,0.8617328380767669,0.5510430790361883,wave1,0.5053256954277342,0.6720591491264015,0.610211634111566,0.3431465443377101,wave1,0.0913196283626984,0.1586672224196143,0.2177413779038853,0.505774288782018,wave2,0.5788740848658604,0.5608011011082272,0.2911021280472772,0.2269256751000858,wave2,0.053638154502986,0.0836448031790595,0.783951040237683,0.4745879289421003,wave2,0.4973914584685924,0.7194790196247315,0.9446917094951894,0.4425192217751738,wave2,0.1391520805579055,0.4013606216735345
d49f57b08c,0.4920967392651376,0.2252936900330215,wave1,0.2912005254733936,0.056530706511634,0.5636147902296674,0.0933962255761347,wave1,0.2190110445287143,-0.2933835598958307,0.2135518881978799,0.1198669974656729,wave1,0.248411289059937,0.0648510896062728,0.7220993221263228,0.1242729425368397,wave1,0.0999646261918185,-0.0094664428570088,0.0217955628035636,0.5784277749031164,wave2,0.2619049799866317,0.0872627908366845,0.9049676828995274,0.2656429554119481,wave2,0.191504701541757,0.0506291021752207,0.4880128236488215,0.4181323755235933,wave2,0.2154912375801523,0.2054091756083151,1.054439276435891,0.2925392191006996,wave2,0.2565078998824336,0.1492641859764096
d4cb6976da,-0.8837255228249377,-0.3555319298615975,wave1,-0.2617152525469812,0.1689597341191859,-1.046698453739596,-0.2179549637987015,wave1,-0.1054443943116512,0.4915073571247554,-0.8283121324418271,-0.2116879651271452,wave1,-0.014382106457464,-0.0779816407619033,-2.150356117260629,-0.3787181050108069,wave1,-0.0246116181801642,-0.2586564330056419,-1.464810035912388,-0.0719111568970083,wave2,-0.0435341807598561,0.1336314283830759,-2.149327330798925,-0.0310474148734294,wave2,0.0133143529777206,0.2523350652022533,-1.0442627562422873,-0.108049434184192,wave2,-0.0956351883949278,0.2957118089227148,-0.1210238722950139,-0.2406524981768819,wave2,-0.1837194335795892,0.1006467216375529
d5eb4017e6,-1.6770258971332803,0.2496384995716103,wave1,0.0639059227647145,-0.5663877797763552,-1.6863648032843852,0.6066900443803513,wave1,0.3930030626483622,0.2113093057616408,-1.9304551311986025,0.1289699960088891,wave1,0.0344366773444674,-0.7449936446913937,-1.345215478086579,0.5913637855920688,wave1,0.3910386641563456,-0.228212885497461,-2.143657069122341,0.2524186246815438,wave2,-0.3006580346148784,0.2265616027609391,0.0179441094565206,0.2597739070406244,wave2,-0.0547440154431604,0.5681127885619541,-1.3762321713910677,-0.0027415166988361,wave2,-0.3405711673141353,-0.09491003371646,-0.5723089193887472,0.008617778990467,wave2,-0.2127229995345459,-0.0029135093530723
d6079ca025,1.1129169193111004,0.4795231116600873,wave1,0.545821742265447,0.2217382848680391,0.3672672164942686,0.281526017777024,wave1,0.1715554004032327,-0.0637119856473382,0.6300255436893258,0.6333386675547978,wave1,0.5976833614144335,0.6908284030897058,0.619545705389042,0.7722189007879279,wave1,0.5562686969771291,0.5418361405508763,-0.1386346278337309,0.9014193308722356,wave2,0.6179281209117962,-0.1104786921488649,0.4643345946216116,0.3617785146424375,wave2,0.0510524313173481,-0.4704414497335072,0.3871822452080507,0.7712303572626809,wave2,0.4271397458708619,0.2362607172835806,0.4421941206205319,0.8976693872039698,wave2,0.5769272692999707,0.363414673061285
d61172d976,-0.1621379215423637,-0.1391752422133478,wave1,0.0376539495138126,-0.617043395839227,-0.5644355970435352,0.2187465444638281,wave1,0.4004225173982791,-0.0456202050484644,-1.0384017336297586,-0.173784862116516,wave1,-0.1570478005742571,-0.7638688574355276,-1.2624326270995043,-0.0930557852555898,wave1,0.0814556567458748,-0.4396974161411611,-0.2136239658816069,0.2562391194894711,wave2,0.3375529229075695,0.6853009063709785,0.5718717420741568,0.4566095685715514,wave2,0.5096875545335715,0.4917512774682269,-0.6580592099529474,-0.0348965962349226,wave2,0.0251547185435584,0.1816663741533414,-0.8777417974173756,-0.0238459535940321,wave2,-0.0630235042850183,0.0509817727832905
d632ace838,0.981494837268366,0.6777764023069466,wave1,0.7139500199196234,0.620571688357126,1.5750361691197576,0.694479323780784,wave1,0.5918936332041758,0.6153763017843692,1.5437455814455188,0.4455125423629207,wave1,0.4374121670361344,0.3106612263108874,1.8590225765084016,0.3380794106503781,wave1,0.4108479247867715,0.339344084653657,0.0296213554476308,0.334979550665115,wave2,0.4253260285754638,0.5710127573180164,1.6843084089705136,0.6181091337113049,wave2,0.3527422309610653,0.5174226693151953,1.4522171917324904,0.1321201033599708,wave2,0.1968044364035237,0.2907801428179439,1.8803018796712947,0.3525881913349717,wave2,0.2651145985853506,0.3099725840082289
d67c9ac40e,0.0488262807026576,-0.07290713457478,wave1,-0.4658717385418787,-0.8711048560188592,-1.5357338365708388,-0.2150094037208207,wave1,-0.5562951321670988,-0.2093939556865625,0.1179036263006062,0.0856616647347339,wave1,-0.2532371787749832,-0.4653314886885717,-1.0420364934238575,0.0112801696074693,wave1,-0.1240553898948457,-0.2946078161292673,0.2850360341629128,-0.5840936053870092,wave2,0.1261096118513034,-0.1558349053468748,-1.6759920389260292,-0.2265549469823782,wave2,-0.0985424482318351,0.0504175596834952,0.270045887631385,-0.2249974578662921,wave2,0.3184694198955013,0.2941021958058583,0.4123932117936869,-0.1385207907526715,wave2,0.389259509295861,0.369339280477218
da14895c3d,0.5005256190587838,0.3187706283829703,wave1,0.5600336562395833,-0.1524267273214192,1.0504566028442917,0.1071608924055242,wave1,0.4748101450350239,-0.0289060427598182,0.9869038678512132,-0.0087804790630818,wave1,0.3709009016277602,0.0294637288982322,1.0382524155701105,-0.0786123070017694,wave1,0.4646232979885383,-0.0243273314208328,-0.5204432841045624,-0.1402082747999471,wave2,0.3764835608168404,-0.5345708014112089,0.0973881332951295,-0.3182139334518037,wave2,0.2224377221762823,-0.1506863253633235,0.5436113287427766,0.0065796540811295,wave2,0.5899657869477859,-0.0097098030931181,0.7861074826301043,-0.0571270476903204,wave2,0.3898747685047572,-0.1219013373693904
da61bb512c,0.498264263320137,0.0583716126109994,wave1,0.5911197616466581,0.7650250402916821,0.409442776636546,0.025917829627533,wave1,0.3073378959063628,0.4780596755236068,1.4128106342493267,0.0005958140497628,wave1,0.6353037648048985,0.6633873169548412,0.488471522315283,0.0052770630426856,wave1,0.5871682200967213,0.6597226650321873,-0.057560871812192,0.1131718635748875,wave2,0.4032084630871697,0.5513700600772227,0.9925197914064766,0.1783108252865441,wave2,0.3453481332715791,0.0970081595299388,1.2883970073826445,0.1253077098654689,wave2,0.2811880626266116,0.458584724361911,0.8301218894760152,0.1881084064294426,wave2,0.3972555231554188,0.6310223135593812
dba65639c6,0.2409759518467424,0.0277162421656791,wave1,0.0048725304614845,-0.0826901836927913,0.4945414112253076,0.1938381608258672,wave1,0.1451563899508134,0.1644360866685734,-0.8694475320708791,0.1697929960134767,wave1,-0.0226352517911334,0.0094423813482267,-0.4415807077227875,0.0260397890597955,wave1,-0.1857353911962499,-0.0109645380919493,1.5518971797130288,0.2276001873678981,wave2,-0.0098767924428264,0.3051571944769116,0.8550176392068911,0.25767573909273,wave2,0.2338529146807522,0.2276050957769806,0.5131549859663507,0.1507951993377738,wave2,-0.0470644506781243,0.4856113675732616,0.4876145631233785,0.2170284370109637,wave2,0.2153221549577438,0.4031546258275601
dbd62eee0a,0.4258694497255292,1.1375228223864564,wave1,0.9713387053039964,0.62014144115411,-0.6824891764707107,0.4703154593517042,wave1,0.5150130580494106,0.420421492117087,0.0020268275736668,1.0496442446098693,wave1,0.8613576573662474,0.6418971576750698,0.2040160471667299,0.8176665227137312,wave1,0.7957281772893567,0.4367580769981549,0.676432148789469,0.193928535701831,wave2,0.3485643451656903,0.6052261818165303,-1.2877655597633098,0.1500588814546912,wave2,0.5941163302802639,0.6947510535385819,0.2050214627231187,0.2342534778498486,wave2,0.3042139596234678,0.441552290255651,-0.0501267791420899,0.2486768543551922,wave2,0.4344521753687027,0.5944681151190936
dd5002b2da,1.436095658919883,0.4353804550276718,wave1,0.3335993971526028,-0.0488557843168759,1.713335554443909,0.1320806737549169,wave1,0.2928583854269018,-0.0740833008594963,1.457180066135066,0.3482622688582069,wave1,0.4025479865361832,0.2454211285230041,1.2722791691575326,0.1000812829706049,wave1,0.3462730696657495,0.4143720761355974,1.25375533764665,0.4480403389918104,wave2,0.4665634152415192,-0.0427018632796221,1.837355805441539,0.335348774978752,wave2,0.3199576238774111,0.1948909907718308,1.360764220265327,0.3099102412937,wave2,0.3575870821383073,-0.1023358790811901,1.1465757207796858,0.2827575588142824,wave2,0.2296140772567912,-0.051041438370433
ddef568e0c,-0.2412357785777591,0.2889037132868766,wave1,0.3063220192739702,-0.177995407704913,-1.0134218699526554,0.1415950709598343,wave1,0.1703924849005214,-0.0395291653302016,-0.4578437334847623,0.3760409297127369,wave1,0.2622463029810331,0.0555836047309201,-0.1491228524947322,0.230499171405478,wave1,0.0753849730406483,-0.1500821676969955,0.8837309625854883,0.477962334274681,wave2,0.5912617977699335,0.5986524811328269,-1.1504037152749689,0.3279574784853143,wave2,-0.0955494586652874,0.3853582731150842,-2.371041269244389,0.2993719216622941,wave2,0.4586680201808344,0.518832351898231,-0.6865297841692303,0.2234194778246847,wave2,0.1879193761814128,0.2687034174711351
dee9bbfb17,-0.8598761329967736,-0.0325225072151327,wave1,0.1743353414696424,0.2445049339882903,-0.9800857967914456,0.0712209755500576,wave1,0.2971754980511842,0.1294974277727887,0.8568727599646527,-0.1193005144377997,wave1,-0.1373876694177703,0.1932371791980173,1.2761202394795037,-0.2050193928029056,wave1,-0.2367891456530773,-0.0454685855053769,-0.1208161842024859,-0.2476205017602404,wave2,0.1359428639454787,0.2092634481114261,-0.8306358519957325,-0.125623983005725,wave2,0.2160770305424486,0.314631978535046,1.038997755995169,-0.0974250832278257,wave2,0.2355111494444078,0.5515632699136105,1.130073097388924,0.1444326615514108,wave2,0.2850096523710339,0.5392502311943621
df1344e4be,-1.3466087193956806,-0.6310643701239378,wave1,0.1420422667599992,-0.9234691502864194,0.436557212546381,-0.2197384212931221,wave1,0.4977901751935722,-0.2868803245400619,-0.7558323573205468,-0.355403762352242,wave1,0.0797185715355436,-0.4345449469035077,0.1182328944169712,-0.0455129724813518,wave1,0.2742779661432838,-0.1174545453684889,-1.2742494568213156,0.1723793453119244,wave2,0.110303560538673,-0.4057377852899673,0.9261252999091972,0.2348460692540355,wave2,0.1176303619676222,-0.2171517762535786,-0.1850405763181085,0.1934322268364831,wave2,0.0389335841846044,-0.2484188409826088,0.3764395611620421,0.0847560290001513,wave2,0.2094344743871899,-0.12231469440652
df58685442,-1.2604905320046589,-0.8900755894365662,wave1,-0.3580105683155525,-0.7030976097615005,-0.4208438018754289,-0.3600365184008505,wave1,-0.0250081061778757,-0.4545491984640868,-0.4066381143517379,-0.3843902438810731,wave1,-0.1080177839343694,-0.2976407559448983,-0.5768185879038135,0.0683552522799055,wave1,0.3332838281874825,-0.3821677938958608,-1.0508939363448038,-0.3153292223910533,wave2,-0.9669295765523378,-0.6840078934565592,-0.3163200613670423,-0.1112466014830138,wave2,-0.5903825746010967,-0.5303603874760567,0.1697728438946561,0.0874039384209675,wave2,-0.4010659206885074,-0.4255288270434831,0.0465518411710459,0.4244852703787016,wave2,-0.0510221028458153,-0.0572070852078597
e1c99baf96,-0.4195919276274776,-0.236217175518193,wave1,-0.1954727774572988,-0.0566069394614523,-0.092787132694253,-0.1924347253789875,wave1,-0.0977382365680239,-0.1567529247962387,-0.5228080689093644,0.0103617480683361,wave1,-0.150782663666039,0.1599989333962387,0.0180980673788685,0.3659289954232835,wave1,0.1064822234009333,0.186724053720824,0.6159440445853542,0.0244216709029545,wave2,0.0511840464925279,-0.265250156817497,-0.43646268386115,0.2177215516257069,wave2,0.189874097277781,-0.0762727382004704,0.5050907208888957,0.2031709768300924,wave2,0.2007970582227045,0.1378881714011667,0.3596185546394324,0.1493070074906496,wave2,0.2004539502534771,0.1372700000866878
e2cbc665ef,-0.4107425859531938,0.4538237461202503,wave1,0.1892925799363678,0.5942153854517422,-1.1469688539720806,0.0976782981935602,wave1,0.1443399280800368,0.2817052825954746,0.4661629895887746,0.5575236020986062,wave1,0.2688298125501073,0.690040818682064,0.8078727582678671,0.3702978288963285,wave1,0.2695670683135313,0.3354321996368907,1.9836190983860424,0.8054153216399005,wave2,0.8938100297906888,0.8850369112164227,0.7865773742146424,0.47936069667429,wave2,0.1641650664721772,0.3011552804872792,1.1008296787563905,0.7903766767481967,wave2,0.9034301266632448,0.880010173434726,0.9640138103913236,0.6103134448523295,wave2,0.6381739241190025,0.7641474044521199
e3cdd42f78,-0.425405481008238,-0.1473256795103632,wave1,-0.3772557186604273,-0.4907582435287094,0.6447689864107241,-0.1583473619726239,wave1,0.0180102073312267,-0.2643099675694795,-0.76921442518724,-0.2229294397957425,wave1,-0.6546928420590853,-0.5910449694093652,0.1435563139153454,-0.367298482589604,wave1,-0.563447133774574,-0.2795408998469936,-0.5121738614410692,0.2062955947745737,wave2,0.2898881816161636,0.1395308697385779,0.2139366406100137,0.0203568164031047,wave2,0.0983620627553709,0.2273982465864543,-1.2437325665098735,0.2914945209441885,wave2,0.3486012697451791,0.2225030309493113,-0.0234866458229796,0.0961211131849025,wave2,0.135292929656564,0.1839342913348703
e443b9fd2c,-0.8113812216293311,0.2434294163037549,wave1,0.0170624515555228,0.1487556829040706,-1.0829528644973456,0.4993874006058811,wave1,0.3359610437910112,0.5736368806731111,-0.1791028309342839,0.1530783994539692,wave1,0.120465770043685,-0.0933713613542743,-1.402399590483548,0.1664623325666787,wave1,0.3422062993961469,0.0864820513602184,1.036123990000109,0.2657317307113258,wave2,0.2498712688598163,0.243756891780646,0.5086300569513421,0.3181646096973318,wave2,0.2807881352241297,0.2079676797708647,0.653332748082893,0.1874270538984368,wave2,0.1991114667702787,-0.0874677534540651,-0.5899463393250367,0.2990630451491362,wave2,0.4109698709183997,0.0576430906789128
e4518c64e5,0.5516693176621535,-0.6193712225954497,wave1,-0.4668765693832593,-0.1639051696311426,-0.6426261534082747,0.0225028859975577,wave1,-0.1457121218057002,0.0528418307242724,1.322355512875547,-0.278723847106834,wave1,-0.2072119002703456,0.1615305649974592,1.2561525701120004,-0.1373217295084576,wave1,-0.206250324465393,0.0580050916361374,-0.0322908099837154,0.1619063306635002,wave2,-0.0389765161445638,-0.2094912449786354,-0.2092919704345177,0.0454379788905252,wave2,-0.0656797713883197,0.0828238199752431,1.3560871340339082,-0.0052776497015802,wave2,0.1610019621086695,0.0731331205445082,1.2907384262501655,0.0063444190414619,wave2,0.2185763589688228,0.0029804448807957
e4a14ede09,-0.6208561794274062,0.2278508565492227,wave1,0.3427735673837393,0.287223030232584,-1.7927933878226563,-0.0194920116753793,wave1,-0.0170163199067006,0.2639687374496029,-0.447489388166329,0.3022896026450716,wave1,0.3243515237506273,0.3315958596309465,0.1893177618230512,0.1852326045447622,wave1,0.3238204740725362,0.3528489355589762,-0.4431699240196826,0.6053034384156968,wave2,0.7132272605233325,1.0321592703452156,-2.443972492823002,0.0925656654154698,wave2,0.3004702989058843,0.3776044297302388,0.0657824154328178,0.6391461364133826,wave2,0.6298193976521489,0.9098122921858952,0.6249174341617345,0.35779340538211,wave2,0.5692259343185583,0.8687507127466557
e4a53c5fc0,-0.8751952332986103,-0.0795987780375409,wave1,0.0927741826935357,-0.2148713557994579,-0.1612133556486411,-0.2762245092239288,wave1,-0.311970581506932,-0.1067710046251551,-2.9281488928456505,-0.0209049793037273,wave1,0.3471385907082428,-0.0347988960760085,-2.386715386352412,0.0097491513540772,wave1,0.1395152862089712,-0.0211523016404571,-0.8367014005310115,-0.6992212042796551,wave2,-0.5158317032868218,-0.0246048962959346,-0.1715131635128584,-0.3890854893699735,wave2,-0.5916264777276505,-0.4528629488738027,-2.571374789676558,-0.4839707556225608,wave2,-0.0984350531723669,0.2028520040822349,-1.8895591879367857,-0.2458857616448069,wave2,-0.1365480982944811,0.2078197006200028
e4d11eca77,1.5060245327574393,0.5990415826833244,wave1,0.670297382373759,-1.003698031323727,0.5956983737593983,0.1120232982855409,wave1,0.3159800207590133,-0.6014207616792451,0.9788561326970264,0.6871158025389805,wave1,0.7567642489464235,-0.3267320367552697,0.9402473608022108,0.5608762917613025,wave1,0.6460974175162572,-0.2802100505996999,0.2053118957101143,0.2834071152262787,wave2,0.2081967187669011,0.3152829067391858,0.2298432524867067,0.0840260554229068,wave2,0.0962465029983303,0.0005230579798682,0.4628553956150399,0.591232092454594,wave2,0.3297716433186242,0.5120594374499778,1.168177820012782,0.5582948207559605,wave2,0.277722286192262,0.3398908658706617
e52464d9dd,1.8379895987803812,0.413117724594467,wave1,0.5815969280594062,0.3269163504573737,1.3844356369419757,0.5771251600542802,wave1,0.5971718752864352,0.3927393333737754,1.1449424621122049,0.3534393106111109,wave1,0.4261251544556206,0.2720112107962986,1.8594740693160323,0.2837810621668873,wave1,0.2634629298870402,0.1929479115698472,-1.738916445381803,0.7967954953681893,wave2,0.1252522598121086,0.0792024566430782,1.5043744974512725,0.5372936410533105,wave2,0.2345953951822204,-0.050069658561235,0.7904983537184407,0.6107470955279215,wave2,0.2745758372059099,0.2111511237979826,1.447733706640563,0.4715682274003224,wave2,0.1523799639806563,0.1342374934651115
e59793e83b,0.7510315941712726,0.3578010413405303,wave1,0.5269995454615852,0.0409918953054977,1.3413454983522783,0.134362706105735,wave1,0.2707282340280326,0.1055716851047714,0.6999254057338524,0.4380798350572629,wave1,0.5286482706944818,-0.1614956061536504,1.5774755477174969,0.2088937288342187,wave1,0.2616727591185858,0.0368702836574527,0.6138942283462591,0.1939365783371327,wave2,0.3666562192123641,0.0307148894573829,-0.1605983004250909,0.2483971210980002,wave2,0.3538136455988838,0.1372839961269925,0.5792048837255508,0.2736217049491832,wave2,0.3220113679894373,0.0017107169385707,1.2422744631608682,0.2355977119370133,wave2,0.3424583916436334,0.0631031560904566
e7a9dd45eb,-0.9805096853806626,0.1058254579223652,wave1,0.2305358067446712,0.5041518320715435,-2.663748270123582,0.2109929861226498,wave1,0.252196015103789,0.5144778210817664,-0.0637293272026407,0.0210861865333336,wave1,0.1664034685986744,0.3135377217616368,-1.3098525037182909,-0.014031358658154,wave1,-0.1012890561359999,0.0976731019456441,-0.5177859937635586,0.5409154022640488,wave2,0.390191664375644,0.0830085183214013,-2.689996688614646,0.5350335109031197,wave2,0.1876351502445215,0.3688359429312036,-0.5433878251458136,0.4838476070625961,wave2,0.3240807065998017,-0.2084731834911775,-1.26251901753909,0.2720483708878184,wave2,0.1366640203169348,-0.026807481641682
e969f940db,,,,,,,,,,,,,,,,,,,,,-1.1390997488777297,0.2146911796529993,wave2,-0.2235006702529913,-0.992054638428506,0.545504248365804,0.417891526104448,wave2,-0.0411203439991436,-0.3764642208602513,0.4565632811068303,0.277487313015613,wave2,0.0450519949015506,-0.4391405099502192,-0.3737600114378753,0.1685824467936974,wave2,0.1385812298154794,-0.3243606433300203
ea0c12984b,-0.7530336319795071,-0.7827599164605452,wave1,-0.0793708319196158,-0.4716287637015957,-0.270346920461232,-1.0061634461968,wave1,-0.086284606250315,-0.0419559495580383,0.5952257931622548,-0.2531616534048604,wave1,0.0081612650190914,-0.3466628615195923,1.0557594280146465,-0.021622369498074,wave1,-0.1538485677754543,-0.3312599096447931,-0.3245074874914395,-0.6861598955630495,wave2,-0.1041050145236006,-1.2999409946746008,-0.4438705973481158,-0.765741195287285,wave2,-0.2060849103524769,-0.5216333874801033,0.1713675892587056,-0.571426795484625,wave2,0.3424556871572752,-0.5654409542011458,1.0124207921493382,-0.7029769295779826,wave2,0.3229654777625164,-0.3697786669630011
ea94d43487,0.1096867630777093,-0.3692824612389758,wave1,0.2195568810700472,0.0116215531795298,-1.448649997228057,-0.2421795984247419,wave1,-0.1596301054304421,-0.1068264720820391,0.5668084798432615,-0.1235921821357143,wave1,0.5016752707782769,0.300016084398227,0.6516212291000538,0.1365096275536422,wave1,0.5110904902705121,0.4240911374968102,-0.1647495691045405,0.0576426184092537,wave2,-0.264202295203926,-1.0597448078659022,-1.313391127456654,0.1684942440529471,wave2,-0.0753343926703209,-0.2077451273302064,0.2939986287354334,0.1940187921527113,wave2,-0.1184872522311318,-0.4303375000395658,-0.7039426531865861,0.2409179571386045,wave2,-0.0814715614060203,0.0031276578984465
eaed254579,-0.7149282330516681,0.1192798182977776,wave1,-0.3007487525613461,0.2766027491530161,-0.6482163767331321,-0.0660143304417821,wave1,-0.0750129523178098,0.3862379581718438,-1.5650468543085077,0.099990792264511,wave1,-0.0817931331605227,0.1409811099903183,-0.2669875586932882,-0.0225857606285562,wave1,-0.0632666372751476,0.3420725997779092,-0.0700849090901723,-0.0934030442016005,wave2,-0.5598905009762127,0.2068126074214795,0.613738676438573,0.0923780652084438,wave2,-0.026187777577707,0.1990554543455267,-0.2876717894500497,0.0829038308129616,wave2,-0.2671114243237465,0.2351523561933045,-0.3086228291655143,0.1336575393752756,wave2,-0.1600725046378078,0.1296818433815071
eb21487c55,1.2740428816973344,0.55551256378119,wave1,0.4667645936058013,0.2068126074215364,0.1976437434582732,0.4681164639909878,wave1,0.292495441462967,0.1990554543455551,1.657568509880836,0.5062676492261607,wave1,0.3538779140718896,0.23515235619334,1.229398132905556,0.53111052074613,wave1,0.4219175421304674,0.1296818433815071,1.8322612620119865,0.6020001152811063,wave2,0.5494232429405628,0.055715699700658,1.425401048666624,0.1725704517947239,wave2,0.2305578443892402,0.2711219896082018,0.9770239631178848,0.594811016130311,wave2,0.5322270376537054,0.2720707318686642,1.2263954922533278,0.5105884345730523,wave2,0.4607984060515552,0.4011459611908689
ebaee9de3b,0.5516670223548814,-0.3891613775981304,wave1,-0.5094693994376802,-0.3570656314020211,-0.3431896881513977,0.1266840382387846,wave1,-0.0191219889457849,0.0268078806182305,0.4103175848846254,-0.3337442206333193,wave1,-0.2426013007728381,-0.203943457873608,0.0782405775118678,-0.0786159201503497,wave1,-0.2287500738109903,-0.1610979195327603,0.6979188205246644,-0.3759727069821961,wave2,-0.6857108614172394,-0.2948320890280651,-0.1543654279305006,0.2404769437956773,wave2,-0.0522853763591544,-0.1690255535355316,0.987015923383426,-0.1909923236288694,wave2,-0.3373015278094032,0.3132149026315659,1.0584208163762148,-0.1706210746816058,wave2,-0.2275600864777817,0.2498337628025902
ecb04a3998,-1.8731103493738908,0.6135152263393895,wave1,0.1347755842466749,0.4723216146308391,-1.0019972041531882,0.5241462516404736,wave1,0.3821296548556134,0.4949584668198101,-2.1077551410163835,0.7489189949301687,wave1,0.2695210231774467,0.5141952125454159,-1.0184194999164122,0.7753098951532689,wave1,0.5330895471919108,0.4793597247818679,-1.0283609826374238,0.3585101904097239,wave2,0.5637738870443907,0.3815172869632475,-1.4479697534240463,0.2130721539946731,wave2,0.2997109521907231,0.2422598192680898,-0.9578287892291562,0.6063124413824985,wave2,0.6144015702093357,0.5921216541086425,-0.8555375765207653,0.3275405176706849,wave2,0.6251826008675461,0.4294655286621244
ed0c65f112,-0.4116717663517571,0.0708559973539482,wave1,0.3676624766011165,-0.2365795406526976,0.1385319218332603,0.4263096587467834,wave1,0.5092582491496469,0.1115498387723341,-2.7265033883724854,0.2179912228240432,wave1,0.4505768043391582,-0.2156210879800704,-1.6761963736377743,0.3839821403530589,wave1,0.3403343164870511,-0.1516311165467181,-0.7172032889703533,0.2630032732638656,wave2,0.5026782005696004,0.1647544201727622,-0.7110046945559588,-0.0676445363714421,wave2,0.4157096978601491,0.0315200020252792,-0.7835639145676261,0.2824816012357161,wave2,0.5591768157447441,0.07597524038139,-1.3558963710397045,0.3206401477818694,wave2,0.55200316322221,0.0997700208595908
ed5cf7e212,1.1786207190533438,0.5581054631868798,wave1,0.335837021468647,0.3194648510393376,0.6800904101960255,0.7937773820233875,wave1,0.3455201524765727,0.4155777458415097,0.7888489856033862,0.2553240687136937,wave1,0.220403552862074,0.1418678106320565,0.878178092674881,0.1989463436786812,wave1,0.0950220635237401,0.2712608138468962,0.7257437537478361,0.2913232057490393,wave2,0.2064582083155599,0.2161840171640712,1.1587678522006428,0.5935839739346349,wave2,0.5253882591379333,0.3728243121091283,1.0154548475196332,0.109706361233087,wave2,0.0849017645254286,-0.0424552716973338,1.081135047487762,0.0825203808797095,wave2,0.0591356169626541,0.0036838162505755
ee1f4fdd9c,0.3674726056827822,-0.5886956305702351,wave1,-0.5179805836201776,-0.1620696724907202,0.7541682026553805,-0.3776789127500193,wave1,-0.6413647520617711,-0.2193109941649866,-0.0484923551244352,-0.2684765180344106,wave1,-0.1471660347372214,0.1133387847141973,0.4251309164498458,-0.2843662932411697,wave1,-0.1518065407323752,0.1277691910100787,0.104820965096099,0.1991091779962861,wave2,0.1539320124061487,-0.3860924445739959,0.8487385172427588,-0.0720634255097125,wave2,-0.0098990567182817,-0.6379488678123868,0.5642190370942737,0.2240499257016126,wave2,0.2795504623723515,0.2285175256102878,-0.0802492464997551,0.5630339231649644,wave2,0.5342123706037869,0.4637878843061526
ef6aa2e300,1.267299042914999,0.1357019665835466,wave1,0.2386859689018745,-0.5052806275406345,1.0124816275970197,0.2379410483683737,wave1,0.2757714579311721,-0.1959415485358102,1.4842464301275455,0.2059255349807165,wave1,0.236455657775173,-0.2937930198259157,1.5435082604958077,0.3158627433283578,wave1,0.3190355865173108,-0.0698052110566245,0.8147452172031411,-0.224197342379421,wave2,-0.1193545226162231,0.2241110346136965,0.6617142682877133,0.0427025976194317,wave2,-0.1000520682170169,0.1773937129612208,0.8835074419063748,-0.1271526255618653,wave2,0.1025842680266782,0.2209084236920004,0.94677696770137,0.1645415187135654,wave2,0.3318427077087446,0.6170746352949819
efacffa04d,1.223094246551366,0.3839256212911961,wave1,0.3817302329532077,0.7225814762407061,1.1936725868907327,0.3138198781292214,wave1,0.0910564513546616,0.5067326806702588,0.1121998038283093,0.3748462569149863,wave1,0.4297867958906351,0.5056121705931669,-0.077011135652875,0.2189170389593421,wave1,0.2342076063817607,0.3437711125739978,0.6192840810643979,0.0528181884698966,wave2,0.151759143095578,-0.0331934119813508,0.630809013371279,0.2345339694025736,wave2,-0.1063817684538239,0.0985332250610446,0.7195999948926086,0.0815241845029679,wave2,0.2374547588639983,0.1836248429227622,0.6196252166954148,0.0038666486207786,wave2,0.0702580915327363,0.0034513240101631
efc9027703,-0.1242557726219232,0.5495233010942848,wave1,0.6816415148099839,0.4456264428200107,-2.263450202789769,0.354678622145417,wave1,0.6561136676388972,0.3264364160639188,0.1048538823680874,0.553795943769074,wave1,0.6929022577974604,0.5768028909967771,0.9158424613375444,0.4346050956995867,wave1,0.5516070646232878,0.5994922764881143,0.101912548173631,0.6880534793577153,wave2,0.3070854360012842,0.0038953707888347,-1.73595880355151,0.3046198726118325,wave2,0.3391457670641238,0.1800576354813892,0.0115733202844329,0.7139325350174994,wave2,0.6585200812403653,0.3324284601625722,1.021232814627574,0.5400398757447731,wave2,0.5182762402103034,0.3438596140901521
f19261b7cf,0.4455017066543169,-0.3805760045848387,wave1,0.3245221244677112,-0.1373179526478294,-2.260356797851577,-0.3565259806683951,wave1,-0.0281911554265883,-0.3608906230550535,0.3831270545724705,-0.1498534678667633,wave1,0.1983896920860584,0.1812693805148826,-0.8544068605819595,-0.2624634856539472,wave1,0.1340955434170018,0.1332545871488308,-0.6405427421766999,0.1494648332221571,wave2,0.2389970056370609,0.3495701540560243,-1.73985807193384,-0.2493683608953125,wave2,-0.0223423527078152,0.0726510958646338,-0.4445546804029455,0.1254216243188777,wave2,0.3216529642990133,0.3589246888334592,-0.6635864632240273,0.0701523640595888,wave2,0.1502378919635555,0.1365118536556466
f25a9bf5b2,-0.8004185780640504,0.3808352415479854,wave1,0.2485030686533593,0.3485294817626152,-1.1335194050718618,0.1797373589771183,wave1,0.2373581865292136,0.280458564088528,0.0455867444651565,0.685661124085662,wave1,0.6221850470940471,0.611515397219615,0.4560965070926425,0.6234445018580443,wave1,0.7491912365501496,0.721491305542888,-0.1536785706247566,-0.0510524309616347,wave2,-0.087854086207495,0.3159241512141046,-1.9098989133710609,-0.0850098694484999,wave2,-0.2049708090489763,0.3336884176787309,0.0642995756637113,0.1655557654313926,wave2,0.1668651441004554,0.587261877735531,0.387400324269448,0.4687413516780673,wave2,0.3675643364436511,0.8470201685711445
f3682c37fa,-0.1350726508509649,0.7709337386867632,wave1,0.4772927461404506,0.2693974802113263,0.307706108642805,0.4202117826620359,wave1,0.3888379296410822,0.2832885810874248,-0.3898456089070192,0.4144288118976279,wave1,0.1857881567144034,-0.0434222506708249,-0.3401983117612322,0.036754174891756,wave1,-0.1170289361930321,-0.3604807028940689,0.3911366818362784,-0.0423050223041885,wave2,0.3638899547654581,0.1002686104724972,1.1256407923933816,-0.0586110468553202,wave2,0.2572323664419078,0.2490103424420795,-0.2373838215130992,0.0971090867635805,wave2,0.337783461600151,0.1819906912637884,0.3545682372938085,0.2829449681201767,wave2,0.2624893360280406,0.0415854665934573
f40c72ae7e,-0.2286839686014563,-0.1343569559855897,wave1,0.1354993416244561,-0.3801880920443321,-0.0137540763070902,-0.0744859953907735,wave1,0.0643145403144238,-0.5746953109534272,0.8493602325085247,0.2188273482690006,wave1,0.2727825541246005,-0.0340251735329417,0.3611241909901178,0.1860716299139087,wave1,0.1747781207583361,-0.3871774159382943,-0.0367659380437658,0.1453793621367491,wave2,0.3729717966024588,0.2417437202124097,-0.537105517249635,-0.1818580190226497,wave2,0.0747943219146916,-0.2610810716092624,0.9211292081335644,0.4266443056109141,wave2,0.5734411174927583,0.6816851469505554,0.0921476299329631,0.304773708201556,wave2,0.4860963889675491,0.3912601435054141
f64b1b4202,0.0619501681021813,-0.4662784849418644,wave1,0.5236110588526852,0.5304468357613015,0.3909626018418252,-0.2568830694033635,wave1,0.3230744930190055,0.4433592975607434,1.3658287846310406,0.1942935791932081,wave1,0.6883771718263159,0.4303934390909649,0.1168569467734563,0.1552721191306156,wave1,0.5635584884177898,0.234880269786017,0.0256166674815195,0.5997334003350967,wave2,-0.0330783888673797,-0.0705434919543641,-0.0922067955598745,0.5219629184343797,wave2,0.1371570256104732,0.1236795724136523,1.2765963791234942,0.4582891922950183,wave2,-0.0023143707619679,0.1831054876135085,1.336315098046209,0.4672961135780697,wave2,-0.2432279989774187,0.0408065023217267
f6a6665561,1.4158425081701709,0.618018095256744,wave1,0.5137995717144115,0.866334496678379,1.4212134684993196,0.3448075632526413,wave1,0.362859272321697,0.673264642090214,1.1688270529369436,0.4399605489301021,wave1,0.105693312905813,0.5904759744062449,0.7489621475299781,0.1989317646277375,wave1,-0.0043346953333962,0.5169415838433813,2.303708686002948,0.4653665006908172,wave2,0.443538099713443,0.5090126246344586,1.5166292043978613,0.432509791325764,wave2,0.6136929189875535,0.6867195755397382,1.6020281265315428,0.2317098873923433,wave2,0.1749364324601237,0.2937345362683572,1.1844672233697466,0.1493567469195005,wave2,0.0813966530105294,0.4229495233168481
f7752a1bde,0.1986692572421522,-0.3502432889263824,wave1,-0.5791752002802346,-1.137494224860043,0.4214057333733369,-0.2173410520678591,wave1,-0.0698038010121719,-0.957484880963588,0.697997858346044,-0.1980059266114978,wave1,-0.5088618840321318,-0.6799285973503467,0.7309727518017062,-0.1466647973900005,wave1,-0.1587934375755985,-0.4330752349145997,0.6722202274522856,0.0126921722099633,wave2,0.0358574235557036,0.1825574508825111,0.0096172929404265,0.0722016866067005,wave2,0.0689261988323077,0.2133805153616625,1.556039672588519,-0.0118768764876245,wave2,0.0655437599296894,0.2428058047516011,1.238478815549763,0.1107340779528388,wave2,0.1441698874216022,0.102316122055735
f79d33f18d,0.0907864053356735,0.1855180966680847,wave1,0.5522064886581619,0.5438636985763092,-1.9372457785848,0.493045741371086,wave1,0.6247310366058876,0.831554224258513,-0.3945520941651982,0.4262540947061675,wave1,0.5916486746020562,0.4664441633019929,-0.0215246927197466,0.1944704254898441,wave1,0.3145555344722499,0.264603015672768,0.5385004006138123,0.3559680036896981,wave2,0.8119713985503423,0.1764372234721332,0.2061972431270813,0.3366158107461474,wave2,0.2895361739863034,0.2951222217036344,-0.0622901176300351,0.4398386585063587,wave2,0.8525408003143249,0.2566682365754902,0.5145263088357614,0.1429954559873953,wave2,0.424536670549171,-0.0404009951372681
f9839e79d2,-3.0829145914391263,-0.3489122867553844,wave1,0.0158178802543738,-0.5047163514956472,-0.9007039287665013,-0.3260098658541839,wave1,-0.2219728300020214,-0.6919656832047805,-1.4797119915645929,0.0335707400395701,wave1,0.0708089731271361,-0.050883589153313,-2.1286566690402724,0.5570183163956178,wave1,-0.0311855750281188,-0.3388376577354878,-1.1624514174273402,-0.0751796667152133,wave2,-0.1815984817253955,-0.0930307902541172,-1.119343849282544,0.1129354771264488,wave2,-0.1877051228661184,-0.0497626260077797,-0.4857485090218476,0.3308981529496324,wave2,0.1701571856489722,0.3619558021235045,-1.0970821867175216,0.1511368315386166,wave2,0.0712301251770938,0.2559562314735729
fa5579e04b,-0.9574063282563376,0.4484464973425506,wave1,0.844946216250573,-0.6139164635375634,-2.3300324706099707,0.571778896817912,wave1,0.9010807236708768,0.1815752911332055,0.0658821540460925,0.4676284133458397,wave1,0.5597853770259262,-0.6122377754461459,0.565585265794064,0.4779270248852424,wave1,0.6891075058605488,-0.8129781773571186,-1.0001216368786554,0.1742421680263024,wave2,0.0866281660743248,-0.6545931416022486,-2.8766090324146947,0.1003482322710618,wave2,0.2268363593454654,-0.3076631361293711,0.122402734735481,0.4483469927230006,wave2,0.3487256948431678,-0.441135959690583,0.1835820932456483,0.6967112178791476,wave2,0.5188454592993662,-0.5635076903317936
fb5094f9be,1.115175406790163,0.7949224830684116,wave1,0.5218845129895477,0.5797625079607456,0.8285876350486829,0.3522587143705145,wave1,0.2190440687339199,0.3883462009236311,0.8784397326744848,0.6771073285506418,wave1,0.5679858121564308,0.4136483556183991,0.1931544349346694,0.659095457635092,wave1,0.4564269945999448,0.4534356325680681,0.749528158203966,0.3325964510565544,wave2,0.5775601163402695,0.4452954827828006,0.673660842177858,-0.0359583471736335,wave2,0.1547895941388664,0.3109507413152197,0.8870385475236904,0.2957773669384483,wave2,0.4066077909171951,0.383745848680297,0.3628908990034858,0.251060322630961,wave2,0.4273059992672762,0.2608207995302766
fbc2d6f448,0.6326899073463349,-0.0547852979384126,wave1,0.4052041009326961,-0.0826901217966498,-1.2093530549493523,-0.3117748349275215,wave1,0.3866802670655418,-0.0188491683218199,0.2204767762481091,0.3721004568711241,wave1,0.3653214235496315,0.0412683606906951,-0.4502504314841475,0.2415208093252471,wave1,0.3995233182181089,-0.113143820804047,1.2045561834406593,0.6489981015204773,wave2,0.3124755607599285,0.5995148479766079,-1.685410708366217,0.5360929969671244,wave2,0.2392797084487594,0.3597509816847419,0.7517148218795342,0.5732606201674062,wave2,0.3689929851806157,0.5180085272381065,-0.3674827533649283,0.5937765322747367,wave2,0.2839600156574019,0.3147188000266244
fbdafd951f,0.5132166534874771,-0.3047654720394526,wave1,-0.726748053241197,-0.2511991609942403,-0.700051973470455,-0.1120481884168855,wave1,-0.3510950923874378,-0.0811376240541277,-0.5305780904789363,-0.2379095597124862,wave1,-0.5225975010877582,0.0412696968496533,-0.980038592992286,-0.0235621298495466,wave1,-0.2409839708955998,0.4104405977188183,0.9735082149027472,0.0063541248363878,wave2,-0.5535030868436328,0.3951763926915643,-0.7561673777487715,-0.2533659467806457,wave2,-0.4436046253240675,0.1286818419005901,0.1617145990195991,0.1790982626940342,wave2,-0.1559480086034641,0.6574689384474683,-0.7206978855798192,0.2618584443633112,wave2,0.1296686292147927,0.5420941285274408
feccc75c1f,-0.3241492235248,0.276677537912698,wave1,0.74112150753414,0.655409217341042,-0.6004682546602311,-0.3170368618503794,wave1,0.3214700820906699,0.0503623492958436,1.2924638474908057,0.3584848850172032,wave1,0.7405448674004576,0.658107330759865,1.4461443608802644,0.3032263347011067,wave1,0.6391641676375824,0.4882554097390094,-0.4840265582308958,0.5903727413752968,wave2,0.571375594857136,0.3443639144669645,-1.929824165999431,0.1279608987345497,wave2,-0.1202374285730969,0.0963295064619167,1.2391314076945863,0.5830791491203646,wave2,0.7358792203455184,0.4906776412724651,1.1304210440675388,0.4984533890813839,wave2,0.6938884319837099,0.5849334521761537
ff30c563d8,-1.0112616721568664,0.1643047798618018,wave1,-0.0380191147968487,-0.2556853334144864,0.1521215726649321,0.2956773830425383,wave1,0.0557496951664309,0.0956408976187763,-2.07968532865113,-0.040539555846025,wave1,-0.0476619700484302,-0.1615651571860525,-0.1983566381141205,0.0042371963802932,wave1,-0.0918411971761288,-0.1140610592585631,-1.636731681074075,0.2626821119394571,wave2,-0.0711234830096474,0.1451927364661411,-0.6584007363313186,0.1522282358052222,wave2,-0.2669700254150073,-0.204562720907812,-2.6352785445810354,0.2293897653381598,wave2,-0.0908269136463832,0.2889227557250624,-1.4088950376866174,0.0815695279852498,wave2,-0.109921739378383,0.2442062168256653
