,language,language,language,language,language,memory,memory,memory,memory,memory,executive_function,executive_function,executive_function,executive_function,executive_function,speed,speed,speed,speed,speed
,target,cookieTheft,wave,picnicScene,journaling,target,cookieTheft,wave,picnicScene,journaling,target,cookieTheft,wave,picnicScene,journaling,target,cookieTheft,wave,picnicScene,journaling
sample_name,,,,,,,,,,,,,,,,,,,,
83,0.1275136977426567,0.0038121490780658,wave1,-0.3110304804038906,0.0837051925603491,-0.0208416004634395,0.0540384919972363,wave1,-0.0775660228510182,0.280863778405348,0.9049319425661132,0.1595806614423242,wave1,0.0043995198491125,0.2820149146751848,-0.2931249522626943,0.0446265878060436,wave1,-0.0498418560233736,0.0241245510731242
84,1.5909996034411122,-0.2497739734045605,wave1,0.0562924020080248,-0.0082009806610348,0.8230068675731378,0.0698968139083526,wave1,0.1268531400633437,0.0079114747011144,0.9850799541672212,-0.170195763515244,wave1,0.1204306932042533,0.0500957049145585,0.2703901960584017,-0.1381433616183321,wave1,0.0074930432266929,0.0031989920086606
85,-0.1375634546671918,-0.0907330354743183,wave1,0.2772122846668434,-0.1925086900815538,-0.1412879584720527,0.1835802887928772,wave1,0.5552673652385067,-0.1012616129026793,-1.4527595557191588,-0.022841610949714,wave1,0.2716127242432749,0.0908617240106961,-1.356771763118752,0.0753666202867821,wave1,0.3355516745297179,-0.0065642744503314
86,0.0849978788587147,0.6354785873256585,wave1,0.7419949664752468,0.6177241930012582,-0.4466850333524393,0.8362756994971674,wave1,1.0228784983588683,0.7889406217041413,0.2044406063108743,0.2076524103244854,wave1,0.4469457575035961,0.2552255308898603,-1.0627851816960208,0.1911228112013056,wave1,0.4139259132460106,0.1326240996777418
88,0.1236477469678027,0.4975367019114201,wave1,0.6393601913297824,0.5356865402917712,0.1054574288416571,0.3841835319143456,wave1,0.3825686034332252,0.3102074423686298,0.2686569185337796,0.3613241801274811,wave1,0.681223182670728,0.3371695148715185,-0.2343059026251225,0.3385650462870136,wave1,0.6743438235058047,0.4285077303256986
89,0.9477145613081764,0.1371925431817335,wave1,0.3647616623651681,0.0375035699089303,0.9164716170704468,-0.1126022000595448,wave1,0.1076716812816411,0.2286243891002253,0.7214983144981956,0.3004058904717265,wave1,0.2913469048847789,0.1909920500508487,0.2628928432399975,0.2263715507817136,wave1,0.1008024888727507,0.0094544555010506
90,0.0988909012404879,0.0423128004607429,wave1,-0.0216444316257358,-0.3121190127803706,-0.5882865783337745,0.0087022575402009,wave1,0.2139433150763146,-0.5279018625353296,-2.0841135303309404,0.2185697304467191,wave1,0.300767268550635,0.010652829570207,0.070312470940905,0.3096313561214734,wave1,0.3875690502129649,0.0893054215271008
91,-0.2470823624642878,-0.2351504820939074,wave1,0.0052857668797869,-1.051237782606421,1.0613184245685725,0.1497500939059504,wave1,-0.0972976934655396,-0.3895572398744387,0.3360119839550906,0.0081401756265713,wave1,0.417511919533841,-0.3879116931121362,0.3777593782942584,0.0536976029068198,wave1,0.2750626682449872,-0.2392298889290732
92,-0.8950476860310591,0.26316428431684,wave1,0.0375042607581841,0.3215719888569088,0.4402711860986426,0.0268801691440065,wave1,-0.115310895939261,0.1101152419704103,-0.2372919774368483,0.4674447258851182,wave1,0.1927763832571218,0.4372002541140993,-0.5187345792887774,0.1889988803265415,wave1,0.0572941690256646,0.292732564899936
93,0.90025917826159,0.6388619651766332,wave1,0.5342904010939873,0.5358518791711968,1.2083291796518605,0.1140538401638049,wave1,0.180409945985458,0.2843411398769686,1.46049661022357,0.469391246554013,wave1,0.3580094178252956,0.3885651235492332,0.4768352878233019,0.3533296254107571,wave1,0.0818905777723217,-0.0604449382219843
97,-0.1251982077137691,-0.9521942059087508,wave1,-0.1343895730894102,-0.1576887834234739,-1.1056300432497954,-0.2382637492448129,wave1,-0.1422219383270053,-0.023044908812251,0.0551392778519724,-0.4322367470284882,wave1,-0.0205170507577456,0.3238122785475854,0.6633776603176247,-0.2252780819323757,wave1,0.0282545512220508,0.29491327020836
98,-1.6813213924202113,0.1448873683773919,wave1,-0.8955103955018426,-0.4169019822335551,-2.436185028070028,0.229170694884724,wave1,-0.2732879913329269,0.1481257078739248,-0.979034761005394,0.1810143039491691,wave1,-0.59788721824538,-0.1208941602311699,-0.7510437149379476,0.1195891464652993,wave1,-0.481047457251878,-0.1313343849204043
101,-0.3009252742390148,0.3248562505016272,wave1,-0.0639695523597561,-0.0497714865605181,-1.839421822887495,0.2318780240462947,wave1,0.3076533507547307,-0.0892090033430785,-1.163842341180762,0.1749678814392733,wave1,-0.1564403455815276,-0.0788569810023317,-0.710630343748174,0.0659579436017328,wave1,-0.3340064186040757,-0.3456038838729162
102,0.6295419212732077,-0.4391434054268435,wave1,0.1392293927339067,0.4801045066807623,1.0811122531762964,0.0990607968120689,wave1,0.4248198635180351,0.5209554262590395,1.2209484874432552,-0.193317840059021,wave1,0.1070014292626071,0.413935246696166,1.2794755866617906,-0.1652513203134634,wave1,0.1058228080334909,0.3502253816399098
103,0.5164686363300379,0.3850340720774663,wave1,0.5818438248829563,0.0964689257865587,-1.7036287301480215,-0.0064649716221909,wave1,-0.126080030723255,-0.214098285465047,0.4560446049166364,0.2785487994967356,wave1,0.4141826994680969,0.2371746636884969,0.257827823330663,0.1172050460142221,wave1,0.2629490267363207,0.0082811092365539
104,1.9556646331997072,0.5389522331239189,wave1,0.4556340232481819,0.1463296625251176,0.8000030472828137,0.4294028680063186,wave1,0.5024276395845548,0.1269632272729983,1.2697681841745168,0.6077637120800193,wave1,0.4824056841271887,0.241356176588925,1.1750990677122564,0.4687092570463564,wave1,0.4202360496724681,-0.0143947934148099
105,0.5516670223548814,-0.3891613775981304,wave1,-0.5094693994376802,-0.3570656314020211,-0.3431896881513977,0.1266840382387846,wave1,-0.0191219889457849,0.0268078806182305,0.4103175848846254,-0.3337442206333193,wave1,-0.2426013007728381,-0.203943457873608,0.0782405775118678,-0.0786159201503497,wave1,-0.2287500738109903,-0.1610979195327603
107,-0.4978171093164543,-0.0518881148620806,wave1,-0.0297582475397626,0.361233923766882,0.2182324389106167,0.0712757883676518,wave1,0.2934710001154925,0.1524874208510545,-1.4589017459552942,0.0219281880243098,wave1,0.0674425835098957,0.4395387827690036,-0.8576570796572779,-0.0918339762319282,wave1,0.3411084803880981,0.1940235823151077
109,1.7757488579552432,-0.2683691348855836,wave1,-0.2493889063917873,-0.4887786459483159,0.1597477902275357,-0.0532958495440039,wave1,0.1936883450548885,0.1632371377005053,1.5047184001503622,0.1376802408540661,wave1,-0.1326109621160441,0.0119239803178371,2.342263696536211,0.1599651183487417,wave1,-0.0269151348039237,0.0345370531134615
110,1.7243512698407577,-0.8294412107468139,wave1,-0.8490395492280034,-0.0823373293406004,1.004971008856422,-0.3778752761644743,wave1,-0.6037007297029353,0.1234340663027593,0.693853676163841,-0.636556412071428,wave1,-0.5737260303322687,0.3422265859872835,0.5615221351585333,-0.633329392327751,wave1,-0.4677034464195326,0.1515579004569281
111,-0.0080758738104662,-0.455796930495044,wave1,0.4536546203598703,0.3914011605831411,-1.639321512723408,-0.4753441017526683,wave1,0.2952681365794025,0.1287062101352747,-0.3910118572919149,-0.2643612335728784,wave1,0.2790552889224944,0.3357576678399141,-0.7119963967651363,0.0140898184397334,wave1,0.4307060852294805,0.3354259460328957
112,1.1244009817362226,0.3358441797421405,wave1,0.164042478312747,-0.2015921558984996,0.1849612764562636,0.1157899633902579,wave1,0.0247577236052431,0.1660579537639634,1.3716042788474947,0.6722819458970486,wave1,0.4678232472541173,0.0605670761924144,1.5593196682301913,0.6936436558589718,wave1,0.3002984375782307,0.5261983709269304
115,-1.6770258971332803,0.2496384995716103,wave1,0.0639059227647145,-0.5663877797763552,-1.6863648032843852,0.6066900443803513,wave1,0.3930030626483622,0.2113093057616408,-1.9304551311986025,0.1289699960088891,wave1,0.0344366773444674,-0.7449936446913937,-1.345215478086579,0.5913637855920688,wave1,0.3910386641563456,-0.228212885497461
119,1.2638566985939406,0.11515459313157,wave1,-0.1391689127905322,0.1627914565549031,0.5096319685673147,0.170354241538817,wave1,-0.0679320880495613,0.0968161608763873,1.4089609865166035,0.1245300845224658,wave1,0.052247277277133,0.1077056773141186,1.1562754899551562,0.0039438032189768,wave1,-0.064384572437979,-0.1608760310580329
120,-0.2910323674809579,-0.0960813280248602,wave1,0.2374335327928756,-0.0637932817525255,-0.5831192765323929,-0.105124683952094,wave1,0.1523684954860749,0.3897646658081717,1.049083586546853,-0.0449964793166937,wave1,0.1287995544389995,-0.4883942795140692,-0.3575505068151014,-0.0176320182392301,wave1,0.0800975608033923,-0.1233158089633216
122,-0.8985957200449888,0.3742329623847444,wave1,-0.1712141201530315,-0.213427761484739,-0.853440104266455,0.2831374656681777,wave1,0.1712334194264784,0.0979465457515247,-0.7839484315302231,0.3420054226946645,wave1,-0.1288474435316664,-0.0855573108390808,-1.3454620604790726,0.1052784426617464,wave1,-0.1942232777627534,-0.3255670129622118
123,0.3728859081187028,0.0835796686658554,wave1,0.5483273412041694,0.4469450007915601,0.2232109965420194,0.0274070695373285,wave1,0.5087177342536471,0.2618217407446583,0.359008778824946,0.1755771629328739,wave1,0.4956612841080883,0.578323063578654,0.6464840115105512,0.2511942493113864,wave1,0.4736072155068175,0.6739335509733534
124,0.1195516526752519,-0.3144170686546008,wave1,-0.4959842016206375,0.1375277386936382,0.8702426561933236,0.0439392402395824,wave1,-0.572214257370395,0.1927674214619235,-1.1398992739670837,-0.177790529301383,wave1,-0.3681018679128298,-0.0688645623419681,-0.3949875153317401,-0.3422671430367764,wave1,-0.5010295694996115,-0.0880100749667122
127,1.0610745792689102,0.0012607097103942,wave1,0.5840602362793357,-0.1555659867030305,1.5309819060622802,0.3484723672678891,wave1,0.7007587088012532,-0.1501512049520479,0.3671390042715691,0.1428159383991838,wave1,0.5262770222212447,0.0044627314449914,0.3011411278435906,0.4843225132581285,wave1,0.7489337640530994,0.0982384478257908
128,-0.9954748939605506,-0.508963304556763,wave1,-0.8779927319501288,-0.0493710509220375,-0.1309482506092666,0.07981055369224,wave1,-0.2302317376267109,0.2384462997635428,-1.140118771460095,-0.1070752209805687,wave1,-0.478475490866977,-0.1071369600557898,-0.8146500992334664,-0.2116019872140462,wave1,-0.6197057340489598,-0.2268106806478738
129,-2.17363683598968,-0.194207306573056,wave1,0.0471678893514833,-0.1905328805236836,-0.2099014556122037,0.0565612549874461,wave1,0.0738748265570112,-0.0339109882778041,-0.6534408731732292,-0.0120762324463368,wave1,0.1360202252345526,0.1619336083673537,-2.8251280990424936,-0.1494443662343069,wave1,0.0411764096246004,0.0461126106303647
130,-0.2251185306775135,-0.5075894023111158,wave1,0.1368332366321825,0.4077756843814923,0.665475434772903,-0.3129134536951334,wave1,-0.0891745929457914,0.2175627316908506,-0.16512328214111,-0.1916614803882703,wave1,0.3879520652789736,0.3877385080496411,-0.5813349800753402,-0.2058267846068361,wave1,0.3236172400208489,0.4761552188190866
132,0.032607668058338,0.4365802696165468,wave1,0.598098429333829,0.3443765924129713,-0.1288104112670345,0.2516849227183764,wave1,0.4065626842155279,0.5200940592741765,-0.2096618090721632,0.4836558430905611,wave1,0.4888787671400081,0.3332648355983347,-0.211837761582304,0.3938002891095141,wave1,0.1369327886933889,0.1542109497175049
133,1.0134905526822566,-0.8995842913297694,wave1,-1.3102854648976432,-0.1965556868926541,1.0283453555239457,-0.0214636152768887,wave1,-0.6026507079627379,0.0129993647207138,1.0461438020421372,-0.5911014619396631,wave1,-0.736916028416188,0.1775219652258703,0.4811119712810019,-0.6555210671435617,wave1,-0.7556691338693625,0.0252780448571566
134,-0.4636889201423938,-0.0891283924045098,wave1,-0.1957730757412603,-0.1508809143771907,-1.149700067941612,0.1862101176808337,wave1,-0.0969796518086709,0.2421174706399147,-0.7230069980174789,-0.1164773583872847,wave1,-0.0554341746561098,-0.1910269659964346,-0.5420091706071402,-0.1617934161629513,wave1,-0.0212523647557086,-0.0631122033174403
135,0.0320999300700703,-0.5475911173147399,wave1,-0.1288828459273765,-0.3702180681151219,-1.0870539028433934,-0.1388614014602784,wave1,0.2615287393923255,-0.0261962084266038,-0.153660002845558,-0.3763189556584132,wave1,-0.0276968392796064,-0.1039722566473546,-1.0257107899370492,-0.3232492912551704,wave1,0.1056369864011589,-0.0889222216266505
136,0.4455017066543169,-0.3805760045848387,wave1,0.3245221244677112,-0.1373179526478294,-2.260356797851577,-0.3565259806683951,wave1,-0.0281911554265883,-0.3608906230550535,0.3831270545724705,-0.1498534678667633,wave1,0.1983896920860584,0.1812693805148826,-0.8544068605819595,-0.2624634856539472,wave1,0.1340955434170018,0.1332545871488308
137,0.1964584242415069,0.3337159817690378,wave1,-0.2685078290704099,-0.3588964006519191,1.70200434389953,0.169856132661744,wave1,-0.1554950120028233,0.4034763578903049,-0.9427793283163536,0.2249981094331529,wave1,-0.4527272398991223,-0.3369600414272825,-0.6978842696954091,-0.0134194579884122,wave1,-0.4091607722265878,-0.1454479810790586
138,-2.528899944112497,-1.0570876755304617,wave1,-0.1364024028849029,-0.4375709804164438,-0.7006640534081091,-0.159797666792421,wave1,0.1186552505513871,0.1645795798657294,-1.7528565378629553,-0.7894495950256778,wave1,-0.3153763716536154,-0.4381086410986817,-1.9811771726158312,-0.4104302127897757,wave1,-0.3137111522727894,-0.6137546222458558
139,0.7567696340733142,-0.1948923145819487,wave1,0.1767228898132802,0.3312799755925106,0.861836603692779,0.3190966874108596,wave1,0.2357668535362,0.3394523224300372,0.7268523017419799,-0.5486246505786898,wave1,0.0323801489030208,0.2107472870215052,0.2315913859706644,-0.1308691842301655,wave1,0.2662499589294018,0.409262102995262
140,-1.52313995565173,0.0565892203563542,wave1,-0.0415586078023366,-0.1225745261987207,-0.8322927770572043,0.2407202084448705,wave1,0.3495076028204196,0.134196164945876,-2.532905118032879,0.067830674700725,wave1,0.0460105284426798,0.1617298280624949,-1.325373947615493,0.0545199230938783,wave1,-0.1156100761905992,0.0521882597779398
141,-2.2536068161335856,-1.506497502768564,wave1,-1.197549956779458,-1.0609630470699152,-0.4452793794738175,-0.8357363694378339,wave1,-0.3675261799661773,-0.1258465211524049,-2.238815321419642,-0.4028537468716344,wave1,-0.6699810083787099,-0.6268927946583143,-1.023959574954848,-0.5852929400206559,wave1,-0.7501728943401735,-0.5793627987804224
142,-1.5521804540443724,-1.2260009603756503,wave1,-0.9887598707394356,0.2440293613369553,-1.442289890943498,-0.7606233266956135,wave1,-0.7806061386219265,-0.0904613546036863,-0.9807109234463603,-0.3693540052794648,wave1,-0.3268204785285031,0.2874596882568103,-1.54632284254295,-0.6243594203414548,wave1,-0.4797011668301404,0.1451801805316191
143,-1.1241992386874382,-0.862810471127677,wave1,-0.5448528262743264,-1.2775281527146536,0.2351286074456673,-0.5754886270664465,wave1,-0.5290613432294935,-0.5098293766454771,-0.9028998817227026,-0.7103854487561194,wave1,-0.4554361996002654,-1.098550467667982,-2.127512254942153,-0.4046353702353525,wave1,-0.3402132331685506,-0.6957493245864566
145,-1.1028871876468882,-0.5859200291578441,wave1,-0.5639103539371206,-0.0989548852601907,-2.325726825185101,-0.16040160892498,wave1,-0.3642029455945019,0.3959161456866109,0.2019066467196101,-0.1896147139622885,wave1,-0.1957925269576601,0.0160031469853083,-1.0185880961090203,-0.2208225232990354,wave1,-0.2724552991433274,0.0571613523287569
146,-0.137453391647147,-0.0922086848166117,wave1,0.3821052585906752,-0.7926919559963705,-0.1745960984008969,0.013629918425843,wave1,0.1505851118304295,-0.1773103662768267,0.6226666636991879,-0.0326720815036749,wave1,0.2023915989807243,-0.3193465460213944,0.1865371795467825,0.0227685130426721,wave1,0.2334939270255517,-0.1499229818938901
147,0.5840179508399318,0.8591155455490549,wave1,-0.5952595128786133,0.068386912129144,-0.0501894249357846,0.4312843453129673,wave1,-0.4630851750051827,0.1668916452622872,1.0463061306072967,0.839555085806748,wave1,-0.4877696169606802,0.2508986054810396,1.0344198911213145,0.8078344860254485,wave1,-0.3378250450339539,0.1913552502209925
149,0.3905703626533044,0.5190336235160617,wave1,0.2240418487403492,0.354862347185461,-0.1490376303365319,0.3054943528346483,wave1,0.2858853663670075,0.4276907010593282,-0.5309807535115179,0.5078218682327169,wave1,0.0650630312228444,0.5109062846508883,-0.5353630402053816,0.4321138934217916,wave1,0.0341487349724808,0.3776581028073173
150,0.7954608543296317,0.32069595167538,wave1,0.3180008411321475,0.2962849251759261,1.3429334538134785,0.3596994078298083,wave1,0.23268809602516,0.3768621807986012,0.7775896166207059,0.2240948416845736,wave1,0.2188092390205098,0.2044735476003123,0.9286580385747084,0.2293860533943123,wave1,0.4036162508485227,0.3249526989088557
151,1.3101812219851483,0.1753907576000744,wave1,0.5521795557764775,0.3095502526651019,0.3769800079891195,0.0917240936073422,wave1,0.1858993921482035,0.0262229002806078,1.1804625610918582,0.2050674225151662,wave1,0.6124967167160752,0.2852155663163241,1.5221378785962048,0.0616956468138282,wave1,0.3079779557738692,0.1834619896995037
152,-0.1029295988037536,0.4806178485632615,wave1,0.3910272760437405,0.7445031745033099,0.5112585997549784,0.131886024034411,wave1,0.3004790221264968,0.5215287503471071,-2.049843529028116,0.2896718598326968,wave1,0.1086096614606,0.25183351362339,-1.784978822319341,0.3733428282303047,wave1,0.1840814091814547,0.3792469699931463
153,-0.090393066135252,-0.039670870843145,wave1,-0.0841877854442711,-0.1216528917153951,-0.5557178724273614,-0.0719384191592227,wave1,-0.4610666746553207,-0.1641036319895978,-0.1092979599965183,0.2199989703075072,wave1,0.3035461358357031,0.119001798714098,-1.3047211406652166,0.2723244299112602,wave1,0.3719898514935581,0.2224094787216547
154,-0.4759642899443517,-0.3170330222044784,wave1,-0.5136298128658832,-0.6829272885603401,-2.20143254277022,0.2749955339492742,wave1,0.230740623173141,-0.0616974022297949,-0.6346586567024828,-0.1271618223643056,wave1,-0.2932094506464163,-0.4160173133250065,-1.3419203192876752,-0.0670967862952359,wave1,-0.3030114663406579,-0.3899196608919629
157,-1.6229416710476725,-1.27640047286044,wave1,-2.135641114201809,-1.2754714734760106,0.0868580951664462,-0.7800654932083089,wave1,-1.049536127329001,-0.5230238180879905,-1.6524641420175132,-0.695289791863638,wave1,-1.2139202624048149,-0.8742711154473581,-1.6487460948723658,-0.6582399220347425,wave1,-0.9236259086358946,-0.6230708778955877
158,-0.9112804576290964,-1.0501569037902698,wave1,-1.2954471729857284,-0.6232365460041189,0.7242763436305777,-0.6605648459306317,wave1,-0.6688414467448509,-0.2444433107145198,-0.6361078420872188,-0.8243911653264653,wave1,-0.4177045892409068,-0.3582960803175044,-0.0141007679784007,-0.33572010592304,wave1,-0.0019616137688532,-0.0869578385196941
160,0.1595667677479382,0.0293961219661009,wave1,-0.0155462397200119,-0.1439145549706495,0.957327951714961,0.2200617349676203,wave1,0.2948238880223695,0.304372491597308,0.4535253423696602,0.1529880819809945,wave1,-0.0202121747310419,-0.1647525554605295,1.0912065538397149,0.2279748142232759,wave1,0.0900275935806148,0.064248564935886
162,0.2542255439406932,0.4083481776534601,wave1,0.6444183516221211,0.7880470823029913,0.9278563094372,0.1415648867650356,wave1,0.2722085598202615,0.2384674976983334,0.2339845196657983,0.4659424110696013,wave1,0.4360977861437953,0.7315328056468833,1.3037002778658004,0.3101491120518013,wave1,0.2545669595818506,0.4126743020329317
163,-0.9037964453054512,-1.5853259359648173,wave1,-1.7361718975357223,-1.3368527824919236,-0.0170173437207655,-0.5584437346898485,wave1,-1.0510739455240423,-0.2922632635002062,-1.5815519374818978,-0.9313792187166268,wave1,-0.8561702960613081,-0.6885929295703731,0.4090401441153145,-0.5279914805693704,wave1,-0.7043295963318352,-0.4101188141083234
165,-0.5837139320892694,0.4398204140048483,wave1,-0.1767511931708578,0.4416126714442878,0.966581968641579,0.1779778633498241,wave1,0.0445559146231058,0.4220308036331668,-1.6406347655001383,0.5496708128795142,wave1,-0.2557671089283575,0.2403943652951601,-1.0827903042363252,0.6156212998906494,wave1,-0.0451920604159605,0.4082068750894588
169,-0.5309864633211145,0.2951436740809812,wave1,0.2730046727270405,0.1954842813681292,1.159189463004163,-0.0974163245057875,wave1,0.2072166492964782,0.2301547215872128,1.4851275470902865,0.4558516987010916,wave1,0.1176053488887505,0.2137855904617063,1.2326177796878917,0.1009854521660308,wave1,-0.0028075839659807,0.0481748971980197
170,0.2124497141487794,0.1605728123612271,wave1,0.4512790660016057,0.3092466574002552,0.3496654801999989,0.0219820166027093,wave1,0.5749144318528896,0.2799871130801308,-1.1434823561613194,0.2472962901008492,wave1,0.2042252515563168,0.205168689341937,-1.765870490838193,0.1307667563558402,wave1,0.2540907729430538,0.1055149398078719
173,-1.8731959846861332,-1.0310555975751,wave1,-0.7053559158819791,-0.6590030758767269,0.1523421941035382,-0.3580826415603986,wave1,-0.2918745419151007,-0.0487017379754481,-0.0436879776201324,-0.5803784680690618,wave1,-0.0576693723390766,-0.2841696190441789,0.5198332403287227,-0.6962949373275419,wave1,-0.3693486842187564,-0.3648704351481339
174,0.9036830816976168,-0.6409385548114264,wave1,-0.1158772178927023,-0.0246530034283276,-0.4725080106260278,-0.2193683393088861,wave1,-0.1298532687107507,0.0506510346311186,-0.6905150940178127,-0.4035900181024756,wave1,0.1311279068024029,0.0061639396223143,-1.1072694901556264,-0.5106796156780016,wave1,-0.012344337071715,-0.2263847697064584
175,-0.1652692864182847,-0.0252175565775418,wave1,-0.4577423265465099,0.4348104985355445,-1.062390482278094,-0.0090576763574685,wave1,-0.1283038033396888,0.3513058512698279,0.1029670393039615,0.4049791595234752,wave1,0.0094294329259801,0.6016122147605326,-0.1202052973449206,0.3434584841104595,wave1,0.0944004666268744,0.4830209384680703
176,-0.059503807350373,0.1768637244777409,wave1,0.2276155589221709,-0.0482098093045864,-0.1877432773978835,0.1978499756894232,wave1,0.2070550008246185,0.2657283258507545,-0.0649551920238556,0.1160230809894702,wave1,0.1332688745417887,0.010587565677705,0.0258508695075548,0.1535794102566776,wave1,0.2337098294190474,0.0270320092918377
177,-0.8580387868836254,-0.1765635626859449,wave1,-0.1432510081309392,-0.2273416118122622,-0.2284405057639784,0.139925867086712,wave1,-0.0080140907819425,0.3366980809775817,0.122367868923678,-0.3838445613639868,wave1,-0.3578193867130551,-0.1905313076877354,0.5595122118213146,-0.356794283215254,wave1,-0.3988636300126267,-0.0255425607142195
179,-1.1904033155634597,-0.5946823573961137,wave1,0.152168096959266,-0.1540253533357045,-1.482908302774945,-0.342805171380679,wave1,0.2471364239682307,-0.2747722458432176,-0.2313111711157765,0.1152306080113789,wave1,0.6141552354872242,0.3601909882995513,-0.1196526429882877,0.235585457760389,wave1,0.7797700490831381,0.4968290506826469
183,1.5943425278315158,0.0028428711966679,wave1,-0.0010669774454563,-0.3023301171449901,1.3974821126862234,-0.0272842053650854,wave1,0.4415568749266148,-0.1080154223462834,0.5174046603178939,0.0895130878347167,wave1,0.0861737554593069,0.0158679003319297,1.1585486263341478,0.0953189976531138,wave1,0.2597197337760894,-0.110857078380844
184,1.6359959057962556,0.584808661998321,wave1,0.4883380293923089,0.3333659928682293,1.201065409504457,0.5230722196391056,wave1,0.7487998254572941,0.3141491321284357,0.5285440784831738,0.5350176436339305,wave1,0.3986688821458343,0.489382245041602,0.6205193512065625,0.5514966802559148,wave1,0.5947636937256092,0.548674469237611
185,0.0295216091037317,-0.318877181191169,wave1,-0.3383577435687896,-0.5220792290471163,-1.4983824487980768,-0.1618499759959393,wave1,-0.2782811218359207,0.1527824239024124,-2.2968918340112254,0.1649033561547347,wave1,0.0812551415353163,-0.3390999610720012,-2.301680035876477,0.0899406273695152,wave1,0.0201569863863498,-0.1209648127821113
186,-0.0869017217201416,0.1448900201384451,wave1,-0.0535095779055339,-0.5707670400663407,0.6765651425098792,0.1111662024120754,wave1,0.1608038059854806,-0.030844008782727,0.2434053513723356,0.2320108139105007,wave1,0.0888814705004278,-0.3840964615862069,0.7195113996431695,0.2523418517716523,wave1,0.0607768102191045,-0.3044454165474753
188,-1.3348901428414457,-0.4511961747715423,wave1,-0.496307052181369,-0.911901488193547,-0.9572998753119538,-0.0612977427219201,wave1,-0.0510623323025161,-0.119498656379124,-0.4951560290437359,-0.1776917237174888,wave1,-0.4138042304157925,-0.7426685185793547,0.3522460107806292,-0.1347805863880707,wave1,-0.2823860444844032,-0.6459328518605384
189,1.97455827867301,0.2758714592176285,wave1,0.5439717528791566,0.4834907466809157,0.2568239236455544,0.2454273742358492,wave1,0.5928458721745549,0.3782076669165977,1.114611360543787,0.2409402816845083,wave1,0.2675749306475348,0.3844274494944151,0.5377479923668056,0.2961754676184028,wave1,0.310798737647984,0.2643443861437079
190,-1.0462062716763028,-0.2966402685069091,wave1,-1.0070229453745818,-0.2298643340461947,-3.075974700706919,-0.6650527937644057,wave1,-0.6482188507439004,-0.0152246246055611,-1.330788562392204,0.1204681791636839,wave1,-0.4413155139450191,0.08103672431256,-1.6802098176732445,0.0954922473708849,wave1,-0.1188410359413716,0.2070103314565751
193,0.9322749196140632,0.4137885099645124,wave1,0.402803743047696,-0.2305612013065323,1.1456680850444254,0.5898936899401233,wave1,0.6970408241678063,0.3054846031530402,0.4190139565026906,0.3636373604890379,wave1,0.2988109188621361,-0.0957013211055586,0.1010698006527345,0.3004414420355056,wave1,0.3628428394266593,0.1017659080629201
195,0.398348273313366,-0.0192309997505228,wave1,-0.5174396529760104,0.2071123143352744,-0.6548062859668582,0.150100856298367,wave1,-0.1188982269615919,0.1820408138158202,0.8939263022435081,-0.0614383884008589,wave1,-0.2745309413646137,0.1345154366435066,0.8339607721616397,-0.0254766181807012,wave1,-0.2647659265034515,0.1542115013755024
196,0.5702870859532085,-0.2424386320883784,wave1,0.0730631174480893,0.3248055280828534,1.2962815617045504,-0.1341491129242515,wave1,-0.3800005193773117,-0.2552237922546783,0.4771511583445918,0.0987806092134639,wave1,0.4082051247196794,0.6344875199181439,1.2140246214803063,0.1102845696705401,wave1,0.3751394657983091,0.61828637907325
197,-1.2009495048811136,-1.0321832190389837,wave1,-0.6441507058087299,-0.7195800815455162,-0.8025254295513244,-0.5305715917765019,wave1,-0.2595444113435559,-0.2929685601582055,-1.4401586442608003,-0.4278007908170614,wave1,0.1132384831290927,0.0598710634849252,-0.6728599687735081,-0.3655932395531869,wave1,-0.0345505827425121,-0.1665732442718404
198,-1.3550291599613202,-0.8568944489101378,wave1,-0.5788314245635291,-1.2348950561624903,-1.2418912695216624,-0.698947717703978,wave1,-0.5728685853656206,-0.3004412417950886,-1.2399812342806755,-0.3089070922579638,wave1,-0.5293320594886753,-0.8523240251761258,-0.9056746887253182,-0.1824827213067864,wave1,-0.5682915122089071,-0.679569220924335
199,-1.8352252644649067,0.0805521031345608,wave1,-0.4692943644049494,-0.4924268172844637,-0.9590226695955644,0.3070679105418783,wave1,-0.1560009267391704,-0.167618607055489,-0.888609440052533,0.4398132682966439,wave1,-0.0283029081969609,0.2119162938133912,-1.6666285918020969,0.3247093359357628,wave1,-0.034108744925349,0.1474460594300135
200,0.4531900643487172,0.2766023458241293,wave1,0.3131847635722904,0.3390279651254282,-1.2524606760484922,0.3631851472831724,wave1,0.3657260436736558,0.2187497632177724,0.5394349661197662,0.2599451793056349,wave1,0.2606648821252224,0.5826534636343741,0.8380734529065784,0.2082122402646921,wave1,0.3181476790749181,0.4931315238060393
201,-0.2794877558383217,0.5370172712850763,wave1,0.3460320595199504,0.0834629523414354,-0.5864404004297771,0.0658161954418607,wave1,0.1774455155046839,0.2037790694596379,0.522565345064795,0.573735270287959,wave1,0.4662759768646218,0.5100644150980982,0.8250880764920278,0.5802837408629267,wave1,0.6048459296449544,0.6454660772651146
202,0.3240258942498535,0.1319259918475552,wave1,0.2197545206625826,0.0485867482954904,-0.8723009390656851,0.1551851419854655,wave1,-0.0233850881800266,0.0136854635553902,-0.2661389223160925,0.1046540849892831,wave1,0.2354165652493551,0.0865708023521496,-0.5279702105533447,0.0699446270690468,wave1,0.0694203954284219,-0.0849303334072476
203,0.4946544368346748,-0.220191568648556,wave1,-0.7383255403453908,-0.3235859930686717,1.6484033703839824,0.1624531725696008,wave1,-0.3163146964829935,-0.1433538366823257,0.6482555526142411,0.0566905733056093,wave1,-0.2650797320076061,-0.1801430331139624,0.7449614732742191,-0.0518263399423882,wave1,-0.2738666329379434,-0.3907821726249261
204,-0.6662547985982391,-0.0779114200268582,wave1,0.1092470051148135,0.1193767461867294,-2.500795151411773,0.3529061163556815,wave1,0.1087094618059651,0.2857737947015257,-1.530572909050369,0.089704279601822,wave1,0.2842914573047409,0.3150394893992067,-0.5395295523153012,0.0757223677595556,wave1,0.2999102296829329,0.3773704389629052
205,1.115175406790163,0.7949224830684116,wave1,0.5218845129895477,0.5797625079607456,0.8285876350486829,0.3522587143705145,wave1,0.2190440687339199,0.3883462009236311,0.8784397326744848,0.6771073285506418,wave1,0.5679858121564308,0.4136483556183991,0.1931544349346694,0.659095457635092,wave1,0.4564269945999448,0.4534356325680681
206,-1.678560601100203,-0.3693940837665352,wave1,-0.499739189989324,0.1953692909460143,-0.6378450973024277,-0.3146688939329034,wave1,-0.3454761857859045,-0.1685000471409266,-0.1496051231233601,-0.0980061467651008,wave1,-0.1852879501269778,0.1553884065376495,-2.388364210188495,-0.0501652184868344,wave1,0.0093729725424746,0.1056900864226004
207,0.0607098260035041,0.1953462840641675,wave1,0.2033250188851245,0.460563323516181,0.8517052643893702,0.4459079203084382,wave1,-0.0393914456244213,0.1098002799645774,-0.4576999366843052,0.2430271438536683,wave1,0.3215276211196581,0.3989984493075879,-1.283831758229991,0.1978706211886291,wave1,0.2994121316533188,0.2330102609849464
208,-0.4860500677155502,-0.7265540094440828,wave1,-1.2149954728797894,-0.782962323218306,0.2742103842654919,-0.2500871495512413,wave1,-0.5397340937955355,-0.4754106891156127,-1.328733403077362,-0.334112687935312,wave1,-0.640586735046544,0.026191593920179,0.4932835673127152,-0.2716160019494854,wave1,-0.4054332361856848,0.0816779751307689
209,0.4901939277069885,0.4837400276433317,wave1,0.1238704138230564,0.4574408147681348,0.0360989123643736,0.0305449603886733,wave1,-0.0183308157554304,0.0196293679327017,1.1059425275853063,0.5287727381255033,wave1,0.3270649746956801,0.6617035374223142,1.2227062924345198,0.3433699793308273,wave1,0.2058835204890058,0.4650648693920242
210,0.0996491936831052,0.2142917907761552,wave1,-0.0451449854455001,0.0108835396072215,-0.3343313566771134,0.3955834828267068,wave1,0.2106686788849359,0.3293101670360552,-0.2910709025858746,-0.0867527696420914,wave1,-0.1723181298627939,0.0112676019024521,-1.1814935870898022,-0.3145098435438801,wave1,-0.1974492493384997,-0.2275943164377282
211,0.5655655832154789,-0.2596500133447046,wave1,-0.0204994985125661,0.35360555750368,-0.670110374200834,-0.2159667756909047,wave1,-0.2881401362004379,0.2090485382545512,0.9526235311743896,0.1392506550037503,wave1,0.4009661742644276,0.6651404792577224,1.1226370404380055,0.007640038013304,wave1,0.1972519729880077,0.5965986980059188
212,0.0039235564200056,-0.1157957511539522,wave1,0.1107917502551152,0.1872911787267788,-2.5209295073053917,-0.1063759790428815,wave1,-0.1978236710610705,0.2353605797319804,0.0655480673747038,0.0420962793533092,wave1,0.0454071650449381,0.2434390605418674,-0.3775795239452211,-0.0455654136215906,wave1,-0.1119542386949499,0.1621426580212021
213,0.2354482986864424,-0.5004496406994938,wave1,-0.2125235515277534,0.453964508832368,-0.4342113582911205,0.1803492117140908,wave1,0.0020631569953568,0.4597983115546351,-1.2644298263285696,-0.264347348826626,wave1,-0.0842403155056458,0.392175650173075,-3.2345076055306112,-0.0771364226236381,wave1,0.0398358555851846,0.3982965362798488
214,1.370531115523932,0.9375069287068762,wave1,0.6951577530616504,0.6974141329182273,1.0594071664209297,0.6435803696458919,wave1,0.677532621311755,0.2624461381719853,1.4532577874426027,0.94576773000742,wave1,0.7014975712826568,0.8618728643477704,1.2230713618965514,1.1855379795352297,wave1,1.1102965492070516,1.0730750106451137
215,1.9028897265786016,0.1731651080559606,wave1,-0.0197487617299794,0.2242656524565545,0.4851071567639776,0.3868324107336833,wave1,0.4137592241443475,0.5134025505496302,1.5287540270154625,0.4483638707854123,wave1,0.156711853904178,0.2518275492345667,1.4947122727376272,0.4954649810508442,wave1,0.4616999594069603,0.5924300356448731
216,0.4680201050441101,0.782097466312395,wave1,0.1793166203023475,0.6768610983346288,0.9004121208617416,0.5822635515268222,wave1,0.1786762033273792,0.5308136914195343,-0.797647396654051,0.7421417118180029,wave1,0.198874466738069,0.4698937127142115,1.1247919639130115,0.666586016973333,wave1,0.2609241129037903,0.4158077506628931
217,-0.8047565458566676,0.0932383605538622,wave1,-0.1717683768992062,0.0721565537380719,-0.7081755039045204,-0.280408748433407,wave1,-0.1966547295557961,0.0594112384865634,0.3528706578813264,0.233228245976647,wave1,-0.2145667315238051,0.0111947498939533,0.0474646496134488,-0.0983508930058441,wave1,-0.279561434232632,-0.2120011923261009
218,0.2392246199882839,-0.0662652462192068,wave1,-0.157414754062477,0.1829033907162398,1.2015071118132463,0.1845775127309579,wave1,0.108988191486514,0.2528323206800247,-0.7474865287857565,-0.1234814546442522,wave1,-0.2708072640358205,0.0244237643842104,-1.2587828038693925,-0.1968941855554933,wave1,-0.57878813470373,-0.2604092213038609
219,-1.0112616721568664,0.1643047798618018,wave1,-0.0380191147968487,-0.2556853334144864,0.1521215726649321,0.2956773830425383,wave1,0.0557496951664309,0.0956408976187763,-2.07968532865113,-0.040539555846025,wave1,-0.0476619700484302,-0.1615651571860525,-0.1983566381141205,0.0042371963802932,wave1,-0.0918411971761288,-0.1140610592585631
220,-1.1767455638319582,0.1063419199207511,wave1,-0.1495299288634868,0.2031326182819999,-1.6950488152526693,0.1028903148614204,wave1,0.0842305067739741,0.0520809375002389,0.2025292249368452,0.0664093287726446,wave1,0.1047744901484615,0.3844556100196292,-0.2946166005165148,0.0110031573284663,wave1,-0.0861355332528992,-0.0203784425882877
222,-0.5252681418241361,-0.4035863210537636,wave1,-0.3317960857713777,-0.5560540149655315,-0.0470168258544844,-0.2870383973457904,wave1,-0.3085290691817834,-0.0283793793341251,0.3974277383140382,0.0421680045104712,wave1,0.1825719600904326,0.0023823489566033,-0.9074019122954796,0.0023621437918801,wave1,0.1702349413432948,-0.0831342492995344
224,0.0658048447150068,-0.1318562992123058,wave1,0.1415203730207863,0.1759318034249652,-1.5135922405498543,-0.1982502037205482,wave1,0.2294621376310224,0.1593231142276741,0.3322522658480042,0.0506669748082525,wave1,-0.0108730957366754,0.1278640964618228,-0.6055052287663599,0.261087145079602,wave1,0.0554109901936522,0.4079759664181269
225,-0.2871482464397034,0.6296278681866458,wave1,1.1540709062823784,0.4290176890599717,-0.7881578995335402,0.3498051046055224,wave1,0.1702665205774165,0.3064035554913404,0.4701098856182159,0.6620135540235819,wave1,1.0522127055878696,0.3625048173503724,0.7279708932092391,0.4722763247758288,wave1,0.5697294167783089,0.1198287507959912
226,-1.6683087703197872,-0.5394236926085212,wave1,-0.2291393967262225,-0.4727386133369371,0.1386425159374206,-0.0844623570258766,wave1,-0.1746471007936754,-0.405893859708399,-3.483308800233545,-0.4176793090375629,wave1,-0.1440665805102702,-0.2322914000977337,-1.4478414133275672,-0.2744039129752267,wave1,-0.0887973231068624,-0.2146227851186431
228,1.9485239585186207,0.4441219202078794,wave1,0.4426061556437306,0.8088937455889018,1.378581814657009,0.0186306706623149,wave1,-0.2071631904122894,0.2671617510777904,1.6151649216625008,0.3376626842370411,wave1,0.3964818372844512,0.7845284041340967,1.2332872833474904,0.3717714494510219,wave1,0.3396538693893361,0.7157350525868037
229,0.7698768552940273,0.0440441976679983,wave1,-0.2004760704549451,0.1727357249121133,0.677103477735292,-0.0236169013188594,wave1,-0.0850122468941678,0.1447246119801175,0.9448214245126252,-0.2254173734726751,wave1,-0.3091991903347407,-0.2275176716152888,0.4403834213574009,-0.4264768528756638,wave1,-0.441000882098469,-0.5674046343855441
230,0.7920627905547183,0.7661718179939503,wave1,0.6362771984778415,0.4483756618642367,1.0665425265197357,0.536970805720349,wave1,0.2132937517391144,0.2750529171103062,1.3052346131120844,0.6776640499308575,wave1,0.5958661027352574,0.4963017333270996,1.3869385336422435,0.6477298295559717,wave1,0.4086656735934359,0.4593926821124172
232,-0.4116717663517571,0.0708559973539482,wave1,0.3676624766011165,-0.2365795406526976,0.1385319218332603,0.4263096587467834,wave1,0.5092582491496469,0.1115498387723341,-2.7265033883724854,0.2179912228240432,wave1,0.4505768043391582,-0.2156210879800704,-1.6761963736377743,0.3839821403530589,wave1,0.3403343164870511,-0.1516311165467181
233,0.2246139144973953,0.3073741893580146,wave1,0.0190462988157416,-0.2872566996098322,-0.2077395724026178,0.4092232517399261,wave1,0.3630940225034385,0.5405718122366716,0.6437504886627516,0.1956954487492729,wave1,-0.0955399358790308,-0.3785885246976548,0.9699598809776812,0.1350557576188599,wave1,-0.3457285345076589,-0.3553080034276102
234,-1.4164644334833,-1.1125705674248816,wave1,-1.4248965356625147,-0.4709067431848877,1.083536790835636,-0.3796290053186772,wave1,-0.8221638066064727,-0.4405421571260024,0.7644979598891782,-0.9139355211663408,wave1,-0.9003092955058682,0.111952643257827,0.8901348709308923,-0.4178095291407394,wave1,-0.5383953536945087,0.1806971513214343
237,0.3831242515760649,-0.4777753279565175,wave1,-0.1803002770195594,-0.6302604784459265,0.8071508813050582,0.3117081027097783,wave1,0.1988115966163777,0.0469521529369236,0.1880720608570751,-0.4314241608066002,wave1,-0.0794385796913105,-0.3485691759443509,-0.1002994094334165,-0.1252264187865623,wave1,-0.2069424780487562,-0.2709899968853028
239,0.2879927101606995,-0.282958266726514,wave1,-0.0118725527994545,-0.1068848012432344,1.018250905755518,-0.3671854634045972,wave1,-0.2277907676638875,-0.2963037410956477,1.033963237071982,-0.1342693357734554,wave1,-0.0714491799638552,0.1045724311819271,0.8958291640635221,-0.117750792121793,wave1,-0.0597141978951794,0.0506323443539324
241,-0.0046562549514424,0.8339896816786396,wave1,0.8125323481385975,0.5250919146622914,0.9098901872170018,0.5378409724079587,wave1,0.3302802121924997,0.2281537966287588,-0.1934731623009481,0.6481109400041809,wave1,0.5392240259640462,0.1945685964894556,-0.3522188070021216,0.4829192346190116,wave1,0.4073404578029578,-0.0045534421048984
242,-0.5151494027701606,0.8319826584326087,wave1,0.3372840712524361,0.8809983518947841,-0.1322316251980967,1.0177795789805435,wave1,0.708247833628536,0.8647145246061507,-0.2854596902568856,0.5579348873203781,wave1,0.0944803182485133,0.5720662573618142,0.3971381621268747,0.3640393932999385,wave1,-0.3422123441138412,0.395339984206173
243,0.981494837268366,0.6777764023069466,wave1,0.7139500199196234,0.620571688357126,1.5750361691197576,0.694479323780784,wave1,0.5918936332041758,0.6153763017843692,1.5437455814455188,0.4455125423629207,wave1,0.4374121670361344,0.3106612263108874,1.8590225765084016,0.3380794106503781,wave1,0.4108479247867715,0.339344084653657
244,0.5196851198135165,0.2558757281420831,wave1,-0.1421748852032367,0.4612276063715512,0.8786458604207728,0.0464189654786457,wave1,-0.3341327379692689,0.0456223570891738,-0.5236647866086326,0.1280563276614374,wave1,0.1185825591555289,0.6368176370230643,1.0356295770885926,0.0792258356390717,wave1,-0.0387571720370032,0.2964264636714854
247,0.5770193520974203,0.5590389922604371,wave1,0.8019423980043374,-0.1050100147358512,-0.3058282780459641,0.63859916860957,wave1,0.4517936264276638,0.5285384250336569,0.4738837802440292,0.4723920132386662,wave1,0.4521444439388266,-0.0902162049828231,0.7556982042155738,0.3556468303769568,wave1,0.3018303758075091,0.0831936224254025
248,1.2226063661704871,0.5704470414485243,wave1,0.4525342384456503,1.0304016465304189,1.1864076085724615,0.5019341306488339,wave1,0.0582055875943372,0.4991043219522528,0.5741015023858816,0.3670761834630769,wave1,0.2477330433316955,1.090400503061932,-0.221857425073628,0.4256052430694197,wave1,0.2442680944983775,0.8669857574706676
249,-0.6174421281371923,-0.2254801027846666,wave1,0.2223309653179193,0.4524088012268996,-1.026311376581793,-0.5666612072556194,wave1,0.0908530426308249,0.2361569205537297,0.807720020140669,0.229783337387345,wave1,0.2294632418422035,0.4157557989284202,0.9476270603802072,0.2163332339027741,wave1,0.1788974864131076,0.3580853358297834
250,-0.2412357785777591,0.2889037132868766,wave1,0.3063220192739702,-0.177995407704913,-1.0134218699526554,0.1415950709598343,wave1,0.1703924849005214,-0.0395291653302016,-0.4578437334847623,0.3760409297127369,wave1,0.2622463029810331,0.0555836047309201,-0.1491228524947322,0.230499171405478,wave1,0.0753849730406483,-0.1500821676969955
251,0.1548595291812565,-0.4142409421099078,wave1,-0.4467374987443575,-0.649759585256851,-2.0806987089413145,-0.0478163982199317,wave1,0.049230318594323,-0.2170420522503273,0.4089632018880271,-0.3322209920368317,wave1,-0.3169779510377921,-0.2010983203837955,-0.1395859781788549,-0.402188769882753,wave1,-0.4069702803175176,-0.1929838893656553
252,1.8379895987803812,0.413117724594467,wave1,0.5815969280594062,0.3269163504573737,1.3844356369419757,0.5771251600542802,wave1,0.5971718752864352,0.3927393333737754,1.1449424621122049,0.3534393106111109,wave1,0.4261251544556206,0.2720112107962986,1.8594740693160323,0.2837810621668873,wave1,0.2634629298870402,0.1929479115698472
254,-0.3423018885775173,0.4105340202757697,wave1,0.148745434487985,0.1250304865693809,1.0016140714660244,0.4657080483499698,wave1,0.296436999096336,0.1067160694358058,-0.343714862769312,0.266320246190594,wave1,-0.00974036119438,-0.0920078070255439,-0.1036312407407421,0.2718005655015446,wave1,-0.1007819534940147,-0.0699577394357056
257,-0.2172974010215509,0.0605840486649662,wave1,-0.1779241295857576,-0.276018353357808,-0.7270838118992603,0.2030783009188423,wave1,0.1881868295122952,-0.1395316139984523,-1.4324619382492236,-0.0991668496269426,wave1,-0.2157814933425521,-0.2383638559759153,-2.934792581418325,0.0896995628193973,wave1,-0.2644126493002448,-0.308606041033558
258,-0.3519204946639137,-0.0447966342496473,wave1,-0.2997346636422455,-0.2384634866284072,-1.8685479254437352,-0.0773916439549959,wave1,-0.1680164761024243,-0.1068410681319349,-0.6824180820814387,0.2343383653841371,wave1,-0.0295299059527367,0.1226595596595758,0.5528325733609337,0.3821108239640485,wave1,-0.020361299251836,-0.2014092113817293
260,-0.3192732674717353,-0.3849618849852563,wave1,-0.4042900000477885,-0.6665080160241343,-0.6898389089327877,-0.7113742417740754,wave1,-0.3698475257014391,-0.3954698338887816,-2.1030856908385904,0.0031153826062777,wave1,-0.1319530216741975,-0.3470707325058144,-0.475312038485281,0.0225530178071708,wave1,0.0851366816639737,-3.580835461686194e-05
261,-0.1062775374394457,0.7184197511143704,wave1,0.7399180394588252,0.3512410025620627,0.8202750921601157,0.49359981200532,wave1,0.3746418364300696,0.0323987298227552,0.4483221351859597,0.5335496929380272,wave1,0.7674108082817934,0.3897632282116161,1.0202349557067856,0.342578743341919,wave1,0.5008266648747423,0.2041373806744125
262,1.7052198316396243,0.5560882549113195,wave1,0.5353614124465333,0.5760794487042635,0.6922398396060085,0.4397133294218953,wave1,0.582233061685709,0.4479731952335104,0.712949661939894,0.5403033553136709,wave1,0.5817518147600442,0.6170388923667856,0.7794668338740278,0.5416969388798969,wave1,0.5777030010258595,0.8045047999714301
263,-1.529129658327915,-1.1282435672212352,wave1,-0.2197856745246724,-0.3381197592028546,-1.3682428051275353,-0.8255085727415898,wave1,-0.2179137932494468,-0.1280171247918806,-0.6949121113378831,-0.7706317400679665,wave1,0.1070377163412963,-0.3303598588940335,0.5267070604023086,-0.8029987880657701,wave1,-0.0502527227811086,-0.0997780546821043
264,-1.8731103493738908,0.6135152263393895,wave1,0.1347755842466749,0.4723216146308391,-1.0019972041531882,0.5241462516404736,wave1,0.3821296548556134,0.4949584668198101,-2.1077551410163835,0.7489189949301687,wave1,0.2695210231774467,0.5141952125454159,-1.0184194999164122,0.7753098951532689,wave1,0.5330895471919108,0.4793597247818679
266,0.4354613585724302,-0.1502851526319943,wave1,0.0590778623420757,0.0558351744608911,0.5031142706147838,0.0384834114590859,wave1,0.1822361293770209,0.1936571845290344,0.5981275266077787,0.2071639965386423,wave1,0.3854656232824688,0.2550195980479716,-1.3687124625878422,0.1748841076549012,wave1,0.3738702336575656,0.0891327569772221
267,-0.8598761329967736,-0.0325225072151327,wave1,0.1743353414696424,0.2445049339882903,-0.9800857967914456,0.0712209755500576,wave1,0.2971754980511842,0.1294974277727887,0.8568727599646527,-0.1193005144377997,wave1,-0.1373876694177703,0.1932371791980173,1.2761202394795037,-0.2050193928029056,wave1,-0.2367891456530773,-0.0454685855053769
268,-0.4032155072239299,0.4485182887542049,wave1,-0.2788366847459176,-0.444139971148632,-0.6790319671251354,0.2893812025278142,wave1,-0.244716216375135,0.0212100320306105,0.359158459437312,0.2112630536305707,wave1,-0.2876457041425554,-0.3103395654390689,0.5178280699484817,0.1776637774751177,wave1,-0.2237118935864924,-0.3659323436979836
269,0.1986692572421522,-0.3502432889263824,wave1,-0.5791752002802346,-1.137494224860043,0.4214057333733369,-0.2173410520678591,wave1,-0.0698038010121719,-0.957484880963588,0.697997858346044,-0.1980059266114978,wave1,-0.5088618840321318,-0.6799285973503467,0.7309727518017062,-0.1466647973900005,wave1,-0.1587934375755985,-0.4330752349145997
270,-0.3386217547293215,0.4855363080869912,wave1,0.2106107857600032,-0.1173442034074749,-0.5962367415470685,0.4747618841560646,wave1,0.3501684226332744,0.2798103062254122,-0.0066264424141972,0.2528506421886218,wave1,-0.071031964806306,-0.2848323471517551,-0.9746745161004248,0.222573759120259,wave1,0.0211137456110779,0.0056781056087308
271,1.9888850553924224,0.3488069210830167,wave1,0.7032190578874848,0.9399047058707052,1.3468674451851532,0.421168186186698,wave1,0.3797841591027711,0.4904180668784288,0.9810153345258122,0.2197787160945671,wave1,0.5641984423562262,0.752144123405012,0.8623723689178476,0.1389677638800137,wave1,0.5391270261896552,0.6507616205594184
272,-0.6282106048124115,-0.0109862394291,wave1,0.400695937146776,0.143413661067139,-0.8870912127279736,0.2145291183478501,wave1,0.5384107265621301,0.2716251441608686,-1.1340850321578737,0.0166089404316905,wave1,0.2388012868571337,0.2174794042896782,0.6192849344138621,0.2107895966367127,wave1,0.2183134563907455,0.2315948425002393
274,0.352812028617417,-0.0266310059252434,wave1,0.3704581741249391,-0.0924620831000011,1.0848937477175835,0.3202701830311525,wave1,0.3224839269715576,0.2387143084786844,0.1485907134765471,-0.2007936181106115,wave1,0.4048627014237476,-0.1999063250578281,0.2869364039930278,0.116336872031689,wave1,0.3764419273490191,-0.217004953160084
275,0.2891856750797143,0.4703098535555949,wave1,0.0567656490173154,0.0331517954477091,0.087220507700545,0.3035433557207492,wave1,-0.1839505790894078,0.0430779983950908,1.393176595532103,0.5458352093297519,wave1,0.2633635670112574,0.2440001196390339,1.3795683758545223,0.5359554165144467,wave1,0.3362090598145315,0.1743970137493
276,-0.8339756562833056,0.1567043310891249,wave1,0.4022867873211893,0.3387548021580633,-0.1905360297317678,-0.2352347937092167,wave1,0.0165622188552845,-0.0449741232970448,-0.5493056889300536,0.4803649968368128,wave1,0.4355036307324965,0.2858099728178199,0.4329450236299283,0.394526183956936,wave1,0.4204754636250116,0.2272941404097982
277,-0.8184358438390009,-0.5789758221637626,wave1,-0.5419116096017071,-0.1033385681862286,-2.3890138549046114,-0.0610166617085579,wave1,-0.0877186386164681,0.0235107228933395,0.0971436025841403,-0.2804473696728252,wave1,-0.2626946898582986,0.2040741215487292,-0.2040891792032009,-0.1426132050231977,wave1,-0.0404525342297057,0.1439009513982611
279,0.732167745886139,0.1908470037424379,wave1,0.3336519805924338,0.6872690769153802,1.399786356147055,0.0583319693820985,wave1,0.3261863211913725,0.5087714819515363,0.5237665140871008,0.3785931293188546,wave1,0.4509916715317343,0.4226529351578726,0.0077558773482542,0.2581391881493514,wave1,0.5621631257571077,0.3377802578224055
282,0.0488262807026576,-0.07290713457478,wave1,-0.4658717385418787,-0.8711048560188592,-1.5357338365708388,-0.2150094037208207,wave1,-0.5562951321670988,-0.2093939556865625,0.1179036263006062,0.0856616647347339,wave1,-0.2532371787749832,-0.4653314886885717,-1.0420364934238575,0.0112801696074693,wave1,-0.1240553898948457,-0.2946078161292673
283,0.4258694497255292,1.1375228223864564,wave1,0.9713387053039964,0.62014144115411,-0.6824891764707107,0.4703154593517042,wave1,0.5150130580494106,0.420421492117087,0.0020268275736668,1.0496442446098693,wave1,0.8613576573662474,0.6418971576750698,0.2040160471667299,0.8176665227137312,wave1,0.7957281772893567,0.4367580769981549
284,0.949494128344849,0.5595101677946295,wave1,0.685110120003346,0.7020822989370081,0.0791321099480298,0.316499707433282,wave1,0.1979884880668199,0.3111305046153152,1.7721379211924382,0.4128019266206908,wave1,0.6268006341024455,0.6916291944775788,1.6112138142870662,0.4050374602088656,wave1,0.4433158875470785,0.55883984755041
288,0.5493555850006754,0.1305002403773862,wave1,0.3966122716107512,0.068884788789197,-0.1024843351348085,-0.2204294198035974,wave1,0.2486165067733892,0.3637214315610468,0.2428536096958785,0.0806893586804747,wave1,0.3566235863792443,0.0965304325988342,0.3524667956765298,-0.1912214775671853,wave1,0.1244866263466875,0.0116258314965881
289,1.117470973775817,0.26115046587463,wave1,0.2295632556075901,-0.1510942094249274,-1.1354000350771198,0.3543767287862596,wave1,0.296494023496217,0.0400673723026012,0.8529017019669347,0.6043559246363532,wave1,0.4856417326619703,0.3309833285508924,-0.7788965994202165,0.6738671507019965,wave1,0.6776541164472792,0.4524989473085686
290,0.4353683920434871,0.5018075284272738,wave1,0.3833989811560503,0.081627203037057,0.5583608959468896,0.5984265673393481,wave1,0.3947663964174241,-0.0420708454379272,-0.1557998672640819,0.5852775922616822,wave1,0.5197616191167527,0.3989962861986071,-0.5323864310635706,0.7811069085434299,wave1,0.6387310681681277,0.540999264133921
291,-0.1376580585256135,-0.4138764775448016,wave1,-0.5159140026335107,-0.5190635025502934,-0.124268584936129,-0.1554911585426219,wave1,-0.1254678210160247,0.0512044731588618,-0.5703733708850448,-0.1171150627149968,wave1,-0.0688900860451555,-0.2899690130768761,0.7768899178968001,-0.1629417174396339,wave1,-0.0031700015698664,-0.2208076587514514
292,1.2845695686724523,0.2704879083064586,wave1,-0.1052738507527815,0.01696897323687,0.1608230067232597,0.3845213242523624,wave1,0.4784099672697521,0.2239209012800425,0.4463892146774175,0.1845773306378535,wave1,-0.2330539165260141,-0.180601620617081,-0.5934026809295609,0.2901631112979803,wave1,-0.0406757607606192,-0.1284232486158166
293,-0.5143571282560432,-0.5297690481981165,wave1,-0.3408419486161724,-0.6523373071332879,-0.2898219540009904,-0.1697604048386691,wave1,-0.1283207250000149,0.095259000851678,0.4675152391932508,-0.187229641139706,wave1,0.0287316720004584,-0.0954463040022557,0.8078058772523509,-0.1062913859136701,wave1,0.0142250401239464,-0.0896004663875303
294,-0.0405205468189803,-0.3299523947680844,wave1,-0.3268317965455964,-0.352858607497863,-0.1097285714757845,0.0605998563699807,wave1,0.1060997917622363,-0.021289693695141,-0.2563671156732291,-0.4120953371008824,wave1,-0.3294242168933745,-0.2442946131294217,-1.1856208150482757,-0.2818810506391325,wave1,-0.2535229747121102,-0.1182497380449339
295,-1.488429343992189,-0.6444862054378273,wave1,-1.1457104696225793,-0.6745136719441005,-0.901781833485852,-0.4213847394901735,wave1,-0.3663696805087262,-0.3720574358323401,-0.3953583169044742,-0.2121714568260491,wave1,-0.6714271088877468,-0.1164957534552915,-1.2071208917639202,-0.1598904102161689,wave1,-0.4885940690319439,-0.1043716931637458
297,-1.4858734464506758,-0.2352196205528118,wave1,-0.6792988011851562,0.1869568038370306,-1.448326852358194,-0.0114490903472526,wave1,-0.2626867941515627,-0.1140660977091174,0.0319918992032114,-0.2382885664988553,wave1,-0.7605177901542369,0.093222429402702,0.5032193890163424,-0.1042932742791389,wave1,-0.5771796248440555,-0.0902475946224588
298,0.2951453747340702,-0.107364332906692,wave1,0.186386469061984,-0.5005862642130001,-0.9840958070005756,-0.2256439273902826,wave1,-0.3027798937896753,-0.2364861775620812,0.8288911972766809,0.3207360978264852,wave1,0.5743410472459538,-0.0062749172982297,1.1896995711075722,0.249220020662701,wave1,0.4522836750080258,0.0849267408744433
300,-1.2007991078140512,-0.3940791729120618,wave1,-0.41638867864882,-0.3139343560275887,-0.3335450266667276,-0.1106649400107326,wave1,-0.402084873833521,0.2141022688468234,-0.5127662270595501,0.0686302858297103,wave1,-0.0290141023217156,-0.2156419885360492,-1.2219989937651656,0.3327448979631636,wave1,0.1450895292652679,0.2779313808860032
304,0.8745139956283986,0.5271620078701278,wave1,0.3983566066676496,1.0389073105734128,0.903002722091257,0.3460254605413511,wave1,0.2165024490300584,0.4632122212530303,0.310892991466095,0.6869895771189889,wave1,0.5556483895286963,1.1983672165182957,1.0256084489631987,0.6061184499020376,wave1,0.5299706218832234,1.0380148266628433
305,1.1001747549282193,0.6920375793634603,wave1,0.2405440694848293,0.2582690028415375,-0.5133741630910161,0.6562432658624691,wave1,0.3187951349969136,0.078136464905391,1.5333872208661397,0.5308019402550492,wave1,0.2911336767483856,0.4980415125511723,1.406932628024966,0.4080173611159027,wave1,0.2820007728070638,0.3258122026592344
306,-0.125976550245005,-0.5806676788282648,wave1,-0.1338211043000812,-0.1793111208469289,1.057984032662774,-0.4442568344884066,wave1,-0.0569631345582304,-0.3311804694580793,-0.3786275553370224,-0.4286233863032055,wave1,0.0897625074494764,0.1399602729585537,0.7834027098678393,0.0135481993328656,wave1,0.1457958575788424,0.1383313408804466
311,1.030883501987414,0.8582666562350472,wave1,0.8511616608887085,0.6481604886276564,-2.24852096244005,0.5782201227569219,wave1,0.4665931123680926,0.0958790669254106,0.7668309419320757,0.9509711909592138,wave1,0.8718953520892012,0.6644762048638109,-0.4142761182362424,0.6653607084138152,wave1,0.64057768834162,0.4646031986361872
312,0.1104174785406326,-0.5049810310732239,wave1,-0.3314452881694125,-0.319221527617461,0.7579094593389759,0.253898419095758,wave1,0.0385470646072927,0.0324649546492645,0.6581056321111135,-0.3227258332328612,wave1,-0.0444017100881991,0.0243676379182592,1.1943076806831892,-0.0917955225352938,wave1,0.1884938382821645,0.2134574071103824
314,0.479595647354648,0.5722499234601257,wave1,0.4301430563038322,0.2036735247271106,-0.5746920295900956,0.5099746874904261,wave1,0.4489025247504563,0.5829461979845423,-1.3905421316491569,0.5572211532969864,wave1,0.3440623185018458,0.1301888310373521,-0.963740742334707,0.6014985391799591,wave1,0.3764500205905244,0.2830077670875707
315,-0.1514529059813931,-0.2431575857892984,wave1,-0.31916171758066,-0.1491109823228207,0.6219730462413858,0.174840700619353,wave1,0.0046171212378143,-0.0819007539186575,-0.1378299560695,0.1610146566465142,wave1,0.1158035063493732,0.1217562362344777,0.4608359908941643,0.1316117355202928,wave1,0.1350763579235923,0.1241730438911115
318,-1.414881529354424,-0.448840583929359,wave1,-0.4832496062389675,-0.8508564331524167,-2.1997969056537836,-0.0854911971894343,wave1,-0.0519686171742592,0.0350226995793723,-3.4276601662690664,-0.1919394315128762,wave1,-0.1655345937460013,-0.3319132649659866,-1.261114201114285,-0.1228821612299927,wave1,-0.0706191888546708,-0.3709901217150647
319,-0.3530403595190061,-0.2687428630039032,wave1,-0.0399150464224085,-0.1228697204663611,0.5543403485005334,0.208495392878103,wave1,0.1516969876607841,0.0071936658643125,-0.2879705914665345,-0.1825299778929361,wave1,-0.1031730911054173,-0.3364104460846442,0.5565339454066385,-0.1381831380843535,wave1,0.0119477022893422,-0.2367761114946752
321,-0.8208325928872522,0.4049068721366082,wave1,0.6636951306860035,0.7048755824676527,-0.5603022743409272,0.3445090833694124,wave1,0.1189663157619531,0.6449423311090763,-1.125078598609495,0.3138197736474832,wave1,0.517762059336375,0.3900306270089089,-0.811234172933683,0.2381341724990228,wave1,0.1840186771166669,0.1573653104379932
322,0.2183119849453809,0.4776220035021619,wave1,0.074888770377278,0.8031779176072522,0.2534057850371731,0.9532851484640767,wave1,0.3414339498243066,0.6923142898862165,0.1067195381967932,0.3531784190659949,wave1,-0.0309651539942105,0.3764762094787425,0.4263257791164012,0.3740164794509801,wave1,0.1205097800194649,0.4258895122236576
324,0.4189081626431706,0.1722144682637054,wave1,0.1049959556499509,0.8443672798028277,-0.8040507092399217,0.196487807470113,wave1,0.3323409211471044,0.4625097437142551,-0.1245074171903309,0.1000190695602931,wave1,-0.0074320939151033,0.6362512347330043,-0.4472162528241988,-0.0170199641615909,wave1,0.1250028185113047,0.3991884142435395
325,-0.0127529985668426,-0.2386827684875454,wave1,0.1357797444945241,-0.1693959226170287,-0.7583048250974559,0.0342270938564113,wave1,0.3237348298936895,0.1063055170484477,0.240140946344867,-0.2199147081104819,wave1,0.0265450899681827,0.1361007197572004,-0.8621681979540453,-0.0488466466093116,wave1,0.0699989979920409,0.1816264623947043
326,-0.3241492235248,0.276677537912698,wave1,0.74112150753414,0.655409217341042,-0.6004682546602311,-0.3170368618503794,wave1,0.3214700820906699,0.0503623492958436,1.2924638474908057,0.3584848850172032,wave1,0.7405448674004576,0.658107330759865,1.4461443608802644,0.3032263347011067,wave1,0.6391641676375824,0.4882554097390094
327,-0.9094749631237724,0.1897479775836186,wave1,0.2234366308361228,0.2627855742492255,-0.006241375191737,0.0416707392286468,wave1,0.3021798348938207,0.2812684432645598,-1.258791503181276,0.6759073629349333,wave1,0.2896224659602278,0.5013312396348075,0.8963201953157336,1.0260969964000792,wave1,0.62187706332044,0.8820790040569149
328,0.7453007533931275,0.1777227907263074,wave1,0.3832370175737478,0.8499555933591119,0.2578091306221937,0.3043938844669549,wave1,0.1056942179402429,0.0829100627635819,-0.0051417992817434,0.2618163443948046,wave1,0.3728394793447473,0.7266681122098682,0.1670590978995141,0.58114975310714,wave1,0.4070026372570122,0.6182111340856075
329,0.4512762323822474,0.2660135617453441,wave1,0.7546430304060965,-0.3581103471189277,0.7885423589038216,0.197499366899075,wave1,0.5338716127185699,-0.0108834699416136,0.5413125186241488,0.2139072194673341,wave1,0.5711224142365954,-0.1982689358006675,0.3788108221139326,0.1363321004471631,wave1,0.5347022760076696,-0.1896095802668347
330,0.5099585062764643,0.2575995468615821,wave1,-0.0860993502998415,0.550499105225688,0.6767711577853237,0.1846985797190676,wave1,0.1228247151468699,0.0606946557785585,-0.8555722287366151,0.3286693111666343,wave1,0.2025992687923996,0.6176845506496682,-1.1328587869334878,0.327488244892037,wave1,0.3838661172996409,0.4337915183987073
331,1.4915917360013695,0.3732358086819458,wave1,0.1033191239911783,0.2739520091419567,0.7889195793023306,0.3291927584117617,wave1,-0.0096321846470206,0.3555396177892396,0.7162559841767746,0.3930881112141168,wave1,0.2584147370739226,0.4942073755008863,0.4239047107643371,0.1778488405631303,wave1,0.0629697182606557,0.1353139527824708
335,-0.291549735299862,0.0192091151908564,wave1,0.773049314965593,0.7056721332318023,-0.7466584779205404,0.1887198166370931,wave1,0.3650471898373262,0.4120121252613009,0.7432752922193234,0.4986953452452822,wave1,1.0357661701542409,0.8130828369465166,1.0606721396818468,0.3493994561095123,wave1,0.6776710744798393,0.5327796294134721
336,-0.1453408477838497,0.0156980256274743,wave1,0.3343641980605318,-0.2487308528268141,1.1797871039328578,0.0937798612384293,wave1,0.1495184191083012,0.2534073213797685,-0.6849784709120739,0.0603612828785583,wave1,0.2680456390010725,-0.4095532687893642,0.7697415921245581,0.0033562265678718,wave1,0.0956203728330231,-0.5157328290583971
337,0.2863021468796015,0.0111107645266346,wave1,0.2598023900261188,0.6466786405684932,0.34786617398871,0.0011934321970819,wave1,0.1332327411155409,0.8060750860678416,0.4992403347542524,0.2280880228014475,wave1,0.4777682441307603,0.6106935947789199,0.6941424197655492,0.4223484190993579,wave1,0.4804821407180873,0.7682098517679684
338,-0.8613174450718799,0.3215622153840951,wave1,0.0529930482221234,0.1294609145991847,-0.2678665196327994,0.6722519533002824,wave1,0.0839185755481235,0.2016878373591759,-0.6027630212896427,0.5339955277114354,wave1,0.1561001939722293,0.1684592176810553,0.3012796223014933,0.4937896641720781,wave1,0.3921016670949763,0.3145609726733606
339,1.005169996121943,0.4067153305708832,wave1,0.8322008536778807,0.8434944924964185,0.7040262562076492,-0.1234769408727818,wave1,0.2394241194107731,0.2956069627372495,0.8932513842586889,0.4093865346445007,wave1,0.8784183339783378,0.845156400421355,1.1927604991895693,0.3572144349276155,wave1,0.8372021728401444,0.8736439128948468
341,-0.4079912975511993,0.1055124117372445,wave1,0.0028219160047362,0.1826115657619331,0.7301439672950694,0.106248217441339,wave1,0.2505251062718678,0.4627600879515872,0.8800280079119286,0.1004464904992397,wave1,-0.3140333281511496,-0.0321606106671281,0.0676623635598708,0.1855291441900214,wave1,-0.4053328955289844,0.2161871822993476
342,1.3268521470433166,0.1754377116327699,wave1,0.0396932108112839,-0.2100238661657327,0.0029643519865792,0.1667269930079435,wave1,0.0976987533847277,-0.3832310211759835,0.1002563588281116,0.5125508521520703,wave1,0.2974153269272563,0.1913754298846037,0.0229251700366749,0.4732402435987585,wave1,0.1922057428067533,0.035753248110422
343,-0.2259452352153572,-0.6394876195700581,wave1,-0.2987594760841847,-0.0621458155333651,-0.3988242737460573,0.0333167836097278,wave1,-0.1142156336263253,0.2605452382111073,-0.9483620327582536,-0.5702760499380095,wave1,-0.2009596448032705,-0.1637753764930326,-0.5321779892489877,-0.4769434011351668,wave1,-0.2599952526009291,-0.1974423182054977
344,-0.6791299615112306,0.2846242876084024,wave1,0.0696114202291271,-0.0120228373671555,0.3928474271801309,0.0539832191240907,wave1,0.0672392672038884,-0.1289596705423734,0.4728017307906095,0.0839512107308402,wave1,0.068090455539453,-0.1174085818399537,0.2617890018806016,-0.202066072852317,wave1,-0.3293956590221489,-0.3331674132909183
345,-0.8751952332986103,-0.0795987780375409,wave1,0.0927741826935357,-0.2148713557994579,-0.1612133556486411,-0.2762245092239288,wave1,-0.311970581506932,-0.1067710046251551,-2.9281488928456505,-0.0209049793037273,wave1,0.3471385907082428,-0.0347988960760085,-2.386715386352412,0.0097491513540772,wave1,0.1395152862089712,-0.0211523016404571
346,1.6447069378126715,0.633404474728845,wave1,0.4569726599175687,0.5707550528037235,0.5567628047245864,0.1800436773848721,wave1,0.4283013598100984,0.4681561628406543,1.2540932848225743,0.7484778326777382,wave1,0.5162889470411485,0.7463794435732076,0.2816078472245144,0.5467861815031586,wave1,0.3113570679970528,0.6034423655945486
347,0.0907864053356735,0.1855180966680847,wave1,0.5522064886581619,0.5438636985763092,-1.9372457785848,0.493045741371086,wave1,0.6247310366058876,0.831554224258513,-0.3945520941651982,0.4262540947061675,wave1,0.5916486746020562,0.4664441633019929,-0.0215246927197466,0.1944704254898441,wave1,0.3145555344722499,0.264603015672768
348,-0.8711275875598433,0.3398981909483693,wave1,-0.4038904978629825,0.5799998647988978,0.34237503176348,0.0563001137766576,wave1,-0.0804166182372063,0.2664015048905459,0.1668337987956773,0.1159808475148012,wave1,-0.3899295968780729,0.4969757126488903,-0.8041754596554147,0.0101992733417146,wave1,-0.230557740936955,0.2308763870748578
349,0.8280262595384489,0.2453231899974124,wave1,0.2575888366241847,0.6572639911584921,-0.3465633508848632,0.246450763179703,wave1,0.2789937163515883,0.2210309354963298,-1.5224797989769157,0.332940073383339,wave1,0.3111016452989978,0.4517925391540507,-0.0943151046429397,0.0053109202952643,wave1,0.1681299362714369,0.1427374054839953
354,0.3289729782057711,0.3627588244917112,wave1,0.4403407880873975,0.4023781663379675,0.7645218350444427,0.4277261590934129,wave1,0.4515254071837837,0.5631614540691707,-0.2443227026699936,0.2670897120398806,wave1,0.4668559474875063,0.4797978718631838,0.230503899549668,0.2217049604456097,wave1,0.2333796188997047,0.354729931940233
355,1.043067297068516,0.4066272725858995,wave1,0.6195321144284698,0.1923673137075625,1.4284855136083794,0.1511870957596424,wave1,0.3240646963752669,0.2384340932509385,1.150378457800253,0.4849863706233717,wave1,0.5431121574861408,0.1891077997740691,1.706703050773049,0.4669402427396918,wave1,0.524870649447517,0.0073402476485202
356,1.4158425081701709,0.618018095256744,wave1,0.5137995717144115,0.866334496678379,1.4212134684993196,0.3448075632526413,wave1,0.362859272321697,0.673264642090214,1.1688270529369436,0.4399605489301021,wave1,0.105693312905813,0.5904759744062449,0.7489621475299781,0.1989317646277375,wave1,-0.0043346953333962,0.5169415838433813
357,-1.227080556646411,0.0153360889216962,wave1,0.046700470531733,-0.0795933160323394,-2.6476832294459896,0.1541408261081776,wave1,-0.0673313701690705,-0.1263439517112077,-0.8054614348648548,0.0600612295722214,wave1,0.2129558718729846,0.2877259525186392,-0.5602502155480753,0.1267332554575057,wave1,0.2091989054479445,0.3462183803820131
358,-1.682081666869737,-0.754361082803644,wave1,-1.097147984585525,-0.5549495281849437,-2.196523694636566,-0.3472727707249898,wave1,-0.3550608082097692,-0.375279411526249,-2.1533667791578406,-0.3652562022687423,wave1,-0.6018052230779838,-0.0988083272011404,-2.406566583038269,-0.1607497143878485,wave1,-0.4798872288970291,-0.122803381214459
359,-1.2520081786934951,0.1187133779575149,wave1,0.282491566372226,-0.1043761084036052,-0.6621721555910669,0.3161345408109142,wave1,0.383561336236113,0.402346890726732,-2.436413319379329,-0.006747381640253,wave1,0.3842407816158712,-0.2155326016624408,-2.198869706245858,0.1295963334477096,wave1,0.3524353682644799,0.0023455453789534
360,0.2050207763469342,0.1243885565971805,wave1,-0.0366284489834982,-0.7248860030967914,0.8204157383364156,0.3666646025841122,wave1,0.1559850834817748,0.054932678784705,-1.18928477141275,-0.0729938796544867,wave1,-0.0668029292192761,-0.7046843769253582,-2.445953563514965,0.1005979005076735,wave1,-0.1571595903934522,-0.4269622274632201
361,-0.6975244612144512,-1.3525260654353692,wave1,-1.1700539745122835,-1.099432690034197,-2.109786070096717,0.2714671800047588,wave1,-0.1417519896385692,0.0067328810682651,0.5739416387357601,-0.8436874161807564,wave1,-0.670985250508876,-0.4077451748029694,1.4286461051546149,-0.5569174997307507,wave1,-0.593496036247471,-0.3759683839044426
362,-0.8619388423667325,-0.6039659747375381,wave1,-0.4367772442588713,-0.1664592670877456,-1.1256032871429045,-0.3620906256029728,wave1,-0.199400003075453,0.1824400379032211,-1.2414722420600477,-0.4970932422401915,wave1,-0.3000080787091437,-0.1795537080322851,-0.5524793028917594,-0.5848433025030674,wave1,-0.3456409690013423,-0.1109472628360396
363,1.2450523798884028,0.3274961340549223,wave1,0.217059739121368,0.1740815188293321,0.9271175185092208,0.5396597895733937,wave1,0.6850833994097338,0.3452076578186225,0.5369012994174132,0.1961048158964472,wave1,0.1377236943622007,0.3525079959740077,-0.8350962059095383,0.2620726476143795,wave1,0.2988053178666129,0.3020544961018305
364,-0.1473021225056119,0.3698095362607874,wave1,0.2592254161221796,-0.1358457575807186,1.4641771299050437,0.2197076492314256,wave1,0.0967806249304232,0.3806645393305929,-0.827275554086063,0.1957239534319618,wave1,0.032910772125731,-0.2148150167371408,-0.7456522846362691,-0.1083128163743032,wave1,-0.2507994191217387,-0.3810129759629464
365,0.1192273335493183,0.0170247432865331,wave1,0.0192689725288366,-0.7540225555408699,0.9966669320139236,0.0975893925661424,wave1,-0.0480031735556361,-0.0672652356461416,-1.032287550685646,0.3043054090337533,wave1,0.4528599855367989,-0.3857548205341916,-0.7188322400337809,0.2974908671147734,wave1,0.3904566765121536,-0.3802299655184772
366,0.2939108140399084,0.1847034521314721,wave1,0.2507305609726105,0.1597314077904759,0.0197029845797075,0.1873478046826291,wave1,0.3014198109394106,0.4288859944214847,0.5484805152835323,0.0860091921029383,wave1,0.1519292704034792,0.0663369231565785,0.3134494522463531,0.1501586809465235,wave1,0.3316544802112521,0.2047814703869931
367,1.5190946752945294,-0.0112383503625315,wave1,0.1345501449844595,0.1080256750837662,1.208716980130265,0.0608424939713621,wave1,-0.220932883972643,-0.1235077028104916,1.3769491131172158,0.0064286901727521,wave1,0.0898649825166464,0.136236026835111,0.9745741635764176,-0.1091195668298259,wave1,-0.0738548006482537,0.2967770431177969
368,-0.0684089718828671,-0.527094942930119,wave1,-0.3296176402234525,-0.8355749614078343,-0.4618287456001742,-0.1097407208378618,wave1,-0.0702958512307163,-0.4791152181644116,0.2226430937186009,-0.297854575565208,wave1,-0.0757496682156806,-0.2957572639677956,1.3634879769985428,-0.2711669783617761,wave1,-0.0093249839974861,-0.2638601633254983
369,-0.2693141825438821,0.0875514847477483,wave1,0.2028267779288743,0.2915146912028004,0.5297268415092593,0.1372078723070786,wave1,0.1846421321763509,-0.0012807287931888,0.1497697828475881,-0.0783869824334648,wave1,-0.0459837062911963,0.3461482436895053,0.8225826903216741,-0.0192896289792746,wave1,0.0590879141715071,0.7479912428303156
371,2.072056922253447,0.6629113201212498,wave1,0.6284038154782001,0.5639988460619305,1.0057142351803672,0.3935450491955206,wave1,0.3813319077251877,0.5472921704613496,0.4450126679769515,0.5323007618010116,wave1,0.4491275539447985,0.4856764575809669,-0.7687196633548881,0.3375809636415838,wave1,0.1718525426030903,0.2708846798702624
372,1.4706173618623144,0.7819376617780949,wave1,0.762174853519954,0.6408975273161055,0.6935830129491062,0.7537059954856269,wave1,0.4824086060288466,0.5386617261646887,1.2693517342427345,0.6636958168982448,wave1,0.6522921851289509,0.6073442755474185,-0.2907106836373332,0.6080109126741594,wave1,0.5221053567715347,0.4958107092513936
373,-0.2423630096486627,0.007849173768871,wave1,-0.1554353096765646,-0.0715355045410537,0.5749168953551184,0.1258045685227313,wave1,0.087979085216175,0.0601121676728906,0.6688047415953737,-0.107578466211232,wave1,-0.2526736268907559,-0.2034528049694639,0.6000191674337559,0.0503767877882718,wave1,-0.1479159260163594,-0.2203606378602157
374,1.1188157411980302,0.3316205672438839,wave1,0.7298336941563281,0.0209074069046644,0.5682186614856769,0.3187077476367828,wave1,0.7043881076102527,0.6954783927874815,1.58867737753542,0.3435048468902719,wave1,0.5944312060811012,-0.0475423944584916,1.212102801349218,0.0720418465267819,wave1,0.3503588488706181,0.2285139740795174
375,0.0237243867780856,0.1435819492659125,wave1,0.3807860141577912,0.0142556491183627,-1.2232556272020352,0.0986333563335453,wave1,0.243063852611816,0.1503698897841316,0.5755575002183698,0.2544239935259873,wave1,0.4735983713109708,0.2598556935929514,0.0275110231495011,-0.0223698876770775,wave1,0.2145702601682056,0.1543115726852163
376,0.9081864404789284,0.3934670680749974,wave1,0.671190790057683,1.0196260717202836,-0.1070538341282211,0.0346565467579045,wave1,0.353133086440822,0.6056809135145877,-0.3953809256408274,0.6087303234342683,wave1,0.5972584381187018,0.9396159230172528,-1.2481080825763928,0.510810517693723,wave1,0.5131386918975662,0.8947220331764789
377,0.7750618178461987,0.5297785225291582,wave1,0.8081101273207485,0.487486267586471,0.7350010848475598,0.1699925455477786,wave1,0.4006661519044296,0.0831328197576977,0.6286178150031932,0.516107397344198,wave1,0.895970615199274,0.6070740512066678,0.2995210556943627,0.3545229806144859,wave1,0.7419384967246804,0.472202325757889
378,0.498264263320137,0.0583716126109994,wave1,0.5911197616466581,0.7650250402916821,0.409442776636546,0.025917829627533,wave1,0.3073378959063628,0.4780596755236068,1.4128106342493267,0.0005958140497628,wave1,0.6353037648048985,0.6633873169548412,0.488471522315283,0.0052770630426856,wave1,0.5871682200967213,0.6597226650321873
379,1.444258181211285,0.591576476941158,wave1,0.7741515844190796,0.8715478028208126,1.6532211477818877,0.3140585132022822,wave1,0.3250392510414115,0.5364274400684863,1.4258840211723889,0.1947084539662927,wave1,0.5437868829990341,0.6806496103172991,1.556493410439675,0.0645080667101029,wave1,0.2634866427489736,0.5010080119127991
381,-0.1331748892869063,-0.6483937485760494,wave1,-0.385578429647029,0.0129931382924539,-0.8816581092899696,-0.2498396713880146,wave1,-0.3217494665460196,0.1685974274251735,0.1188783738952846,-0.2263452316539825,wave1,0.0698701463298578,0.1156165034943481,0.3894946252533544,0.3027983205586365,wave1,0.5676728706746855,0.1988981892150859
382,-0.6712260556688735,0.3043936642005884,wave1,0.3606285446519126,0.1421708391149905,-0.4233138567494283,0.3099000144099149,wave1,0.4074457212807467,0.3848917498626387,0.1221183946811645,0.3403944398152568,wave1,0.3492958970971956,0.322326242736313,1.206968531701432,0.1147892089039525,wave1,0.184429266245807,0.2670391741950599
384,0.7948689535044267,0.478806905281951,wave1,0.7058694039337003,0.0343796367002366,0.441881176354147,0.3888446956958153,wave1,0.161371619829671,-0.2805162501809088,0.5669596245018445,0.3513509319612927,wave1,0.6268995772135791,0.2547177998804827,-1.8095148242057335,0.3727974554917376,wave1,0.4731568367168971,0.1832576604129846
385,0.2976384189250559,0.0926731460510861,wave1,-0.0841469289273939,-0.491260619883499,-0.8014078922032702,-0.5160230791653371,wave1,-0.3620318437537189,0.1207208853104671,0.5989568331477563,0.384233880436704,wave1,0.1330700170465463,-0.202957171870148,0.9172826006024516,0.3368859024988845,wave1,-0.060325154873238,-0.1832005124907031
386,0.9737981894115912,0.7372758294053159,wave1,0.2195491406932022,0.918970867109437,-0.5780902799996737,0.6358710496900668,wave1,0.2491195158975665,0.2374732703895568,0.9367492797361602,0.5751069777869745,wave1,0.1175717037306235,0.9075030253396218,0.7874060404491551,0.3860436569323668,wave1,0.1091629675762077,0.6701016340810646
387,0.7751414975957474,0.572590313490327,wave1,0.2765371827234162,0.504949152974151,-1.750199711361512,0.089798894379677,wave1,-0.1274351374410045,0.1909716208986327,0.7655182308050295,0.388227595464357,wave1,0.221186018117951,0.2335155646101023,0.2568523258172545,0.2168803208698623,wave1,0.1202579542867051,-0.0245641538515403
388,-0.2983612503595396,-0.0818542588765958,wave1,-0.1328681117402534,0.0146632653591123,0.4267652339292082,0.0653873424674933,wave1,0.2239284995248769,0.0552205091566535,0.4169198359498419,0.0527637417181838,wave1,-0.0214324822895033,0.1585543940340987,0.3341903104398918,0.1607137141918752,wave1,0.2991612534099234,0.2878704791110497
389,-3.0829145914391263,-0.3489122867553844,wave1,0.0158178802543738,-0.5047163514956472,-0.9007039287665013,-0.3260098658541839,wave1,-0.2219728300020214,-0.6919656832047805,-1.4797119915645929,0.0335707400395701,wave1,0.0708089731271361,-0.050883589153313,-2.1286566690402724,0.5570183163956178,wave1,-0.0311855750281188,-0.3388376577354878
392,0.6048427124838088,0.6281821440592634,wave1,0.7593640412868417,0.5371041759043229,0.86392365241088,0.2608216897528108,wave1,0.3170116663528604,0.1280198736520663,-0.2185059972489748,0.7098369536644447,wave1,0.8244747426191983,0.650877513414174,0.1270402125534981,0.8219618734104013,wave1,0.5852199465450609,0.62534713326147
393,-1.3225125624264964,0.3922710488270979,wave1,-0.3911083616225084,0.5648381302614083,0.7965741932421064,0.0245066255630372,wave1,-0.2357066251286717,0.4179770326693368,-0.4204294435120512,0.419314701921869,wave1,-0.1341350679346238,0.4655404152962203,-0.1856731716013766,0.5159406769868999,wave1,0.1928934183098584,0.8730908884612161
394,0.0434036736211586,0.5949706237685468,wave1,0.1838765729845828,0.3282028596056723,0.7065834557455736,0.3642574484855454,wave1,0.1119958513852266,0.251560285640807,-0.5631519414699925,0.5878949258411318,wave1,0.37526099904485,0.581098011140429,0.7767708694912693,0.1803930708924093,wave1,0.1646434951544165,0.1515896805066852
395,1.067125086670195,0.341673381212644,wave1,-0.0331938785578247,0.2509666450990526,-0.1329510594039102,0.4250853037748769,wave1,0.5168828081144499,0.2810403118200377,0.582014097628361,0.2373875885031484,wave1,-0.1139330712175739,0.1714067867321075,-0.1769119654302819,0.2745564165267476,wave1,0.1187533613662549,0.0565134294467458
396,0.3467294231223411,-0.4432469797899199,wave1,-0.5602154437203357,0.1742857648983606,-1.3669552142164314,-0.0344565046239071,wave1,0.1371584454805292,0.1707615833670122,-1.143860773857671,-0.4487246175331019,wave1,-0.5288168960290642,-0.0115393307794491,-0.554713911785659,-0.3722570512223387,wave1,-0.2479648660851477,-0.0809129376903788
397,0.311436430329075,0.4123537278460742,wave1,-0.1067036103605401,0.1127288987014403,-0.5993064677839728,0.4016987732743016,wave1,0.1823380986046641,0.3099553101733616,-1.1255039443158166,0.1646205219703604,wave1,-0.0457493272945557,0.1363233463970563,-1.0907573295154205,0.0129409034538542,wave1,-0.2595010597397641,0.1355013090867486
399,-0.2319113570071071,0.0339390867477646,wave1,0.131067522500873,0.2942819677954977,0.1469520573088366,0.0724929647317329,wave1,0.0397843388287058,0.3895623608794458,-0.6599824006716809,0.2618821930176948,wave1,0.2237608524078084,0.4170206399131736,0.2058443872425646,0.1426181721957788,wave1,0.2203363351478426,0.4020996106364573
400,0.7872019579069073,0.7807989252369758,wave1,0.4662085187845481,0.0331981780501093,1.2521461608094613,0.5148707673407418,wave1,0.416040312809308,0.0175159403849098,-0.820258378980006,0.601631629104608,wave1,0.3309373946648757,0.1555902654016383,-0.636661530230881,0.4329140438117083,wave1,0.2211003343396185,0.0089126163349498
401,-0.1602532771418808,0.2722790514912463,wave1,0.5541651566815793,0.6544048976459365,-1.2559720127071743,0.0928493249431694,wave1,0.1480675787717582,0.5530211050607869,0.8123400001383199,0.2208772805786552,wave1,0.2989892393124371,0.3950612173048213,0.0623966055418626,0.4278450436531947,wave1,0.287882311632173,0.2378205953692934
402,0.4039817294007368,0.1999595668049674,wave1,0.10929596893789,-0.4399486862543444,0.8781820270032413,0.1447099456885641,wave1,0.349975521909645,0.0623796554830797,0.389497289369733,0.1974422689352532,wave1,0.1005716934217861,-0.2790620728104565,0.8613350792334241,0.1292616027842398,wave1,0.1090545243681483,-0.1241934027009615
403,0.4128968307104434,0.4731416724019466,wave1,0.7219498042741437,0.4790158030507658,0.9695097959045028,0.5938159961271516,wave1,0.5813248209585828,0.4494035758150825,0.4605665665080078,0.4479802941217752,wave1,0.4235847353823412,0.5410024927561774,0.0629018007818321,0.2117249131936586,wave1,0.1308839795195234,0.1890977846780041
404,0.3569041961109341,0.2463335163497133,wave1,-0.0258869789815567,0.0253681104541703,-0.568564125325868,0.4454721591620592,wave1,0.030444030770496,0.2621796835569401,-0.1319811196526609,0.4296331753276502,wave1,0.3795578137378267,0.2745448122987969,0.1067976554383166,0.4133091583807863,wave1,0.3712770724915467,0.3818970062538361
406,0.4130633824678865,-0.178062811250145,wave1,-0.3920460622488178,0.5586660329536501,-0.1497565279926936,-0.2520725440311022,wave1,0.2083828020954656,0.6723337345999243,-0.9295096868531462,0.1992684141242602,wave1,-0.1361212001965261,0.2942448150032777,-2.065264777307743,-0.0540981101875832,wave1,-0.0579299148268159,0.1235916864206769
407,0.8594805981436348,-0.1809207517001259,wave1,0.1831598492061965,0.035775231321707,0.1374887771937355,-0.1040888946260545,wave1,0.3441559917161956,0.2936212138092124,0.0664443025190078,-0.3808004799884242,wave1,-0.1034366313015006,-0.0931112738497857,1.4142085901150414,-0.2169921848767758,wave1,-0.1188465413567362,-0.0885631485789918
409,1.5263629317589715,0.4178124163391619,wave1,0.2313736211425516,0.5212946914687269,-0.5938219008638341,0.3383074842040734,wave1,0.1345146186411046,0.4902833375555369,0.3641932953460985,0.5328141103978639,wave1,0.1872815199453699,0.3884549646181905,-0.3608981447278037,0.3218002573708238,wave1,0.1427324703373335,0.3463965759532698
410,-0.4325041138564774,0.2471932448632445,wave1,0.1294836785826101,0.3123965295535869,1.0852399017421497,0.2881741252664851,wave1,0.2136856339479964,0.1711274618911755,-0.5346381345227632,0.4079369263716854,wave1,0.049822298682487,0.4118352688073532,-0.6486600174707822,0.530078860284414,wave1,0.1169250042143951,0.3538825364502451
411,0.7563509294707241,-0.0806937893523418,wave1,0.2353165235572962,0.189695578281972,-1.7120152401584638,0.3487646969033675,wave1,0.1979697570738881,0.3963453250641047,-0.6043854917092102,-0.1217050393734087,wave1,0.2085614117338863,0.2771776549946423,-1.7703920379309124,-0.0148648640605979,wave1,0.1942766980083292,0.0908003907676664
415,1.1687947426101877,0.3925274116096657,wave1,0.0803933723499508,0.4253379408364082,0.3296885507912033,0.1660507960728796,wave1,-0.0627733295941508,-0.2237731130311602,1.60927600086378,0.333323235866551,wave1,0.0301318281810984,0.5127840879868575,0.8878588154384736,0.1822552179166067,wave1,-0.0398466366698476,0.3954634608835221
416,0.1744689085818598,0.2000884745083351,wave1,0.4719186912705473,0.6252630752230088,1.3276434002359845,0.0210812699369382,wave1,0.1108083265404662,0.0227573110254399,1.1169226947649775,0.3449025388835611,wave1,0.5383335872188066,0.6826738925889231,0.5270394866483117,0.284361384410876,wave1,0.3997568855473793,0.6418355538666204
417,-0.3887015431775785,-0.712170062785602,wave1,0.128210430554434,-0.23242099933021,0.1308278276920902,-0.2278841008539178,wave1,0.174786446217267,0.0668474144223243,-1.7124860758934113,-0.5315281769840638,wave1,0.0034632944044246,-0.2324829325800415,0.2731761416961903,-0.5345706862944832,wave1,0.0106764677403569,-0.1099644940656466
419,0.272975489929833,0.3481464214066472,wave1,0.5422564442227378,-0.3537269727662187,-0.0458928980705197,0.5831434033394587,wave1,0.3229756044546794,-0.0248118795643621,0.489037192588811,0.5100702684181899,wave1,0.4520487921955471,-0.1432832419293024,0.5018597918363737,0.492216008210273,wave1,0.3609003541943709,0.2320890087474587
420,0.4783779832408829,0.348195529882199,wave1,0.3881751249383467,0.386073171690545,-0.3253278749488825,0.5157113044402037,wave1,0.6499275120270518,0.478091616424757,0.4789181137004152,0.2070176529327465,wave1,0.136600998129087,0.1203623665587212,1.1956405398785552,0.5435378493146453,wave1,0.5570199489694739,0.2979330395089653
421,-0.2211586098498,0.5439718715266104,wave1,0.0908298631767761,0.8792312332057302,-1.7772913970484507,0.423867857676157,wave1,0.1383059994839504,0.4992824340754918,-0.6998585226722223,0.4201359424197887,wave1,0.183134192596115,0.5807811084973388,-1.6011361085071134,0.2729353610061641,wave1,0.1484774895760121,0.4665729918113627
423,1.3147527897825488,0.6182835665235697,wave1,-0.0589967750272886,-0.2627739873796577,-0.9726616310643424,0.3970948670252612,wave1,0.3578780681794067,0.4244214393240619,0.460089071744309,0.71528134110345,wave1,0.1813271744474218,-0.0962940732345303,-0.1756016746787108,0.2697599511542818,wave1,0.0017337877669391,-0.1732233370273025
424,1.5256247514021666,0.3063959748737304,wave1,0.469171256181875,0.1633046286628587,0.9593676604354542,-0.113336281296825,wave1,0.2785007124773744,0.1106300634874994,1.3279750858324082,0.2062416699008161,wave1,0.4076556724419223,0.0264505123329065,1.553421764079291,0.1200856139004097,wave1,0.4235111783918703,0.2147521344445483
425,-0.5754580910875107,-0.2125826329229014,wave1,-0.1686487992670473,0.248930351038854,0.3293131274608257,-0.0676427806551875,wave1,-0.0990312035383274,0.1978450632709891,-1.0000502286953583,-0.1144153514357526,wave1,0.0368290522140197,0.1597118864838882,0.260608442700562,0.0604014440193,wave1,0.0574412983214886,0.1752818398341613
427,-0.1108928429972196,0.9157110906596104,wave1,0.7132680252479244,0.8450983184452778,0.8162559109321507,0.6989922483231101,wave1,0.622999849312369,0.5899984389575019,1.1364857077996044,0.8322963323945398,wave1,0.6261386511329321,0.935730584921453,1.0394924991145118,0.8557464237052356,wave1,0.5207893331601173,0.871717643763476
428,-0.1826906827957953,0.8099205780663721,wave1,0.4444480598924891,0.6746155633762201,0.8568401616398151,0.6589465940643819,wave1,0.7470115077933208,0.7112914012866778,-0.5186637534249801,0.3381463777549134,wave1,0.1833301122492552,0.5082042638391633,0.186300495019916,0.394888874184244,wave1,0.2760149570034098,0.5335282505211527
429,1.1381136597320054,0.3631023918320319,wave1,0.137386545946436,0.3587075061936982,1.0248296255134808,0.3645030133987155,wave1,0.1434927671118995,0.4589720956563683,0.7661151643735249,0.2021246681441311,wave1,0.101830864290263,0.1441238346871025,0.0537457006690252,0.2095181058244518,wave1,0.0960498586616042,0.1352194327923975
430,0.8599220876774357,-0.2084307772915399,wave1,0.3893557934598184,0.4248544883595824,0.2894869374094921,0.1016038412773745,wave1,0.3801659581993071,0.384393889144875,1.166770491215375,-0.0853607772339517,wave1,0.3912288094584359,0.2254656748780645,1.2040416818330029,-0.052068319962735,wave1,0.43048748215011,0.1788874318457913
431,0.6206298547323386,0.1658418542451758,wave1,0.129697797227041,0.2741742815712702,0.5395777298185519,0.3056382135662585,wave1,0.4875122549804245,0.3032894183078287,-0.0508021954423457,0.1288345759062393,wave1,-0.0654046706206866,-0.114709509360047,0.5531595457986198,0.1521258655858314,wave1,0.019327065483319,-0.1191928408636891
432,1.077916338387446,0.4489887829566621,wave1,0.3200990431567216,0.231764935114402,1.066586039859141,0.2550044446469914,wave1,0.2303422959437322,0.2084575722921149,1.6787717691688346,0.4439507719944058,wave1,0.3755642143768667,0.6213169077080742,0.91607187754311,0.1605008777414797,wave1,0.236859822493008,0.3101350454989925
433,-0.6867852926005987,0.4359492300364791,wave1,0.3177143389684871,-0.0056336687672877,-0.1260433216364156,0.2980623149802734,wave1,0.1498338937412702,-0.0224415320844031,0.1758046343786633,0.3064234056758993,wave1,0.1659343132759595,-0.0802965581817199,-0.0784905507125687,0.1775455836514094,wave1,0.162461258230847,-0.1784455464041737
434,0.4846460339576645,-0.1474960604928281,wave1,-0.3471917159289261,0.3626183764834325,-1.0085846867226074,0.0229945334239602,wave1,-0.1427970354225838,0.1378348070750399,-0.0416943764341352,-0.1319109791458297,wave1,-0.0244360579221947,0.3569415904116995,-0.4566050136973412,-0.0935588666403687,wave1,0.05550529065483,0.2625696737304682
436,0.2409759518467424,0.0277162421656791,wave1,0.0048725304614845,-0.0826901836927913,0.4945414112253076,0.1938381608258672,wave1,0.1451563899508134,0.1644360866685734,-0.8694475320708791,0.1697929960134767,wave1,-0.0226352517911334,0.0094423813482267,-0.4415807077227875,0.0260397890597955,wave1,-0.1857353911962499,-0.0109645380919493
437,-0.5092228802016745,0.2840064237208097,wave1,-0.0859032054084589,0.2116126864888743,1.048967438912912,0.2079033305831932,wave1,-0.1443068340966937,0.0132824691727702,0.672097413746616,0.4277096308257507,wave1,0.2521181199446033,0.5574652257825629,0.8569375471285406,0.3799674230114715,wave1,0.2820462460111185,0.5434769851215153
438,-0.8049562052148708,-0.2081613607174339,wave1,0.0540009744793004,0.2236435905544509,-1.1033456908763222,-0.0972910879777968,wave1,0.265928817003743,-0.0332602722382326,-0.4126656200683348,0.1029424998850241,wave1,0.502744733441904,0.3575823816262349,-0.3174587091516551,0.166942872592099,wave1,0.5625945969427341,0.2704358731930408
439,-0.7958118662541832,0.4733905280060133,wave1,0.203868843240917,-0.0902814632953821,-0.445043504359064,0.5010759814731842,wave1,0.5321508281488212,0.2543879565969571,-2.2874182631953945,0.3235887382575808,wave1,-0.0349849702410649,-0.190306295265314,-0.9343031486077168,0.2000542287712211,wave1,0.0210574747202872,-0.1266297486409279
441,0.7426396134841355,0.5100246455744275,wave1,0.4289498756951542,0.6618439044464182,1.1564571327907829,0.7253884509294881,wave1,0.6750773865306328,0.8807415761632322,-0.3406060746228143,0.5968116764318264,wave1,0.5186190830059912,0.6688981163162194,0.9838669571767564,0.7228617678843486,wave1,0.6699784448220282,0.8247148676331851
443,-0.4195919276274776,-0.236217175518193,wave1,-0.1954727774572988,-0.0566069394614523,-0.092787132694253,-0.1924347253789875,wave1,-0.0977382365680239,-0.1567529247962387,-0.5228080689093644,0.0103617480683361,wave1,-0.150782663666039,0.1599989333962387,0.0180980673788685,0.3659289954232835,wave1,0.1064822234009333,0.186724053720824
444,-1.419169836001019,-0.5054404131880563,wave1,-0.4890794834108263,-0.4616151194331248,-1.9313628304325392,-0.0577109866681606,wave1,-0.2049951197057873,-0.1351421239499215,0.1831841686864549,-0.1860957641702328,wave1,-0.2490184958238016,-0.0467966973007346,-1.9421709756913923,-0.0943308753283077,wave1,-0.1482617942715703,-0.1183935502184082
445,1.897840019850473,0.1478092326127142,wave1,0.4864058366270887,0.0343449395947532,1.4473214232084903,0.1832823491287722,wave1,0.4748148965748862,0.3479386841925342,0.7287754301567796,-0.0449613996880295,wave1,0.3245553914776784,-0.0264624820486885,-0.5578756459488242,0.0901796965337519,wave1,0.2850008955994164,0.0804735754802007
446,0.4639526866271057,0.0362207136999641,wave1,-0.2719941007853497,-0.6183569339095367,0.0108814571269726,-0.0421311405652879,wave1,-0.1561288014685142,-0.4015205077308372,-0.1197165371170411,0.2215004539525661,wave1,0.0100613315125844,-0.1188077324530135,-0.3537407940707651,0.1194648748547526,wave1,-0.1689560949029725,-0.1519785131765057
447,-0.1739245615773051,-0.0184163887429003,wave1,-0.225047002765665,0.5389276296213428,0.3633835125215743,0.329165702261172,wave1,-0.1203049994228768,0.223778420314844,1.1837726220182063,0.1608338012509946,wave1,0.165075088035258,0.5956330287898464,1.3538622507615998,0.2312699244510566,wave1,0.2439644733911871,0.4909781339764459
448,-0.2071778342817425,0.318898724884161,wave1,0.1274345203181628,0.0397351397315284,0.5611806659165213,0.1284015947570838,wave1,0.0432009761395857,0.3020844660673507,0.6077527776315952,0.1347793871409563,wave1,0.1754735412892276,-0.1794050744291364,0.6926238531245854,0.058543411550636,wave1,0.2056295789054521,-0.1327288456281943
449,0.0401576784532081,0.0247387449816529,wave1,-0.5757580294878673,-0.1062203376874322,-0.399558353022344,0.6225849721104593,wave1,0.1469280596568418,0.1483778137657865,-0.3580318521727459,0.0957512754586553,wave1,-0.4783254308591891,-0.2373135723152462,-0.6664135857316371,0.1509955791222203,wave1,-0.4126964650153435,-0.1051309048669693
450,-1.06782452178025,0.0445869056915928,wave1,-0.1201612801302112,0.2819047492249884,0.5689815891513421,0.2254172161044936,wave1,0.075925160330355,0.236277994146123,-1.932244183901426,0.184191520842654,wave1,-0.1206783292629963,0.1084484302279626,0.0772078396656027,-0.0195032815019021,wave1,-0.2506275271033661,-0.0468771232554728
451,0.7260544057741095,0.952800670529638,wave1,0.4466392517581987,0.1274251156244654,-0.5050089327727793,0.7035906660625892,wave1,0.3125841436676113,0.2492876794320349,1.0513266932167509,0.6021377939812353,wave1,0.3976110265977607,0.188531386759684,1.4534472073922993,0.5814711527586448,wave1,0.4267734354060265,0.2360645019693156
454,1.2978847224196084,0.4813497057288227,wave1,0.5114928206654898,0.4325907324321663,1.425241039421558,0.1394418015307412,wave1,0.565349932391271,0.5228009227904413,0.5630538158149804,0.4047695304637706,wave1,0.3980879948320375,0.5383080965305718,0.667227008276536,0.3205094368252132,wave1,0.4608196054549349,0.4726386168189979
455,-0.8985183971691056,-0.0226349504186571,wave1,-0.4312741055670059,0.410036305250804,0.0694762606679349,0.0067385240558648,wave1,-0.0412137252024589,0.269992056868932,0.1920596421651591,0.2614322146675276,wave1,-0.4962590911817639,0.222658004526371,0.2372582201187147,0.1544541922952236,wave1,-0.3464788431125178,0.1431545563709902
459,0.1920819461039739,0.7992871263902486,wave1,0.649106939906829,0.7786033506239387,0.6340681534191429,0.6849895503142811,wave1,0.8658134168837948,0.7679697842925548,0.3359507713223365,0.4077501593779667,wave1,0.0993604991538114,0.4172545031693094,-0.5872666299792639,0.3801831930732506,wave1,-0.0030709779981113,0.2648452162978387
461,0.1462778003454005,0.0537118823378919,wave1,0.0031146012562794,0.0462059805323935,1.1948369862307069,0.0711107603497323,wave1,0.0721906521155333,-0.2289674247256863,0.346707734949683,0.3385047194677266,wave1,0.3393980428238574,0.4580686593512975,0.0859369667085416,0.5244932189406275,wave1,0.2719934336347588,0.4290498362809347
462,0.4513843475304801,-0.1234105140791981,wave1,-1.1474620972278515,-0.4538559098034973,1.598302518815204,-0.0075536709901431,wave1,-0.5102781249709372,-0.3816809064577695,-0.1006949114380698,-0.2856190643396092,wave1,-0.6643960047673212,-0.13070047107882,-1.0047227891462258,-0.1181746067693524,wave1,-0.2984835824429576,-0.2808876341355449
463,-0.4849472511794613,0.4185251907786256,wave1,0.6492227007820452,0.1051756310280938,1.5801441304888988,0.5181812112611042,wave1,0.5814062531042696,0.3148918005985537,0.6572064675197441,0.1279091930185272,wave1,0.2287875035323909,0.0867413320207326,0.3519859537225561,0.0731317295222637,wave1,0.1474105913583209,-0.1808206376696471
464,-1.7611774412852128,-0.9001094272428491,wave1,-0.4690040458592861,-0.622467532680588,-1.8185251163276444,-0.3195577179649516,wave1,-0.1418900105578506,-0.4866422697718611,-2.0971561753425942,-0.6032493900782343,wave1,-0.1611126547881987,-0.4611369973780366,0.326542392914157,-0.354412627387545,wave1,-0.1132331823173844,-0.5685660364304979
465,0.3632058191402665,0.4743833484051305,wave1,0.4164975304384706,0.6836646968699549,1.2119349310930958,0.4970756555289926,wave1,0.307042204033455,0.5436200151995072,-0.3543121686699624,0.4111413674143584,wave1,0.5201783269762126,0.4572846064648475,0.9343320124697578,0.4230280985483992,wave1,0.4997408051182708,0.3555829400080079
466,-0.6986694963012265,-0.0013325070655478,wave1,0.0019965157340844,-0.2051185560261372,-0.9228866320775836,0.143319509546332,wave1,0.050645753348036,0.1920909291577126,-0.1629761748241636,0.1416053842316866,wave1,0.0884814918564669,-0.0026744190757099,-1.234309470775557,0.236741176995162,wave1,0.0894922730589212,0.1534323603279319
467,1.0812490313223797,0.1757548443027954,wave1,0.5507914285771196,0.2609786415617481,-0.1346112941776835,0.5323309988587277,wave1,0.5259471672533449,0.3903192577944372,0.5755366546524049,-0.1195335900932117,wave1,0.3263103209422917,0.1539856123516387,-0.261017694098151,0.0959150304482697,wave1,0.3352362827450917,-0.0676586832022133
468,1.6528530812470124,0.4385214372815968,wave1,0.4086750072048439,0.278167373475771,0.3743120378712481,0.4045608353720393,wave1,0.3187079382308366,0.1692200593170427,1.1028817710707972,0.3073476902494914,wave1,0.3205331071223272,0.432991611344633,1.0725019349249365,0.3750165266935958,wave1,0.3176589287866611,0.4282585089806518
469,-0.5162926075202352,-0.615464192995538,wave1,0.1153686605022477,0.2781669475484527,0.7131076798353404,0.2137176899639921,wave1,0.5712662475274328,0.6034096227217134,-0.2123120140965404,-0.3646678181817493,wave1,-0.1725577967600831,-0.2228359198264584,0.4043914395372645,-0.076993689355871,wave1,-0.0753619053836059,-0.2051722492578519
470,-1.4595894954443338,-0.5591340253399113,wave1,-0.0972594201960426,-0.3112036961360425,-0.9439807500220307,-0.3448400949605632,wave1,0.1369395275960865,-0.0578378057570734,-0.031670107283771,-0.4738159039420888,wave1,-0.0137738744674869,-0.0082560523086336,-0.3285719108731129,-0.533977577453564,wave1,-0.0707088820545712,0.0594477571653188
471,1.2513553868877685,-0.1671601029646821,wave1,-0.4853251093366659,-0.0202993990399931,1.8460848002998556,-0.1455725876395857,wave1,-0.1127190878532362,0.3218343209984435,1.2133446918957111,-0.0821434586204332,wave1,-0.1939884706612924,-0.1347874295622235,0.2242168774824026,-0.1088335346999714,wave1,-0.1902158392595987,0.0103500723813356
472,-0.5673549553708169,0.7292133015304949,wave1,0.6039749507325061,0.3489637088055151,-0.4414087162012062,0.5935152652102642,wave1,0.2348129750613028,0.3093690995560345,0.1757636600265034,0.6998414028323505,wave1,0.6882352733933581,0.4496726457503406,0.6811906661910111,0.5062159388597773,wave1,0.6011078868536874,0.5115634769848152
473,-0.9574063282563376,0.4484464973425506,wave1,0.844946216250573,-0.6139164635375634,-2.3300324706099707,0.571778896817912,wave1,0.9010807236708768,0.1815752911332055,0.0658821540460925,0.4676284133458397,wave1,0.5597853770259262,-0.6122377754461459,0.565585265794064,0.4779270248852424,wave1,0.6891075058605488,-0.8129781773571186
474,0.2555849196210604,0.8806533695066667,wave1,0.7628486858987231,-0.900874816097095,0.8792316515424968,0.4301588636266751,wave1,0.5094694758605911,-0.6029823551828382,-0.0301935381762089,0.7935167034826929,wave1,0.5405997015159238,-0.34154916255835,0.5095574872023056,0.6545971119428481,wave1,0.5434202375891161,-0.1251079909084534
477,1.0071906325040292,0.4007138227418096,wave1,0.6699367414939126,0.2402638110410284,0.5737028377613009,0.5993195113242602,wave1,0.6193876758627117,0.5620278157864669,0.6090719340508868,0.3971474962963502,wave1,0.7218105053590694,0.4536888828747446,-0.0702318372304113,0.7544889764018815,wave1,0.9010466931327455,0.58492688310051
478,-0.5107449429461222,0.0670781129721436,wave1,-0.0718540545473063,0.2418755601574234,0.7172445365190624,0.1249972590883301,wave1,0.0129509653344508,0.0494257539018916,-0.6327263940878313,0.0074365719653824,wave1,-0.1476329647744244,0.122127567312758,0.1860391767251981,0.0349516842013414,wave1,-0.1867943983847103,0.1347631037257774
479,1.3105810821408117,0.3095149003397544,wave1,-0.1519704000290311,0.0581160012335861,0.4973230011061157,0.1044485050994254,wave1,-0.2908295072898785,-0.1378197510567727,0.6418516322863425,0.0396925068778459,wave1,-0.1923619648589865,0.0755174521996067,0.27298965939699,-0.0105360963571606,wave1,-0.2429573020200656,-0.0361641797088269
480,-1.4392647270618049,-0.8614046241605753,wave1,-0.536890994807808,0.0203140987050123,-0.8465177661212049,-0.1207292885761135,wave1,-0.1296100598694805,-0.0599424716942715,-2.6901381356743315,-0.4275830046923393,wave1,-0.2238705149145877,0.1730731775562536,-4.559607225352102,-0.2814909691941462,wave1,-0.2621801799792146,-0.2560710853101394
481,0.007662254393931,-0.246882145649645,wave1,-0.3405209019313013,-0.517290097507646,-0.2612399482486848,0.2904523571298043,wave1,0.2313453810282417,-0.2738995958721812,-0.5243751747661146,0.0469892610040345,wave1,0.0034551302557248,0.094689218628378,-0.0729944816205975,0.4430237145985113,wave1,0.0492473603763727,-0.1749004061940249
483,-0.846385157783545,0.0987217191671583,wave1,0.1956955408842791,-0.1659335627557172,-0.8790001355185854,-0.2764089214384455,wave1,-0.0496016705504072,-0.3929019976589627,-0.2904883030816418,0.0244713900413446,wave1,-0.0334385568930328,-0.092164360293562,-1.6605436185467326,0.0469316695648064,wave1,0.0764803625717934,0.3696881262566015
484,1.2109299321563112,0.505869253585606,wave1,0.1125452953915853,-1.3819097870174593,0.0074027059464755,0.2614266171414177,wave1,0.1408016843394817,-0.4897522829156044,0.192320048730014,0.4439868036779266,wave1,0.1137686100720589,-0.969781783202864,-0.6855716763989294,0.2303028858758512,wave1,0.1708900166062491,-0.7382671260053392
485,-0.7873133410952888,-0.3752469006924561,wave1,-0.913539809481029,-0.7341829982805739,-0.0803021476823197,0.1029902084171592,wave1,-0.2876530025277275,-0.0477774285288687,-0.0189638504378997,-0.4148924832527317,wave1,-0.9005214664741513,-0.7392183793459856,-1.2868156029094104,-0.0523286338175668,wave1,-0.7613138661830139,-0.6740641711298172
487,0.9120453544033352,0.2589236887753419,wave1,0.5992218480873244,0.6132110448245771,1.186609428802423,0.3592529404418079,wave1,0.5685764134662892,0.5005056467873426,0.3533691763257555,0.2787469902461477,wave1,0.557330207807508,0.7341638714060212,-0.8214834410967077,0.3596514573047087,wave1,0.6176695149626021,0.6450385260403864
489,0.7028031900062073,0.7736484312215661,wave1,0.2036911121363509,0.7549497357085211,1.4833494625323267,0.7667956007049999,wave1,0.4483703789382021,0.5388894987156461,-0.4521242897053739,0.5967221647898868,wave1,0.2233810606171875,0.6543137690198155,-0.7737041877497708,0.5537723237041323,wave1,0.153560161762815,0.554063969244091
490,-0.9168864395117704,-0.677213253566636,wave1,-0.5189738029081594,-0.761819956077527,-1.177772709674112,-0.234335697562305,wave1,0.0382404836441501,-0.3933361797413783,-2.383604304738057,-0.0438985248363686,wave1,-0.0910063573090963,-0.0314811942639475,-0.7846234849793227,0.0625023084114772,wave1,-0.1309685065043798,-0.1133927357788214
491,-0.9416647253561196,0.5879731260904544,wave1,0.525382444092557,0.3259151994578713,-1.6362251326132278,0.0203075462599144,wave1,0.2447602946971172,0.0998510518841753,-1.0424865346194463,0.6253891110785779,wave1,0.3694434507959874,0.4136225368885406,-0.4690937713960483,0.5109322115533881,wave1,0.3154917798338537,0.4043597711586071
492,-0.7512851190367767,-1.1194147542672237,wave1,-0.7112810399865896,-0.5462243351154137,1.3285704765263455,-0.4102138793058305,wave1,-0.4005254763574002,-0.3128567141450018,-1.5749789448081446,-0.7411150457332487,wave1,-0.3082526188359662,-0.1122760408161223,-2.2253420863782085,-0.267873243958324,wave1,0.1606169437450555,0.0468852117374854
493,0.607191406396951,0.2801547490330576,wave1,0.2555184292963253,-0.5559825739050754,1.0659828433901355,0.6123157800422314,wave1,0.475185567739083,-0.0641717086845932,0.9878834076485804,0.2956622709719032,wave1,0.2023333548308539,-0.1434732140386794,1.341428958963188,0.3731980980412656,wave1,0.4466016800961471,-0.111140920214746
494,2.2653972033715184,0.6124732949255924,wave1,0.514964307926912,1.0517487042229958,1.368948957918577,0.4077974225946084,wave1,-0.0036542922787059,0.2999264543362707,1.5570672434182176,0.3157775534132968,wave1,0.6375647968633485,1.000514642392946,0.9208631927442192,0.401008940924681,wave1,0.6887987851095827,1.0590175462107754
495,1.3962546745709197,0.1276163103014402,wave1,0.3129958174830158,0.8963831381514575,1.5651294083885323,0.4559765847018793,wave1,0.3340050735229816,1.1106275912067038,1.3092106935974992,-0.0526002630225195,wave1,0.2612112560085096,0.3581140728863177,0.6790327899858133,-0.057889244760059,wave1,-0.1330647881911793,0.2965358484239552
496,0.5422394588282594,0.5775651921455742,wave1,0.3123082514382125,0.5194526827349792,-0.7914040462245615,0.4390654497232833,wave1,0.4156959641613893,0.5003564106931764,0.598554174269031,0.4873349981194587,wave1,0.2773170939266198,0.5050996569647492,0.1957703081288633,0.4824310265865111,wave1,0.2067540024680413,0.5908877528504125
497,0.5942931888712603,0.2274160533939473,wave1,0.0220535599149171,0.0044496787881191,1.4568928340441656,0.1990475759201637,wave1,0.3666946581559926,0.0836146502735659,0.8877947888631524,0.0505454012315128,wave1,-0.1531260018344206,-0.0194732783735004,0.8331321198062477,0.0062460281987195,wave1,-0.236108300722637,0.0964283566986964
498,0.4592943357160542,0.006178234880052,wave1,-0.2097226862183108,-0.1140728366133352,1.2414999980863843,0.0060635081559543,wave1,-0.1408319203318626,0.3123556225078467,0.4269678170697121,0.1835639575385577,wave1,0.2626799410571063,-0.1901284819578204,0.4274708450721156,-0.1191149362686881,wave1,0.1264218411075325,-0.1214608506839224
499,-1.2984357624337373,-1.352035867424035,wave1,-0.7827911429957182,-0.744699841342858,-0.8288849473363865,-0.7133479351000842,wave1,-0.3310602617123295,0.0483610280745443,0.4957014770755396,-0.8559926038791499,wave1,-0.3634570050875854,-0.6645412934040915,-0.0144143464713773,-0.6604274040438748,wave1,-0.5094868743178492,-0.4214777238029233
500,-2.842358503390099,-1.1591321940499304,wave1,-2.3518012735700253,-1.3807684888824867,-2.3423004710850064,-1.0459394400407425,wave1,-0.7757541163240547,-0.6125275196157915,-3.206273154161261,-0.6410791252708793,wave1,-1.3433399887968362,-0.7164226838526407,-2.6552942944137836,0.1667836681705742,wave1,-0.6072895075266251,-0.5652707533735215
501,-1.4446738373945824,-1.3169221130333502,wave1,-0.6458081205374886,-0.8982573206628257,1.66224191851276,-0.6273569521731928,wave1,-0.3081879411627322,-0.3845755787602651,-0.7467641452819174,-0.5769240506181544,wave1,-0.2111235709084827,-0.2884118355116535,0.0179697216470791,-0.514980536155307,wave1,-0.2852099951687606,-0.6010383421576064
502,-0.1389416341321505,-0.4587036278016438,wave1,-0.3517840022748433,-1.5300737338878094,0.2172941815165111,-0.6898228390116621,wave1,-0.5784240001841765,-0.9120809457336192,-0.4387234353872182,-0.2811564047016758,wave1,-0.127096697513421,-1.2863997929518014,0.1087324067124957,-0.1383135556805024,wave1,-0.1166996405782557,-0.6045147359017184
503,-0.4082549608834172,0.0767995771629799,wave1,0.3757275619781097,0.0640701286736686,-0.6425126018832757,0.2806415555667756,wave1,0.3373859833815478,-0.0386762502157711,-0.5096888769229722,-0.159190159314228,wave1,0.3446795543377866,0.2545495241972683,-0.2036348722935057,-0.1123293882059364,wave1,0.3550784466841478,0.1072547207386335
504,-1.882547372955553,-1.195796443346084,wave1,-1.3568230464457307,-0.9557680998742936,-0.0434000954773059,-0.2698372873098409,wave1,-0.2848524020105432,-0.4189047650710396,-1.262616437335568,-1.2536060167746408,wave1,-0.9027775632347828,-0.4402831368266504,-1.737716010774258,-0.8079539210705329,wave1,-0.338959654060272,-0.1932416469493157
505,0.5699266382565618,-0.6386277718999547,wave1,-0.7219664883707506,-0.0873746228063279,1.235186375678907,-0.1531901141247365,wave1,-0.3315972176595949,-0.0218867528566455,-0.5315258505658252,-0.5961403527569445,wave1,-0.588517806362081,0.1221828176611944,-1.040678796140046,-0.3756470552734717,wave1,-0.4133785870030911,-0.3411604902547809
506,1.0369986105179172,-0.0261643529838626,wave1,0.1525543698676119,0.0448817583000429,1.1065700691247395,-0.2880507272443033,wave1,0.1336024121326076,0.1871356872082741,0.913702522149247,0.0578326793295854,wave1,0.061707988031976,0.0043723693154317,0.964635470209895,-0.0391970125744849,wave1,0.0338737543372535,0.1218655379492658
507,-1.9073064962900776,-0.360267977102539,wave1,-0.5876103952843317,-0.4360168002200746,0.8287065581158124,-0.2830138920701281,wave1,-0.251966480842084,-0.3535573120509119,-2.2292586596775146,-0.1755242674034578,wave1,-0.4959478987204138,-0.1474125108832953,-1.7919118217235548,0.0178263708911993,wave1,-0.395572348914492,-0.1168698060868998
508,0.5687926718038444,0.6301793552375705,wave1,0.4910253991457631,-0.0552535362920525,1.2046728423837858,0.5311880020218636,wave1,0.4907170189147198,0.4240666849434429,0.4598767610163198,0.5550585248035391,wave1,0.3416836179950131,0.0683549766274445,0.4665423078148248,0.6277175330967166,wave1,0.3014856465499145,0.356753857485115
509,-0.6391563400861613,0.4131529123829403,wave1,0.3735350576971366,-0.0415076230275139,0.0315813355107183,0.5625487218089757,wave1,0.6473896216573549,0.3371920582912779,0.2189410922439942,0.4643091796483078,wave1,0.4853829004416323,0.065634244013533,0.4763548907306749,0.5730330939307938,wave1,0.6600455007496254,0.2595784114096363
510,-0.5177759656994178,-0.1002976976118439,wave1,-0.057657948122215,-0.0202076368789063,0.5487122205923896,0.3344063066695995,wave1,0.173913520316753,0.1535978913782778,0.0797353653897877,-0.0754853672847829,wave1,-0.1104239045122289,-0.1472626719725552,0.1305187005965567,-0.1311664635982471,wave1,-0.0619752823015113,-0.1371583374805215
511,-0.8077434389836026,-0.6651623707985126,wave1,-0.7806702036557078,-0.3458994723308641,0.7743205598664082,-0.1400035167020847,wave1,-0.3442852545581223,0.1795841722650566,-1.5968979222545214,-0.6280047651666112,wave1,-0.5410519510565872,-0.3415732784652694,-0.4371395841486876,-0.3986236236964614,wave1,-0.3113738398493738,-0.1933360426902829
514,-1.101041907783574,-0.526184159080719,wave1,-0.4721243482602171,-1.1612058259443565,-1.6520408862120712,-0.1425074089796276,wave1,-0.0039303233400573,-0.3842198711046758,-1.3895402935149446,-0.3591619452079269,wave1,-0.3416369152226406,-0.9734015065677512,-1.8742782842553116,-0.4005971072531681,wave1,-0.3844571127812887,-0.6741062067717795
516,1.1117823217843066,-2.0870924879419728,wave1,-0.0946586093519989,0.657417839710511,1.1764455243287886,-0.2112899786023487,wave1,0.1953055648767134,0.7278313909497294,1.013349110833392,-0.8418067946032051,wave1,0.0744839714569809,0.1901870059901402,0.9094364065607016,0.2200557938872958,wave1,0.2972792001984156,0.1667356962588886
519,2.1717220291351405,0.3008456852430083,wave1,0.1927510741161091,0.2779250067977723,1.477425691355755,0.1467046509191591,wave1,0.3555066948373393,0.1998122585772743,1.3010647519553082,0.2755500197907652,wave1,0.3153161563397411,0.1007841993717508,1.1518640520306145,0.2992011533114009,wave1,0.4841119848318702,-0.0108700252005373
520,-0.3846067201400235,-0.4474455965772166,wave1,-0.3262262569313239,-0.3875481908622125,-0.0206064352883756,-0.1660457055056694,wave1,0.0862205120027859,0.2189515609891814,-0.1588100225180721,-0.0054550075650552,wave1,0.0686009313512445,-0.122410940862855,-0.6805357098017968,-0.2767011498067787,wave1,-0.1065304273222126,-0.2875207806179799
522,-0.7410100034470297,-0.6613138679200963,wave1,-0.2061115882171915,-0.6773600698535664,0.5779334740625562,-0.1313771566317654,wave1,0.1023160618119511,-0.333699722088105,0.2686585560572759,-0.139310147189812,wave1,0.0688812796668835,-0.372453296081869,0.3712113633776533,-0.0842053673403421,wave1,0.0943820344695786,-0.2790717417674752
523,0.116982096642786,0.4339867592055952,wave1,0.3261676019633284,0.1403307934175881,-1.4691411565153334,0.5182100692789808,wave1,0.3304583335154285,0.4718644029325249,0.5054572759460271,0.006438667257882,wave1,-0.0637764240578135,-0.1582730800754661,-1.4766505415690396,-0.2994435382202396,wave1,-0.4376059847917415,-0.4357978512800709
524,-0.1621379215423637,-0.1391752422133478,wave1,0.0376539495138126,-0.617043395839227,-0.5644355970435352,0.2187465444638281,wave1,0.4004225173982791,-0.0456202050484644,-1.0384017336297586,-0.173784862116516,wave1,-0.1570478005742571,-0.7638688574355276,-1.2624326270995043,-0.0930557852555898,wave1,0.0814556567458748,-0.4396974161411611
526,0.0153546530236042,0.0309888715309314,wave1,0.1360013621991365,0.0865328444384656,-0.6244930617330383,0.1066874418954548,wave1,0.212473644006224,0.3368139889120671,-1.489566566173349,0.1774652008954129,wave1,0.0613832165021204,-0.2256220535994222,-1.4390399326327992,0.1535417841259575,wave1,0.0851760901441246,-0.2022952646630887
528,-0.3124721497398128,-0.009915081260913,wave1,0.1456751791754698,0.0632505317551688,-0.53553598577573,-0.1177663896889029,wave1,0.2602825837491767,-0.2211826448764924,-0.4026589360979364,-0.1079603355475591,wave1,0.0297291217805548,0.1373149465780925,0.1275271316514125,-0.2440038691535941,wave1,-0.0901714987349939,-0.0020326005154304
530,-0.082468928574642,-1.2803856675999263,wave1,-0.3220411057717456,-0.1149056513734976,-0.902027710190596,-0.51349344112316,wave1,-0.2398083502537391,-0.1097483766024971,0.1427381798070355,-0.5509586203466096,wave1,0.0688924348310516,0.4410786286748857,-0.9583046100305564,-0.0631177041558659,wave1,0.4137464586503971,0.6639721686203115
532,0.0049498738357596,0.0783466287445147,wave1,0.335043808029279,0.557235690998062,-1.192069101365571,-0.2641600070195538,wave1,-0.0947785575827828,0.0481559093430421,1.1534832094358645,0.322839934131561,wave1,0.4275740011093884,0.7787115487542442,0.6063057375240406,-0.018564473881253,wave1,0.2137642562711222,0.5169947235249274
533,0.2343958073441633,0.2061213083278374,wave1,0.1921824858102416,-0.1492666921318748,-0.4416537217378972,0.315641087503786,wave1,0.3386064091125653,0.372781624563532,0.1329751691376423,0.4730067290010424,wave1,0.3035287485910549,0.056996903038847,1.1194390988701304,0.5642134313729601,wave1,0.3890425333670703,0.17557717069013
534,0.3368349748192939,-0.611247182639433,wave1,-0.2909260437516927,-0.4838053124816293,0.0425373241774349,-0.3261944194160378,wave1,-0.0989608039393361,-0.1788335065288049,0.7447050049680798,-0.4113572383298356,wave1,-0.1921602882262996,-0.1166343699760359,1.3412679466939217,-0.5897697501737527,wave1,-0.4920378472730885,-0.344293824505575
535,1.405278403386756,0.4858778259140286,wave1,0.5057025450339152,0.2720116196551436,1.2356288623633118,0.2996752108486655,wave1,0.3171177297899648,0.1931333947691065,0.556588990463131,0.591494902440989,wave1,0.6834500288722478,0.6299844281082265,0.1783039258965938,0.483002730202231,wave1,0.6789889020872382,0.6211221583361324
536,-1.4922842689565536,-1.573771955971789,wave1,-0.781835004485641,-0.294451038327318,0.6815052318493537,-0.6069912702150702,wave1,-0.4952227878011266,-0.2481512589733912,-0.003758501078882,-0.9414145868106724,wave1,-0.2856209612763916,0.0183472091823859,-0.4119299758797133,-0.9074487873270766,wave1,-0.2934407327842733,0.0781728412488717
537,0.0919138703261,-0.1451593958484245,wave1,0.0307566407685582,-0.0503163916188913,-2.401813822643101,-0.1775951336657368,wave1,0.0251130269809953,0.0521563011257963,0.2527648162299644,-0.1376255851731084,wave1,0.0180612466505781,-0.1550968275891663,0.5476313456410588,-0.1171743006440428,wave1,0.101303881508315,0.005953900139946
538,-0.8004185780640504,0.3808352415479854,wave1,0.2485030686533593,0.3485294817626152,-1.1335194050718618,0.1797373589771183,wave1,0.2373581865292136,0.280458564088528,0.0455867444651565,0.685661124085662,wave1,0.6221850470940471,0.611515397219615,0.4560965070926425,0.6234445018580443,wave1,0.7491912365501496,0.721491305542888
539,-2.379861744024256,0.2091116374817629,wave1,0.0640861034825306,0.5913252499964861,-2.313672888414942,-0.0104563076899468,wave1,-0.2040282252045702,0.3681601261437541,-2.5720929299468676,-0.018267347754181,wave1,-0.061976210806576,0.2338470177015883,-3.3353269532344267,0.1494281909350157,wave1,0.0017006951294105,0.4769336160567046
540,0.214868017678343,0.6041467925068538,wave1,-0.2043434920464595,0.3882276793328347,0.4206255692170038,0.3880573874159334,wave1,-0.1071620753962632,0.3142523327662978,-0.0499045004773843,0.350284702573719,wave1,-0.1733554458214072,0.1489013441630735,-1.800602751051289,0.238003732977912,wave1,-0.0777491826083217,0.1014715357064875
541,-0.5422737991536697,-0.3970486109195512,wave1,-0.6112172766982096,-0.3263526283572968,-0.5546784958555965,0.276940622971709,wave1,0.0191505179803854,0.2452599939351549,-0.5204313166389247,-0.5071616142304392,wave1,-0.7909526227840067,-0.5436561236220647,-0.352109467641102,-0.5238753864513237,wave1,-0.9811575893096562,-0.7065027779952064
543,1.145768232397604,-0.0389455917234822,wave1,0.0565331271011966,0.1626441302200754,0.5919652204431359,0.6687806711312161,wave1,0.9803757317959668,0.9585777502304842,1.081359440100511,-0.384293105561856,wave1,-0.3259853491225456,-0.1878143983359276,1.2256448638973032,-0.0724994459049813,wave1,-0.0172944931771586,0.3709752904060812
545,0.0631330062095138,0.3883097305150671,wave1,0.8052815173151533,0.5788425163671951,-0.3967435446965671,0.52040042088771,wave1,0.681444130462646,0.5000005660146849,-0.048845993191435,0.3338123165206607,wave1,0.6096593630377022,0.2848889603264951,0.5962498140451971,0.3206019599068181,wave1,0.5629623645822497,0.3705605599931829
547,-1.8401597189202428,-0.1577944514734071,wave1,-0.5969196328537651,-0.5252039487406233,-1.1038216168978765,0.0393607480267685,wave1,-0.2362738662691252,-0.215248405721889,-1.2664499673479674,-0.0158859614015915,wave1,-0.3439432348127216,-0.2108282511049144,-1.1031005766540547,-0.0652105495145571,wave1,-0.2225670865670382,-0.1846492052096731
548,-0.1525949029018807,0.275826813917827,wave1,-0.062874949561231,-0.3956963233942427,-1.486211730346832,0.1864466248455834,wave1,0.2389036891297102,-0.107465415520922,-0.5578883591971373,0.1640914054428712,wave1,-0.0122543607005964,-0.0309748342212321,-1.7250516497630946,0.1565786756930988,wave1,0.0591346243423352,-0.049405983432207
549,-0.0926768347018185,0.0871101655113681,wave1,0.4318051348075507,0.2391100238428976,0.3275170415149918,0.0497648623104518,wave1,0.521212485864962,0.371387432157565,-0.8052226368361949,0.231462423498818,wave1,0.3889585756876588,0.1053692723441932,-0.6889018989645508,0.2835361181028692,wave1,0.312490173536698,0.1379395543009593
550,0.7147019690080304,-0.1427446922977109,wave1,0.2801381392170208,0.8489734975894374,-0.1254326989151937,-0.2430929226808764,wave1,0.0464910517894514,0.4024088078322707,1.0599119661466303,-0.2742012593887301,wave1,0.3201922701752068,0.9200549506067964,1.1225268352671782,-0.1479639783805017,wave1,0.2652076854277375,0.7063592337513828
552,-2.2580614326998107,0.2225718521703661,wave1,0.3150312998846671,-0.2940051935932475,-0.7622514405868704,0.0358263502320521,wave1,0.4214461516924797,-0.2083941783591083,-2.097959322263914,0.0639317848375844,wave1,0.1593703281795773,-0.2441004742622814,-1.2668302707867871,-0.0474589748155335,wave1,0.0767680193862271,-0.3781496206366643
553,0.5079970072604885,-0.0581056188094428,wave1,0.2281365659721979,0.6382228451735907,0.5495269630138381,-0.1950318787080074,wave1,0.0523928608751718,0.5008230799518794,1.0041931689202168,0.1961505805191698,wave1,0.3375199371133516,0.505383112928028,1.008590296072003,-0.0109924229190717,wave1,0.1457253212015493,0.0710213722787073
554,1.1741312305937035,-0.0316022903770354,wave1,-0.3267813567147841,-0.2974170930718258,1.7110186783656691,0.5541847383618665,wave1,0.5299528883122941,0.141008684748352,0.7011767501976275,-0.2195893818633125,wave1,-0.4049722581099431,-0.4014625684435229,0.3821540390910377,-0.1516879922409298,wave1,-0.2018036513905713,-0.4263710225234459
557,-0.1685316522562258,0.405155052964306,wave1,0.220807628819629,0.2772917531644117,-0.1586890378447952,0.0120517931668426,wave1,-0.0730559784510147,0.3269952259061066,-0.0137742890173366,0.2440811911729913,wave1,0.1672738993348855,0.05205505945339,-0.7822092993822013,0.0790814331406852,wave1,-0.0054386152936117,0.0018921669820414
558,0.0184854112598926,0.2693878734136863,wave1,0.3923422731316428,0.5542499351705317,1.04671845801036,0.2012754850812284,wave1,0.3198992185372744,0.4715410073728354,-1.4668222012554113,0.3455965795916507,wave1,0.4340076844170193,0.4194696436192813,-0.6852759132618079,0.0529308982862292,wave1,0.0705502664743663,0.1738347375035326
559,-0.5361692456065572,-0.198264467597006,wave1,-0.2054667128972465,-0.2755705317812813,-0.2313110536852445,-0.1255547692538328,wave1,-0.0964613554838056,-0.08915416072014,0.4579189273784486,-0.1006240554590303,wave1,-0.1316177904477473,-0.1076039794031868,0.4396132767298172,-0.1067066967511793,wave1,-0.2487435190658699,-0.2314796640273586
560,0.2692931005152419,-1.1844678074448929,wave1,-1.2509663861519416,0.1953196371740717,-0.1801357147319079,-0.440213178977991,wave1,-0.6958749263979138,-0.1706026293188105,0.9563407983667892,-0.8922869818924102,wave1,-1.024344456647701,0.0309369277946636,1.288184255916855,-0.3668191021811764,wave1,-0.7216177784274755,0.2177414389275967
562,3.68965489433626,0.8354447341530182,wave1,0.7967895114650987,0.6385513148716107,0.6107885655573702,0.489360205215875,wave1,0.5345842981142073,0.0555989594999015,2.1372454397773,0.848819626165659,wave1,0.7235722158991055,0.8420772966375497,1.7977693413587903,0.8630614231121971,wave1,0.6447603049031614,0.8184002182452736
566,-0.3585257141540771,0.2568523627102277,wave1,0.1035283947690894,0.3156625761821752,0.0442655091344439,-0.0754033494077499,wave1,0.1374236558549384,0.2437648263035199,-1.9826750745405508,0.5912166781886851,wave1,0.2920976907104761,0.3554508641574535,-1.8358078732068728,0.6440177340558028,wave1,0.2324810047184301,0.3208053935319147
567,0.7136843411374718,0.3763388231198499,wave1,0.3743512443211194,0.6691754323930679,1.541731449815512,0.3596889408695825,wave1,0.2982314270320909,0.3023261189028581,0.6625031072974933,0.4910100146219122,wave1,0.5621619296401734,0.7481004263453759,0.5020775116924491,0.23122268511405,wave1,0.3015789054446859,0.4705749905185662
568,1.2053318468015517,0.3742156114493371,wave1,1.2515398606397925,0.8238798489284906,0.4317320008931888,0.2327264335585983,wave1,0.8413311184406154,0.8753276920256381,0.3712589464934701,0.2906461854866125,wave1,0.876082231740579,0.4504117270852026,0.494223471992167,0.2374308604371345,wave1,0.7177492411476457,0.225034447972566
569,0.3665058972488987,-0.468125700902718,wave1,0.0039384686456525,-0.2864463646744151,1.3617784268489146,-0.0466936152808963,wave1,0.0375776985591262,0.1434827919641614,-0.2343450433997564,-0.2708718734004595,wave1,0.0783610990788258,0.06290765779461,-0.1442302336583844,-0.2903592996934211,wave1,-0.0647949210583943,0.2861531451126816
570,1.0198669696692348,0.1675609227136378,wave1,0.473580204101343,0.6018721243663965,0.1275776782974443,0.1059317437663371,wave1,0.1910500611406982,0.6562061822340495,0.5792402017901742,0.2881928555485422,wave1,0.5224442878979847,0.2952533588492079,0.5652153018691448,0.2919563505650141,wave1,0.4460723510511822,0.4057218007019326
574,1.4781413349889183,1.027318998953506,wave1,0.7194608855987203,0.9351011893731718,1.667865820450166,0.3842686807142113,wave1,0.3930300687919668,0.4119161658776868,1.56416783739401,1.0380992514713194,wave1,0.7096872600249393,0.9641983232430966,1.6937251166600098,0.9767236758054016,wave1,0.6611672493843805,0.7952816128497253
575,0.8186919511375971,-0.6374695333776463,wave1,-0.0092122422366474,-0.1821238622373027,1.2504085834233232,-0.3633444174141786,wave1,-0.176159440239829,-0.0377315724076117,-3.4793972276771266,-0.3123621708239915,wave1,0.0789985075775919,-0.0698021511114869,-1.3148873782013533,-0.2090897532875189,wave1,0.0383018110343115,-0.1128771825501984
576,1.2782260983810392,0.0421527214886239,wave1,0.6808977675693073,-0.0658755557968773,0.0046435313897607,0.1900684692047316,wave1,0.3148249243048391,0.2271939761095529,0.7785931933053559,-0.0882671389770228,wave1,0.3147116872008051,-0.1220482852292446,1.4846651795101509,0.095768205035719,wave1,0.2304928308974471,-0.1012008414304946
577,0.5441502631212601,0.077191778891986,wave1,0.1434189836579724,0.1851828186692921,-0.6372083622061234,0.2016023373108553,wave1,0.0785210840603836,0.2766359850223112,0.0657096487704306,0.4785530664445395,wave1,0.4000027918771917,0.2614016146604011,-0.5075292920748752,0.3214003498494897,wave1,0.1703020394960034,-0.0746161622837123
578,-1.944220417028356,-0.3349387523354488,wave1,-0.0263090282690674,0.1357385755219176,-1.8948212604997483,-0.0796081391105214,wave1,-0.0708570318931911,0.1313855180376106,-1.0272142665830868,-0.069499228656936,wave1,0.1448149806598415,0.3445013989118166,-0.3379415450277178,0.0598167430407161,wave1,0.2230952050969014,0.394823554590716
579,1.4877079424151194,0.5387474941257855,wave1,0.651019489821127,0.2937800211689891,0.5942181938322607,0.2566740311223114,wave1,0.1521154941852291,0.0843361727101907,0.9642590488575252,0.6002163857167472,wave1,0.5663370739729735,0.3056236857050401,0.9229754297305884,0.3910509553803535,wave1,0.3864753338002386,0.1950424030459638
580,0.5132166534874771,-0.3047654720394526,wave1,-0.726748053241197,-0.2511991609942403,-0.700051973470455,-0.1120481884168855,wave1,-0.3510950923874378,-0.0811376240541277,-0.5305780904789363,-0.2379095597124862,wave1,-0.5225975010877582,0.0412696968496533,-0.980038592992286,-0.0235621298495466,wave1,-0.2409839708955998,0.4104405977188183
581,0.652816294695792,0.2024536874094131,wave1,0.3950759687399618,-0.3034823031357003,0.246721803886199,0.2746203084996839,wave1,0.3115451032747509,-0.0961958557755091,0.706949904250487,0.463926457984892,wave1,0.4397769300983314,-0.035599032909158,0.3925790739847219,0.2806177948432418,wave1,0.1753685688033501,-0.3400402591048088
582,1.2271463309379849,-0.1604790345185645,wave1,0.5494287167527099,-0.6768203768183843,-0.0686793321857424,0.0381526342208697,wave1,0.1506118497072908,-0.1373243007217719,1.4144369468593545,-0.1773522242034908,wave1,0.4170466570959896,0.0063173769093705,0.423216603087088,-0.1632076385334172,wave1,0.243994045632727,-0.1139577432963433
583,-0.6291615772240946,-1.5468802508309825,wave1,-1.7097506142133634,-1.2518331386746988,0.1534968510175011,-0.9330334023100456,wave1,-0.9156950065293832,-0.7702845844849726,-0.3776087110650327,-1.1807084913783223,wave1,-1.0869313783427923,-0.7007415224618085,-0.2250598033065219,-0.6736297639026998,wave1,-1.024034156153867,-0.5277479153233409
584,1.44313210654943,0.5804575618232211,wave1,0.5517389225254721,0.718459603365172,0.7788030613428418,0.5482693545439075,wave1,0.3207862590904531,0.3438415115364881,0.0818906691688828,0.450742872713973,wave1,0.5053407148761049,0.6634845083336454,0.0455157950876941,0.3439239757672968,wave1,0.2766230720612349,0.553862906445516
585,0.1031576990732636,-0.2411985052114322,wave1,-0.1920337824469069,0.4533471753115019,-0.3804088900167023,-0.5368839429212624,wave1,-0.4348270968232435,0.4558714673536754,-0.0096186626479289,0.0473069430285102,wave1,0.0512483185406166,0.1868654721744586,-0.0848194228466302,-0.0828387511353426,wave1,-0.0577709463096464,0.1695396091438773
586,-0.1965071831913974,0.3090849672456428,wave1,0.3908763169766238,0.1103009915717432,0.7445065729719722,-0.0180624271525866,wave1,0.1032944290372706,0.1925353542479846,-1.0376748520573644,0.5020115520147616,wave1,0.6082151247803954,0.1725093275574877,-0.2256810647221138,0.5032771721877906,wave1,0.6901285448205622,0.3476219328444269
587,1.638798930875098,0.3952944430256422,wave1,0.2641123879016662,0.991739215459042,-0.1039047707212468,0.5092853183666499,wave1,0.2524833017139472,0.7505640152761683,0.4117601547082535,0.3167571416980144,wave1,0.2562549086087238,0.8737559740472112,-0.0267713880469197,0.3201698283181235,wave1,0.096671860032172,0.83758891540648
588,-0.2487791094153823,-0.1013261737734594,wave1,0.5853727811953022,-0.4585483743059702,0.688877852414741,0.2991927354186692,wave1,0.2388386290469939,-0.3840663898679546,0.1912120765843821,-0.2339474591756914,wave1,0.5317654414202265,0.0407818242400747,0.3218721272796542,4.065761321231376e-05,wave1,0.4037515490429039,0.0346703538591392
589,-0.5798403908897765,0.1940467438149768,wave1,0.2840367041299281,-0.0022445585431944,0.2498515499627422,0.2842429642944071,wave1,0.2390641431365436,0.1084061138229783,0.0544452656699285,-0.1051360227873232,wave1,0.1707734089367514,-0.039135923207523,-0.4715318374347236,-0.0048987224935291,wave1,0.0518624567987859,-0.0608171126476573
590,0.7526994124986626,0.4286947466155513,wave1,0.3320652343021986,0.1802199661528267,0.8798234147133873,0.4999231228841017,wave1,0.2895309735146185,0.5149892447032116,-0.0184646148001394,0.310250891898195,wave1,0.2430539481964999,0.0684547427607993,0.4159028506326613,0.1086419784635618,wave1,-0.0660143821897215,0.1590669741753234
591,0.5196356222838903,0.5317208920240974,wave1,0.6388066996021269,0.6814729439536744,0.4573965819310478,0.320356738587606,wave1,0.6592626872243406,0.6915887018696738,-0.5877591533975361,0.2635930669838879,wave1,0.3124167338876167,0.4272783269608173,-0.3704900828827734,0.1511436156232529,wave1,0.3097014424757777,0.3860000376533116
592,0.5516693176621535,-0.6193712225954497,wave1,-0.4668765693832593,-0.1639051696311426,-0.6426261534082747,0.0225028859975577,wave1,-0.1457121218057002,0.0528418307242724,1.322355512875547,-0.278723847106834,wave1,-0.2072119002703456,0.1615305649974592,1.2561525701120004,-0.1373217295084576,wave1,-0.206250324465393,0.0580050916361374
593,0.6432732653229642,-0.0255480335156705,wave1,-0.3998632145370122,-0.2758981375314913,-0.2075476259712236,-0.2218234099552565,wave1,-0.4429537266403329,-0.0677806248703043,1.2795520352613592,0.1584480070354591,wave1,-0.1727284109300854,-0.0234929368777679,1.7673636822949246,0.0502375664235434,wave1,-0.2122354839962772,0.0770279799779498
594,0.6460903229271872,-0.0831175137058526,wave1,-0.0359527425346808,-0.0002785332555275,0.6776565364097725,0.1588111901371585,wave1,0.1112414368696739,0.17093254871906,-0.221800534055462,0.066078992784121,wave1,-0.0599578402865181,0.4499522444214825,0.452011569075908,-0.047228503493426,wave1,-0.2460755291166209,0.2091554139518008
596,1.2321570911385986,0.8493043853905813,wave1,0.6688019563226919,0.3046137297595779,1.5694479758699966,0.622134828278148,wave1,0.5375631115223316,0.2861453320688827,0.3854333246531568,0.69997068123275,wave1,0.5159305064105613,0.472096889287753,0.1032252763342111,0.5611194796371104,wave1,0.3309921049212476,0.2555999328027797
597,0.0806379262172312,0.5734299321761731,wave1,0.347486164677401,0.1539305428235646,-0.0584069327364327,0.420679631943923,wave1,0.2377752923482596,0.0286532132743013,0.7529705637955372,0.6597435112792832,wave1,0.6202858349460475,0.3042448630664452,1.1421975846883117,0.5172927153742937,wave1,0.7428121367127394,0.5316255442341549
598,-0.1444623154795444,0.2475682108121701,wave1,-0.0867621475961506,0.3890582675165421,-0.3858135357354583,0.0581627814738847,wave1,0.0811005165710481,0.3614734053737922,0.5558820544386798,0.3555983324604155,wave1,0.0537798114175285,0.1341385278327507,1.2315244546586008,0.0864652622373444,wave1,0.0453844682277983,-0.2420145162234502
600,1.6103637100873638,-0.4724062816912835,wave1,-0.2426583099242192,-0.1175466597837884,0.2048820029930175,-0.1499987664803415,wave1,-0.1370449072182573,-0.2740768772448265,0.6673630061392578,-0.2330183263356331,wave1,0.1714473687893445,0.2194637650775428,0.6149783607800497,-0.0861116027566942,wave1,0.119289824987902,0.0474207050099998
602,-0.5115512443985866,0.2106161988448471,wave1,0.0789211082439602,-0.1363247412274044,0.0480153955914628,0.1628111722262315,wave1,0.007172731410582,0.4776180466223603,-1.6784913743605658,0.1641734764254938,wave1,0.2156799971753182,-0.0184272169816013,-1.0939292788139932,0.1867318695698068,wave1,0.0604440939536572,0.0316082876175771
603,1.223094246551366,0.3839256212911961,wave1,0.3817302329532077,0.7225814762407061,1.1936725868907327,0.3138198781292214,wave1,0.0910564513546616,0.5067326806702588,0.1121998038283093,0.3748462569149863,wave1,0.4297867958906351,0.5056121705931669,-0.077011135652875,0.2189170389593421,wave1,0.2342076063817607,0.3437711125739978
604,-0.71363176878574,-0.7277841620472361,wave1,-0.6168816108184714,-0.3816546531329108,-0.6846526403754889,-0.1027119547163266,wave1,-0.2038511033164423,-0.167332784216128,-0.11393341732799,-0.3917700888605244,wave1,-0.0162121868963627,0.1239390622513201,-0.5500954857406546,-0.2670377314156639,wave1,-0.1656636034689659,-0.2390066739006339
605,0.5630665563170978,0.2785776225425613,wave1,0.2507696206602552,-0.0808847166790847,0.0164352872124847,0.3275165338333787,wave1,0.2731083551217688,0.1564735782591861,0.302679599661369,0.307971883536362,wave1,0.1159955456645356,0.1411411146553454,0.5239300273513133,0.1799726862221814,wave1,-0.0852621428171902,-0.090332553619943
606,1.0466645372285457,0.1019832272806082,wave1,-0.4993719221956638,-0.4056406438906341,-0.8500941998829433,0.3173590636270555,wave1,0.0340758755319134,-0.0950528246904445,0.6383983825287771,0.0831629867330894,wave1,-0.5044179088411573,-0.1409310779531829,-0.719449366983328,-0.0623083984696933,wave1,-0.5435812983278898,-0.1551993620882601
607,-0.5194066353885138,-0.6954377341875677,wave1,-0.153845791382305,-0.0923211704882898,0.1616315995646006,-0.4203331553826956,wave1,-0.2771126416282203,-0.158115862283503,0.3455790048551022,-0.4561275993541707,wave1,0.0299351754879499,0.1530722329451501,0.3039275645009507,-0.4079039502961628,wave1,-0.0829356031909123,-0.0240216520182939
609,-0.3484117272317356,-0.0799866900084946,wave1,0.0227504577263273,-0.325653643328764,-0.579330994095464,-0.2443110888485071,wave1,0.0115317007530697,-0.7164277525685157,0.9673833492748606,0.0396474436692139,wave1,0.2345763820636587,0.1126088984640275,1.2892594992287785,-0.1960625313476661,wave1,0.123060826458422,-0.1865228728798625
610,-0.8195722707072498,-0.1861383621985153,wave1,-0.1766296988423754,0.022650394457917,-2.688984288529229,0.3381751341364309,wave1,-0.1183289315475799,0.2791802142727548,-0.0084482661203149,-0.4823017060314597,wave1,-0.1871105490831804,-0.1342237942129732,-0.5105009622731549,-0.2209626653072847,wave1,-0.1276072777398378,0.0766558763406505
611,-0.7073535573939828,0.8443221654640904,wave1,-0.7975399217063996,-0.1049028292220883,0.6979292133216402,0.604708932322799,wave1,0.0557222120372684,0.2055868308597896,-0.3318348883263978,0.6335110315322161,wave1,-0.5630397478716496,0.1651772265819822,-0.6503436925173443,0.4577338022523194,wave1,-0.4685637432657579,-0.1019668007331504
612,-2.0802687323320677,0.0723636320415459,wave1,-0.294046346808523,0.1725699522459463,-1.6282376279905864,0.6409194480251219,wave1,0.2954571128756493,0.5811724098155497,-2.1114620687240326,-0.0524671814000571,wave1,-0.0455586689067136,0.1232024497767773,-0.5013715890095428,-0.0452723928662959,wave1,0.0191004990710991,0.0739746746309132
613,0.5828308323431934,0.6255619561003667,wave1,0.2873849275174178,0.7478440570914793,-0.952046307975416,0.3285325426433709,wave1,0.3517709725690785,0.3171381708317262,0.9968097514248588,0.5877775715299884,wave1,0.4403349965685421,0.6903736337508393,0.5732520541250961,0.4233472911733493,wave1,0.3719836775670854,0.5884655444386226
614,-1.0676952816756164,0.0190671941556479,wave1,-0.1345990908026759,-0.5674923180090701,-1.668638734296189,-0.1725804936656287,wave1,-0.5886014244834787,-0.3381402348091367,-0.3118090198156676,0.2710218671020813,wave1,0.0717647429385199,-0.2125676402085781,-0.1594747106313702,0.2599744047559057,wave1,0.1008924767042648,-0.2981090006895087
615,-0.1308060049689778,0.3512144645237101,wave1,0.2432722242804395,0.4368582502147438,-0.1506701045605743,0.1532437905906252,wave1,0.0152793091019827,0.1712314445348228,-2.0697788793225422,0.4362769466083014,wave1,0.3137932540522414,0.4500049372159238,0.4074431226019949,0.3996050579858411,wave1,0.3389148422715798,0.3468995598289773
617,-0.8666875778246103,-0.4229836827471132,wave1,-0.410496627579225,-0.1890573276634277,-0.2779772177201328,-0.0229896922017291,wave1,-0.1165534312620968,0.294097421980557,0.1402137151652051,-0.419621253958213,wave1,-0.365774849096546,-0.2981296859066079,-0.502830427768571,-0.2981176278165912,wave1,-0.3589182111693026,-0.32813667722523
618,0.1353871750684887,-0.0793829769141463,wave1,-0.1650291379277861,0.2320159733219795,-2.6595716866817667,0.2525466720007012,wave1,0.0165191179408095,-0.0020280383033044,0.1723129526588055,-0.1456667977240113,wave1,0.0089799140950168,0.2221580308742037,-0.6485701678650396,-0.231510194507784,wave1,-0.1315395555350547,-0.1240885576607525
619,1.5517417271901963,0.395013255028704,wave1,-0.0069118929203257,0.4513553610582996,1.2103756399894143,0.2692579438122939,wave1,0.1582117635705413,0.4951733484712985,0.235804641529344,0.4974005154893826,wave1,0.1178790993495195,0.5904395768300508,1.032670501526369,0.5269686029450633,wave1,0.3205093974745012,0.4804568664253707
620,1.2740428816973344,0.55551256378119,wave1,0.4667645936058013,0.2068126074215364,0.1976437434582732,0.4681164639909878,wave1,0.292495441462967,0.1990554543455551,1.657568509880836,0.5062676492261607,wave1,0.3538779140718896,0.23515235619334,1.229398132905556,0.53111052074613,wave1,0.4219175421304674,0.1296818433815071
621,1.7506169652626336,0.6738037220063369,wave1,0.6273533691580844,0.8829902393716353,-0.9016428687463904,0.5316131340028525,wave1,0.3568551561270929,0.5642736659476091,0.577162404337421,0.5269223912823321,wave1,0.6761449269734569,0.6786552710741031,1.1265195476873229,0.1789859858203392,wave1,0.2770650754528485,0.4962998614577764
622,2.47797642790164,0.4853320184133318,wave1,0.5159336226103561,0.3273339700610358,1.5345759983342828,0.1882399251876805,wave1,-0.0353409016366867,0.3619185865877443,1.766470140575885,0.7050742599251677,wave1,0.9251825133747016,0.364663828610987,1.7286746730800877,0.6967621921229361,wave1,0.6454276803860266,0.5438767449957911
623,0.6326899073463349,-0.0547852979384126,wave1,0.4052041009326961,-0.0826901217966498,-1.2093530549493523,-0.3117748349275215,wave1,0.3866802670655418,-0.0188491683218199,0.2204767762481091,0.3721004568711241,wave1,0.3653214235496315,0.0412683606906951,-0.4502504314841475,0.2415208093252471,wave1,0.3995233182181089,-0.113143820804047
624,0.847052453621307,0.2414792476627321,wave1,0.2154950517417035,-0.0458789916510991,-1.8565415198676003,-0.1714998273901702,wave1,-0.0437105708333176,0.0731389863888971,0.2050474922715177,0.2850268717597172,wave1,0.2701257021980648,0.030113294367276,-0.0592298131879382,0.1375318486434162,wave1,0.0731824323498828,0.0778219325850925
625,0.1926489911449239,0.3280565905327135,wave1,0.3337358434542326,-0.1808823517596236,0.2677098789628976,0.0271631559667482,wave1,0.0951323266587795,-0.4791007555996129,1.0789411273953913,0.3864237972478381,wave1,0.3497555439560695,0.1973388213831919,0.3165454050156741,0.2171901646380764,wave1,0.2390764720863999,0.0642405689426753
626,-0.4742687682065599,-0.8375248572671223,wave1,-0.9812681903558872,-0.5258773380351998,-0.2499207198118788,-0.9408259741347484,wave1,-1.0505325305983526,-0.757673958010767,0.106875167863484,-0.0875565410927579,wave1,-0.316851060841385,-0.0596968747485866,-0.6441574200628701,0.0006517774303026,wave1,-3.23673985802575e-05,-0.0456136049491706
627,1.0457404032833393,0.7147300774120842,wave1,0.616408254438757,0.3753135489670445,1.3623439327731548,0.3523085575675571,wave1,0.2566121051544263,0.4459679557705829,1.154201935921276,0.7476245044508875,wave1,0.5922687136900825,0.2798747066647183,0.3325399803224185,0.485530891272442,wave1,0.3550907013106014,0.1773555036939879
628,-0.8648308728592382,-0.1173410292374392,wave1,-0.3233847713693718,-0.0661631935164073,-1.0865794789609216,-0.0427788366475043,wave1,0.0747787902589025,0.02209739515032,0.2692083218904328,0.2367798056033931,wave1,0.1935987325582582,0.4266391486815077,-0.6563665672096883,-0.0713488943314902,wave1,-0.0766734822327045,0.3580397946225394
629,-2.409995706824009,0.2881342170889338,wave1,0.0547858661867968,0.1189055533386684,-0.9593552105774198,0.2888269272650188,wave1,0.2759254879027653,0.3147907403755701,-3.5359114699063983,0.0920410972838927,wave1,-0.0847776754726961,-0.0688778442768212,-1.7969626145674649,-0.1721783884737804,wave1,-0.2852876541539895,-0.1836782279350055
632,-1.0408608809485766,-1.0037754652271365,wave1,-1.434133565485836,-0.8415825357953812,-0.64722801766289,-0.5018253694333814,wave1,-0.5363442322778247,0.0623696330355363,-0.6997873848394961,-0.4402408118891574,wave1,-0.6985592443087003,-0.545816605232841,0.4908358687861098,-0.5105938577634,wave1,-0.5623364737961355,-0.5678718400509545
633,-1.7719644924392828,0.265120657721591,wave1,-0.1845688001237557,-2.194686082749481,-0.8130676928420301,0.2082176611046529,wave1,0.0639387345499618,-0.5035624740056452,-0.1801597801016499,0.4846134812721672,wave1,0.0864750945140884,-1.1260595963972877,-0.8663830430911814,0.5200991044125083,wave1,0.1323869665809313,-0.6740949438399186
636,-2.65580634764045,0.4161710126162403,wave1,0.2752753634029914,-0.2098423438240335,-2.425560145578408,0.4601812624298671,wave1,0.1432357582146375,0.3333860867590683,-0.9566751643328908,0.7090563345741469,wave1,0.6450213034820779,0.4879952639569519,-0.6702329448070926,0.441549696630979,wave1,0.4174139959328304,0.4621186158861394
637,0.3711566278130552,-0.5294698125677226,wave1,-0.6688742937194423,-1.1989282334432936,-0.4266438097282251,-0.2834470933997859,wave1,-0.2333836719693165,-0.3498015475304887,0.7283115378765324,-0.4495601970039511,wave1,-0.4748936802619885,-0.7653405056777436,1.2148262952671065,-0.4648970012232056,wave1,-0.3302415988422553,-0.5691407491716785
638,1.436095658919883,0.4353804550276718,wave1,0.3335993971526028,-0.0488557843168759,1.713335554443909,0.1320806737549169,wave1,0.2928583854269018,-0.0740833008594963,1.457180066135066,0.3482622688582069,wave1,0.4025479865361832,0.2454211285230041,1.2722791691575326,0.1000812829706049,wave1,0.3462730696657495,0.4143720761355974
640,-1.023001864845566,-0.290676016419495,wave1,-0.2820679532073322,-0.0178737092193794,0.6691337588067248,-0.0416108987686036,wave1,-0.1145139690570389,0.1605356169600666,-0.6588857627671085,-0.1444734219636629,wave1,-0.204322676228762,0.0127144997608932,-0.1836221653340883,-0.2118392838010344,wave1,-0.2992906694512547,0.0376625614537237
641,-0.6458936247402794,0.3865293343613043,wave1,-0.4033712211623532,0.2517526205947513,0.679843135373121,0.1850120194911688,wave1,-0.0529799400875654,-0.2837796048553793,0.5879131351377893,0.1547495939964094,wave1,-0.2700030029172204,0.4734377181953861,0.026372838786356,0.1410024412940702,wave1,-0.2994824779852155,0.1387140982608838
643,0.3387848215827668,0.2571312327812105,wave1,0.5610620654834557,0.242355277334465,0.8161542237897871,0.3347405695160155,wave1,0.6015602421835224,0.041164680946055,0.2192906359534451,0.3165152347910331,wave1,0.5759220267554293,0.3988041578078847,0.2928176057506095,0.2234892873222218,wave1,0.3468027663847626,0.2026820314723384
644,0.5027142525585736,0.4522202094105325,wave1,0.2548753261923022,0.8538509283212146,0.1787339617890861,0.2247670962982986,wave1,0.1749111369480509,0.4825961209074361,-0.5948799998536175,0.1497141208078426,wave1,0.0636547512716515,0.5739939532889665,1.025082725886728,0.0736332010746216,wave1,0.1294174308872444,0.4644241453158796
645,0.3144227288172677,0.94750273967216,wave1,0.5210359194627237,0.9118868582570384,1.29046999983612,0.5175327154230671,wave1,0.3490728232848554,0.5564303815323108,0.3094321231965335,0.64421811807843,wave1,0.4150565404986069,0.467243223028522,-1.6815703057696467,0.3181791445235237,wave1,0.0408260570460538,0.2297483985041239
646,0.2177704843259219,0.4276180625603958,wave1,0.7566816552012017,0.5760359053366169,-0.8289698344711138,0.223375032839076,wave1,0.2685137783863089,0.5149887369651023,0.8500634033406205,0.5574826899656531,wave1,0.7740438066744473,0.4754830066693645,-0.6986130025183358,0.324927089768632,wave1,0.3805084722737086,0.197376400478222
647,-1.6638301446942525,0.2259732599170401,wave1,-0.113267004695083,-0.0386463130503027,-0.1012835922581531,0.0059677902023769,wave1,0.0914901091115436,-0.0184210847766883,-0.9465120652003088,0.1773363721639888,wave1,-0.1341334985343901,0.1652697420699022,0.3477645004472559,0.1292389627775014,wave1,0.1039012415143056,-0.0624442245343044
648,-1.2482870576496157,-0.0037767370862427,wave1,0.0535336429045025,0.260680278578717,-1.728615259605427,-0.6979280798105885,wave1,-0.136081318987935,-0.0348744837223637,-1.586620054571592,0.0208519717174842,wave1,0.1156828263599618,0.2480068602535947,-1.865201421319512,0.0111681212811934,wave1,0.2279086783004443,0.4255625347427777
649,-0.425405481008238,-0.1473256795103632,wave1,-0.3772557186604273,-0.4907582435287094,0.6447689864107241,-0.1583473619726239,wave1,0.0180102073312267,-0.2643099675694795,-0.76921442518724,-0.2229294397957425,wave1,-0.6546928420590853,-0.5910449694093652,0.1435563139153454,-0.367298482589604,wave1,-0.563447133774574,-0.2795408998469936
650,-0.4079569658570008,0.1865295099983888,wave1,-0.2306504150844059,0.0939756110583218,0.1487547086401109,0.2756004358214294,wave1,-0.0708570053508745,0.098664708410582,0.7132955290076504,0.1698699524129811,wave1,-0.0430443777630716,0.3056177440246549,0.5780019716591442,-0.0496131138552758,wave1,-0.1844678764342507,0.1509113327330359
651,-1.026817413660919,0.4856253576390343,wave1,0.2604386443911226,-0.5420379839370482,-0.9887990370561384,0.3037490363679302,wave1,0.2545843672418333,-0.0186139627965582,0.8418093634668089,0.5372844670645067,wave1,0.412389681943491,-0.046058517393881,0.68135479549479,0.3591787274510495,wave1,0.1880813619537987,0.0805210374637889
652,-1.3512187657762984,0.1342639140606694,wave1,-0.0228805528002851,0.0441964555868861,0.6643084841408432,0.3124904187955559,wave1,0.3299833254961797,0.0411059876013086,-1.1226322424322748,0.3887144778401833,wave1,0.0828597439035713,0.0506947454092486,-1.5904024987527277,0.19479899212475,wave1,0.2173395094256168,0.0103620625639156
653,-0.8994363980725443,-0.1612387988975081,wave1,-0.4704167557230718,-0.0598463844683259,-1.5258295890796258,-0.0878310213391169,wave1,-0.1109978136267606,0.1862183864775539,-0.6889841390050138,-0.0575468337695159,wave1,-0.3137192112402602,0.0128938557155104,-0.0126956716486102,-0.1231191926948496,wave1,-0.0085935848260401,-0.0572485036396331
655,0.2584507069007816,0.2980761975210537,wave1,0.1299254045641409,0.3376995865740637,1.0233329920981231,0.1235710969254202,wave1,0.0713651507037895,0.3010249836628271,0.184710562745838,0.1753658954346271,wave1,0.1690475859755786,0.1794674043222639,-0.4239103846952044,0.2588042172898656,wave1,0.1724546079994712,-0.1335304151767361
656,0.0843833460138489,-0.1327186861455878,wave1,0.165298394226814,0.1557125480877268,-0.4845881906329345,0.1195411627972631,wave1,0.0722089196107869,0.55316332701193,0.1613916233298751,-0.0348341859432009,wave1,0.2288814485405498,0.0241188280345094,0.0267336727420418,0.119762611933578,wave1,0.263588162286365,0.1090337566726175
657,1.0385886528759856,0.2661542576645239,wave1,0.5308939349612076,0.7713539402200487,1.265096022641295,0.2399876496931647,wave1,0.5612494741504399,0.7586870283036111,0.466653527355847,0.2853567811361907,wave1,0.5536595544316244,0.4324301293992444,1.2669629770453958,0.0920794223861155,wave1,0.454029349955429,0.4717261791438739
659,2.596555351613229,0.2126927920679318,wave1,0.6934835847987144,-0.0677862456282358,1.0908785341524752,0.3139212655660455,wave1,0.443943518138912,0.0956016709107043,1.2988360622832338,0.3335186836122817,wave1,0.7348449618698619,0.0876916767301253,1.880844582681554,0.4245641700259354,wave1,0.7138403078873565,0.2695164579214106
660,-0.1532425518810375,0.2553642642356364,wave1,0.2817403918343617,0.0938772043260682,-0.2919020029047316,0.3725673911166676,wave1,0.4365919119942449,0.3000356346283368,0.1428566599368197,0.2655228484277435,wave1,0.1890969500447302,0.1683167183550146,-0.9642645018853374,0.192768890030683,wave1,0.1493274312439894,-0.0329026418876784
661,-0.8136679999216849,0.3229536152024701,wave1,0.3078826549819455,0.0296236239947862,-0.7082114155810086,0.2319239038741103,wave1,0.3051324074605896,0.1281770853455346,-1.327587923869588,0.3154447838745438,wave1,0.4640091667799684,0.1304389466965583,-0.2900956509663851,0.2135712987446661,wave1,0.4952254987697023,0.2959315939602728
662,-0.9805096853806626,0.1058254579223652,wave1,0.2305358067446712,0.5041518320715435,-2.663748270123582,0.2109929861226498,wave1,0.252196015103789,0.5144778210817664,-0.0637293272026407,0.0210861865333336,wave1,0.1664034685986744,0.3135377217616368,-1.3098525037182909,-0.014031358658154,wave1,-0.1012890561359999,0.0976731019456441
663,-0.4743780762653309,0.1544199659441434,wave1,0.3371994427459264,-0.3515960731108547,0.2986037784380409,0.0704638395220107,wave1,0.2586388733855398,-0.0509175247656776,-0.3892537603246794,0.522981834896954,wave1,0.5685169953946404,0.0817261811957285,-0.354934477620805,0.4325250322361383,wave1,0.4553013881590347,0.0659660859857594
664,1.4444443979792967,0.6364081305431011,wave1,0.8199699737126713,0.4938062618838588,0.785334641575524,0.4040342568057928,wave1,0.5158484813020436,0.3819888298820468,1.3178088519635136,0.4716664260931866,wave1,0.7723867292423658,0.2376792862805354,1.1060134950244045,0.2957787682457669,wave1,0.6741581545743669,0.0568283615685669
665,-0.403213366369024,-0.3530790650186381,wave1,-1.1629283066995066,-0.5742336716769234,0.390139375037462,-0.1609580747992904,wave1,-0.7035022347037028,-0.3923347754769206,0.0868480091613098,-0.1305588583600345,wave1,-0.4097615888040098,-0.1020667223828526,-0.1254097477771885,-0.2385751471058126,wave1,-0.3742410386021675,-0.2412526824106187
666,1.754451033315808,-0.1208346749547435,wave1,-0.0708603917492274,-0.0076043682420996,1.7332766264124742,-0.0254791120154158,wave1,0.1983780079300858,0.2126670132873567,1.3186584459996296,0.0210076044191058,wave1,0.1142774545609546,-0.022557597554579,0.1380158236126961,0.1196018708106704,wave1,0.2646754504066092,0.2404280477512558
667,0.9767303871627868,0.2055262500243189,wave1,0.4003805764612802,0.2171294842396309,-0.1235296977622823,0.3279114781094627,wave1,0.243309355600173,0.1671764176885786,0.8876433451706387,-0.0208355143499434,wave1,0.102365582229233,0.1502811959053627,0.6929926304169803,-0.0353143549594858,wave1,0.1565974568471102,0.1424636257429337
668,-0.1344845189938865,0.1758052613119138,wave1,0.028162438697429,0.3768481588605263,0.5315628622271347,-0.2977072673100913,wave1,-0.313898824664689,-0.0664824584970054,0.5298526558812953,0.1415320071667973,wave1,0.2040858451142366,0.5643245412955336,0.3877794696012518,0.0348729815328545,wave1,-0.1240652103788035,0.4889155152710795
669,0.6181269865644056,0.3506730418540704,wave1,0.2483599218380221,0.1043683116414921,0.3918718237158047,0.3233446907976165,wave1,0.1664120758444935,-0.0117531742990566,0.7501744225719748,0.1834059636056064,wave1,0.2244675232055035,0.2717984089676566,0.6408471848353124,0.3381600845390283,wave1,0.3661740365612677,0.3020460241640473
670,0.7099572477971099,0.081487379060765,wave1,0.4213217592993796,0.2741119848183233,0.7898879416332528,0.1070555019896726,wave1,0.4252345122937451,0.4782098374089385,0.6025093032884624,0.2670397482856761,wave1,0.4008936998852808,0.1370721665943195,0.2064094425870763,0.1989897178745897,wave1,0.3059805362706784,0.252695066653595
671,-0.7025772327770321,-0.3917961346613627,wave1,-0.1641772321489099,0.0092605901774618,0.0934519600071568,-0.2294739385643103,wave1,-0.1561798989163993,0.1109372466454705,-1.1387271866797082,-0.0825561127149869,wave1,-0.1551039456126712,-0.0342957331095887,-1.0933015018032954,-0.1018534929268694,wave1,-0.2206717114411082,-0.1146561081411824
672,0.882130384426411,-0.1114528633883931,wave1,0.4469313234718077,0.1640079078382288,1.209564054366149,-0.083833408777777,wave1,0.0935902690737793,-0.0927008768432779,1.1964694129521969,0.0945544309343208,wave1,0.5274189724083637,0.2639421774724898,0.975294549181872,0.3143695818300711,wave1,0.8291365742498094,0.4869525051879246
673,0.3537508672482301,0.2248840066027142,wave1,0.1965307462806111,0.5375985214931709,1.3025718834887048,0.3176244353487658,wave1,0.3553100345182529,0.6589143246434142,0.1269732337411254,0.0409621145506953,wave1,0.1140003412678203,0.2719814165334087,-1.1227670435553323,0.1084471848191395,wave1,0.1441240508275192,0.1623114391961842
674,1.1786207190533438,0.5581054631868798,wave1,0.335837021468647,0.3194648510393376,0.6800904101960255,0.7937773820233875,wave1,0.3455201524765727,0.4155777458415097,0.7888489856033862,0.2553240687136937,wave1,0.220403552862074,0.1418678106320565,0.878178092674881,0.1989463436786812,wave1,0.0950220635237401,0.2712608138468962
675,0.1237622863048039,-0.4828957827296853,wave1,0.4382302941573341,0.2060414956281884,-0.06565673513298,-0.1722956443910153,wave1,-0.1114938112858534,0.25887923766855,0.8751194391039568,0.0444166845645948,wave1,0.7344124357496029,0.2762070000682191,1.0625378310963096,0.1713983518773111,wave1,0.6931093255544248,0.1832074028605331
676,0.6537935751841094,0.7507345329532895,wave1,0.4480320167833755,0.1824503254315428,0.7183141832785953,0.616123086625709,wave1,0.2840076718587061,0.3177783447555427,-0.8762550251790886,0.5872145436054417,wave1,0.4051625935474143,0.0496080828661555,-2.342021803251091,0.372952885354165,wave1,0.2791728982995962,0.0691329475658132
677,0.3119637475523356,0.1717407658451146,wave1,-0.320300030813085,-0.0135034085254099,0.4811911084940366,0.234989571117304,wave1,-0.0994371437205507,0.1994518568634717,-0.331010447722538,0.1513582522974729,wave1,-0.5007982132688106,-0.2933324069752915,-0.5952677262333546,-0.0772614071534157,wave1,-0.6217096273294456,-0.4108937755767082
678,-1.6956630487232007,0.0179841815924783,wave1,0.5090491826786063,0.1854885750199735,-0.3567209557042298,0.0105746179914025,wave1,0.1712811455693765,0.592247006490314,-2.375560935650855,-0.100545248815412,wave1,0.4268644646170539,0.1406624499921515,-1.7996160641156769,0.0110513687725549,wave1,0.1992263423411789,0.1424033634425981
679,0.001563488120824,0.7329676450971423,wave1,0.5137555195168622,0.258208391179501,1.4532532699031897,0.43737547880289,wave1,0.4166292207895004,0.2953362893599855,0.9864107361303088,0.5801904289537341,wave1,0.4346315243300307,0.2953345889207452,1.032346853353451,0.6513730202855879,wave1,0.5498644175954679,0.2755989093773459
680,0.5348016283315385,0.4794097293322998,wave1,0.3547248976820549,0.4704681608076435,1.082023534773629,0.4894645801025887,wave1,0.3061866604383298,0.5141855124329429,0.894846680442446,0.4569237836819024,wave1,0.3619594244138058,0.3687877876988319,0.791296332428208,0.355492227621376,wave1,0.262322633416965,0.2047876419123062
681,2.2004401701651743,0.2795333076576147,wave1,0.2843487840481189,0.1257361815084157,1.1644439344771784,0.2897873838447307,wave1,0.2283931192002781,0.3696065340411478,1.2906827495382425,0.3609251541354796,wave1,0.3399758994372155,0.1272855418019995,0.46892220176794,0.2639942740204088,wave1,0.2140282663125101,-0.0484334878891856
682,0.4470855404682254,0.4414460890304095,wave1,0.2088950443327826,0.3695785318161622,-1.3305291148512657,0.4558047917396042,wave1,0.338835392893825,0.3955567707413583,0.6004822851825369,0.4523976261917971,wave1,0.2982740475337492,0.1605809823048899,1.0572474186045246,0.2807791508234053,wave1,0.3286626784575116,0.1283264672224416
683,0.5005256190587838,0.3187706283829703,wave1,0.5600336562395833,-0.1524267273214192,1.0504566028442917,0.1071608924055242,wave1,0.4748101450350239,-0.0289060427598182,0.9869038678512132,-0.0087804790630818,wave1,0.3709009016277602,0.0294637288982322,1.0382524155701105,-0.0786123070017694,wave1,0.4646232979885383,-0.0243273314208328
684,0.5887009286154449,0.073120107755543,wave1,-0.1110761055580527,-0.3697348084211156,-0.4154599897013635,0.0007425614559168,wave1,-0.1026792795836348,-0.2901635492210939,-0.0741938883862771,-0.0256278864473959,wave1,-0.1519685529667085,0.1348517466907575,0.1586122740354188,0.0372541720486542,wave1,-0.1574315879657156,0.2171411407036657
688,-0.2800445810380735,-1.0138397982600158,wave1,-0.7001626287807778,-0.1778222967359122,1.3556155583832383,-0.0705355320667691,wave1,-0.3228653336219131,0.0899702400489601,-0.6177429112763283,-0.5211975018267838,wave1,-0.1162320430976022,0.1236346189831147,-0.0270824021836097,-0.2670376339833973,wave1,0.0691741654591979,-0.0160049538222402
689,2.270404152912519,0.3137731261583991,wave1,0.1584493363752539,-0.5188687035026085,1.454020324219517,0.23228597262075,wave1,0.1789166888922559,-0.1601869201263579,1.4992793728008604,0.2612621706142408,wave1,0.217896113003368,0.0356787297352534,1.427157178840417,-0.0192778465703154,wave1,-0.0056964484627522,-0.0561331683369888
690,-0.8575555460526478,0.4301467084499881,wave1,0.0941901304522416,0.2687279596842162,-0.4251039819123543,0.0968185596101871,wave1,0.0146038314155678,0.2390857119471479,0.5964425866062212,0.1946609694032883,wave1,0.0786071276592978,0.3800572756118721,1.2523165914024297,0.0200573497356712,wave1,-0.2740164050222129,0.0142182212084286
691,-0.3722137521328306,-0.3053340631554495,wave1,-0.0813179020027909,0.0524974612075106,-0.691715003999867,0.0046244596443336,wave1,-0.1895127612848959,-0.1322091655283379,0.0385125795027624,-0.049847712725686,wave1,0.2146756870628039,0.3267680561724375,0.5884032094881789,-0.074571616269983,wave1,-0.0362920640371904,0.0429289085985799
692,0.9222816072993246,0.6287101660413761,wave1,0.318611271729353,0.1239665024777605,0.8588781992085986,0.4970313625883733,wave1,0.4516226330151194,0.4825432871998134,0.5466565996517295,0.5643542824014859,wave1,0.2878918633093951,0.2428098624422329,1.1917879883397946,0.5339259956032663,wave1,0.1068249243947551,0.2659050777182756
693,0.2834037091618798,0.055264633779561,wave1,0.6072929425418763,0.6407928588576444,1.0730809241452914,0.1944880384179861,wave1,0.3682955871947826,0.4603497652870667,-1.3615719677942146,-0.1790489468512732,wave1,0.4659241776399585,0.4946651412649334,-0.2920583629747906,0.047166453631604,wave1,0.330527835767266,0.413741317943435
694,-0.0763679567744198,0.289393129786136,wave1,0.1042011251690695,0.2572823878484191,-2.292905753925822,0.0750336857727653,wave1,0.0946769056377083,0.3876403736416491,0.1648412895102608,0.500793422793564,wave1,0.2555700478059353,0.4611771423449213,-0.4438214697314612,0.2648933510596817,wave1,-0.0613298282343646,0.2453188606205197
696,-0.9265245164865292,-0.0702862889202988,wave1,-0.0075477360624855,-0.0186774608363207,-0.4689185205175366,0.2455691879490489,wave1,-0.0148669796685645,0.2314992698921387,-0.9542369933789184,0.1001539398080897,wave1,0.1127806538380435,0.1293891031134997,-0.0899570675144695,0.4634018827875684,wave1,0.3409847047579525,0.2181536493581365
697,0.0869568527107737,-0.2663161860020935,wave1,-0.2832868284488024,-0.3484876106091392,-0.2630683878250147,-0.1750051099392597,wave1,-0.011897994761288,0.2372809500051358,0.0035422152075533,-0.2106085760171088,wave1,-0.2375465906521698,-0.368086482478648,-1.0180418826101818,-0.119341538498242,wave1,-0.14629790489849,-0.4021287396274624
698,-0.5706121916483736,-0.2172514275866435,wave1,0.0742410604282857,0.4975135532618568,-1.30168046565741,0.1192198860427931,wave1,-0.095441771993364,0.1657678460495906,0.7607469300855703,-0.1003523887359778,wave1,0.1604211879823218,0.378493269169373,0.2841374491118547,-0.1056087095814324,wave1,0.1707795457904249,0.3153989601860587
701,0.9165787128331264,0.1323806480488389,wave1,0.2105548625109561,-0.0712198318071415,-0.9577956811015128,0.1878798985338785,wave1,0.2852347092812426,0.4972764361022337,1.1660264152246127,0.0445139119658222,wave1,0.2769341965183765,-0.3157253674082549,0.6635655048190469,0.0540180935625519,wave1,0.265668085442848,-0.0763948370246542
702,0.0100696066811171,0.2004520046211682,wave1,0.5460313764145908,0.8884283221680955,1.1595446085011976,0.3642826655625393,wave1,0.5138238243667812,0.6854418965566207,0.3853025077318023,0.2692218156914308,wave1,0.50625233648339,0.637895251040177,0.2386359219826877,0.2862858633234422,wave1,0.4080010074165634,0.6101495642772816
703,0.2398380941080633,-0.5924232359278656,wave1,-0.3023945366118046,-0.16712328302188,-0.1866210404907278,-0.3658615998738495,wave1,-0.0845024763341362,0.1852879481359512,-0.0491908006761427,-0.4875933712353638,wave1,-0.3208816096686041,-0.2573571229786929,0.0636769682870368,-0.4999712545927656,wave1,-0.3131762867620949,-0.0815890742728614
704,-0.0783154593324184,0.483705534450209,wave1,0.2899294384496911,0.0461229739157436,0.880813362943181,0.740899028736578,wave1,0.3839641110476497,0.168707859580927,0.4105867101983516,0.371492478841578,wave1,0.0717478359650699,-0.0611256663375451,0.666052598578254,0.4878523676392021,wave1,0.3390513364525109,-0.1238503324886098
705,-0.8565649088305785,0.0343814895022087,wave1,-0.1670991371780883,-0.2719498646125311,0.0722467941711551,0.2068098355116163,wave1,-0.0069755852871236,0.0493191534727397,-0.9747636240627116,0.4377511221927259,wave1,0.3306160290594062,-0.0102874315361527,-0.3127353553072531,0.4244237166660404,wave1,0.2976020378079058,0.080081783953467
706,-0.2136108370686879,0.0736587436783726,wave1,0.2062901370001664,-0.1030145665958368,0.0230457803981844,0.563645224629832,wave1,0.5618044341113257,0.1115728089680503,-0.7166947793662309,-0.0312219476645352,wave1,0.1618429253374707,-0.3182472647510428,-0.8260616081943194,0.2687708751777395,wave1,0.3938130806329462,-0.1896341792516347
708,0.3874998842420193,0.431518554962689,wave1,0.0825428688544434,0.1825574508824405,1.2923568968822066,0.6931743750492712,wave1,-0.0241514756155933,0.2133805153616981,0.4339872949334565,0.4664949514327096,wave1,-0.1096595212784173,0.2428058047515408,-0.038113529199773,0.5492116721329802,wave1,-0.0269888405117039,0.1023161220558238
709,0.7296477911769848,0.5798327346267427,wave1,0.2783461349483342,0.4037924736105371,-0.1310660508455484,0.5511686836353615,wave1,0.6212852458420464,0.3971426397813842,0.6011235728084506,0.3908607238235109,wave1,0.1199644115857756,0.4375811008221628,1.0663703084470173,0.2874720917171393,wave1,0.2319073421842609,0.4534976196725794
710,-0.2061040660615513,-1.0438482198576866,wave1,-0.4296273863986231,0.0577087173717123,1.1900412310609938,-0.2505137315100052,wave1,-0.0897923866361991,0.1990040365661483,-0.3920311869986038,-0.5572072240376835,wave1,-0.105876181078421,0.3717588712203001,0.1329417822514845,-0.2903505036259878,wave1,0.1120270333437692,0.3728266756130874
712,-1.036061343843484,0.3833741168908684,wave1,0.1652881677840612,0.1985634566263279,-1.421283876877331,0.272355337807685,wave1,0.0806717406083774,0.1746120423451165,-0.416162830964232,0.071607382200538,wave1,0.124313058707695,0.3229004799854484,0.130118386272748,0.0725880883596444,wave1,0.0238917402760446,-0.036048361091345
713,0.3744210458572145,0.3227441186404234,wave1,0.0857571460089552,-0.1812816504483123,0.789476581316552,0.561710002763617,wave1,0.4290672107284234,0.1956654624253175,-1.694433932544562,0.0953726032125299,wave1,-0.1755187977941905,-0.3763592902572736,-1.6445249426410198,-0.0191704054894815,wave1,0.0169462325558685,-0.3316978818670774
714,-0.0197176164516392,-0.0944735518712365,wave1,0.1190697056329055,0.1366273091543202,0.2749429556013895,-0.1376903206373541,wave1,0.3926556522388682,0.2920111966309742,0.3074011761988224,0.1609216088343843,wave1,0.2653114600332795,0.3689799596070844,0.279578747527636,-0.1180161471789366,wave1,0.1405008802849864,0.1537384981503103
717,0.7152202154832608,0.6315880836932826,wave1,0.2392438381111603,0.5413372050626883,-0.4603692587710823,0.6999646851548551,wave1,0.3591164301317424,0.282936971732302,0.6074761304037555,0.4337247635893728,wave1,0.1999854694022991,0.6371098065528069,-0.4401078691858815,0.5298323614413379,wave1,0.3783652453753839,0.4448226997010035
719,0.23070585465005,0.0665191653321877,wave1,-0.0857960367009267,0.0447601716170942,-1.616831525114194,-0.1936266393616375,wave1,-0.146797757184697,0.2235849113286714,0.2382962788155759,0.1987400760427706,wave1,-0.1662273806389858,0.1988848794415925,-0.9576548984516632,0.5777304386647345,wave1,0.0828749725754035,0.4551624055047777
720,0.0619501681021813,-0.4662784849418644,wave1,0.5236110588526852,0.5304468357613015,0.3909626018418252,-0.2568830694033635,wave1,0.3230744930190055,0.4433592975607434,1.3658287846310406,0.1942935791932081,wave1,0.6883771718263159,0.4303934390909649,0.1168569467734563,0.1552721191306156,wave1,0.5635584884177898,0.234880269786017
721,0.4382549474585524,0.6532006679879074,wave1,0.5570071670411034,0.6792009823928915,-0.4836695382252872,0.458302396214274,wave1,0.1701066255167864,0.0445403035392044,0.7584243351541391,0.2509963320097476,wave1,0.3814566839181076,0.6579304579587425,0.037591540058454,-0.1229586790048381,wave1,0.0571083529554346,0.2806055633883347
722,0.41504465237491,-0.6400228314383152,wave1,-0.2061344395882298,0.4408236376622239,0.1599985408515482,-0.0494614868899618,wave1,0.0395493519176828,0.3329774813957316,-0.2253216312187283,-0.5013212956123783,wave1,-0.029103613532061,0.3524313398677139,-0.5132361074276967,-0.3703774189141582,wave1,0.1916362966867192,0.2292434497143475
723,-0.2747276851654738,0.4076602885153262,wave1,0.6369825435592626,0.677797931883203,-0.0720680713859651,0.5682165315923478,wave1,0.3169878585945624,0.5164447653103152,0.3507731927870833,0.1263220398425062,wave1,0.450246787235721,0.4526752711704529,-0.237245976859685,-0.167104385484442,wave1,0.05915061180193,-0.031317658392633
724,1.0351322527636333,-0.4829238626356624,wave1,0.2422698701901429,0.2847875713868295,-0.6097796653244606,-0.6529057942217507,wave1,-0.1550491705860293,-0.044222925357122,0.6383349008314505,0.1341335385556553,wave1,0.5171128725228938,0.7993043559106611,0.1205198656921637,0.5420017743807202,wave1,0.6232138871045392,0.6258683023860019
725,-0.543503571308824,0.7335499252527706,wave1,0.8191214529950528,0.0114381800908798,-1.1833745155916322,0.2566435134872402,wave1,0.5561005986850476,0.1327387797643484,0.3616596119712068,0.4400441135337711,wave1,0.548657324344886,0.0812456082983974,-0.2238137160004174,0.3918933014653228,wave1,0.5318962617238409,0.171582203886709
727,-0.7530336319795071,-0.7827599164605452,wave1,-0.0793708319196158,-0.4716287637015957,-0.270346920461232,-1.0061634461968,wave1,-0.086284606250315,-0.0419559495580383,0.5952257931622548,-0.2531616534048604,wave1,0.0081612650190914,-0.3466628615195923,1.0557594280146465,-0.021622369498074,wave1,-0.1538485677754543,-0.3312599096447931
728,0.4627833162096065,0.3046452296861237,wave1,0.2040049447221106,0.1335776428976425,0.7794642258258063,0.1026228053906508,wave1,0.2240487458455375,0.0033208294560753,1.1467936373769276,0.2411566972959126,wave1,0.2031783547672411,0.1861159327414391,1.022559675392709,0.10486852855979,wave1,0.185692571053525,0.0895491576549638
729,1.0610500685465434,0.0526996067351477,wave1,-0.6454935973002869,-0.4798929831351259,0.6614953095579399,0.304791333693025,wave1,-0.1665768232501951,0.0494186565262495,0.4620003807016907,0.2633394477369322,wave1,-0.3821871342700169,0.0984300461002551,-1.5864744252337653,0.0874853060748533,wave1,-0.2189216745433616,0.002159498250739
732,-1.697758722858099,0.3439148117578665,wave1,-0.101345928180129,-1.3642979660943078,-0.853225690020275,0.4961955353586844,wave1,0.0761916341629176,-0.4139930376876448,-2.1248849080844168,0.2394993708945136,wave1,-0.0373355783006363,-1.0430374331327117,-1.871321448758931,0.2302778117436935,wave1,0.0306443287056596,-0.7580098336241947
733,-0.6348342382258693,-0.2163025151871174,wave1,-0.4002144158214273,-0.1990583034004001,-0.8521224686118964,0.2288100633336265,wave1,-0.0284902762595566,0.4206054133295045,0.6438487775062766,0.1616631337864645,wave1,0.1207868079637523,-0.0681554837581422,0.1856391161694036,0.300038955122338,wave1,0.2291855940074022,0.1252352982026524
734,-0.7226260368662656,-0.2010242539514066,wave1,-0.2058630983010327,-0.334450488588107,0.2175357822169593,0.1493892953650171,wave1,0.0458960243753598,0.3003675258399747,-1.8543730571152597,-0.1708108094342151,wave1,-0.1808753602777879,-0.4601828818029534,-0.2145767620564246,-0.2342087952037072,wave1,-0.3577436995720898,-0.4088103549550604
735,-0.5918434487552564,-0.5245491840335814,wave1,-0.2446028061444389,-0.4467155698853211,-0.7081693752309907,-0.0823300966115758,wave1,0.1317658810851898,0.114342687540458,-0.8509986661546952,0.0287547122677817,wave1,0.1771475863923503,-0.0497337439484888,-2.149468511902773,-0.0569988697027709,wave1,0.107870375024864,-0.090287163365721
737,-0.3927667087275714,0.347688009619135,wave1,-0.4719081491014392,-0.0740185579537391,0.6835547079105361,0.1311409059702004,wave1,-0.3159168478879657,0.0899181573847052,0.7245578362906027,0.312969859885602,wave1,-0.4309090529406024,0.0765229801604244,0.8498721953116603,0.019704674356544,wave1,-0.3189929576486954,-0.0778172541445705
738,-0.1676114152326645,-0.45256825632605,wave1,-0.0321651732674461,-0.6401290932869066,-0.0726091568875662,-0.0503989614150885,wave1,-0.0100294514650161,-0.4629732530045591,0.5779748265328527,0.1234672049849849,wave1,0.4194917077445994,0.1290697097347453,-0.0976625655581747,0.0005116049157247,wave1,0.1752871106800723,0.1162330495062786
739,1.6626558907838234,-0.2520138662787847,wave1,-0.0186271736252099,0.8886220582239346,0.0416151894049789,0.0900859090941268,wave1,0.2659727260033917,0.739870870798875,1.129151154438677,-0.1706312378107991,wave1,0.1669617288588095,0.6949030308984058,0.2628669603237953,-0.1191938695778675,wave1,0.0699201070996378,0.6296806991674134
741,-1.1371365721744522,0.30756931979393,wave1,0.026163465243413,-0.6008135430970625,0.26435859536141,0.4979631339838559,wave1,0.2438514762044912,-0.0506030728985353,-0.4479408825044345,0.3214098847708797,wave1,0.1221469563327288,0.0580013231099267,-0.4447518737513654,0.2005003814405518,wave1,0.1986324665133255,-0.1133190572184449
742,0.1371130365629203,0.0298318253740448,wave1,0.0482875241359428,0.402795812067279,0.040507798285421,0.1551807740510233,wave1,0.411503113315335,0.4510603458465256,1.152369241338896,-0.0634709399953413,wave1,-0.0628259717005225,0.4453910465753016,0.5856084405110262,-0.1326691756233805,wave1,-0.075806948204552,0.4384064186012699
743,-1.7001008197331389,0.0098458088628741,wave1,-0.0572872273960336,0.2822607948119864,0.4549280228449606,0.2081712022683568,wave1,0.1157777523623035,0.365993224901791,-1.504318961274504,0.0861427427407596,wave1,0.112343805460603,0.2099032691528387,-0.4278865959466086,0.0354628597689392,wave1,-0.0133726511234091,0.0658462267266408
744,1.8001406814351733,0.0826563225806755,wave1,-0.0383316371970816,-0.2826348300013266,0.3596036994215825,0.1440212909372349,wave1,-0.0611485299105758,-0.0438923429882807,1.5243446287129307,0.1220090494998955,wave1,-0.0970363315367892,0.0008389138312114,1.543885000914985,0.0748854429301517,wave1,-0.0875196444288236,-0.0363730652586014
745,-0.9555427377101956,0.0946117046362515,wave1,-0.101346453872372,0.0806799767005883,-1.5813722862006654,-0.1262820515311624,wave1,-0.3827487940395355,-0.0399671086155948,0.7525681457264696,-0.0009625808104741,wave1,0.2046763747119971,0.107455102165206,0.3910585989366298,0.0565015313119753,wave1,0.1845891552793907,0.2808824459235228
747,-0.2519771543930147,0.4921842302784509,wave1,0.2238428666536513,-0.0812552148190968,-0.1045491055618746,0.1797762719616884,wave1,0.336533594049732,0.1758525606331022,1.0955098415291094,0.3419404529254938,wave1,0.1042071067005406,0.1966307533246741,1.1169524739590746,0.1761048213238185,wave1,0.0662896488788106,0.1794859059272095
748,0.3396335870820697,0.2116777819553337,wave1,0.1917767659579587,0.079954674485037,1.1144711417437183,0.1585792363194806,wave1,0.1130237004853011,0.0919468890150085,-2.447296975272383,0.0777083465874901,wave1,0.0769423955851857,0.1455334572234945,0.439045395501308,-0.0061874800987969,wave1,-0.0848079958504955,0.0226720477590335
749,0.991507302051264,0.5721959267443859,wave1,0.4647339846499272,0.2259991687760032,0.6879404983634142,0.3029200430954437,wave1,0.3388136778447659,0.5492911516681669,0.1297544387735013,0.6959712340293582,wave1,0.6472265346890915,0.243306520441799,-0.1014209675379388,0.6308621133709487,wave1,0.600959139716414,0.1933197856509814
750,-2.588767523548626,-1.7262443869191957,wave1,-1.4798177385695583,-0.7426551428462795,-0.2394657269144858,-0.5296850210398136,wave1,-0.438676673977691,0.0089116973302902,-3.368944102623498,-0.8699481808456814,wave1,-0.7496232899419061,-0.4623423333366786,-1.2574488478908434,-0.531467874154873,wave1,-0.4196607105068607,-0.3798911903344296
753,0.3816193637324298,0.6184525298011843,wave1,0.6288643624150017,0.470752686855985,1.6489771626824776,0.9050967291298476,wave1,0.7133499987693035,0.7088883140548738,0.3788263655347716,0.3852684589324721,wave1,0.4095742106072549,0.0784868055442814,0.9253132651389664,0.2414614625003499,wave1,0.2712426242200562,0.201857511271777
754,-0.074034847056088,0.360863078599223,wave1,0.7286032534635234,0.3382961656927594,-0.1033071710516798,0.3343177231523255,wave1,0.4052543802467809,0.3861788682604339,1.425086288779994,0.6464970704183237,wave1,0.8388096821049098,0.6092921137499245,1.458766458349655,0.6720629321910886,wave1,0.8388683913871228,0.730545164954357
755,-1.9264545493488576,-1.206098344706711,wave1,-1.7651409587660618,-0.9893881133323984,0.5575403769851848,-0.4935881812317431,wave1,-0.4866628173486631,-0.3381134315839278,-1.282223354896092,-0.7626841796000184,wave1,-1.0262418222516012,-0.5656227327633657,-0.5999024439470042,-0.5220856095778326,wave1,-0.8028980913548975,-0.5111214784641127
756,-1.4744315054347312,0.118769560806919,wave1,-0.1164244140390455,-0.4686544320903238,1.3616394749786,0.0248293287566068,wave1,0.1645558048915698,0.1305463341841157,-0.9697164704627664,0.2538746711450763,wave1,-0.316692655776617,-0.4417092931491144,-1.9153390461063495,0.2710037269321348,wave1,-0.1579481644475251,-0.543518136528466
757,-0.539369545352874,0.5367975667624019,wave1,0.2417757163811904,0.2275357761075294,-0.7972315590084812,0.5652291829749423,wave1,0.2929543103574827,0.0003494397215235,-1.2966425877902283,0.4420575610465935,wave1,0.1186017715046923,0.2566735245417109,-0.6302383905480992,0.2874741378415542,wave1,-0.3727112619171144,0.0002336697785803
758,-0.7691389625165032,-0.0940641606355701,wave1,-0.3050457565124129,-0.7378311849240913,0.96473003986299,0.3196057462047692,wave1,0.0075711005586445,0.2436038650912428,-0.4092239973321753,-0.3919813978630682,wave1,-0.2599884985975622,-1.059453668666178,-0.844621652944904,-0.2228982366065041,wave1,-0.0573575074716413,-0.9327090741942624
760,-0.6529444068265577,0.0448345769250762,wave1,0.4285662676907094,-0.1389516734631664,-1.1278327653078248,0.024747800011287,wave1,0.1125604611816242,-0.127644070752372,-1.197187058330397,0.0714010833755752,wave1,0.3493230434126207,-0.1367466498849449,-0.76294139175767,0.2323721630205112,wave1,0.2809827951317568,-0.2875612667063979
761,0.6270386640883623,0.2765561968881003,wave1,0.0841187838074843,0.7328259591580384,0.3958046373713091,0.1933371733895819,wave1,0.1042627192489868,0.8932616739466273,-1.5211201671411685,0.3033266704042624,wave1,0.1572347121685252,0.4621532265469169,-1.1013051489127594,0.0843278951639396,wave1,0.1369952945346725,0.1816050529142382
762,-0.1350726508509649,0.7709337386867632,wave1,0.4772927461404506,0.2693974802113263,0.307706108642805,0.4202117826620359,wave1,0.3888379296410822,0.2832885810874248,-0.3898456089070192,0.4144288118976279,wave1,0.1857881567144034,-0.0434222506708249,-0.3401983117612322,0.036754174891756,wave1,-0.1170289361930321,-0.3604807028940689
763,0.7412282129266284,0.5828148674541449,wave1,0.0666826688978226,-0.464709281257913,-1.2551933581597945,0.0549353844108333,wave1,-0.3231189778802625,-0.1373549069669351,0.1349824204413947,0.2727508694751912,wave1,-0.000878133248491,-0.4152515556689669,0.3266868213593975,0.1269634893711114,wave1,-0.1309761844339184,-0.3896165478214694
764,-0.2875515096289279,0.0537046497017548,wave1,-0.2130426513993044,0.1504160715383129,0.5149253084975672,0.3280361716690889,wave1,0.266299916063587,0.5847566857070492,0.4362472598091174,0.1531453405648375,wave1,0.1394778274612487,0.4827396002899409,0.4229946949645205,-0.4643158510804901,wave1,-0.4261334251826243,-0.1498332643672575
765,0.4949732430483453,0.305590870633504,wave1,0.2284537463618074,0.6375437817919622,1.2427457661934385,0.3819083631282023,wave1,0.2835215792549275,0.3856190255592406,0.0633153998205535,0.2922101331173812,wave1,0.1349439917873509,0.5069232366728194,-0.2019584642464813,0.3136100718773753,wave1,0.0827974222184089,0.435859962642537
766,1.8262610711798808,0.9760692304839091,wave1,1.161663630210389,1.0848241821880862,0.3937256406178051,0.7042532863435333,wave1,0.7277978499281845,0.7906993094248467,1.1880012635741637,0.8480497519778072,wave1,1.0014736708281655,0.8723401175086374,1.0998388932522538,0.7014735708065912,wave1,0.9718499324412064,0.7704497189215348
767,-0.8191389007717608,0.3838876048771285,wave1,-0.0097886824086597,0.04862104724485,-2.39266703522957,0.5650061168040779,wave1,0.1273827371700022,0.3845971501900731,-0.4786224637062016,0.0432253002382108,wave1,0.0279885259081931,0.0070120213777395,0.0904891794408826,0.0487729835087676,wave1,0.0155236743915424,-0.0780521873392016
768,0.8778419738490281,0.5503819399024601,wave1,0.6722814834977995,0.7931735348167956,1.1855128564390052,0.2280665712618026,wave1,0.6092294577798028,0.4395608483969668,1.0532167527273897,0.6236498566124813,wave1,0.5136764403647276,0.5056305090856177,0.8297750879809328,0.7109615210804721,wave1,0.7012422481239304,0.5953641710350346
769,1.2264084250284837,0.248493835818272,wave1,0.7978010885968303,0.7071551372205882,0.3648160563712405,0.636935594043877,wave1,0.717584558392883,1.0424550233466627,1.5785076728456913,0.4101943917434735,wave1,0.8054044572224229,0.7148484280676805,1.0549137751761573,0.7867142017807197,wave1,0.7679622769600313,1.0785299672045716
770,-0.1445841127644184,-0.1746002694154915,wave1,0.3433834404904781,-0.2169624329874735,0.4662408806926461,-0.0616105466347471,wave1,0.172977013038126,-0.2166926032459377,0.0765452791036823,-0.0551581207741931,wave1,0.5262871593593303,-0.3434510772653378,0.7605690704784392,0.0372241107388578,wave1,0.3966954460933389,-0.0978130428814636
771,-0.988920960887603,-0.4308964341701102,wave1,-0.3452935634036711,-1.038037673419817,0.1282025159109373,-0.2112276471114496,wave1,-0.1746052939419449,-0.3858526671290956,-1.1212660829942966,-0.0336811638385659,wave1,-0.1901953437178782,-0.6893931765507988,0.05049801368673,-0.1903894068565166,wave1,-0.1383304611650038,-0.452544199391689
772,0.7622237198003052,-0.447002180632595,wave1,-0.4685655509897297,-0.0834069570141617,0.6880325643793003,-0.3512597881046224,wave1,-0.3756713585171189,-0.2629007897413637,1.4367591657992358,-0.1747909904096898,wave1,-0.3358010115488123,-0.1859242100207476,0.9241254467130036,-0.0337217203275999,wave1,-0.1760560208983593,-0.2211921033028095
773,-1.2956976945301577,-0.7583233859712961,wave1,-0.2504545742234905,-0.791018676056058,-2.1375296081193538,-0.279415816573485,wave1,0.0236301977368054,-0.2582618880276732,-0.4591438463000826,-0.4985090490100885,wave1,-0.037996670874121,-0.5881073312859348,0.3365989971746341,-0.5315724687477004,wave1,-0.0794574416761748,-0.3988375648893729
774,-1.9359353197832012,0.3192526147193537,wave1,0.2878958718513376,0.5410133065297673,-0.8668142804270894,0.2373424194519926,wave1,0.4542041850754059,0.2922842768025755,-1.3247075691549062,0.0791734674667108,wave1,0.1918789693079488,0.58338204862651,-0.0034126849677433,0.2813991836694125,wave1,0.4318010751820509,0.7097194398947417
775,0.0350322913072084,-0.0968818528177939,wave1,0.3052030173297755,0.228912204277222,0.3127182708854414,0.2828516702925181,wave1,0.6312694760570243,0.5336414154015252,-1.3514710885785968,0.0884186798954949,wave1,0.1919208428726424,0.1516236788655098,-0.1768908616793142,0.1183788440468734,wave1,0.1920262735530654,0.0805293307568929
776,-0.8917878311170935,0.1240189012825818,wave1,0.0985456156334216,-0.6912916276268153,-1.1607467511360925,0.2135557314007616,wave1,0.3586382687196332,-0.0245029991390937,-2.22452491631586,0.241221192309203,wave1,-0.1274373514265977,-0.2629292887506739,-2.804616622468107,0.0271982835256736,wave1,-0.1770224710196551,-0.2268485383684864
777,-0.7116370386022395,0.164932149400919,wave1,-0.1404464910481544,0.2562882638120181,-0.4572936841552422,0.3364316629363115,wave1,0.216841990692634,0.4333679303000008,0.587886253863083,-0.0855005051050645,wave1,-0.1634853845518273,0.2304114384129474,-0.0698605738048657,-0.0623044137607478,wave1,-0.1182701366090627,0.1106198191930912
778,-1.0120521475651314,0.1205857878618257,wave1,0.3522735119855471,0.598381000837716,-1.0195783190620744,0.2852343903485348,wave1,0.3852580625652879,0.602690702402366,-1.455312447526345,0.1104722277180759,wave1,0.2202701459820309,0.3940234534279859,-1.396238459662554,0.0698019144115368,wave1,0.1363096000153911,0.3574208355267962
779,0.2724238542807371,-0.0411829247469222,wave1,0.1015858048222564,0.0195406266262025,0.8475860086286413,-0.0083033466680479,wave1,0.2473169770640086,0.0170753439772555,0.5210445414967475,-0.0612494944136179,wave1,0.0432217459716539,0.071690936678834,0.0605802970041917,-0.2423796106092977,wave1,0.0715403174993178,-0.0726405147192144
780,-0.0169723562853376,0.2685435518315626,wave1,0.5342455334455847,0.6388712017279958,-1.0048901828034624,0.2479340024605236,wave1,0.2765100166458296,0.1406862826120436,0.818591912592178,0.1544539449531367,wave1,0.4572765055556881,0.4910975782660096,0.7880166778653572,0.1452072638309863,wave1,0.3372185892370648,0.3010327758144381
781,-0.4531469943169884,-0.0891695185834944,wave1,-0.3843712576525497,0.0142201675497357,0.0009402208412589,-0.1218130359855502,wave1,-0.1130836462322089,-0.1099481656204248,-0.2313144081716279,0.2051523079154669,wave1,0.171443402056926,0.0269621740565106,0.1568841656094147,0.1634698551816713,wave1,0.074896089400993,-0.3684300569638399
782,-0.1758774491981587,0.6567889362690404,wave1,0.4713507603434961,0.5852210742177666,-1.3088511629433923,0.0870379795142892,wave1,0.2826272351988548,0.8171503301333884,-0.3763276257032477,0.5923920920130703,wave1,0.4552175282330846,0.3752695369387773,-0.6019599263753639,0.517969862720216,wave1,0.751326402039003,0.6431764013824169
783,0.3214311662421767,-0.1725042905014295,wave1,-0.2203592420182731,0.417605872260343,0.7841970038960762,0.1113138638878754,wave1,-0.3411537908612678,-0.1036644711071339,-0.4580863532993163,0.0458771300482293,wave1,0.1817441798390654,0.6340633161740498,-0.6167198647118232,-0.0018987044698708,wave1,-0.1276098488020245,0.3277572145692413
784,-1.9210381934840657,-0.5731323848867309,wave1,-0.4316086506390173,-0.6782883663938006,-0.3007207775794802,-0.0383944778982319,wave1,0.1816932766557677,0.0683657973556681,-3.2864832072644696,-0.3094193892012548,wave1,-0.3190393574519236,-0.5809646205973248,-2.258587664173492,-0.0930258608961013,wave1,-0.1625055859967061,-0.3353764327246188
786,0.1096867630777093,-0.3692824612389758,wave1,0.2195568810700472,0.0116215531795298,-1.448649997228057,-0.2421795984247419,wave1,-0.1596301054304421,-0.1068264720820391,0.5668084798432615,-0.1235921821357143,wave1,0.5016752707782769,0.300016084398227,0.6516212291000538,0.1365096275536422,wave1,0.5110904902705121,0.4240911374968102
787,1.2502279131654648,0.6366416067366854,wave1,0.8739622476648763,0.6495738569201319,1.0584396852262692,0.711061288994129,wave1,0.5499503264993559,0.8314163216829811,1.289472540233202,0.4835747484550355,wave1,0.8151871228866486,0.4494152471952345,1.6563739617490931,0.5943826930881844,wave1,0.6368790185152668,0.7299588309155036
788,-0.9870309122700672,-0.2310484867645894,wave1,0.0479388296844827,-0.1154279519520571,-0.9404214327917108,-0.3597230236996662,wave1,-0.4810463578642119,-0.4360387172480353,-1.9407334043360311,0.201047627834801,wave1,0.4581989924563143,0.2369628954122911,-2.9486202784384568,0.4451778691182954,wave1,0.5399530767932972,0.2500470159289736
789,1.1542868851632204,0.3725641915294198,wave1,0.5728824962453316,0.7164587658717594,-0.2244928427215752,0.1466627982751931,wave1,0.2405379609556948,0.0190434566591277,2.0046900354941584,0.4450001787596772,wave1,0.7455862121706588,0.9177694923255838,1.7951041358206974,0.3596473830467733,wave1,0.6396989235084828,0.6612531730184604
790,1.0186308574730842,-0.0033458033586708,wave1,0.2735779911421612,0.5946768054885188,0.0346085984495266,0.4001615749407299,wave1,0.3273582980087046,0.0490962297561345,0.9528228752953178,0.3946690954833646,wave1,0.4564186025448457,0.7268848211703841,0.1222317933573492,0.3723920078294564,wave1,0.3909384441203689,0.4244309783551975
791,0.2849333143416663,0.2985018928375753,wave1,0.2314328950508133,-0.1172265347965513,-0.1939913240299297,0.333491491440582,wave1,0.4076678050817657,0.2143955319168218,1.0956217136743134,0.4134228805268839,wave1,0.2498101410437757,0.2415504186274354,1.1402918484141755,0.3631430999535229,wave1,0.2658131022124609,0.1554965646961076
793,0.5003661795555935,-0.2975845392550489,wave1,-0.0253610180530372,-0.5074916381751355,1.0248847724931878,0.2567316069751508,wave1,0.2117668373837724,0.1142417946231666,-1.0735112079783733,-0.2048432897734962,wave1,0.1032313626605491,-0.3950892263912485,-0.7866275542380486,-0.2483359707819997,wave1,0.1866525825917094,-0.3301712508403583
794,0.4158011563138828,-0.0849193573744802,wave1,0.1501259111676562,-0.258751678716113,-0.67028621474638,0.1426141617238361,wave1,0.2666734049475607,0.1296549094210317,0.2163016541567968,0.0374672706692719,wave1,0.2259213943222736,0.0304360169976255,0.043963458993006,0.0415058569483162,wave1,0.2430658034148548,0.3275433722968032
796,-0.6208561794274062,0.2278508565492227,wave1,0.3427735673837393,0.287223030232584,-1.7927933878226563,-0.0194920116753793,wave1,-0.0170163199067006,0.2639687374496029,-0.447489388166329,0.3022896026450716,wave1,0.3243515237506273,0.3315958596309465,0.1893177618230512,0.1852326045447622,wave1,0.3238204740725362,0.3528489355589762
797,-2.5906887953936666,-0.100489171162311,wave1,-0.2313754432149437,-0.8739500338779256,0.2825601455687852,0.2744078065364355,wave1,-0.0963057090986674,-0.2756719555742495,-1.1277412864579217,0.315785575716734,wave1,0.1569103476992117,-0.1307063821800886,-0.7011632582237339,0.3230404530923643,wave1,0.3423072800653779,0.0382823303995865
799,-0.4009801869805905,0.2279944195980827,wave1,-0.0640558415163594,-0.3627363246662964,1.3634040435738026,0.4964768500230605,wave1,0.0573738197856485,-0.0716749472964981,-0.412626827620685,0.1650549714591913,wave1,-0.0706708853607058,-0.1706948939892654,-0.3325335250155609,0.2039210553609728,wave1,0.1516007864149519,-0.2621370368005503
800,0.6502723125929986,-0.3184560279497461,wave1,-0.6892409628116816,-0.1998151100626215,-1.1291469409547297,-0.0671698509645328,wave1,-0.2102552229863992,-0.107974953066698,1.0635129655250843,-0.0968587393613237,wave1,-0.2271075652224777,0.3327871810646182,0.6431957930541415,-0.0987065263136614,wave1,-0.2136516982966458,0.1132203434133637
801,1.594570747638486,0.207046338862354,wave1,0.7367443818760251,0.2717285733684085,1.01943030723423,0.0387605598255995,wave1,0.2505235783296968,-0.0718450433429898,1.3839900560553864,0.1519212094940378,wave1,0.4505111702020543,0.3494285942577222,0.2819277685091734,0.1123328681004925,wave1,0.0858640244499396,0.1665389838549805
802,-1.3466087193956806,-0.6310643701239378,wave1,0.1420422667599992,-0.9234691502864194,0.436557212546381,-0.2197384212931221,wave1,0.4977901751935722,-0.2868803245400619,-0.7558323573205468,-0.355403762352242,wave1,0.0797185715355436,-0.4345449469035077,0.1182328944169712,-0.0455129724813518,wave1,0.2742779661432838,-0.1174545453684889
803,0.604488559641668,0.2290384324510359,wave1,0.255398084226258,0.1884312871143838,-0.0945753398219576,0.2158429795032963,wave1,0.1694553535651339,0.1592412467420907,-0.0384159644421318,0.0895497911115612,wave1,0.1327600712065313,0.2615941983284677,-1.0232413646490814,0.2943484472843291,wave1,0.2843346156638253,0.2590996384466015
805,0.7510315941712726,0.3578010413405303,wave1,0.5269995454615852,0.0409918953054977,1.3413454983522783,0.134362706105735,wave1,0.2707282340280326,0.1055716851047714,0.6999254057338524,0.4380798350572629,wave1,0.5286482706944818,-0.1614956061536504,1.5774755477174969,0.2088937288342187,wave1,0.2616727591185858,0.0368702836574527
807,0.0736992736809781,-0.3478088214368924,wave1,-0.3328382117151798,0.0449879537095165,-0.8826586923052424,0.0840350726299667,wave1,0.1616115043152379,0.2479772819749304,0.2686290826068743,-0.0402230600899073,wave1,0.0124476354747655,0.2880788313389097,-0.5476831161210806,-0.0370351599329988,wave1,0.0102441770138969,0.0730644151278098
808,-0.215892541558392,0.7684097035652879,wave1,0.3977102962580021,0.2689094457279282,-0.1505166160858656,0.5773979563564784,wave1,0.4376843328942432,0.0832318995777581,0.3134018466369122,0.6280847451813718,wave1,0.2294326799853843,0.3198449264752752,0.5414045395694488,0.7327726296446615,wave1,0.32884239914473,0.3631824426264334
809,-0.938960405122664,-0.6973356315571513,wave1,-0.6347647594886405,-0.3241604228032946,-0.4500913665296069,-0.4558843252546078,wave1,-0.0690916219252781,-0.1418558824798639,0.5515350363418436,-0.5301383522278558,wave1,-0.488848713355809,-0.1084046558039104,0.601462525737465,-0.2885374954317879,wave1,-0.358865428534756,-0.0835412504115434
811,2.41939642276064,0.0988440680389295,wave1,0.2256073566146879,0.0129452580773399,1.5030564757547409,0.0327741889334354,wave1,0.3135273940963095,0.1702757475328624,0.6880577855807275,0.1998467788929451,wave1,0.2647116100428279,0.1158387133175908,-0.6459213715505348,0.2139937660737579,wave1,0.3562366191566356,0.3426980558048108
812,0.3594641687918624,0.0791546791391653,wave1,-0.2711937139271279,-0.0346627727059671,0.7133069248444607,-0.0252806263967764,wave1,-0.2571369027289838,0.1194105606016406,0.935769630690643,0.1961857612103893,wave1,-0.0004221386238091,0.1094987749035328,1.549985391509898,0.0916793692396613,wave1,0.0693696935010665,0.2202307453447615
814,-1.0508167075829833,-0.374736610850402,wave1,-0.8297537202704788,-0.8755955372419881,0.5716396569621246,0.2185586954559522,wave1,-0.1742458947988217,-0.3771170854103789,-0.30040205304673,0.0032056147064559,wave1,-0.4248722804021588,-0.1106401805361566,-0.6711319759519146,0.2123062647547114,wave1,-0.2318322632562081,-0.0390002957591598
816,-2.590219320984815,-0.4883308631176395,wave1,-0.6209108198145654,-0.5248072744246719,-2.140902044945475,0.2489062551212761,wave1,0.0176957086821742,0.0318306078992265,-3.4595419552836892,-0.4600548018116013,wave1,-0.3201199268713812,-0.2209953113561062,-2.5571075578630547,-0.5140625328632928,wave1,-0.3826027085053154,-0.1937823917450239
819,0.6865732003425608,-0.0618461528415779,wave1,0.1479651285851446,0.225367052373411,-0.9425358221672928,0.0095327281647481,wave1,0.2821435345740881,0.1132859085858566,-0.1508510219681781,-0.3351994145252938,wave1,0.0399313805877806,0.211491543929312,-0.9660940787614344,-0.3452193153178221,wave1,-0.0255655201727868,0.1219379391009685
820,-0.8722946003857185,0.1790643573442816,wave1,0.275310657790965,0.311492928941421,-0.5902253033671847,0.2714986050469674,wave1,0.2836529982973719,0.298466516649174,-2.3253168858901585,0.1161080911749616,wave1,0.1994081161758563,0.2010456668404392,-1.343333606976291,0.1723556808789115,wave1,0.1680268472979778,0.1570681088211208
821,-2.0369107330566307,-0.4068343207926936,wave1,-0.3310708711718337,-0.5469231205721599,0.0284000251661952,-0.1359635627451061,wave1,-0.1775366937530582,-0.0569628301713034,-1.62642666866089,-0.4508798708704389,wave1,-0.3298679585660622,-0.5022852484835441,0.3105556833914668,-0.1421785920931836,wave1,-0.0991977549919728,-0.157661454092506
822,0.6546366599813056,0.4948022303460626,wave1,0.6844864577921634,0.5037722259485826,-0.5084562894906881,0.4102846500602444,wave1,0.3819719602704101,0.6043925510081289,0.0136338325449084,0.6748203688215222,wave1,0.6673582563777636,0.6002865575510965,0.4153444479679273,0.5333822564838768,wave1,0.6125549832025579,0.5845209732936829
823,-0.0891231408270239,0.1626350899526167,wave1,0.1344631656336705,0.1872911787267219,1.0182152473030155,0.1874583648790746,wave1,0.1494267071759323,0.2353605797319795,0.6729137711759463,0.1207359385858355,wave1,0.201512306989295,0.2434390605418674,-0.1388166999932336,0.4822945900161567,wave1,0.4027933234289386,0.162142658021195
824,0.8917710778531477,0.3204083867661742,wave1,0.5812076326658615,1.1258198317848795,0.5102334623495296,0.144079015227641,wave1,0.2799747341560468,0.6449730633317601,0.5738582213878164,0.3936297806057078,wave1,0.4049184995947179,0.92033430772906,0.6073927567625924,0.1451149649372872,wave1,-0.0773781618893011,0.5586480824077821
826,0.2268974431014026,0.6028764804453104,wave1,0.2916476764461402,0.3958267333968583,0.3004817073668017,0.3669951269846243,wave1,0.4334644472010098,0.4163347256253722,-0.0248852251212861,0.3592513594735931,wave1,0.119438763137798,0.3996416028480447,1.1142996781549404,0.0649773053552985,wave1,-0.0482746369991967,0.5043008116847582
827,-0.053338796958872,0.5426523807522949,wave1,-0.1018471616297276,-0.1947030064336044,-0.741867294353417,0.6867353202716286,wave1,0.4804467312134537,0.2073352245996631,-0.4927091111940856,0.3207257158246737,wave1,-0.0325873294318901,-0.1751692050245266,1.0276138820100909,0.2046668739988075,wave1,0.1012853758684441,-0.1940620790195107
828,0.4553778199459562,0.1864328813138021,wave1,0.1096467778141876,-0.4570109976744418,-0.3054101140327924,0.3798472958293324,wave1,0.1037487183922545,-0.1846540577492033,0.5524689592308636,0.3550999747409457,wave1,0.2872191765468543,0.0465893113998258,0.1785039976055818,0.3464275451696718,wave1,0.2323783889573339,0.0381799531753296
829,0.1740597090637462,0.2815961250084016,wave1,-0.2786641835435401,0.5062484579248532,-1.0816100938865945,-0.1554694245548376,wave1,-0.1731131012200419,0.2819750621676822,0.1189657004042537,0.2578550210053804,wave1,-0.0795896488037785,0.1989218555104913,0.9407149744130024,0.0065525091289352,wave1,0.0176430026396406,0.2080343974878152
830,0.0009501806711435,0.4979536379861347,wave1,0.752249921608392,0.7642783970416633,0.1234720168794301,0.1425436535971136,wave1,0.2220180343191113,0.1174789457131595,-0.1016256881163731,0.4208367117767121,wave1,0.7443844136071305,0.742422769627832,0.516018633127057,0.4908744255724578,wave1,0.7791520792529018,0.6233394390581471
831,0.0629908546575001,0.2672890778707426,wave1,0.0988910339168609,0.1144747777014778,-0.0885661757536775,0.1410737419105561,wave1,-0.3112908037015272,0.2022780621969953,0.1497047291868153,0.371960899930462,wave1,0.2801610974387689,0.3465298928945362,0.0406837995249523,0.2452799743653498,wave1,0.0636729597211349,0.1917955706915975
833,1.0753660607378666,0.4042746719785808,wave1,-0.0029588035754608,0.3752242648865604,0.1424877145228934,0.3771445148740764,wave1,0.0669381493101262,0.3562912318144906,0.8058300971391057,0.3797773482813353,wave1,-0.0145210649720917,0.7382614244639905,0.967203412823868,0.3592694964943292,wave1,-0.1403662828157855,0.4887088891583195
834,-0.0690012332351151,0.6948188556068393,wave1,0.7513683730821783,0.2378560666639484,-0.7238296372865209,0.342320641046147,wave1,0.2274053782791918,0.0315195627636624,0.8591467903041873,0.7895648446919352,wave1,0.9584171595325246,0.5901972101694433,-0.0551732510476739,0.6804450250800971,wave1,0.8085723519916985,0.5618046441823934
835,-0.6155944790405344,0.4751681387510991,wave1,0.2844507093583592,-0.1815854984194667,-1.6620373540117364,0.1355361933785068,wave1,0.1008588718557634,0.0388840794109184,-0.2794000202860914,0.4492987585910422,wave1,0.1647888956757373,0.0475868935688863,-2.0577642015144773,0.4033643935734317,wave1,0.0649454102555853,-0.1149503285287354
836,0.925913728019754,0.8899266695410857,wave1,1.0279180378223245,0.7688966219676239,0.8962153147179089,0.6021912459640255,wave1,0.3903812244535238,0.443686970030027,0.925319922460333,0.9060008463677952,wave1,0.9480803588875996,0.6916737932011547,-0.3296392210279003,0.7941491718729518,wave1,0.7253155161020238,0.595855706036818
838,0.8526826653060395,-0.0039067504975407,wave1,0.0462025870499518,0.1346649342123282,-0.1693178558193393,0.1229348209978942,wave1,0.1551898682877499,0.2512924094994189,0.6845798769518404,0.006104323746551,wave1,-0.0433677474715814,0.2081959944848472,-0.3843803477803362,-0.1417196505892049,wave1,-0.1501409780614003,0.0895187318357941
839,2.090375759724631,0.3457670049555978,wave1,0.1223526482821142,-0.0302201724093313,-0.3513609273837668,0.0870983398671643,wave1,-0.2043355940088949,0.0120278885625606,0.9058492282706412,0.4216329937851725,wave1,0.3257958740645845,0.1192539604482191,0.77282855777843,0.4638119639593866,wave1,0.1740791628539727,0.2463868969568715
840,0.474651882079625,1.06301325808825,wave1,1.0404596524365186,-0.0334532318678786,1.616981418595719,0.7408218656369141,wave1,0.8074625052072335,0.0637793301392859,1.3257447456541276,0.7349765932633132,wave1,0.7658733351605784,-0.0790436844650499,1.875807509471636,0.8552426757349093,wave1,0.7828685262409033,0.1000781953066271
841,1.2590364454210583,0.4843177806138015,wave1,0.3028765813255565,-0.1304839415564536,-0.1540914520485895,0.4115641303245907,wave1,0.3349731045930835,-0.1396492452651452,0.4876942373123187,0.493875017011865,wave1,0.2670546821787477,0.2802000374018402,0.1531174904333208,0.5782780570703936,wave1,0.2690983724428337,0.2367402404837936
842,-0.1088758680045366,0.607204852575558,wave1,0.394219692528007,1.113697317394787,0.0390396475609386,0.3207500692209286,wave1,-0.0151028139787625,0.3123032080773684,0.0892477603414531,0.6139172310660337,wave1,0.4403646616230019,0.545189814255628,0.2611037590843879,0.1607805520403466,wave1,0.0789868810804276,0.3492973248383095
843,-0.3823515425801983,-0.0034772758990109,wave1,0.3986160979328907,0.1394275038472736,0.7791623837228229,-0.0364186853492694,wave1,0.1224312241511385,0.0092069180549312,0.6854094862100213,0.1557548496878366,wave1,0.449257332623613,0.499683125291997,0.2272485959167317,0.0445638461175838,wave1,0.4788519705202351,0.32656407193912
844,-0.796300478809583,0.7827637811676345,wave1,0.5467788026512019,-0.0350111998347968,-0.5256032169860643,0.3858521975057178,wave1,0.3050480062046956,0.056869339892958,0.4623566308411997,1.0941486928368702,wave1,0.5844013802275048,0.5486546796201055,0.6080619830780928,0.8867845555443264,wave1,0.4391011340743546,0.4090849065276928
845,1.4806910563973714,0.2993385770112788,wave1,0.8542181932719117,1.031336530996093,0.8391272388540806,0.4648296106491463,wave1,0.7282303826424301,0.619632185770878,-0.1303173218004653,0.189242866839618,wave1,0.5369106153058469,0.65477256994606,-1.2131703047383255,0.080687039144366,wave1,0.2466567658617234,0.4293397229496255
847,2.0772258142806357,0.7544489739578597,wave1,0.8436384034451705,1.0344840461827447,1.0726358722804956,0.2256553850661051,wave1,0.2152012630019169,0.3826337892811968,1.4062381178518828,0.6588645235826674,wave1,0.7740868634772188,0.8868311751152823,1.1357619478501049,0.4510743404730119,wave1,0.5654505683941384,0.5033836949089723
848,-0.892275815219399,0.3459732648602558,wave1,0.3585312308469732,-0.3529230663464355,-0.202514404459719,0.2634680934600439,wave1,0.4586698793678059,0.1074870960956968,-0.3804519049452376,0.2717127478938204,wave1,0.3404995362335874,-0.2458918469290572,-0.0399708067911721,0.0535313500530391,wave1,0.113137464526946,-0.3525067516502037
849,0.176268442982266,0.347148631155648,wave1,0.2452807642898502,-0.0102174023289185,0.2885524014160722,0.2583503547523593,wave1,0.0267439388448023,-0.0682722973519813,-0.4543789932537691,0.4247853226235448,wave1,0.4823412384129654,0.5176403360034888,-0.1195753346885228,0.3572524505480549,wave1,0.2113138423439903,0.2052448161916619
851,-0.1721234409060511,0.0041855382439797,wave1,0.1924563531422274,0.563553307492981,0.4666983263513367,-0.1641958283168769,wave1,0.0384008016821815,0.4331338449320008,-0.2992250964806994,0.1421755755746022,wave1,0.0994646406521507,0.140141000658479,0.7498877051248376,0.0260048020735054,wave1,0.1608508587681029,0.0810892446304471
852,-0.5426723419944506,0.3554151125851106,wave1,0.3045592413517062,0.3208451953176403,-0.0307458878812272,0.3339377114303024,wave1,0.184544409161421,0.5184142657910877,0.4272372649058164,0.2753241450598797,wave1,0.4484074460099762,0.216200037366936,0.5186998913538645,0.3756563860553764,wave1,0.2822770319369737,0.1952343738578391
853,0.2245976597826794,-0.4748122583863339,wave1,-0.0084404401790709,-0.3690777857261278,0.6145976579698031,-0.261788621190965,wave1,-0.2100537618840054,-0.3029263203493353,0.8697153457400614,-0.2879388559494811,wave1,0.2712258691648549,0.09562943931471,1.0693799275504514,-0.4412630418404984,wave1,0.121722488111798,-0.1256779020247714
854,0.3094971684276886,0.3490951125648625,wave1,0.0296822910917802,0.3124814579186807,-0.3042230984488372,0.0851608835158608,wave1,0.1011349568450963,0.2245588058259635,-0.1899914488932379,0.3057082539919349,wave1,0.1238780144698734,0.2482173389551445,-0.5577504173815901,0.199558853164935,wave1,0.0089261473979826,0.2171110006194251
855,0.5671072487996847,0.5035752748386138,wave1,0.4395606638183924,0.305119111945598,0.8917845030618926,0.4902856169623013,wave1,0.4180086486298298,0.1979941321208396,1.230713683416378,0.5464028543806014,wave1,0.4537949210714451,0.5616483451379248,1.7527138938587452,0.3854348746546668,wave1,0.3893414336023347,0.3921695890352982
856,-0.8738284809095701,-0.2532011505614147,wave1,0.0344882205386074,0.8816214179812567,0.7069009724734507,-0.1058539832154719,wave1,0.3478533488083024,0.651738719384876,-1.092585185333861,-0.1243281175682555,wave1,0.0949508523883178,0.6045017463823272,-1.0316562936653897,-0.0866197066557092,wave1,0.1266771198494436,0.6088325878291738
857,0.1898151353660488,0.0285259534592015,wave1,0.0327880737975982,-0.3945517797001616,0.9881039672924689,0.5808088527137316,wave1,0.2530185566084293,-0.1270210766376018,-0.1356461621996887,0.428671038068492,wave1,0.1887770989187124,0.0499167505826357,0.463417507884547,0.5495957898149382,wave1,0.4368280411674898,0.131459302380384
858,-0.5276152865422953,-0.5605145805389233,wave1,-0.6730720263172083,-0.4469336213127777,-0.1119009979090249,-0.0188953344038793,wave1,-0.2903142212848646,-0.0528916065437967,-0.572188821990584,-0.3280433116302328,wave1,-0.7949874537666148,-0.0480185650694555,-0.0696518723636609,-0.2010962191405575,wave1,-0.5070923952593166,-0.0740710923627975
859,0.9060158480484524,-0.1140299528537873,wave1,0.4006641677576494,0.2105877386685755,1.4644144010758855,-0.3640235197049619,wave1,0.192748835316862,0.3143761981212478,0.3548692252663043,0.1623979780447979,wave1,0.4929422625417725,0.2227092358149338,0.0554773021967538,-0.1361455141440647,wave1,0.2047782808268836,0.2227551626891895
862,0.0302383923907384,0.0088856308955393,wave1,-0.0383971617206932,0.148511976562591,-1.3030708519096823,0.0309233785581075,wave1,0.0773593095113254,0.3929049189358555,0.5175876269232927,0.2350328623304053,wave1,-0.0074563612404071,0.3169459376160485,1.0664639245449568,0.1587676942343497,wave1,-0.089302471694021,0.4498411799841212
863,1.7871273954791145,0.4061868367238817,wave1,0.3971201952057877,0.620571529298533,1.0332105782959922,0.2061839707291368,wave1,-0.144202226686172,-0.087307552649813,1.216464101731166,0.6956427151524969,wave1,0.4906894610234349,0.9041937678941824,0.3364329301680221,0.4947048624230938,wave1,0.1594197738369658,0.8678411723937125
864,0.2823806533740441,-0.934799876257721,wave1,-0.6383688268759111,0.0167355146989747,0.302293878594,-0.4573654720405193,wave1,-0.2918166870142884,0.1589983074135754,0.5737727819783529,-0.5261232336864621,wave1,-0.2622334501650252,0.0759163372081481,0.620039511972055,-0.2499122523519976,wave1,-0.0938356860710145,0.1080951462557968
866,0.0821882612868758,-0.4692890117831709,wave1,-0.1801254234078937,-0.6711416591846511,1.2959455206341752,-0.1414138589218492,wave1,0.1077311251193928,-0.3696111691956321,0.2554980352884581,-0.4659831492694923,wave1,0.2118255650340144,-0.3846229722100811,0.9383740223158888,-0.3755186052286215,wave1,0.070619278082915,-0.0810126682728978
867,-0.3517745464221461,-0.791565854157803,wave1,-0.8743272267229814,-0.3146231134578396,1.2132044787674314,-0.5238294232564817,wave1,-0.5211298037432479,-0.0795921695440748,-0.2509247782155214,-0.6344470598254208,wave1,-0.5049633563509546,-0.2285456657225091,-0.5730857514118352,-0.4254274632731006,wave1,-0.3013201280300159,-0.0773176197395374
868,-0.488628102955907,-0.0723890516648906,wave1,0.1671683480076029,0.4749150178590491,-1.459392602158581,0.2355250040295478,wave1,0.2279677941155924,0.4269123487375643,0.5244677832499802,-0.1633649191331861,wave1,0.1236676467402538,0.3665388943497992,-0.2957986849190789,0.2488785139278008,wave1,0.1293935603231803,0.3656578349873031
871,-0.7255067966566068,-0.98439631622822,wave1,-1.2207672433311725,-1.3476416608099246,-0.5025880304365511,-0.1194403563983681,wave1,-0.5479572759662839,-0.6195657838388415,-0.3954118743994308,-0.7772281538324747,wave1,-0.7043709215792816,-0.7360629389493861,-0.0217228713551969,-0.5969451642975282,wave1,-0.1421091904759922,-0.2030463138056685
872,-0.8514699908978576,-0.4650109537637588,wave1,-0.1850080882225142,-0.7206167441113127,-1.698982741467931,0.0547289320464794,wave1,0.1502700247141057,0.1192607647513255,0.0434317184084021,-0.4052985751257917,wave1,-0.3290809805811238,-0.4319512861984652,0.3187923250570322,-0.0557689433729978,wave1,-0.1200867556231955,-0.2329578040003229
873,-0.1236807558894692,-1.6385283157627135,wave1,-0.2590096796901606,0.4746419254593874,-0.9619151119392152,-0.9403544256539692,wave1,0.0048671025763633,0.6604687163442944,-0.996718202942858,-1.0926944522418127,wave1,-0.3789649157912517,-0.0139079451178308,-0.2893525791480782,-0.908671423215024,wave1,-0.4307667556362212,-0.1785106613093663
874,1.4837821175003707,0.0695584904396062,wave1,0.787167601999536,0.7521256210151102,0.2827734438476423,0.1053608889491064,wave1,0.230975560302209,0.3683967413857023,0.6035896629042488,0.0722281390561518,wave1,0.7205104261072801,0.3642803595770627,0.5489172803847,0.171355846292977,wave1,0.5547204843810362,0.6258210097311586
875,0.0114601507765947,-0.1480439893555087,wave1,-0.0640612209174487,0.441966440040997,0.4063675994709193,0.2497937899597833,wave1,0.2647492820279944,0.5611894837206512,0.5790538898809067,-0.283343077625028,wave1,-0.3105611471339257,0.32310252421405,0.8801461304622099,-0.2562652888791498,wave1,-0.0753655561059302,0.2877220374767183
876,0.1567930759091637,0.193399760480621,wave1,0.4435179265339091,0.5574208166293455,0.742999177089057,0.2083659271747493,wave1,0.3756908092500353,0.3786020295964765,-1.8972378221139052,0.1413266256924885,wave1,0.2259463301808197,0.1596344109663177,-3.4066857279268885,0.3757074404522968,wave1,0.2681119784791074,0.1143907269756973
877,-0.3170196491710697,-0.4122743241520337,wave1,0.0698697837140103,0.3598147040187607,0.1143418915361994,0.2590317977391783,wave1,0.3888809358154119,0.6966162668719982,-1.2864530970830033,-0.1602772019522871,wave1,0.16235321637564,0.25993510446829,-0.3159782065324807,0.1660244775118728,wave1,0.3470831969302152,0.3731882011590647
883,0.3017700197331684,0.4321163560269052,wave1,0.4710714732518839,0.5649880721047882,0.8125412673032014,-0.1801094262465117,wave1,0.2778128635004981,0.4828559339932456,0.773615169881123,0.3974612379647921,wave1,0.3707501670162272,0.3212412951162102,0.9445257419648094,0.1946288004315904,wave1,0.2624748089803098,0.4008170786850898
884,0.8526580638366748,-0.1819421184242424,wave1,-0.3921304390312985,-0.3884358678763326,-0.6350326875570287,0.123057580368068,wave1,-0.1482202986684031,0.1299073164242945,1.5166089080014462,0.3468389023532553,wave1,-0.0692275135503787,0.0745661267667517,1.1910976447733357,0.3905206819221131,wave1,-0.1903498681373333,-0.0101978943846673
885,-1.2880464520324917,-0.5988543054566782,wave1,-0.2974621434522519,-0.9494739848084665,-0.3302141741709234,-0.2222020410429199,wave1,-0.0689945987548394,-0.2001411439369858,0.3532430387929825,-0.6187586854389225,wave1,0.0132823158414786,-0.4948400182986882,0.6076981890806316,-0.2223910441231095,wave1,0.207246255646151,-0.3480811934264597
887,0.5790698677898082,0.0605775557493619,wave1,0.1346983708532776,0.711101139385709,0.3849302348337025,0.568930288891115,wave1,0.2882721985488943,0.6219948383216192,-1.1981477384268804,0.1689634027813593,wave1,0.339832793940394,0.618622190185879,-1.304581707432208,0.2391503028461082,wave1,0.2959685346718843,0.4442664701732477
888,-0.3467189616959218,-0.2802094495949097,wave1,-0.3529748587507733,-0.1031408266732467,0.5097121378272902,-0.0043939500734895,wave1,0.1656329094279276,0.378617823446286,-0.3501681960211632,-0.4861645689193065,wave1,-0.4168778459072176,-0.2239158046584141,-0.1190826512963037,-0.4065044393251871,wave1,-0.4011749141919066,-0.2534559154447338
889,-0.424480802932731,-1.055785474429772,wave1,-0.7149843488089223,-0.9279287841154018,-0.4528905795999066,-0.299022341646689,wave1,-0.3428316214222491,-0.0232810427415821,-0.3687098566150592,-0.4710640022810035,wave1,-0.034838521199302,-0.2631829173453042,-0.0926925887960381,-0.5134078205690532,wave1,-0.151119442834403,-0.0468378656608453
890,-0.5937261106361637,-0.2188890644929835,wave1,-0.4103561942131011,-0.9278570860054584,0.3224964768737041,-0.5597019913436667,wave1,-0.0382793886673944,-0.2161352711969857,0.8631248146143039,0.2169373944709724,wave1,0.045527703276178,-0.1290116424402519,1.301963945211286,0.3263221229091647,wave1,0.2816718491747626,0.0810122075886491
891,0.7145322891019569,0.5600902506880405,wave1,0.335241669361938,0.4420917416558592,0.4311910257025218,0.5056784803764947,wave1,0.4781159831122945,0.3729703670458852,0.7496050369157891,0.495086415543394,wave1,0.4044999759740783,0.3834253893262475,0.0748890736472426,0.491051200945351,wave1,0.4691034351232778,0.2448898607577642
892,0.1325747506482053,0.4403930936809894,wave1,0.5377106729060457,0.0470496414473751,0.890556675378892,0.5999361441498359,wave1,0.56869737113319,0.4890560971626534,0.2469898708174656,0.4180474639766204,wave1,0.4881484941836721,0.0919341452880978,-1.449560190173271,0.3167174023967145,wave1,0.1873963956826003,-0.1059210100507724
893,-1.3251135850725506,-1.266531574153949,wave1,-0.663738321584771,-1.2908888640954317,0.8415707594939527,-0.5897926137433269,wave1,-0.3410851411215252,-0.6078570952591962,0.3828506370370661,-0.8207128980573071,wave1,-0.0408721243452095,-0.4835186212829603,-1.4083598416301972,0.0604024958204955,wave1,0.4580522980041895,-0.0191575773287741
894,-0.0056418900055122,-0.0278838285869647,wave1,0.4146189435675962,0.1097029848362771,1.0768239713364605,0.3042743288043588,wave1,0.2204940018314842,0.1876049620986331,-0.3426907913112859,-0.0144643837757714,wave1,0.3620010572770162,0.0374404742587128,0.2882110120478356,0.2417688360150863,wave1,0.3685169977822106,0.0269164447429955
895,0.7772708640450926,-0.678066145319232,wave1,-0.4687373051372498,-0.4380136341445593,0.9442638656230298,-0.4539829339523975,wave1,-0.3082549445406735,-0.0547258693522847,0.5699854253582302,-0.3670949113224165,wave1,-0.2758773855770183,-0.1823985311958608,0.3304912815370558,-0.0473704975546225,wave1,-0.0335016737346223,-0.2123882351692308
897,-0.1634711862881349,0.392899968761593,wave1,0.5841497370562494,-0.2002793082152889,-1.1652840131084066,0.321875252145386,wave1,0.0843990265265326,0.0702603610051,0.2157569834298501,0.1832614584708715,wave1,0.3633772883280063,-0.1342927150801561,0.2400133967134402,0.1120112087621693,wave1,0.1408880232301245,-0.1596484034287984
898,0.2563111577942487,0.2342640446524289,wave1,-0.2237905153246533,0.2213925316092173,-1.513124722332321,0.4998331658790873,wave1,0.5079621442207867,0.3404526397565617,0.6790520970530889,0.1749182807051337,wave1,-0.1768915438842508,0.1835033939881278,0.8216263818776008,0.0264897573574409,wave1,-0.1728889454800391,0.1096528661096475
899,-0.7096736645563876,0.396083605408728,wave1,0.2345086017980722,0.1151918071813473,0.2705461865143252,0.3125986682951085,wave1,-0.0497050279043138,0.2467551422236651,-1.0044637363175095,0.3068377310338046,wave1,0.470219965391905,0.3064295914204653,-0.2885243528308353,0.236491521199222,wave1,0.4286944928414686,0.2162949948208546
901,1.0775609143917928,0.0346612089157287,wave1,0.3301286816165272,0.2427923775371734,0.5074045797632655,-0.2122495359707019,wave1,0.2062243490677087,-0.150274943964396,1.186109220611884,0.5530043625311604,wave1,0.6253358125037783,0.4259570484756111,0.8681126108524002,0.4203432978170999,wave1,0.4675754622312827,0.2341828849234898
902,2.109702799651803,0.9641674677779252,wave1,0.8350824714107019,1.2224199758457046,0.9726572055603134,0.8181864538688561,wave1,0.8749008088236918,0.9630956029922584,1.5640803418759863,0.948618338134341,wave1,0.6594160447560794,0.7855216354356495,1.2381967135885517,0.7364811776622291,wave1,0.5034063838993246,0.3916957670818976
903,-0.4662310352784016,-0.588127815689673,wave1,-0.1973779467276297,-0.920688576184473,0.0251069006327867,-0.2213066130904111,wave1,0.1708258564617812,-0.0107177030372214,-0.6018428969948236,-0.3416507783274465,wave1,-0.3144939054136496,-0.2913247027423754,-2.246715946968067,-0.2387369903205659,wave1,-0.2644373880194989,0.1660718406703373
904,0.6314616799826178,0.1285325042925007,wave1,0.1341637066369234,0.0434540139277392,-1.3734298363733528,0.3041601327882057,wave1,-0.0011156081071335,-0.0588370867117928,-0.7455177650398983,-0.0827308006388761,wave1,0.2004320546396855,0.4472106739186784,-0.6516046580376924,-0.0376020704082974,wave1,0.2616938824519105,0.3482904143860997
906,0.669795964828393,0.1971421093791681,wave1,0.1322696152429341,0.8959579469066343,-0.2756231413629351,0.0231741205900068,wave1,0.1568504248216866,0.4570669508924241,1.0841343456468011,0.3623877023373429,wave1,0.3107625405035094,0.7268628669599213,1.7154241208442078,0.3272026478109276,wave1,0.3032100155846046,0.620306317297988
908,-0.5836442184682004,0.3359958564568319,wave1,0.2052592462412763,-0.2615257179475001,0.4445541786858612,0.4116909175221193,wave1,0.529597996938413,-0.1185971845386806,-2.175725597019512,0.2053866344780303,wave1,-0.1617187690186186,-0.1408973430745637,-1.0671344691649811,0.1949980168610768,wave1,-0.0451489196479731,-0.200435462394073
909,1.0020513244288671,0.3630522845465216,wave1,0.329551341700887,0.1019530939402364,0.6628212743300557,0.3084097949847935,wave1,0.1602962190599688,0.0703243321940452,1.157130831527771,0.2611761796866801,wave1,0.1607664714305757,0.1111196999027802,0.7184192998616002,0.242109643541718,wave1,0.1077597061300338,0.1610609884155131
910,-1.152418838801352,0.2558554827286934,wave1,0.1707046405589487,-0.4017402787455357,-1.4286792637746382,0.2583147713969584,wave1,0.0607539691762897,-0.3736706138431922,0.314702677944053,0.6762888902364012,wave1,0.3376426876060036,0.0538121778351149,-0.6774513654975404,0.632567354374163,wave1,0.496780342215662,0.1432553186072646
911,0.4756273438734161,0.6029449479811446,wave1,0.4620274551415657,0.619682031431112,-1.0370402766404083,0.7852122280773197,wave1,0.4123847693658833,0.495372556517113,0.7726732143668078,0.5199160021906971,wave1,0.6496000512803363,0.6554620251635631,0.781072351406183,0.5813974656173337,wave1,0.7930037652522863,0.6013306623552255
912,-0.615425471119741,1.017309733413483,wave1,0.4695562612270019,0.5158562365251746,0.2540216620496769,0.5013990094469181,wave1,0.1917258537111137,0.2529371318990399,-1.3490739333437511,0.949726919705344,wave1,0.5930362532026847,0.4653465418912805,0.063173740167409,0.6485504034441453,wave1,0.4883704165235482,0.2601403140336379
913,-0.6164275882063288,-0.133675490965156,wave1,0.2072335058675658,-0.1632370441846891,0.397052086406946,-0.1912112337101223,wave1,0.1900063801866442,0.0712946858720746,-0.0289458837909823,-0.0459582352730486,wave1,0.2992757602475336,-0.1310267738839895,0.4923234062665058,-0.205143685006571,wave1,0.2413603721764455,-0.2324222188390518
914,-1.5787789477623215,-0.2944270538700206,wave1,0.078851883994611,0.2036553932934068,0.2654505120827976,-0.4384754165168256,wave1,-0.3101875959009732,-0.55062530992119,-1.77068458328838,-0.040513689175317,wave1,0.068546088230752,0.2927302552378545,-1.2620892963187436,0.0264536885507848,wave1,0.0946914260809829,0.1489532445133012
916,0.4920967392651376,0.2252936900330215,wave1,0.2912005254733936,0.056530706511634,0.5636147902296674,0.0933962255761347,wave1,0.2190110445287143,-0.2933835598958307,0.2135518881978799,0.1198669974656729,wave1,0.248411289059937,0.0648510896062728,0.7220993221263228,0.1242729425368397,wave1,0.0999646261918185,-0.0094664428570088
917,1.3681171901601004,0.7688371636371873,wave1,0.6792316653404389,0.8746490841127015,1.1013089255144763,0.4157474247356287,wave1,0.646747471956189,0.6410113401925488,1.2212480492391151,0.3520386633441976,wave1,0.2261770756275645,0.4938962142354999,1.421763775300872,0.1143661270902071,wave1,0.007335832260693,0.3068294286238883
918,0.5537893031152791,0.4000463741832698,wave1,0.5231736662221942,1.0560140917727376,1.0802793246028406,0.5225012786935381,wave1,0.2106609236761056,0.4541142079302163,0.9829993451133748,0.4286580191059038,wave1,0.6536508240474815,0.8283751103626996,0.2371478428527775,0.4754688179063204,wave1,0.5779027591155999,0.7573351426446233
919,-0.6601245429798217,0.2561422531906356,wave1,0.4140723515068951,-0.3474071452958969,-0.976288713745188,0.5799060930676725,wave1,0.364889768895865,0.062508328393871,-0.5566443292501783,0.2011798409168256,wave1,0.3979377883523781,-0.0820948939713651,-1.3278973894540889,0.4192074945278984,wave1,0.3517246171569589,-0.1750307223982211
920,0.908118799708683,0.3111406080041516,wave1,0.275678404642196,0.4587093813312071,0.1750652839391415,0.5521978197629993,wave1,0.3568389700590235,0.3604849019450253,1.264350319571322,-0.0103004402901792,wave1,0.0929869826009418,0.3568950912670062,0.7804891828331566,-0.2989848082723764,wave1,-0.2734844114488964,-0.0566345404797695
921,-0.8893075923723992,0.2858532384927141,wave1,0.7436944722543519,-0.7879989583120375,0.2264533782642719,0.2222396285463173,wave1,0.3058187702247212,-0.3249124999483959,-0.7944574764538105,0.1992012576902135,wave1,0.8494781872549693,-0.2353964740358605,0.6278710164035864,0.4544028660501621,wave1,0.8692508442113444,0.1304434771498769
922,-3.2042557795647633,-2.392809998100293,wave1,-1.976432491424777,-1.8734022231437129,-3.1665163895676747,-0.6958461045926816,wave1,-0.4761651511684315,-0.2194730304091452,-2.632555124389324,-1.5335209893627866,wave1,-1.4864616522254632,-0.8773930497471051,-1.3779340591951714,-0.4609503322253386,wave1,-0.7661847687932836,-0.487053908720703
923,-1.5324859402289095,0.2411027773101461,wave1,0.0727164974948282,-0.517564308015591,0.2142687147165288,0.1836456907411086,wave1,0.1249804786135815,-0.0827554541416248,0.1423009175865628,0.1446522104094162,wave1,0.1007095834432049,-0.331065529978413,0.4985496670647859,0.0644085537059463,wave1,0.0368712713510543,-0.2372326723309077
924,-0.2735030876927915,-0.3262836774310336,wave1,-0.029780629339331,-0.0811315664845646,-0.1017962395671176,-0.0312371951835332,wave1,0.192521271816521,0.5459714418293617,0.0547394154917508,-0.2860897617568181,wave1,-0.08157877409141,-0.1598089972757965,-1.2480225631672512,-0.3434378628093198,wave1,-0.3009484510091688,-0.3155000598065102
927,-0.1961056911790266,0.3531238242783376,wave1,0.12539017707173,0.0053380895421264,-0.3614038234981485,0.6746575015048648,wave1,0.35526457025542,0.1835522057560583,-1.2546099259629069,0.0123958617790811,wave1,0.0570614211739211,0.0041205582383927,-2.025210299406548,0.0269478600353316,wave1,0.2065085063010955,-0.1902968458402121
928,-0.0103095650359786,0.1319440183634832,wave1,-0.0280462355392223,-0.153907555223592,-0.487498739571722,0.3674036309886386,wave1,-0.0446265902777898,0.2715948396732255,0.5356422536579041,0.1252382048499631,wave1,-0.0551314643953056,-0.2214584816614718,0.1906266979973283,0.1909065898034042,wave1,0.0624732187346207,-0.2598331687429424
929,-1.3123232567272545,-0.3363893983589487,wave1,0.1745920153041964,-0.1735988371122745,-0.0178851163548745,-0.264755086426141,wave1,0.1282771263072133,0.0095826743473863,-0.5368193822876425,0.0660352357519018,wave1,0.4691827025002961,0.1189770897630117,-0.8817311100793297,0.0944828915650702,wave1,0.3187755961120827,0.0519210013701337
931,0.6127072473745094,0.4219112207829814,wave1,0.52496540927971,0.1189172712780615,0.5309625686198022,0.3386397232851739,wave1,0.2960435878452905,0.0984972004837596,-2.5391828198057227,0.318255722221732,wave1,0.5424207815078633,0.4454003744815465,-0.2431906091750515,0.2278911794688626,wave1,0.4591511039763737,0.4054301440779572
932,-0.0934743958533126,-0.2658961843309042,wave1,-0.3298908685325201,-0.29720793587051,-0.5964974051696357,-0.3420831522577012,wave1,-0.14802071660857,-0.144931605400826,0.7326229128458601,-0.3532195849994628,wave1,-0.4542987831862866,-0.3084471662286905,1.0272980220937464,-0.5799524672543482,wave1,-0.503415924418719,-0.3504285034158575
933,2.379188404868567,0.4922882222008264,wave1,0.570483076090357,0.5003795730692824,0.504774710986347,0.3626866948328804,wave1,0.617228225541661,0.4544538559781947,1.598149183088625,0.4355681016246304,wave1,0.5776683402262996,0.3568529166369254,1.506673058728107,0.374380511540254,wave1,0.6275601692812736,0.2929679684832922
934,0.5989805390171226,0.0128689301481981,wave1,-0.0385598978286445,-0.323927782148774,0.5867007444791926,0.2540939812865173,wave1,0.2200259391662504,0.1317014867344117,0.4899190600286027,0.0592893810788037,wave1,0.0855302382570131,-0.0876269022981608,0.2839599698206499,0.383296525357553,wave1,0.2647053473773044,0.0955496513813156
935,-0.512379840491989,0.524207095557367,wave1,0.4097799728857159,-0.0439582445310229,-1.8204289632535924,0.5490840145927918,wave1,0.5083071005117874,0.2355755260581109,0.2834754651996514,0.4038860379196181,wave1,0.2322454014312165,0.0178393646056815,-0.800872635593562,0.3464370426348446,wave1,-0.0127406325837542,0.0811786152504004
936,1.0712175932194434,0.2217926720147383,wave1,0.4540785698362519,-0.4027033435447689,0.3845711583135031,0.3129413293647884,wave1,0.2060759600502721,-0.138171030172572,0.5376657747573582,0.2887780378808344,wave1,0.3294598231337973,0.0013415321384446,0.1007101432238784,0.2895530098702889,wave1,0.2345677380381709,-0.0283198464579308
938,0.7747084003759616,0.3690085039851334,wave1,0.4043529967547459,-0.8341623086365544,-2.293902911297927,-0.0951817956802827,wave1,-0.0867991280805062,-0.2717125687059782,1.258433203910469,0.7876292974640579,wave1,0.5216879430518896,-0.3845112226337223,1.5773611024193752,0.8380681805231399,wave1,0.5789213392589293,-0.1422664380771413
941,0.441985265493322,0.0796093757000129,wave1,0.2816731735032691,0.7675343094383336,0.2201943779374163,-0.5249410353149011,wave1,0.2665522157134716,0.6639039432994835,-0.7018252772947473,0.2063004634549101,wave1,0.2928097130470348,0.5071638356576833,-0.1270665306308113,0.3560891208644081,wave1,0.342668040521155,0.4485249319757129
942,0.0656785750864421,0.4475286256099711,wave1,0.1731902952072026,0.1718447628418467,0.3542416953534932,0.571744965728832,wave1,0.2222777848622572,0.2707834834587028,1.205261782401726,0.0822927282392638,wave1,0.1157603258139166,-0.0444792711700436,1.1647646629362562,-0.0416999567212817,wave1,-0.0944715010110064,-0.2039760611821922
943,-1.040644232560035,0.4011728913750541,wave1,-0.0664706653597915,-0.458456773675199,0.2241660417419624,0.9660886493872536,wave1,0.5488837016885524,0.1945197643396106,-0.1521379023016312,0.1507601176412616,wave1,-0.1871515306747984,-0.2915458604669196,0.6725500074972345,0.2472522199827164,wave1,-0.049445223989629,-0.3192675630213171
944,-2.036435016683393,-0.8666719046658253,wave1,-0.8925185492951488,-0.9953015387239468,-2.4115883773541364,-0.3772480733598107,wave1,-0.2153299560671937,-0.2661501305648543,-0.9466973256842658,-0.3909612149670027,wave1,-0.1894428988532777,-0.535453408008463,0.5948409681942631,-0.0691322008288831,wave1,-0.3182052117296004,-0.617613702033716
945,-0.4107425859531938,0.4538237461202503,wave1,0.1892925799363678,0.5942153854517422,-1.1469688539720806,0.0976782981935602,wave1,0.1443399280800368,0.2817052825954746,0.4661629895887746,0.5575236020986062,wave1,0.2688298125501073,0.690040818682064,0.8078727582678671,0.3702978288963285,wave1,0.2695670683135313,0.3354321996368907
947,-0.6301202246663054,0.4657080115539824,wave1,0.4963589697676238,0.5141648390875058,-0.992814118225023,0.6268206678108017,wave1,0.3152770391438086,0.5564996053299573,-0.344535525285393,0.1968158691314866,wave1,0.2195227070900171,0.2236925376508324,1.0077485821650418,0.1341838238205716,wave1,0.2377795747922257,0.1096810785113044
948,-1.4534115010641298,-0.4948466687756836,wave1,-0.7759250006651697,-0.5203617374606875,-0.069227069107529,0.0154618128814407,wave1,-0.167222469324489,-0.1554694532323466,-0.8820003675063371,-0.4359370185408708,wave1,-0.6467600333481782,-0.3533210240318027,-0.0718350099097451,-0.3855689436049328,wave1,-0.6191451175220533,-0.3973705541713846
950,-3.205234625580138,-0.5987218787440556,wave1,-0.5384028155587419,-0.9962156267247536,-1.7021580907769485,-0.249660377091893,wave1,-0.2741461371064224,-0.0699972471826708,-2.513233398843501,-0.2327197039182635,wave1,-0.3882432354371325,-0.6737377409483054,-3.7807340548263904,-0.1509207000418935,wave1,-0.2762023351963961,-0.4531560306510714
951,-1.872621728103845,-0.9482491656589708,wave1,-1.031046093236017,-0.360166678386939,1.4055095910926985,-0.4052200697064241,wave1,-0.4234993275265761,0.0598892977498355,-0.4824077744457539,-0.6808882742648563,wave1,-0.5462074871410165,-0.1784784458514308,-0.2002112333140086,-0.7987697556954685,wave1,-0.7299360021266379,-0.2150181360082288
952,-2.297300939451901,-0.8750213537994984,wave1,-0.8305141606596114,-0.4510762241344355,0.9297318524541388,-0.2345137359524161,wave1,-0.2222451409954193,0.0507786598166002,-1.2574666400048844,-0.568630336593384,wave1,-0.4915712410061501,-0.3266442411282733,-0.1278855054572248,-0.5576555498832315,wave1,-0.5845034476828072,-0.1961655611389129
953,-2.2980771665474884,-0.8291371366145504,wave1,-0.9822982487371356,-1.31691139654872,-1.8566133850162103,-0.8291699834523794,wave1,-0.8462665716666691,-0.2879220634640593,-1.7520257362494922,-0.2570536718687646,wave1,-0.6996977843492962,-0.8601087686797464,-2.7413998817282668,0.0996517097086199,wave1,-0.2482310405870841,-0.3346288819893322
954,-0.4979493220969924,-0.7170862710516002,wave1,-0.5858277154950604,-0.5724817689002508,0.1412022790532716,-0.3035504548231711,wave1,-0.6763127906309063,-0.1605247178790039,0.8848447409642581,-0.5799361356199291,wave1,-0.4300841935296384,-0.3871931749479,1.1195352162459096,-0.4119560154464717,wave1,-0.3566204826216613,-0.3602008590868496
956,-0.3094026963206916,-0.358343191534048,wave1,-0.0010555602361732,0.1855202616263047,-1.8271992847758511,-0.1615215046191975,wave1,0.1557658186474597,0.1616380809365907,-0.061111458746467,-0.1635904691414987,wave1,0.0039664423288856,0.2305076170263235,-0.4019645477077692,-0.3228927427191436,wave1,-0.083548887310899,0.1881665797111423
957,-0.7686174586198637,-0.0085773622038247,wave1,-0.3165119723948495,-0.6401504939238605,-0.0995195328398296,-0.0488749841312698,wave1,-0.2386226948395973,-0.3198670524423095,0.39103443149915,0.0459011712062539,wave1,-0.1510004038151854,-0.3575415230464392,-0.1469329171560504,0.4707564892018135,wave1,0.0574684242533734,-0.2625440184722433
958,0.6680668730956681,-0.1004374255693758,wave1,-0.0641401696956907,0.6158027144683973,1.5690102890553133,0.2211511807800166,wave1,0.0813319001566634,0.8598070200851806,0.5660976234523922,-0.1322089348621974,wave1,0.0285832780923577,0.2393116937846632,1.2137290726340508,-0.1476418763994063,wave1,0.0133392994691742,0.336188553216562
960,0.4854009970521531,0.0838048172695036,wave1,0.6360330504393505,0.2060414956281315,0.7680333811850564,0.0402966104870219,wave1,0.2570407310182561,0.258879237668614,-0.0944845325805901,0.2731341980492039,wave1,0.6114504648770169,0.2762070000682439,-0.5065914794769446,0.3330639684241693,wave1,0.6503380743630073,0.1832074028605331
962,-0.3932338605077805,0.2748894569834932,wave1,0.1722385511061155,-0.2011541921260495,0.2368895198768111,0.3814199483934331,wave1,0.073657167605132,-0.179605917836257,1.250968302977884,0.3354391456963177,wave1,0.4155637885949241,-0.0005211626522587,0.9876755947853544,0.4457980594950922,wave1,0.3840618999609215,0.2038476784035734
963,-0.0930961248489263,-0.0215728217078479,wave1,-0.1693438429302944,0.2386931514334125,-0.1552790943073013,0.21931298967677,wave1,-0.1831525408207219,0.1886577870239911,0.0091120797542,0.2383970443761984,wave1,0.0195244884605976,0.2990533658532304,0.8274920989268397,-0.0493739898429071,wave1,-0.1170454872513818,0.1052479546042419
964,-0.4864253506702393,0.5357900133919458,wave1,0.7730920295326977,0.5658510058762571,0.7816644832079237,0.6186235846504686,wave1,0.5821308807354628,0.6791471021447804,-0.139563143306776,0.4068968937759063,wave1,0.5823302391854988,0.3976189175574318,0.6542613375819601,0.6029602526294846,wave1,0.5644531545685201,0.4519467869299081
965,-0.5545341698564965,-0.1092271526794812,wave1,-0.3811993508886298,-0.3442292027463498,-1.3153109281916116,-0.1593523766951254,wave1,-0.2617609011646404,-0.0027089970872968,-0.2270818685901396,0.0659649190707458,wave1,-0.0358479378833895,-0.023381265694538,-0.6894711431497582,0.0991375798458807,wave1,0.0105488051452881,0.0861939314257574
966,1.5643127611531036,0.5686722584543631,wave1,0.3774118301516882,0.0978068958480555,1.4123546806263434,0.5999469971156584,wave1,0.6987456439712052,0.408459120664107,1.384184912118193,0.4194142298142417,wave1,0.1064498487095103,0.0649279946867774,1.054012717290305,0.4089201997963376,wave1,0.2150412214937104,-0.0597593790225564
967,-0.4480644011581841,-0.051077968098562,wave1,-0.1609338843549759,0.4541010849060365,-0.1347569678497937,-0.1756879001459237,wave1,-0.37649864221611,0.1511610603734128,-2.903066040211802,0.2183661085900328,wave1,0.2076933098697193,0.4435881561364281,-0.9518759417477308,0.1166501411843691,wave1,0.0115116527131002,0.3632106654072357
968,-0.3588903890316292,-0.0428046384559772,wave1,0.0622138981004232,-0.6171194227120114,-0.3390735101635084,0.0278258754363016,wave1,0.0649028174906565,-0.3053990982298464,-1.1584937732097715,0.2550095824825859,wave1,0.2378897044080047,-0.1041749603520788,-1.4810027301799118,0.2899286619069376,wave1,0.3265983395342464,-0.0761298453189825
969,-0.7467160781399195,0.1056344837837106,wave1,0.0384705730821592,0.2545575306635586,0.2938830567370187,0.1844301240752373,wave1,0.0800397196831574,0.1648822788728872,-0.7501650250691432,0.0751149591934465,wave1,0.0584463419535863,0.1417651180573838,0.5794589662486779,0.3565819750620708,wave1,0.3039157773973708,0.3188839935105755
970,-0.5430497341821066,-0.0314621234955962,wave1,0.0522946882994785,-0.2974587612556298,0.8492286673818064,0.0816205495537094,wave1,0.3584746634242719,-0.004560062378905,-0.9082998060858156,-0.1368987575085646,wave1,-0.1967604730757671,-0.1088214618217321,-0.0296050673559285,-0.0878389997526405,wave1,-0.0931326958154302,-0.0107307302328354
971,0.3969104865174969,0.566732489897966,wave1,0.4535414578497188,0.4803315017922289,0.6512196925028052,0.698138916842979,wave1,0.6212338920899256,0.7596903936698891,1.4318937809322851,0.2634886761025261,wave1,0.218220137121909,0.1191989688960251,1.238163562503725,0.3656297695292049,wave1,0.3124506358203994,0.4196594754967852
972,-0.5987753273697322,0.0378018998083451,wave1,-0.2146173697086069,0.4829662986881637,-0.2199995208684238,0.2586925994419378,wave1,-0.0266751298233942,0.3287820469277749,0.9633278575513408,0.0871294850762411,wave1,-0.1564214206479002,0.6510510112947412,1.09294223389477,0.270347400090118,wave1,-0.0640491356489749,0.6034019309912386
973,-0.1860187078599093,-0.083051727709146,wave1,-0.0379078361517806,0.0382220476695369,-1.2929995119391748,0.1134952747916191,wave1,0.3190263690279078,0.3409017865114991,-0.1180947456988045,-0.0265187549496764,wave1,0.1439061849926511,0.2809715543054935,-0.9362195087049816,-0.2477990721898664,wave1,0.092683647753114,0.1309631170976454
975,0.7514627537747104,1.2062234144226134,wave1,0.6551781022851209,0.7252976594209295,0.2665974495757549,0.6430941266550194,wave1,0.3223388151318538,0.4408356867487488,0.6461571219443762,1.2258768670416278,wave1,0.5452766346276171,0.7233829810144387,0.8543718096655508,1.2114576025778223,wave1,0.787610617739862,1.1217139712156643
979,0.0081989859818788,-0.032359297131296,wave1,-0.2244321116804224,0.1553335432686022,0.0461244910630475,-0.0227996982278779,wave1,0.1083685870499688,-0.0023488220970537,1.323414207278978,0.1383401273378506,wave1,0.1138026057910652,0.5961746858559016,1.3741963153470609,-0.1017744573635338,wave1,0.0336085926878577,0.2705863544346651
981,1.424851575025854,0.2237044436539805,wave1,-0.0199358351549696,0.1640992787648489,0.520750289659167,0.3785225795039926,wave1,0.0814544473463807,0.3836558602180751,0.5979203611119531,0.1593234797013107,wave1,-0.114259506525054,0.2674121034898786,-0.6477842238640971,0.1241108483929774,wave1,-0.1363288935772272,0.2272415624627884
982,0.0906106533979615,0.1899127205997506,wave1,0.0318147921463696,0.5998164748835562,0.3960353939080465,0.2976332678827424,wave1,0.2658813893326228,0.6154327945848266,-0.7632167731057395,0.1077369198548953,wave1,-0.0859175571052449,0.3004704283900586,-0.5329556606989173,0.0419136466001847,wave1,-0.1741849441740005,0.1084026703051954
983,1.3666837220029768,-0.077975147914534,wave1,0.1891421906134156,0.2504354221177225,1.4111494494699757,-0.164850157396712,wave1,-0.3139069947719437,-0.258849868860457,1.2185086342658724,0.0811774724993882,wave1,0.1968297461721418,0.4407578535359521,0.5175857124239032,0.2863949338392439,wave1,0.1118788717028109,0.3336988352073182
984,-0.2154749953248069,0.4488937425485588,wave1,0.5164486824056602,0.4534074602690505,-0.7410652222858013,0.3044425565127584,wave1,0.4869331248667445,0.2747019589625026,1.070011011449095,0.4020050761011675,wave1,0.4452529915914506,0.5593008821120713,1.438113506770053,0.2749288451382655,wave1,0.4008510019247037,0.636379073252585
985,1.0032766345775774,0.8410681885211655,wave1,0.72612180122965,0.3130355913453428,-0.2586974061006223,0.6473745535685484,wave1,0.6468450485600128,0.3528290356535204,0.6648448310232153,0.9614114069280992,wave1,0.8819956101508867,0.5934275966186663,0.0864839631014111,1.1098372356734645,wave1,0.8718767752245783,0.643391811982503
986,1.1884510651855715,0.6080438116186291,wave1,0.4868499876025574,0.7410461404798396,-0.0174223045231582,0.3698229328983664,wave1,-0.2739172623009696,0.1561337781206699,0.8617328380767669,0.5510430790361883,wave1,0.5053256954277342,0.6720591491264015,0.610211634111566,0.3431465443377101,wave1,0.0913196283626984,0.1586672224196143
988,0.870159103632971,0.1230575902569923,wave1,0.1686212406585068,-0.4815237486346522,0.0318550089060694,0.1245939399842417,wave1,0.0928095219335054,0.363618635553131,0.6145953723386446,0.2162529553590986,wave1,0.5715356493109545,-0.0743886816207817,1.0979711638472662,0.2310378905811571,wave1,0.4598005981001988,-0.0924748116885617
989,1.267299042914999,0.1357019665835466,wave1,0.2386859689018745,-0.5052806275406345,1.0124816275970197,0.2379410483683737,wave1,0.2757714579311721,-0.1959415485358102,1.4842464301275455,0.2059255349807165,wave1,0.236455657775173,-0.2937930198259157,1.5435082604958077,0.3158627433283578,wave1,0.3190355865173108,-0.0698052110566245
991,1.638316042264332,0.4193188336601978,wave1,0.4945433948281383,0.7174583866786826,0.2314483188014162,0.503564168923474,wave1,0.4032645124533867,0.5081689130462628,1.4512813458034717,0.1753034794237944,wave1,0.2970138478042212,0.4558944869195893,0.9925434555550026,0.1990857556103831,wave1,0.0763852057664949,0.1254334823760792
993,0.3823837034787108,0.4470502147101221,wave1,0.3335081967771391,0.1912738104258888,0.1597988434521725,0.0522929400932608,wave1,0.2603032137600614,0.2283018611712457,1.4593987001174826,0.826396665649427,wave1,0.5267678865691936,0.3236485992309013,1.007866702374583,0.447302693177636,wave1,0.5508070154427269,0.3821021223455525
994,-1.2831598359790408,0.7180527390890976,wave1,0.8075910622927234,0.2670123900499273,-0.1238709396549095,0.4921669662459522,wave1,0.584673559561816,0.3239604206109536,0.4839002924878263,0.689331347217055,wave1,0.6719832684174454,0.4254017690967744,0.5756929805032516,0.4799685290102715,wave1,0.4073783407743749,0.424710631200536
997,0.7387472939659802,0.5885342597724561,wave1,0.6944750055299385,0.5613764918133093,0.4578548952706521,0.500636134635601,wave1,0.6511170622323474,0.4828879596516287,0.624315461015126,0.6234619540092761,wave1,0.6845138709514862,0.7098679232393452,1.478157786769292,0.5219163287955078,wave1,0.6863494648681119,0.6815861153909455
998,-1.0563774738024403,0.4086923789062124,wave1,0.553191898337102,-0.0125880099607607,-0.3674628353319685,0.4814841869450783,wave1,0.6758277630001366,0.4494301849602113,-0.7919336538504256,0.4281880213718532,wave1,0.4534639266592886,0.042064853027214,-0.5206146096379101,0.4787531463257066,wave1,0.5272429669643837,0.1126863526539581
999,-0.615155797477509,-0.241611047088484,wave1,-0.1838933701734371,-0.1600538410904417,-0.7939947083135152,0.0660934113851254,wave1,0.0836524960277951,0.0800265490659328,0.0614396057852376,0.1261283583415815,wave1,-0.0202059460446581,0.0973505718625931,0.7999798242662006,0.2122759121779816,wave1,0.0103739584558009,0.1389471977708179
1000,0.4589501339023148,-0.0337443494404003,wave1,-0.2693173973774494,0.273021387339434,1.358206064477676,0.7850754703463383,wave1,0.3002158710317912,0.5804454003159507,0.2682131011815254,-0.2931720647486634,wave1,-0.589944790524996,0.0700611980526125,-0.0198154232827229,-0.0077324068968071,wave1,-0.4316688792322497,0.1671512714359045
1001,-0.6314423069505712,-0.0253086905002262,wave1,0.2144981445527993,-0.0657014805646762,-1.883573803343646,0.0165054009380762,wave1,-0.1080785227087537,-0.0586906684183594,1.0295625792481875,0.4787812911756943,wave1,0.7337185256738525,0.4083232989089094,0.63287604134474,0.3964461195230296,wave1,0.4190257991077413,0.2886960084118781
1002,0.8973056243543697,0.4697266509397626,wave1,0.3157487121486899,0.1086001895279942,1.095838129199362,0.3976618863758052,wave1,0.2749508193313301,0.2043988855062799,-0.238399948948724,0.4069336892395176,wave1,0.2943515038630309,-0.0913304046197442,0.9969458255566116,0.5159525859932932,wave1,0.2393633240853822,-0.0663697529471861
1003,-1.399474618052604,-0.4764028594447258,wave1,-0.133026971961947,-0.8506500590861581,-0.0866574331757049,-0.2067886468707693,wave1,-0.0465923007608086,-0.0849733839717363,-1.0141269031650224,-0.236014260290142,wave1,0.0084029710941171,-0.5670766703993182,-0.8452567388452018,-0.1182724481680814,wave1,0.1568187875460163,-0.5823267359225568
1004,0.3891187209024315,-0.0044651080517374,wave1,-0.1489104639053673,-0.204978349393186,-0.6517509778593327,0.0980909740551458,wave1,-0.2855461869385212,-0.0682521144474765,0.1954658214380101,0.1857544509713882,wave1,0.0592225987696048,0.1129370724808198,0.490666345338331,0.3102053087969905,wave1,0.1756459471877019,-0.1199492982120191
1005,-0.604893444858299,-0.3548448239441093,wave1,-0.3728952049510248,-0.2218277328957398,1.1920779664141408,-0.0259636853446094,wave1,0.3211969825901066,0.3909610641483469,0.3279977882771358,-0.360458926345643,wave1,-0.5095482489009855,-0.2608157942194522,1.1210951183978273,-0.4486393766716232,wave1,-0.4672119780998112,-0.3244191745890901
1006,0.0797951865981828,-0.3484793869650258,wave1,0.1936112171347657,-0.4771670860388755,1.5346088182139237,-0.013150856845161,wave1,0.4457499400439033,-0.1040965702306198,-1.0615384016086955,-0.0730493219783356,wave1,0.0285440330725537,-0.2363674451493551,-1.4623590750999536,0.1235198017441295,wave1,0.0593452389497412,-0.2611700883284898
1007,0.9835481013757168,-0.3451175066152114,wave1,-0.4137064656304667,0.0656192068388803,0.1435161777586736,-0.1756480645309182,wave1,-0.0066494372421153,0.1886545815783487,0.3991277012440931,-0.2160467729952552,wave1,-0.3569396972408593,-0.0094603540921734,1.1303461117674969,-0.2501465357629547,wave1,-0.3317543064855516,-0.2048318439854503
1008,1.5060245327574393,0.5990415826833244,wave1,0.670297382373759,-1.003698031323727,0.5956983737593983,0.1120232982855409,wave1,0.3159800207590133,-0.6014207616792451,0.9788561326970264,0.6871158025389805,wave1,0.7567642489464235,-0.3267320367552697,0.9402473608022108,0.5608762917613025,wave1,0.6460974175162572,-0.2802100505996999
1009,-0.1079395605684355,-0.1063472183429417,wave1,-0.3398095414784772,0.2951136308960154,-0.0028663340580891,0.0648245829357812,wave1,0.2793761461226824,0.4593678112017847,0.5098924114373722,-0.3240620923123111,wave1,-0.4541494431565377,0.0266255067985251,-0.1634598747226431,-0.3630290247841866,wave1,-0.4425784831039537,0.0320008229205829
1010,1.6105577203112762,0.205501185739094,wave1,0.2201151820715361,0.633077998287203,0.9676148168311712,0.3746696983546371,wave1,0.5138542099460857,0.6959781576144106,0.5740857749651755,0.0540424294612519,wave1,0.1409062389690568,0.4537907715933303,0.3484799858678407,-0.0628460153981377,wave1,0.1215027928303374,0.5360748162449741
1011,-0.4881279941885949,-0.19297987711943,wave1,-0.3451353924522802,-0.0848733059014368,0.6496280532485933,0.2744895639657039,wave1,-0.0387511242261005,0.6801460123190375,-0.7969951779028107,-0.1551956713749084,wave1,-0.1800928376435239,-0.1687557556010926,-1.8958292078550176,-0.0316075647653616,wave1,-0.1397742670055398,0.1695572889877109
1012,1.92812297077382,0.7790965457888248,wave1,0.6706131315564452,0.5470867732229094,1.7312367181499364,0.5294127108535454,wave1,0.3002065368355715,0.1772519717493239,1.037583977668485,0.5995649833202369,wave1,0.4576143714942936,0.4848817797500869,0.8344184007726877,0.435029317395718,wave1,0.3125586452563566,0.3773161633589887
1013,0.2252755499875422,0.151298829776002,wave1,-0.2936128204878854,-0.2224309922857801,0.7950213877342533,0.4172474667832806,wave1,0.0116852796629061,0.2360313176554891,-0.828491640241833,0.125286108341013,wave1,-0.205201113243946,-0.154334452546256,1.0111276722575702,0.0820769957943835,wave1,-0.2999477745912356,-0.1948150992249787
1014,0.4668252382350476,0.2595980087287584,wave1,0.3918085915339528,0.6914424856921653,1.6176576393022006,0.4327919641702622,wave1,0.4585001595837825,0.3061181933129702,-0.4710924983409075,0.2603065700409224,wave1,0.2520870609748615,0.4972345685601369,-0.4651158112605075,0.098178276898844,wave1,0.1961786766740262,0.1364752897037998
1015,0.3674726056827822,-0.5886956305702351,wave1,-0.5179805836201776,-0.1620696724907202,0.7541682026553805,-0.3776789127500193,wave1,-0.6413647520617711,-0.2193109941649866,-0.0484923551244352,-0.2684765180344106,wave1,-0.1471660347372214,0.1133387847141973,0.4251309164498458,-0.2843662932411697,wave1,-0.1518065407323752,0.1277691910100787
1016,0.5323361277520701,-0.6457853994405014,wave1,-0.3529997426557427,-0.7351052204461572,-0.3773140377681442,-0.0156935922347098,wave1,-0.1752854144653319,0.0511455736018722,0.7295524912339697,-0.4046648369556678,wave1,-0.0975855979022242,-0.5255307702740475,0.2372593271527692,-0.3351309775814496,wave1,0.027067395599352,-0.2985716442935265
1017,-0.0357127048651591,0.2335053286059119,wave1,0.5540008286609344,0.4051847885334232,-0.3671708348869682,0.1772447758297319,wave1,0.2595212052467484,0.5648723848939898,-0.590210688530731,0.1825601685798367,wave1,0.4480664666160606,0.2999458886841751,-0.2906982776636733,0.0435670803760365,wave1,0.2519280629194213,0.2532146724983219
1018,0.6186539770806446,-0.0065012993302469,wave1,0.1872582965321276,-0.1623838162125217,0.9627463442512804,0.3030263480847754,wave1,0.3138777473300982,0.0248803407323003,-0.1870567090675827,-0.0603142067358802,wave1,0.010510964562255,0.2052819084123328,-0.0634387902614253,-0.004116996890591,wave1,0.1251523075995437,0.1605004439125876
1019,0.7491042071982086,-0.2473077454611623,wave1,0.7421143986838281,0.972163621830497,1.02814048753844,-0.2668740205230175,wave1,0.2620160430103708,0.4620231716432679,1.0339466524118557,0.217099210399899,wave1,0.5625325629713971,0.7264747988581046,0.922472500429,0.1917027422589198,wave1,0.4383631357126799,0.3966045507300778
1020,-0.7455523394798192,-0.6554292072420012,wave1,0.1039356969863343,0.0797719174003974,0.7979846208476595,0.0341104230451889,wave1,0.2827992201073177,-0.0338668272555364,-0.7343251421492132,-0.3608110699874121,wave1,0.1032036325623095,0.1001454993752746,-1.316478435366138,-0.0207151683417612,wave1,0.2436452405586335,0.1172882075789362
1021,-0.6021935761511346,0.3708059309424092,wave1,0.1993141690984483,0.4818040092865607,0.8450143357917881,0.7136862310751633,wave1,0.5656879659846916,0.3186473310587854,-0.077678346406828,0.1930512023780585,wave1,0.0476964244444172,0.2018386057519766,0.3757476284371003,0.0858886529428992,wave1,0.0443661712695614,0.0732930634866761
1022,-0.9334094746360342,-0.105281759898322,wave1,0.1597257379324015,0.7464934401140704,0.5152310338013099,0.0580279628857791,wave1,0.2229287055082029,0.5854963216621045,-0.0318696428534243,0.107360981012456,wave1,0.3923341988685175,0.6211675953071882,-0.4692044462071419,0.3192383563096198,wave1,0.3631401618925353,0.8146787861004977
1023,1.7982808856772872,0.7561855214682609,wave1,0.7783779169902503,0.6668091783303867,1.4597010756291486,0.3522469619233404,wave1,0.4801511081424239,0.5177964146812937,1.1338578413096128,0.7637267249354754,wave1,0.8092372351450831,0.3696946908026605,0.9753720766948528,0.8249059760265383,wave1,0.9917109435816244,0.3876959616979507
1024,0.7824009298784089,0.3259668914246236,wave1,0.4220098786614317,0.3178581765922312,-0.3693318376052267,-0.247537159631684,wave1,0.0769069481301569,0.237165065098454,1.338898654296412,0.7169427742919505,wave1,0.48804120922768,0.5337848063817114,1.2715731895715126,0.6029110585981927,wave1,0.5413966906233068,0.6368051602967522
1025,-0.1820148794585721,-0.0559429095898202,wave1,-0.4854857140581057,-0.3028339050612443,0.1988731591187806,0.0186644677016005,wave1,-0.1125156871328154,-0.0207079196130541,-0.0186388987481816,-0.1072391864089934,wave1,-0.4818568732867985,-0.2702773622600594,-0.1637773884352746,-0.1047189898269307,wave1,-0.339270207059923,-0.3339470155842173
1026,-0.3696495940483056,0.4730907525930168,wave1,0.0899809281324643,-0.2693257323394906,-0.8256652408840641,0.4824669669687373,wave1,0.0264992547543834,0.1395123825750406,-0.1391885661364049,0.4409393699045841,wave1,0.3145532084924364,0.0175154395860729,0.3465794156926187,0.2359029585387062,wave1,0.1794574484555992,-0.0059746941427867
1027,-1.7168361774936671,-1.0178202759014865,wave1,-0.5127514900273558,-0.5903015255545485,-1.677252610459161,-0.7830244644994295,wave1,-0.3206193797162189,0.0562455654846594,-0.6266970717090139,-0.8427392260116279,wave1,-0.4835018284705968,-0.1655502928589663,-0.7482270679608685,-0.5353675846222503,wave1,-0.5905155918371798,-0.2956988099042553
1028,0.8273751896198986,0.1531967184101259,wave1,0.1490873195065996,-0.0433705952422283,1.7495879853668836,0.2912866100694484,wave1,0.2854441068189832,-0.2412928117329775,1.1606462198242855,0.2236094026003435,wave1,0.1872537177344085,0.1707799256539172,1.5467629682266806,0.2952776202620175,wave1,0.3455786534286542,0.1488283976133326
1029,-0.0225228010748773,0.6416247917334341,wave1,0.7458580883632684,0.944831609725416,0.1053925339806127,0.7156341841241285,wave1,0.3652450425430023,0.536669068081419,-1.5701524860291314,0.3436523541061412,wave1,0.4775033476170723,0.6852744711211084,-0.6205820597824435,0.1499053880115763,wave1,0.1610980615113823,0.217790397802725
1030,0.2268175481144268,0.541774254143911,wave1,0.7539165392466098,0.2150506359005293,-1.2362899854633502,0.3387385479987479,wave1,0.5992345641484778,0.0592134195878655,0.9205138817260744,0.5631102232543106,wave1,0.7180290898070294,0.5147439569253356,1.0051113848374074,0.5471434746460119,wave1,0.8474047684555995,0.4845312610143452
1032,0.0768517439068595,-0.1586065259177203,wave1,-0.5080276023915022,0.1954262700131797,1.6602185600103736,-0.0417014581073182,wave1,-0.3102477787582829,0.3505342454863169,0.5530449837010597,-0.106287635005402,wave1,-0.3008435211755791,0.0719176213680032,0.7668057750644963,0.0077508363094857,wave1,0.0058000245814046,0.1626818685318211
1036,-0.0948266149320428,-0.3600512325352278,wave1,-0.4781865854510609,-0.8586405812136952,0.162835904033522,-0.3062548329340373,wave1,-0.4642980008685913,-0.7366699061526245,0.2601867887477316,0.3211453610351963,wave1,0.1948188937496103,-0.1799280596491917,-0.1757081913290891,0.2057086294385476,wave1,0.1726412759594119,-0.2114801671647893
1037,1.1129169193111004,0.4795231116600873,wave1,0.545821742265447,0.2217382848680391,0.3672672164942686,0.281526017777024,wave1,0.1715554004032327,-0.0637119856473382,0.6300255436893258,0.6333386675547978,wave1,0.5976833614144335,0.6908284030897058,0.619545705389042,0.7722189007879279,wave1,0.5562686969771291,0.5418361405508763
1038,0.2634216679753647,-0.1444629926025782,wave1,-0.1476004375343835,-0.5601593250620525,0.3199144379031529,0.0290824218986558,wave1,-0.2392488553095995,-0.4251546631502521,0.5771338058507639,0.1028604746733992,wave1,0.2717954595453158,0.0087925151667784,0.9302473025272076,0.314159622817022,wave1,0.2503628326158451,0.1552400707363772
1039,-0.5800477076277563,0.2106535822298916,wave1,0.1373888624524495,0.0186690775607649,-0.706693452828806,-0.0201577377672603,wave1,0.2001532501267169,0.0018438377164819,-0.3637836766704747,0.1524877873643173,wave1,0.0671657365318478,0.2978018327789835,-0.7924247811592436,0.0977163559736227,wave1,0.0838455814321239,0.1962958470412133
1040,1.8223146913908983,0.5595860325525053,wave1,0.2715000091129129,0.0152783024419715,-0.2704304719449656,0.4283806889424486,wave1,0.0668263294300577,-0.025122070796701,1.38396497657154,0.6940440695141935,wave1,0.4447618543776294,0.2511731628493133,0.8413932632538565,0.7609172647182879,wave1,0.4932865155821516,0.13376940154577
1041,0.8945933181698569,0.6689645773121515,wave1,1.0192325915068017,1.3591890440699033,0.0466464591444871,0.166653798724194,wave1,0.5951579135884115,0.5979453538774218,1.0682586662265103,0.7039692450218206,wave1,0.8640261798958698,1.0951798624544646,0.4825281155356719,0.2828567693852172,wave1,0.5551435228525993,0.5583535157740128
1044,-0.930458058750106,-0.127117928659993,wave1,0.0237448837276308,-0.5756457559049402,-0.928787302163163,0.1768244242047998,wave1,0.2539579326502597,-0.3725405729854312,-0.2924641970795625,-0.2475885072706414,wave1,-0.0563591571422805,-0.3602517443337372,-1.4796667725430697,-0.289715242695745,wave1,-0.3470008209665348,-0.5721638618046412
1045,0.942626841184786,0.2206354064333799,wave1,0.0579123055619321,-0.0205247548217126,0.6921191785058026,0.4758238684103619,wave1,0.119523129069667,0.1287516343493076,1.0495096454161557,0.1385712361084583,wave1,0.1176539311656799,0.1479419074766403,-0.5268162429510198,-0.0358983825566691,wave1,-0.0859803077671551,0.1604423752926641
1046,-0.8988003866070626,0.0612953690850477,wave1,0.3690685926489156,0.050690272644418,-0.9040779786459832,0.0779427664363621,wave1,0.084832828045458,-0.1136037011602071,0.7101244117616881,0.3389317556651846,wave1,0.6322559082798315,0.6574529672773956,0.9713737020098456,0.3905586318382654,wave1,0.5889232322955065,0.582668707329421
1047,0.0644383747980113,-0.0734232426433045,wave1,0.4151389252854107,-0.2035202670135216,-0.1018893316400334,-0.2507943354174176,wave1,0.0526055994966114,-0.2016547960830117,0.3536500817691638,0.1938523986364702,wave1,0.6366563435700985,0.3381903000844164,0.95514862197629,0.0682314617152518,wave1,0.4877938560989823,0.1966383844340421
1048,0.4615006145336681,0.2741055779522627,wave1,0.2864281666721064,0.3030570375482033,-0.2160813714496662,0.3142084172122836,wave1,0.3982340353080773,0.1695479216947482,-1.5028277162873762,0.1233804057664915,wave1,0.3083043757691928,0.1750955536867806,-1.2794946338905022,0.1944193528066192,wave1,0.2213869204348303,0.3572519050607504
1049,-0.1555095386295946,0.151462759990153,wave1,-0.033355151085848,0.347046209309533,1.0355003766421678,0.1073643944092603,wave1,-0.0878533388641229,-0.0480414287189239,0.1288165375529217,0.1964187065324467,wave1,-0.0432526894373728,0.3037440789430103,0.4527214313824645,0.0147893190058668,wave1,-0.2774862323626604,0.0888113018230253
1050,-0.9166970675055696,0.6421196891028638,wave1,0.2632451257461303,0.5232719925037692,-1.9988511518671663,0.2400492749829559,wave1,0.188900930103173,0.5738093286324291,-0.3714555611765866,0.6312178019977859,wave1,0.1860140622010475,0.4809125682415298,-0.0177534304177177,0.382505920831487,wave1,-0.0310240943098701,0.4564447124954361
1051,0.4888899050386413,0.1958810505707542,wave1,-0.4157255679631717,0.356745335643815,-0.4254702403469886,0.394683559688296,wave1,-0.1227526963405754,0.0536847101660382,0.9810963504938104,0.1710531145665235,wave1,-0.2623271084853251,0.4949480968074411,1.3486175906925175,0.0555360787862699,wave1,-0.3084989734148787,0.1414597898051929
1052,1.5006262824670895,-0.3443344034610984,wave1,0.1232650167190982,-0.0641594170913577,0.747903591685925,0.0245178130840399,wave1,0.1901232790014595,0.0030156447971574,1.3654836801606487,-0.0098904033428368,wave1,0.3911469460091838,0.2269308545982902,1.488310848972313,0.1067596359634034,wave1,0.598401322461286,0.3851510596879713
1053,-0.6979993114904016,-0.235707019338434,wave1,0.0685839075487337,0.3416595811525567,0.2316102486846454,-0.0229457822987397,wave1,0.0918729718438442,0.2015473362802924,-0.4584863165183205,-0.0349113898821097,wave1,0.1574880706463318,0.3047446770110326,-0.6561444154242363,-0.0618826188159287,wave1,0.2318784343627815,0.2312429568726829
1054,-0.6978660074855776,-0.1204249431624289,wave1,0.0789599378041101,0.0084060516943322,-1.461554013143182,0.0648681843590091,wave1,0.2981332343804825,0.0962301283021749,-0.7661986003131697,-0.1990208927510952,wave1,0.2688809815152133,0.2163181833674601,-0.1990064452237208,-0.2185097093523805,wave1,0.3410207246125124,0.1011164511925039
1055,-1.6705096437731626,-0.19371921273278,wave1,-0.0779461719207388,0.1364341570425993,0.1018739189010015,-0.0854877895191421,wave1,-0.3838147551378954,-0.3139580186302932,0.1605395878541142,-0.0025489241655261,wave1,0.1975675381346742,0.2927743436541685,0.1686610191315211,0.0784424686071183,wave1,0.0858941765871885,0.0826735568138002
1056,-0.2369538920527476,0.3718296663406841,wave1,0.3996554438173112,0.1533603185553562,0.9671309770399854,0.479089259369668,wave1,0.5979570025271683,0.5692364152844487,-0.2279839152308154,0.3410348103517622,wave1,0.0826152543652201,-0.0851475459451158,0.8333422300902064,0.1166444043489017,wave1,0.2198267900317868,0.4848174165212441
1057,-0.953280269224821,0.4819263599473173,wave1,0.6905290992596704,-0.0040104299741829,-2.0440590316969502,0.3718791504815848,wave1,0.1935474005671507,0.1831015669920024,0.1093463354193539,0.5010044132902867,wave1,0.6100788119880349,0.2404945809629388,0.6426285780677543,0.5757739631273657,wave1,0.3406390169084519,0.2601571241408074
1058,0.9640857626604256,0.2712254479788685,wave1,0.0803765001644238,-0.2749610793472623,1.3469346627154486,0.5547159738136915,wave1,0.4622228469446001,0.2818174501320232,0.7957754610486247,0.2000583107697395,wave1,-0.0155328480988488,-0.1881793637944473,1.0576343587113464,0.3960427556288719,wave1,0.230565590925075,0.0869597646510724
1059,1.8591174243235784,-0.1879499052027788,wave1,-0.418745612621821,-0.6364238175387154,1.2024527130049187,0.3006447477776137,wave1,0.2411572664133334,-0.0156343854060296,-0.0270978923568855,-0.4857042901997221,wave1,-0.6659693368730424,-0.6999510776390538,0.3882745347719827,-0.6603433883262496,wave1,-0.7715687483382841,-0.7008365602452075
1060,0.5649238657077967,0.2407879373923742,wave1,0.2442930133103875,-0.6728715547245747,0.8753580075059059,0.178213877774735,wave1,0.3904006056105515,0.2216112521112307,0.0947325340390469,0.1126072459323062,wave1,0.3014870126687952,-0.3181644785030655,0.6522687421683477,0.1741353154344128,wave1,0.3487553268133826,-0.2646157529026501
1061,-3.259487119989752,-0.9183603388676972,wave1,-0.9623536444063752,-0.9742409795517264,0.9665901976222416,-0.1948013746669021,wave1,-0.3027626045381162,-0.2009740727578515,-2.2047523479584044,-0.2476266922531498,wave1,-0.1395542430105956,-0.4658633698704859,-1.0425749367619506,-0.059613672661585,wave1,-0.0495035200473027,-0.3198856036138433
1062,-0.2254661980562904,-0.1610968185989993,wave1,-0.5067690724740541,-0.0514459227522148,1.5885849119016269,-0.5041810134306477,wave1,-1.077396191281026,-0.5738915347209366,-0.6702367054906186,0.196358941833475,wave1,0.0419790389346192,0.156819787717503,-2.462000482723912,0.3264002723591748,wave1,-0.1939385226827296,-0.0736431953365257
1063,-0.2716596308816557,0.0579046327589904,wave1,0.0241498570713611,-0.1397993861682687,0.7862981907238408,-0.0515288736212364,wave1,-0.2549501590750878,-0.0444467760714029,0.1520717734916355,0.4261028787156671,wave1,0.4276547073994288,0.2392987387806808,0.4566758293420023,0.2742720858435622,wave1,0.3899572107649106,0.250737689056577
1065,-1.1835128213206525,-0.7000500997959838,wave1,-0.1287529858109664,-0.4647121263825065,-1.0199660014219665,-0.6276862777027028,wave1,-0.3846274295681868,-0.168117021476565,0.1682871578451738,-0.3078864217497883,wave1,0.0099741622891063,-0.0138449829869506,-0.2006619603810429,-0.2890159628584895,wave1,0.0316882257860052,-0.011444635274307
1067,1.1821860236534985,0.7084114915371416,wave1,0.497975235101078,0.1230503711450508,1.1332518209859217,0.1943070329454517,wave1,0.2625484653454804,0.1421831251645928,0.3421518665113092,0.5825227717125202,wave1,0.2613329708945217,0.2051953662611244,-0.495653480411098,0.4258153674024869,wave1,0.1704159997754823,0.1377813208656563
1070,0.0551003757143236,0.3954797001669035,wave1,0.3396629153675503,0.1185309175520834,0.2629111122129928,0.0444829139855285,wave1,0.1382700869734754,-0.0418027443614361,0.7772275798862748,0.3564493460303704,wave1,0.3415517662884,0.1076097299147147,0.6259378018199802,0.1956637378125281,wave1,0.2257112054022148,0.1272347079119052
1071,-0.9571509123181072,0.0876948766519003,wave1,-0.0104161493855561,0.6139900746985618,0.0706221113235686,0.0297590932331732,wave1,0.1843642008446397,0.3655399790145111,-0.0438681558888129,0.2282919917881252,wave1,0.0995166801090847,0.6331681405635707,-1.3552629244501426,0.3751206513566704,wave1,0.2946906955177663,0.6875879926535557
1072,0.7956250893766137,0.2744547486719453,wave1,0.2631626349216285,0.6048587683256161,0.2807315639516974,0.299176965354035,wave1,-0.0002127355800363,0.3852553406976367,0.3806746422063953,0.3254232728434985,wave1,0.425672551217817,0.796370833107978,0.2851936625899682,0.2752477624405887,wave1,0.257104621533923,0.592916708830304
1073,-0.9138297343873532,0.1371212992799173,wave1,0.1544179843445072,-0.0353200359170502,0.4892542734446077,0.1645043190038275,wave1,0.1087534386757969,-0.0236011966361131,-0.8966431476697897,0.3020553908169241,wave1,0.2751702273854095,0.3014549057171798,-0.3991435753567782,0.3382496818158473,wave1,0.40305616610243,0.53354224864296
1074,1.2168401134344584,0.4167104955022784,wave1,0.3220400244328139,0.1445523738005061,0.6842464291198848,0.5061075924716332,wave1,0.5444686408863642,0.3569762762127313,1.2776824032202383,-0.0724987876148013,wave1,0.1306382004619588,-0.0087455562414602,1.0463497234638155,0.0184703635809392,wave1,0.2725299966468743,-0.0807668282801939
1075,1.0287775120039442,0.3246026947642053,wave1,0.4013548300431098,0.1906257349373494,0.1855335180023646,0.0735939247381869,wave1,0.3102418152024622,0.1628590245644419,0.8093948922322041,0.5740049035634628,wave1,0.7911203389429816,0.6230614619039653,0.4860071530296824,0.286865879112381,wave1,0.5087860363671102,0.4369273200346641
1080,-0.4232234555348166,-0.3018072156686213,wave1,-0.0056820663704906,0.0544800065095003,0.3978041251250441,-0.3364698087022761,wave1,-0.2216647307425272,0.4097600035026276,-0.5330365700198227,0.0896836616619283,wave1,0.2918628985223059,-0.0372286956185403,-0.5348063768582154,0.0426497222778211,wave1,0.0837985178789426,0.2560444935169966
1082,-0.7277896509651709,-0.1634496015542641,wave1,-0.17951017536737,-0.2187045848004261,-1.4832265258951267,0.3869908746167174,wave1,-0.060836220211687,-0.1057597049975547,-1.603452851721663,0.2445982273506253,wave1,0.4544599009557695,0.1354674722390063,-0.4683864052584466,0.2021961665807332,wave1,0.1795222643422795,-0.0356054728374344
1083,1.190034884378314,1.1298210633713008,wave1,0.9531724782276388,0.6191306963749148,0.5717918635632474,0.7200076877864647,wave1,0.7460594748294509,0.4519289302344427,1.1818093783643584,0.8876735298313372,wave1,0.736063178368678,0.6818314575573059,0.4868120327492919,0.922813256259012,wave1,0.8791774661604774,0.3711232818042928
1086,0.3572318329902944,0.2129220851869082,wave1,-0.4081977193664088,-0.504859178522888,0.9116234299888322,0.3427976269192565,wave1,-0.1258379633761275,-0.1586212313033517,0.3292029041679251,0.2227864478128788,wave1,-0.1674341735594243,-0.1547334028694487,0.8399045606903613,0.3234976026687203,wave1,0.0697766259994504,-0.3004043947712246
1087,0.1738726557656041,-0.2709087802296701,wave1,-0.1753238394306397,0.0111643597612278,-0.0968819066862882,0.0606840071614487,wave1,-0.0370705319723969,-0.0835753985717249,0.993073668700464,-0.2131274223492152,wave1,-0.024373259188954,0.4073921173852235,0.836720571491774,-0.2629621335031034,wave1,-0.1671241167410836,0.2984131728631709
1088,0.479570703776806,0.4723940831956601,wave1,0.3930114424618951,0.4091019077149003,1.1831542641763797,0.2650678003827593,wave1,0.2595190243378695,0.2481262653711704,0.5894638745946836,0.1431962812990563,wave1,0.1804403139967882,0.5230948480035866,-0.0538849533508196,-0.1402822112679773,wave1,0.080179415409324,0.2069009080795823
1089,-0.0530745722671911,-0.4445081870041183,wave1,-0.2247770139397538,0.3758985908095189,-1.394489211473538,-0.1354668950064212,wave1,-0.1151939258856826,0.2067038793211748,0.7528226036281594,-0.3685365359836319,wave1,-0.1592784903169439,0.2196318977516806,0.8044165378532341,-0.2810958617450861,wave1,-0.0565114852471122,0.0513508820573511
1090,1.5842967721376158,0.0243170035923256,wave1,0.0523264866849995,-0.6850078881358963,1.4402643961085004,0.1759195351857392,wave1,0.2572161277534897,0.1530152700617471,0.5804927200930732,-0.1309892060292722,wave1,-0.2670134420098525,-0.6156762166308719,0.6213359832657792,-0.2759205922505344,wave1,-0.5087012582073952,-0.5774990792031031
1093,-0.6975170523780928,0.022013341040457,wave1,0.0645907752386683,-0.0487146029876655,0.9832468650696043,0.1975331898720131,wave1,0.2948270333761464,0.3759282047937371,-0.354647829078072,-0.1604536445930138,wave1,-0.2189530034887286,-0.1552192794345239,-0.6094799570228702,-0.1968166205923456,wave1,-0.2236389058827081,-0.142417752334472
1094,0.4412619076322718,-0.041757753647891,wave1,0.1609395996459539,0.2267084877712142,0.2055482562204589,0.3464782446443712,wave1,0.4254526092073343,0.5469051092361612,-1.009377776970351,-0.1374769915385081,wave1,0.0457183996995173,-0.0349158759774868,-0.3531635101360755,-0.287564310755192,wave1,-0.0056384792029847,-0.1505210694103197
1095,-1.789737116454403,-1.0682935248508687,wave1,-0.4977756288554591,-1.049576427208263,-0.6319148807342115,-0.3013610586453139,wave1,-0.1591050793720709,-0.3869236255589707,-2.033057764154764,-0.7663406772450867,wave1,-0.339981717262765,-0.5556634249739849,-0.8972381044522534,-0.5142212469437132,wave1,-0.3737877829434751,-0.0766246169081218
1096,-0.4224443522851075,-0.118168561257832,wave1,-0.1522224413440178,-0.0250948660531831,-0.4797167036213003,-0.0116183359733499,wave1,-0.0443491424050663,-0.0374877740213603,0.8267825851027288,0.066892203157755,wave1,-0.2326107825693262,0.0414954506159503,1.258353619296564,-0.1037307651608853,wave1,-0.3096198989690899,-0.2210934725450428
1097,-2.2049150685261365,0.1647639439966375,wave1,0.1231579783726974,0.0133151257415637,-0.1731027596418138,0.2416979990854717,wave1,0.3538681150296272,0.0719092784082804,-0.4699667584857512,0.1600293276513364,wave1,0.0495905230629363,0.1343448367534678,-0.2783800750235761,0.0272936098719615,wave1,-0.0843158805854332,-0.0334227246220174
1098,-1.000658832869627,-0.0085511408808975,wave1,-0.264539339324316,-0.4294158629435998,-1.647537566172415,-0.1967396755348218,wave1,-0.3793687471881024,-0.1748961623426668,0.339215124195278,0.3324349011783954,wave1,-0.1161543144769657,0.159492041599777,-0.1267179232996768,0.0587868017500225,wave1,-0.2882760554942195,-0.1618030164279818
1099,-0.3995234508648181,0.504651639399738,wave1,0.5251634880830163,0.7901402005662455,-0.066196776461232,0.3836563657697618,wave1,0.3089721816174413,0.5548064581500136,1.035381261191506,0.4884366743487713,wave1,0.6003844736421915,0.7925844144270957,0.928225283054498,0.4752592139287812,wave1,0.5842081260735168,0.6940631406363038
1100,0.8379545817921258,0.2650483291476877,wave1,0.4007844155252849,0.831296781933687,-0.1084813437965739,-0.0358672247880855,wave1,-0.0239067613325469,0.4845068970871145,1.2080712982251605,0.3104305457978684,wave1,0.6175902775797479,0.7908103465678304,0.6302170554936442,0.2257865680967511,wave1,0.4269975534952234,0.6422954214693338
1101,-0.1284550521383972,-0.7652098638684142,wave1,-0.3034445558944747,-0.8869379296187572,-0.7402082543598856,-0.0683420687342322,wave1,0.1761728752285696,-0.0565070832752951,0.9795669102878716,-0.4518150999584662,wave1,-0.1868332602205265,-0.3358690764671563,0.9744198156337768,-0.3532409886850685,wave1,-0.2096934026259159,-0.2464896001233821
1102,-0.976022306692269,0.1634462936626093,wave1,0.2232416582020948,0.196649169363956,-1.6970309371973258,-0.473098666204151,wave1,0.2053057538861222,0.2712584901530814,0.0493842699498178,0.3567412776613948,wave1,0.1556249134480279,0.1345492528213149,-0.1580271732171048,0.1104213521608332,wave1,0.156797851605473,0.0568627090020529
1104,0.2822026428747364,-0.0665609753154901,wave1,-0.1893169557324512,-0.0159283781672527,1.0912904830083625,0.1742853267710982,wave1,0.072162233957804,0.025911895850996,0.703678648115653,0.0970148606366421,wave1,0.0904316349024099,0.4317442042097377,0.4374025325362077,0.250605583875761,wave1,0.3154829680539832,0.330445561090489
1105,-0.5716421341544361,-0.954161907191454,wave1,-0.0230883334745102,-1.0651688754102684,-2.0335987513557106,-0.3547408120455748,wave1,-0.0691690844154324,-0.8293458795144217,-0.075559308807165,0.0055166372240083,wave1,0.3195904134198555,-0.1544277265075648,0.5824175759889744,0.0761166953281405,wave1,0.6695541330332276,0.1868620142507903
1106,-0.7817505870083801,0.3130377259655992,wave1,0.0785359395865459,0.4082134271363808,0.4311483901751925,0.3075412617891169,wave1,0.1287414799849531,0.2882638191984272,-0.9461278753839408,0.1860840797801468,wave1,-0.0228750750229751,0.464816295896638,-1.7171253699779134,0.0972045291104832,wave1,0.025998384970782,0.5235376602776298
1107,-0.8369105342899411,0.3165344804967431,wave1,0.3819112529733743,-0.059732885093692,-1.372436498660363,0.0973463591061767,wave1,0.4953931730591092,-0.0150616847029367,0.2451600487088647,0.3846016042773903,wave1,0.3794477000663065,0.0659920054200329,0.9558495623343408,0.4812604114134328,wave1,0.5323492695033368,0.1665215706949289
1112,-0.6040752049497438,-0.0624114296795492,wave1,-0.1691922002778341,-0.4462548241499711,0.6671377500483472,-0.8732302867245858,wave1,0.0258491298211098,0.1440954919101029,-1.292244315986122,0.4626117297769385,wave1,0.0320190094550463,-0.6170474089428979,0.2837905602878519,0.3028709099383939,wave1,0.1980661885779495,-0.3326792818594173
1113,-0.1846036478320183,-0.1279052484244558,wave1,-0.0250137650136494,-0.226845332037028,1.203060467945959,0.0327219905922029,wave1,0.257905455345901,0.1627608025636249,-0.7604031175383618,-0.3045306891728,wave1,-0.2216194483178039,-0.2768872928480969,-0.4407915267736152,-0.3419573730100105,wave1,-0.1373916995465556,-0.3366051163811499
1114,0.5415565099441114,0.1942157389615035,wave1,0.1808054416001037,0.3398113430496117,1.0923426789933597,0.2016281340049146,wave1,0.1707398226939971,0.4259363565430387,0.2885683551248374,0.0101691777710907,wave1,0.2604717643944402,0.2637939847009806,0.5180615430713709,0.1661828886338293,wave1,0.2295908614660487,0.3444932005229645
1115,-1.0535373842733864,-0.3970523921109805,wave1,-0.3258728225914158,-0.2578660324237738,0.7326457387493754,0.1778351095844541,wave1,0.158863098699548,-0.0369057310017517,-1.0614593604168694,-0.0195100289187222,wave1,0.0462203640687526,0.4285253125999457,-0.402371318917648,0.3049607045641693,wave1,0.1142448025705677,0.3581785419290565
1116,-0.1917036511673257,-0.2846372315611951,wave1,-0.0053561553895264,-1.0688778661087366,1.6019915834467786,-0.2319758943913195,wave1,0.0231999034219105,-0.4333218974175201,0.8844936035674941,-0.2644614467869335,wave1,0.0307639642735431,-0.8624134083136017,0.8335560781750614,-0.2227716020869273,wave1,0.0613192434564088,-0.5123653738906216
1117,-0.3077832733449452,-0.3827786430206146,wave1,-0.2662173736264503,-1.248798787460549,-0.077545686461922,-0.120471938491665,wave1,-0.3142924687476625,-0.4805473355976963,1.3363436559152733,0.0232733670598872,wave1,-0.0083248753940587,-0.2020946492911142,1.3253964026774054,-0.1098609715171745,wave1,-0.0354196445706404,0.2206962216548667
1118,0.4531361535456419,0.195800204902655,wave1,0.2262652656398671,-0.934238198006851,0.9698496964947556,0.4120401938636109,wave1,0.4114523771995777,-0.2034309071331341,0.8731880757115635,0.2390886505836361,wave1,0.2196895330318155,-0.33291704096613,0.7161620945574726,0.1220645408664726,wave1,0.2378707621757449,-0.1563853848996362
1119,-0.493138984006022,-0.1567349468930161,wave1,0.3465726234523005,0.8005801502215064,-0.5571284273617871,0.2115689173656225,wave1,0.3779131204398769,0.6641795533357977,-0.384363156897292,-0.119831071011041,wave1,0.3570941998743264,0.3940312588585102,-0.5588664580848292,-0.0776516974692121,wave1,0.292478543277689,0.2216156025812469
1120,0.1621415231575955,0.3472530110243661,wave1,0.1938604765906442,-0.0926479597230005,0.3258282715143195,0.2645482567663502,wave1,0.1768556761552198,0.2173684570276302,0.3268686790408797,0.2040348104425802,wave1,-0.0900039761884463,-0.1647047523559295,-0.4724800292658603,0.0158805880982344,wave1,-0.1920602788459205,-0.3358235576704377
1123,-0.2790595053210132,0.4251889886981974,wave1,0.495676841953292,-0.0910467267024532,-1.2393881935920557,0.7368860937819692,wave1,0.4107128740620813,0.3213084736355591,-0.7591335068013174,0.4019636346826143,wave1,0.8005085988169158,0.2220072965475461,-1.367724612216635,0.2982040047444667,wave1,0.7385243322147907,0.2279243437038344
1124,1.7454775755318117,0.8922654233946627,wave1,0.94262470616274,0.5569395644710313,0.7392833654844558,0.8153150117115926,wave1,0.6704630471891937,0.563661733369401,1.7264309873855532,0.5057297691544607,wave1,0.5619306946710023,0.36106157427806,0.8040768484018423,0.449115063514326,wave1,0.4077171149428243,0.0391471769359682
1130,-0.3432238753528629,-1.1610236336692212,wave1,-0.9352224406465526,-0.8071181632719524,0.2885402743293341,-0.984216813809094,wave1,-1.133057460850445,-0.6934670914636105,1.0365043761459385,-0.6501237095117254,wave1,-0.4634049721167239,-0.6156897833867101,1.4631154531085042,-0.1585734830278591,wave1,-0.3363574663830899,-0.5437242901335928
1131,0.725086321939335,-0.9733273486768312,wave1,-0.7952647596358524,-1.5339077914549724,0.4585773111529642,-0.0972213810459321,wave1,-0.3374541511768412,-0.5992457503941624,0.2074505415501471,-0.3759425987587858,wave1,-0.2305298319342802,-0.5234196281837623,-0.3020967281096755,0.0021195986304298,wave1,-0.0522801983972567,-0.3488518952490332
1132,0.0269430644805171,0.0815738281890123,wave1,-0.2547356988939071,0.3882006519306664,-0.3855358650296215,0.0418250532593997,wave1,-0.2225276228406052,0.3059023014848154,-1.3789238278903615,0.1183887305144889,wave1,-0.1660178494706378,0.4104012240537457,-1.23961295361901,-0.0941559890678415,wave1,-0.2064092483913028,0.2559535482350555
1133,-1.2459056412494096,0.1098764112150965,wave1,0.1681561937267708,0.4664314775696856,-2.173851852779752,0.3111672635965876,wave1,0.5434150910051276,0.2979819620908557,-0.3196725078616578,0.2355234362906847,wave1,0.2944650638296769,0.4546684717477879,-0.9661380248707822,0.0843320982986305,wave1,0.23480589524298,0.4498274834656756
1134,0.3978988199950756,0.5981654822127576,wave1,0.3994225152149337,0.8794602567145176,0.9495910406210826,0.2926954707600242,wave1,0.2906158844816338,0.495915571564786,0.6805095495534579,0.5809382388412196,wave1,0.3425560731643065,0.6308523049768995,1.0054749977000967,0.3136838731768871,wave1,0.3025034935152388,0.4532156165237439
1135,-0.2156624496570088,0.7106837594660731,wave1,0.7467933566477511,0.7087206622793238,0.5994572197635066,0.730580610070046,wave1,0.7462500381099255,0.6276005599868133,1.136254268005632,0.6017541280029636,wave1,0.6258341251891198,0.3349117049664653,0.941774781376261,0.7064093570900944,wave1,0.6653337467332368,0.3483880757880608
1136,0.1732071384381883,0.0541779263647721,wave1,-0.2924048164568793,-0.0574878865658861,0.6052939419243408,-0.0528427833906939,wave1,-0.0577269611498671,0.0109124759977132,-0.3439278313515602,0.211477920013334,wave1,-0.040389756221565,0.3744126347802822,0.0761290438167189,0.2022937238262649,wave1,-0.0915793126904239,0.405663808969624
1138,-0.7257599624757557,-0.0204157845673742,wave1,-0.6538210034916874,-0.1715694155134055,-0.9377170552931486,-0.035477512090086,wave1,-0.7846689161728477,0.0741282236210114,-1.7964987999568398,0.0018532959146219,wave1,-0.3936363746708585,-0.0213935731996838,-0.4405612671165145,0.2071439084120708,wave1,-0.2880600163968861,0.0320783978667225
1139,-0.547813738248035,-0.6225917454981083,wave1,-0.5573255811857705,-0.6782592968366135,-0.7563542960401612,-0.3103301981770339,wave1,-0.1991528381649114,-0.3268985273988822,-0.6748540364751017,-0.2231785706624492,wave1,-0.314838426341495,-0.2477362634450011,0.6156339824561269,-0.4784159177560113,wave1,-0.2749238720365407,-0.1603760857664508
1140,-0.2820709544657541,0.3712783113736888,wave1,0.6692388883097782,0.0906013571715216,0.5015074868123133,-0.1644042270851855,wave1,0.048177335983881,-0.1773461226604435,-1.4718208320646635,0.3866186581607003,wave1,0.4193195277404682,0.0406658750957651,-0.7433328804439019,0.1114018013988902,wave1,0.1075689279922196,-0.249184665062426
1141,1.191992377508388,0.7380336227557951,wave1,0.2381446496372952,0.570704797028597,1.2718640180048932,0.530934604660714,wave1,0.0355414117404622,0.1251251085573532,1.0303226804759409,0.6550637314931738,wave1,0.3948739414119404,0.4126804659268059,0.4741002031439117,0.471698605860058,wave1,0.2386106950430199,0.3328052841150741
1142,-0.922000241416098,-0.1533280817609559,wave1,-0.0507774159999856,-0.4837894752906102,-1.1686556244587492,-0.0959506440230704,wave1,0.1593421723140469,-0.1916562035176225,-0.8414774848994776,-0.0810082046091571,wave1,0.1061602892997355,-0.299766492377518,-0.9875786802324008,-0.1198337784971082,wave1,-0.0051670004348947,-0.385856968674845
1144,-0.5412475506751658,-0.0761058398244891,wave1,-0.0030259308324844,0.1283547991010381,1.1096944187848536,-0.0738817274994172,wave1,0.3604197929136705,0.3655828418598714,-0.1153464531843635,0.0581601733246377,wave1,-0.0551248719192645,0.1590713846916034,0.7832697079367765,-0.1001667300224583,wave1,-0.0254457403214291,0.3550797844123762
1146,0.3604766256721091,-0.2118926826236808,wave1,0.0504913850015888,-0.0148850909775362,0.5512659784243047,-0.0207353555943043,wave1,0.2773379263341162,0.2075317322182948,0.0777567710711682,-0.0049276734272334,wave1,0.3111002675544996,0.1127094181001862,0.3140078387657216,0.186346368487077,wave1,0.4061367605634255,0.1266263840044502
1147,1.88064103758681,-0.1867682665417414,wave1,0.3606635053417757,0.6349308218450052,0.4934650707685971,-0.064589706597637,wave1,0.1913039683552644,0.3319490883448224,1.5512154590413465,-0.0004205111623998,wave1,0.2582751148209252,0.5021899792963509,1.1891914576454303,-0.0768134490419249,wave1,0.2170949294284208,0.4058732194827557
1148,-1.157341318840494,0.2382599254623942,wave1,0.4065420573077538,0.2961442079389258,-0.1651468633266665,0.2103367086965426,wave1,0.5325448482798607,0.1086234982812319,-2.459800979865436,0.2842328482568784,wave1,0.5735740842655296,0.3625000026392931,-0.7548647863892365,-0.0072847678123405,wave1,0.4326722549039817,0.0989394673500339
1149,2.3063397118888886,0.6637251179731494,wave1,0.8438355859642837,0.7472558182612947,-0.4404605933048451,0.8620131831261757,wave1,0.8811179573650332,0.6775179676462457,0.3353156018707794,0.5901439649155894,wave1,0.7101535371624127,0.460867096421106,0.6841744007637723,0.4497306502316182,wave1,0.5827295212747823,0.2541053485174746
1150,0.0384450359249577,0.921836623306884,wave1,0.630173069038199,0.006505446196696,0.0786695138219046,0.1963465741103589,wave1,0.0811589961942162,-0.3350338717101961,0.8006138129195364,1.0842238894806262,wave1,0.7083184057721374,0.0224054347479278,0.8675910564217768,1.0754885935790948,wave1,0.8698217696220366,0.3413618225753833
1152,-0.0998373373110742,-0.1832925926735802,wave1,-0.0155205676942706,0.2583495629341175,-1.700994230054926,-0.0402011744124541,wave1,-0.3378701097630434,-0.1143132236137292,0.8602992922794124,0.1552699981328099,wave1,0.2053101084650911,0.3101505364444122,0.4709839747756278,-0.013071504919336,wave1,0.1261356180779477,0.1635779585511311
1155,-0.3433671033201281,0.0262122328631182,wave1,-0.4665851505088563,0.4363879823976435,-0.7972842383346936,-0.3622801578151187,wave1,-0.1957335121134533,-0.0639471521118772,-0.0138328361863561,-0.0157882806500028,wave1,-0.4392118389235716,0.5178138257989634,-0.7398658247068404,0.0203278258307572,wave1,-0.2061515775412739,0.3358332674195867
1160,1.131743556674807,0.5402051458953532,wave1,0.7486326511515522,0.4827141453312802,1.3451999320779462,0.4118884423744307,wave1,0.6093206196144179,0.4493575959591447,0.3124665517567658,0.6172094485000087,wave1,0.6680425473538422,0.6057731560669005,0.0009458788860136,0.5329359372685772,wave1,0.4591437909305372,0.5269471361397647
1161,0.2560797562386424,0.5800462272169304,wave1,0.4320346551294016,0.5535666175808198,-0.0773030705337332,0.2861863293939657,wave1,0.4108206563783039,0.424721347580705,0.076366779921202,0.4806847770100021,wave1,0.3333833197237167,0.3841619036986662,-0.3345766157148579,0.3932004340851753,wave1,0.2018980894559187,0.3021119170641488
1162,-1.218816714224886,-0.7241119180990241,wave1,-1.281712293258627,-0.751719166673162,0.09327285221283,-0.1385138581396263,wave1,-0.3028173839468759,-0.3115878982008795,-2.523828417705148,-0.7383650679429592,wave1,-0.9899578420706616,-0.631463540005285,-2.3963786936815534,-0.6988810507155571,wave1,-0.7540340589360087,-0.6251251776937915
1164,1.0957255824659702,0.0976092621776083,wave1,0.2118921843385921,-0.2700753831589635,0.6767874372639726,0.1073426009630234,wave1,0.0662884509999242,-0.3298461457146278,0.91801291384064,0.12377197216614,wave1,0.278291210642945,0.0867945395931703,0.6383308398964398,-0.0622960299397686,wave1,0.0338875373715554,-0.2647445824931867
1165,1.2590686749808262,-0.0882992309753167,wave1,0.0864472970752867,-0.1288327189693467,1.1659968135884766,0.3165712150425355,wave1,0.2699156325566814,0.0351952601859295,0.4958397375247419,-0.0492725935487274,wave1,0.0770891615825173,-0.071918691678338,0.167274015834743,0.0032557757170757,wave1,0.118896760525776,-0.1281924305531769
1166,0.7951940178880871,-0.2896577694487448,wave1,-0.0168668586123943,-0.7124126255857157,0.3015679743382701,0.3153692630274805,wave1,0.1444592515023661,0.0145150073254194,0.712070303390053,0.0115055892658566,wave1,0.0274593710384438,-0.5707788608947357,0.4786904402463726,0.1930368452522701,wave1,0.2137819663299182,-0.4271309363384379
1167,0.5876355758487938,0.0742233534960623,wave1,0.497083122919417,-0.5413143854336473,-0.1338525113873033,-0.1689890100678215,wave1,0.3556970631984457,0.1797185906502072,0.4388674568986569,0.2216607146342912,wave1,0.4680169160234357,-0.408915252226385,0.4186512249851095,0.147252487626999,wave1,0.224911464877635,-0.6246318277577633
1168,0.7368655842372352,0.1087345915075608,wave1,0.3151263630670637,0.3640355686900856,-0.0793183219960922,-0.1372874798154282,wave1,0.1311576468984439,0.106151870755202,0.2791690770775294,0.3298722730838666,wave1,0.4624332191079205,0.6047842039692135,-0.0793760879407495,0.3447732722857246,wave1,0.6144479513887338,0.6976926623016353
1169,0.1117184847508841,0.4608924670250092,wave1,0.357970778261385,0.1158843115695811,0.8155033553857575,-0.1399792887071853,wave1,0.2356083913343989,0.092665438645888,0.2180914773863356,0.8108770302586317,wave1,0.7115947394191493,0.0844106262265329,0.3920899003330456,0.3035453888211882,wave1,0.4730347075747602,-0.1337781155586209
1170,-0.7769090735715642,-0.4614436275042981,wave1,-0.2133710091831806,-0.607697074122399,0.4820110273228675,-0.2533748212282569,wave1,-0.2581124697686907,-0.0183791253931189,0.2365750441342511,0.1438130037491575,wave1,0.3235386750063895,-0.0281292996445184,-0.0929697943985272,0.1294543845263537,wave1,0.1975036553937869,-0.0384211964819419
1172,0.3615383086189901,-0.2133637320152954,wave1,-0.0569758982428691,0.170650905087023,0.1335170143785272,-0.2299733043598038,wave1,0.1647873222514988,0.1821923132938225,0.4719556010146108,0.1843481670109489,wave1,0.1311489654970756,0.271341548490354,0.2776836903416562,0.0656783167116116,wave1,0.1340760373025998,0.2006791597353244
1174,-1.8803592697198352,-0.9033905149898008,wave1,-1.3426463548525067,-0.4043063361749142,-0.5897276973003883,-0.0852121011827489,wave1,-0.818716274774719,-0.2763461109399336,-1.4637592036430496,-0.5107357623526836,wave1,-0.7324520766195,-0.1935227571206796,-1.825203414135415,-0.4272564299740305,wave1,-0.6196532762054598,-0.0919856691316712
1175,0.4077856776211614,-0.4144846084828888,wave1,-0.2050890037789252,-0.4510269852014694,1.3588066660184568,0.0118632897131198,wave1,0.4951421618423695,0.3812249055974799,0.0421027764038113,-0.2275494187440545,wave1,-0.2517407628939565,-0.4095520740372163,0.6358881477397779,0.1060152022827629,wave1,0.0242399483397061,0.084937475900028
1176,-2.8255938061123533,-2.728689609450157,wave1,-2.3420943749015706,-1.1924001276614369,0.0073135105427224,-1.1191740400230858,wave1,-0.6838898183036028,-0.2096743465947792,-1.4563883069485497,-1.662367191264822,wave1,-1.294032227249429,-0.3974710873992206,-1.2038659387001214,-1.0114725298674592,wave1,-0.9534396780412676,-0.3303337633675857
1177,2.068501966690051,-0.1032071709513731,wave1,0.2100355558908255,0.5480569869701204,0.2059407848195623,-0.1951030254488306,wave1,0.1700467563048446,0.4232760788967753,0.8888990359643586,0.1670536048091954,wave1,0.2986590903549843,0.5928729876491025,0.6561974943677031,0.0878069938709523,wave1,0.2564292612811952,0.3163690353197498
1179,0.7082047704715584,0.1709020533097023,wave1,0.3505109415916347,-0.0973628880854726,-0.0095790887674142,0.1488165936472438,wave1,0.3291346062792883,-0.0210177387285459,0.978819491377347,-0.0626617439017875,wave1,0.1886386855616573,-0.1032665846516884,0.9805466621455614,-0.0985236605553955,wave1,0.0430081820971891,-0.0252640586263123
1180,-0.3099381482715125,0.3407179102591307,wave1,0.3013140404349099,-0.1648125913929277,0.1813947951401276,0.2587433889208816,wave1,0.0085198154531282,-0.1754901423560095,0.2118018376379243,0.2985746550544821,wave1,0.5007344072132303,-0.157913639303024,0.7425318488618966,0.4597538032638447,wave1,0.4751389932629201,0.2326097488324675
1183,0.5691526480327801,0.9085435754282724,wave1,0.8641494641410836,1.0071312975681663,-0.0381864402421109,0.7793838722255846,wave1,0.697864605210716,0.5848742498714341,0.1545843905970951,0.9538133247747598,wave1,0.8772576881323086,0.7764655402437222,-0.1978973932122276,0.6850569394846175,wave1,0.5615551625741872,0.5615797763794022
1185,0.957483770891698,0.479446803524572,wave1,0.3628948654204333,0.3603183501068319,0.9237689536921576,0.1721588373572846,wave1,0.2929934058896377,-0.0544792879359492,1.3978067973530002,0.4189827527920984,wave1,0.2929090534564051,0.400828012493619,0.3140716151277687,0.4944223581756774,wave1,0.4154025295970724,0.3307109510104242
1186,0.2694688763243132,0.395275688844797,wave1,0.2602653887359047,-0.1905623249433752,-1.9898605545507544,0.0619547795079504,wave1,0.0242842262780647,0.0217088063507751,-0.6260453026582081,0.358715347523121,wave1,0.3406225596864973,-0.1105304309043546,-1.2839748382000125,0.1149487742122492,wave1,0.1418702238576813,0.0038668048721649
1188,0.0985484420406523,-0.341861525658758,wave1,-0.2396611072023833,-0.3055744083250031,1.1769820209172477,-0.2576251275712178,wave1,-0.1279979568079723,-0.1837694011138742,0.5017061318491568,-0.2669917014861742,wave1,-0.1682592900190427,-0.4064615003119278,0.0911802851043186,-0.2861644435967772,wave1,-0.0427888542515904,-0.3799743747265592
1189,0.2870785606323957,0.0225786296917083,wave1,0.4380175288501977,0.0494780701412627,0.7078401220673014,-0.0402052126153802,wave1,0.2206760927966038,0.3632849398760873,-0.2812792244212733,-0.0299137326950074,wave1,0.398411482115756,0.0524353033426754,-0.4924199584081979,-0.1793541709589684,wave1,0.2380009323539614,0.1071049988189217
1190,0.6457438809008568,0.0944501458010791,wave1,0.7647442806444913,-0.278031043901161,-0.2741988311660314,0.1726081121077296,wave1,0.3008275007736367,0.0302567803401712,0.1187182077590537,0.5057206696799703,wave1,0.9058221381916068,0.0229810438645845,0.7641643467199255,0.5213575093659965,wave1,0.6355873824199837,0.0983916413008659
1191,0.255667185064839,0.0314403945932151,wave1,0.1233383883845948,0.4462259554957535,-1.143761307681627,-0.0061493891077244,wave1,-0.0600038846838533,0.0056916077720274,1.1827522148307574,0.1501695012810008,wave1,0.2763208565295812,0.3772853527035275,0.623713811532966,0.1459516896396372,wave1,0.1118276967770951,0.3293770705515629
1192,-0.2286839686014563,-0.1343569559855897,wave1,0.1354993416244561,-0.3801880920443321,-0.0137540763070902,-0.0744859953907735,wave1,0.0643145403144238,-0.5746953109534272,0.8493602325085247,0.2188273482690006,wave1,0.2727825541246005,-0.0340251735329417,0.3611241909901178,0.1860716299139087,wave1,0.1747781207583361,-0.3871774159382943
1193,1.344499065119709,0.3798862509146843,wave1,0.75974548461166,0.6705642297005363,0.0298233158396233,0.5069199652636582,wave1,0.4709188256268963,0.4908742698625596,0.7161242540150247,0.4735790795002487,wave1,0.7448298184948478,0.8136881216775228,1.0167199314780837,0.5202809360346935,wave1,0.6618071979324097,0.826283402806126
1194,-0.2466302491056975,-1.1688603421502677,wave1,-0.0270270371086855,0.0893129124413578,0.7870897853902954,-0.1104959788460258,wave1,0.0354167639222171,0.5622195910362628,-0.9589199428433492,-0.6865391496083211,wave1,-0.0712145394396235,-0.1399228073249499,-0.3726986155029826,-0.6947924928835102,wave1,-0.2733970824064414,-0.0638023571938549
1195,-2.161496734946046,0.0104519559661215,wave1,0.1398284156778615,-0.093532489762929,1.0099174933422264,0.2613701097726484,wave1,0.3930417972298705,0.1383663842302518,-1.5385709735437854,0.2495872424444858,wave1,0.3837407719568624,0.2667319849290033,-2.047290889387762,0.0093866236314225,wave1,0.2474970196575476,0.0159136898944942
1196,0.529894669815182,-0.1815872714927406,wave1,0.1414285112679882,0.3220831208727848,0.5496133038134965,-0.080858799059077,wave1,-0.0336755904314458,0.0901279022102004,1.7377955821449105,0.1137463042456661,wave1,0.3407028281432487,0.527565805852636,0.8660485271410985,0.1458401061003719,wave1,0.3119703782849249,0.6219938828711025
1198,0.8125021415531118,0.0742150103281451,wave1,-0.2543003393017158,-0.1955099108654012,1.2005508727586804,0.1328787048760913,wave1,-0.0221609003917311,0.0032958370002413,0.4504576572363017,0.3286241723041114,wave1,0.0855996357316466,0.0704693188932585,0.4416065610692157,0.1662465852302742,wave1,0.0739995052962577,0.2519654874767416
1199,0.6229751703675933,0.0936839643200453,wave1,-0.3926813924661279,0.4620038211015023,1.0389856992158633,0.253920271463238,wave1,0.0412289814953821,0.2111607686230221,0.3347680704257802,0.0834962933004374,wave1,-0.1470217034623791,0.4232720379885215,0.5870665491490834,0.0428876001538597,wave1,-0.0532619411236826,0.4914346560624486
1200,-0.7149282330516681,0.1192798182977776,wave1,-0.3007487525613461,0.2766027491530161,-0.6482163767331321,-0.0660143304417821,wave1,-0.0750129523178098,0.3862379581718438,-1.5650468543085077,0.099990792264511,wave1,-0.0817931331605227,0.1409811099903183,-0.2669875586932882,-0.0225857606285562,wave1,-0.0632666372751476,0.3420725997779092
1201,0.9004651442973526,0.2320244621885909,wave1,0.5681054496790088,-0.2023325394701434,-0.6266338841414368,0.0842639902827466,wave1,0.1002749124579527,0.0895637614944873,-0.040913095731614,0.27905599978516,wave1,0.5275019086493824,0.312986905463954,-0.5947596515981853,0.0533793314334817,wave1,0.2501202746356371,0.3292398976590348
1202,-1.4534496559413497,-0.5953332315937294,wave1,-0.2088382222865126,-0.2241149080802034,-0.0394371020935773,-0.352079840019261,wave1,-0.0825701006276031,-0.2787039217395946,-1.3262334231409407,-0.2755278155936271,wave1,-0.1427567705291479,0.3077220771437292,-2.1185186461853727,-0.0441345429880893,wave1,0.1716260092960556,0.4339754516078419
1203,-0.082334052063955,-0.4318474882214083,wave1,-0.312712685872089,-0.5875573244455989,0.001378587258656,-0.2195251969066332,wave1,-0.2296319672586664,-0.3453485342640525,-0.7180014225413066,-0.092944575541944,wave1,-0.1490802608914934,-0.5573331212965309,-1.2193678619588026,0.1467885734256236,wave1,-0.0189787273126201,-0.2089136632664702
1204,-0.0457967215457269,0.10450998859079,wave1,0.1819405789281833,0.6163048141110143,0.8978363203619606,0.5411068927808502,wave1,0.386842929274608,0.723774842303138,0.0232348189613209,0.1526301787121201,wave1,0.2426915393120957,0.3753174594770311,0.249042682576783,0.2848214413483837,wave1,0.3192811834386267,0.5613385568110633
1205,-0.8446139893303263,-0.0404130082038105,wave1,0.4744299914845826,0.4797598775639242,0.58309007700706,0.0381664805941619,wave1,0.5455332256063896,0.6330447635901038,-0.4568335660313918,0.1490222482403538,wave1,0.368932247993319,0.0429760257231455,0.3811965365773431,0.1622243711132222,wave1,0.4484512241885838,0.120123635650221
1206,1.0588276578744498,-0.2771585146993862,wave1,-0.2143125339377327,-1.351479473977975,0.634879502794634,-0.0267728087206489,wave1,-0.1345325072835099,-0.4181904287299751,0.9863579054969128,-0.0150054342525294,wave1,0.1325348174342773,-0.6817337466404241,0.7970816037645951,-0.0770603664126562,wave1,0.0767365594290491,-0.4967865093662996
1207,1.1605352636613122,0.6342819241586497,wave1,0.4398230069415412,0.2025159843114945,-0.6640658329433169,0.4737037285745797,wave1,0.1757022052429619,0.2696723506581531,1.8113960676338725,0.5149923735688535,wave1,0.6385450507669166,0.2394642537540727,1.7748296637457286,0.3305479889390365,wave1,0.4677672818414419,0.2105193742993306
1209,-2.364566342684771,-0.4568787183635887,wave1,-0.3044946563245809,-0.0211679022253834,1.1700529048548096,0.011042748757013,wave1,0.1940446458469282,0.5019335352356262,-1.5779366209942212,-0.5055073864414092,wave1,-0.4242746151051495,-0.334299016971507,-0.1005380118660664,-0.5660319620704649,wave1,-0.1785501110899617,-0.3990376213636507
1211,-2.5919298781197937,-0.2582844643793263,wave1,-0.2657640873081606,-0.1757854750067111,-2.9732296221555146,-0.1843064085463301,wave1,-0.1042596717020998,0.078258230017312,-2.209515189739749,-0.0092022235029745,wave1,0.0756301622523185,0.1210245533312535,-1.223407861659029,0.0674509137408544,wave1,0.1737834581889736,0.0830559114004664
1212,-2.7925454590009435,-0.8072457947168783,wave1,-0.2452389254553726,-0.6025316702408883,-2.1473784940433154,-0.5087207003553647,wave1,-0.034389796168488,-0.12011883592504,-1.7377483100979756,-0.662640804031966,wave1,-0.1066325716571507,-0.3269641866676998,-1.3889020914660255,-0.3235612753827116,wave1,-0.0462274843557773,-0.0927775295544021
1213,-1.5247334196651778,-0.4562816789988217,wave1,-0.3487891376221705,-1.0602689888021024,1.1105005270737114,-0.3693651976924585,wave1,-0.0098129763435816,-0.2420645587333227,-1.4863184501480202,-0.1829244839049818,wave1,-0.2218075515670371,-0.7193248057069531,0.1002877086056918,-0.2468526258664439,wave1,-0.2073621264008054,-0.6692615736609857
1214,-0.7247670681026581,-0.477777345126616,wave1,-0.1072574560595567,-0.6947321371606303,-1.5676277809491332,0.0582418473678751,wave1,0.2001949750146039,0.0348437109567152,0.0584150000979474,-0.3242453424667642,wave1,0.0087174822548625,-0.0914651488500317,-0.4314735115153151,-0.2685298122972567,wave1,0.062348274278959,0.0369133740097299
1215,1.024939172446238,0.2915956815601173,wave1,0.2545485569866486,0.6055422061253348,1.195592013054519,0.4167961113784912,wave1,0.1550793222611208,0.3938606743784525,-0.0198362007776425,0.4077846175102106,wave1,0.5321635697231109,0.7463695521349238,0.6095557649663339,0.4400059602816012,wave1,0.541975172286165,0.8017239083696326
1216,-0.1356210978861061,-0.5449100884132565,wave1,0.0456666473398779,-0.8286762781770873,-1.401126980319727,0.0726333223238486,wave1,0.2987075857534691,-0.318415120219703,0.3634387810803758,-0.1743622579613022,wave1,0.2398570368388719,-0.0349512388781618,0.6595991189715233,-0.2183520877418318,wave1,0.0614386937961959,0.1557751478114815
1217,-1.0148623622042074,0.3248550138354982,wave1,0.2823916811769387,0.2142292250587127,-2.3766110194357686,-0.0430087365721068,wave1,0.1474985399894608,-0.0332810823425027,-0.3426056777971432,0.5428945005616486,wave1,0.2977472489551305,0.2538915955240401,-0.3454013464185619,0.4023311810183768,wave1,0.3502239075958172,0.2475028971999616
1218,-0.9011425633254356,-0.4841805503453074,wave1,-0.0057662479112714,0.0575003254846904,0.021845552798987,0.0586303210738328,wave1,0.1289067980078879,0.4344013364244374,-1.387533777802512,-0.4081613708217193,wave1,0.0003838557430406,0.1010398946100492,-0.8888144701160678,-0.2803386949305017,wave1,0.1329446563963036,0.0873094207516612
1219,-0.5962858760113271,-0.2112669994463574,wave1,-0.4627701115569262,-0.6350903786988069,-1.0737908409097965,-0.299160395065934,wave1,-0.6291746127410807,-0.1766981956655977,0.4672373305318577,0.0426217501954948,wave1,-0.2715111708528248,-0.3609863567298743,0.1375766246331358,-0.0950434554554185,wave1,-0.6290514389701733,-0.414419911426841
1220,-0.9445415442191388,-0.1924777747084347,wave1,-0.525736020094542,-0.5234195470107765,-0.4509378839982764,-0.0073970342895477,wave1,-0.1700272723621538,-0.3591410250228946,-0.1933561794396198,0.2969690146256406,wave1,-0.0604362034814206,-0.0074890680825426,-0.4629996598854971,0.0868063027092485,wave1,-0.0223284590517919,-0.0575575734180192
1222,-2.709323607634084,-2.117654658182417,wave1,-2.1418104821117723,-1.2611406481425662,-2.222874839911182,-0.8629325762505129,wave1,-0.8056924303985045,-0.3776173977728749,-1.4575734052894145,-1.1795589206370145,wave1,-1.127571636390841,-0.4188243335342161,-0.7706785937626799,-0.2859642213241363,wave1,-0.2221692944896803,0.1625432102856731
1223,0.8779995020233129,-0.5646284343997898,wave1,-0.4942398071447424,-0.0496042511178513,1.0838830753355644,-0.165058971016391,wave1,-0.0109692243333294,-0.0552519264444333,0.517213846612414,-0.3212952287622894,wave1,-0.2848739194088032,-0.1325683381452689,0.6864966003235485,-0.4066113352621259,wave1,-0.1360879158482925,-0.2563402122276095
1225,-0.064484766076716,0.3793864141451544,wave1,0.6254521677374716,-0.3387032264281222,1.6472314282132696,0.5487387725837507,wave1,0.6746900534615172,0.0821795798010127,-0.1135887803323598,0.48048059435231,wave1,0.6253286766522708,0.0785416868939834,0.4646222977489183,0.4724809077319478,wave1,0.5740114196386146,0.2308781972756692
1227,0.3392809885358195,0.0533963343545491,wave1,0.3126877754056179,0.1457190041819167,-0.9718218902041608,0.0602936513305707,wave1,0.3132817722590368,0.3931255038030727,0.4072656762579285,0.0343611783203989,wave1,0.1688021404301469,0.030233844794874,-0.8905100031165174,-0.1037908128787549,wave1,0.1842333927150127,0.2723897885409494
1228,0.5006235994673445,-0.0889162262054494,wave1,0.0354307647768126,-0.7422788186212548,0.2036194298586821,0.3837877619904928,wave1,0.1966714435121805,0.3351635227938176,0.1478154160832666,0.0091291183208493,wave1,0.2985314060423799,-0.4703751655753375,-0.0310609693301315,-0.0850785662922452,wave1,0.1974415205161302,-0.3399821494993279
1229,2.029874971019092,0.4470482900591459,wave1,0.2613924982835562,0.3091115782752773,1.1922424791286967,0.1381300598104804,wave1,0.1026854465435294,0.1441262820111535,1.063335132381536,0.7535256532920926,wave1,0.3144641139343949,0.4728253262631576,1.1536478801694885,0.6394857075831631,wave1,0.3244626255162161,0.4633426266121135
1230,1.381922454113195,-0.0133811758816633,wave1,0.2934622966091083,0.273842461117789,-0.1770190830315955,-0.075060912888498,wave1,0.1201141345643483,0.1003328818299744,0.7332613911848888,-0.1465646106241934,wave1,0.0681139820002784,0.0740973253282574,0.3115915565474553,-0.1844003593060599,wave1,0.1892389195956553,0.0315651333755184
1232,0.2946421932550848,-0.139555544645842,wave1,-0.0719474877124624,0.464293762198084,0.4261748973222444,-0.3387004699581797,wave1,-0.1676318755397416,0.2021686965032292,0.3637636023574003,0.0088818168757444,wave1,-0.0955699161355756,0.357472418560146,-0.2069543331465715,-0.0828381955544751,wave1,-0.3147606967441466,0.2193057971790007
1233,0.9587122025002118,0.0095062263004424,wave1,0.1236693012410818,-0.3588676797839598,-0.9167696691633486,0.0638105758826155,wave1,0.0229742195808779,0.0038605977357013,1.066319628442551,0.0236721448642824,wave1,0.2491598743250189,0.0199248896814256,0.51738891684423,-0.0221659468568189,wave1,0.0464492928609221,-0.0366519330768486
1234,-0.760983299416328,-0.6277537637992494,wave1,-0.1773197873116299,-1.048735712092138,0.6489705151546854,-0.4895444699629534,wave1,0.0831356500252846,-0.2376739545128923,0.0771444424963293,-0.4969513086017052,wave1,-0.1611790518417724,-0.932604917358102,1.4251784631903934,-0.2206962215528852,wave1,-0.0594556409997709,-0.8200392982213477
1235,-0.3551059013292025,-0.1461468624281714,wave1,0.3017554018734554,-0.0579351906228047,-0.4418108856302916,-0.0784201874945018,wave1,0.0649577206711653,0.1401041487187411,1.0160409850016885,0.153372835785567,wave1,0.4965296011931999,0.3641636781451693,1.009345053787796,0.168326536564408,wave1,0.412400817955403,0.1248324017071618
1237,2.138998580687031,0.5371649399339118,wave1,-0.0256934707885401,-0.1582517748950107,-0.2374419234306828,0.4985345641438414,wave1,0.2566217058561622,0.362190383351799,-0.3797362219683884,0.3619312848011142,wave1,-0.1213344758830332,-0.1168455901986147,-1.0373520029022132,0.2059379013466908,wave1,-0.3607113321578484,-0.2849523283767572
1238,-0.3293717157329842,0.3941388562575514,wave1,-0.2944485178831004,-0.1218245827089272,-0.6059394799802116,0.6312390146445903,wave1,0.3805663288946683,0.3492496857663316,-1.0041110015442796,0.321697404730603,wave1,-0.1764208150804679,-0.0852567270731611,-1.7951008578172225,0.6588701613715597,wave1,0.2010295556141594,-0.0582565372358601
1239,-1.0242685489541254,-0.2182553330240022,wave1,-0.528263750391103,-0.0891127969722096,0.3549032677209637,0.4162097701206522,wave1,0.2501386497636571,0.4799774011687232,-1.3936658457269588,-0.4023654926628883,wave1,-0.6412500890300956,-0.3655603503518412,-2.4189592792274976,0.0881311567149856,wave1,-0.2724941476303162,0.0548399576098608
1240,-0.4264317243967094,-0.6040753801221199,wave1,-0.7765377352293754,-0.3513473086069831,0.4413227998612324,-0.3615224173920162,wave1,-0.1673656618604562,-0.1976526673278742,-1.0045859165027564,-0.210836617895973,wave1,-0.59321917749664,-0.1615578754891311,-0.599165706281779,-0.0615899858176885,wave1,-0.4212617320464816,-0.2556123462681575
1241,-0.7280016820502258,-0.5721074936540218,wave1,-0.899243845891962,-1.3426709690769578,0.438109012260555,-0.0256888585296657,wave1,-0.5045645508316006,-0.5285976361530631,-0.1516520734910033,-0.1760586999381468,wave1,-0.4415309790800887,-0.4515531269707171,0.5798162288056126,-0.2381471784911549,wave1,-0.1809976854792304,-0.1277208572797082
1242,-0.903727768328636,-0.0361394872987201,wave1,-0.2672895258166285,-0.563561212063991,-0.0482786882116922,0.0675950430661567,wave1,-0.0208548306322304,-0.3063460013962644,-0.0867581859214027,0.3830408783672517,wave1,0.1591375224602559,-0.0246415386888626,-0.0057666862509982,0.2093803148523144,wave1,-0.0099137201432085,-0.2339211401485762
1244,-0.8113812216293311,0.2434294163037549,wave1,0.0170624515555228,0.1487556829040706,-1.0829528644973456,0.4993874006058811,wave1,0.3359610437910112,0.5736368806731111,-0.1791028309342839,0.1530783994539692,wave1,0.120465770043685,-0.0933713613542743,-1.402399590483548,0.1664623325666787,wave1,0.3422062993961469,0.0864820513602184
1245,-0.6140477518495757,-0.2773866450914035,wave1,0.1232127850530477,-0.5071015335029021,0.1444914531453718,0.4329844544721752,wave1,0.5083137769055956,-0.067057568454627,0.9051803784678232,-0.3095456146221749,wave1,0.1378213865027353,-0.3396234457922676,0.87298037768331,-0.0925553484902282,wave1,0.3368303618131837,-0.1804637937991106
1246,1.7210854792454084,0.1035494714423876,wave1,0.3269919671845784,0.7992869910104841,1.5788680638874455,0.1699391256939439,wave1,0.3896327815847313,0.3293104538505265,0.94586344205259,0.148521178744624,wave1,0.2354007427519912,0.5911312043368557,0.7523446387143147,0.2404769161889984,wave1,0.2507135617226138,0.5315716676877925
1247,0.3956991511632206,-0.202662767865285,wave1,-0.3695540846628609,-0.2558178409112419,0.0029736727020746,-0.2005862673261829,wave1,-0.1089802385190736,0.0749027047363881,0.8597571594706137,-0.0960613442915804,wave1,-0.2100334853952566,-0.1957051247460023,0.5615453799328056,-0.0540936106669643,wave1,-0.1966730696440145,-0.1558819604360189
1248,-0.4735011371849827,0.1391379769432965,wave1,0.2059338967344823,-0.3775679310689226,0.1606330417069506,0.2077365525515815,wave1,0.0420539810212092,-0.3528848269250435,-0.6926403962951528,0.3108246043007762,wave1,0.2974190512486054,0.230334485078067,-0.8785005258007248,0.1551073575769582,wave1,0.1121164547155978,0.2533962821345147
1249,-1.577113170998996,-0.7992044007871608,wave1,-0.3003510150305639,-0.1488380704386549,-1.5855321260151252,-0.3936886019912766,wave1,-0.0426285951403098,-0.0314591605863541,-3.1834927787546268,-0.2954505252900689,wave1,0.0712491006360435,0.247091981969478,-2.5853343039585286,-0.0469405962309322,wave1,0.1335144446035389,0.3681312530290974
1250,1.6869073225884406,0.1953708552411841,wave1,0.4432815518037798,-0.0819294403643624,0.4953101873940163,-0.1065246511925852,wave1,-0.0956911664111921,-0.060048451297306,1.0409448415208653,0.3721742769701228,wave1,0.2525225952582934,0.1555987625409856,-0.4356317884152961,0.179860002958666,wave1,0.1927089341309493,0.1562986664279868
1251,-1.405250413949772,-0.423832527273591,wave1,-0.60819565157975,0.0138868352438619,-0.6096029160718577,0.162863732212602,wave1,0.0594309376508077,-0.0914802302536423,-0.7213494354695648,-0.2726093959938978,wave1,-0.3865886299726937,0.2468529453651644,-1.200683819588476,-0.2814642065226614,wave1,-0.2118630517617013,0.2191582997700582
1252,-0.2477210508431368,0.4256980667757539,wave1,0.6322286196384392,0.6456190158863215,-2.1130226038595037,0.3662220537100051,wave1,0.5711846826048339,0.4665051374928548,0.4802043103922645,0.3567644476082972,wave1,0.5502255624003665,0.6935086806440967,0.7287284168063064,0.4232159366449023,wave1,0.8203654442455459,0.7586134860139881
1253,1.716334263205752,-0.0353713636020163,wave1,0.3931892262898782,0.0258821674649694,0.9980850975468564,0.0631624466284073,wave1,0.069894238004569,0.0678350928476483,-0.6400692475376977,0.109591454979375,wave1,0.4256449558534902,0.0966548431699929,0.3823771793539622,0.0139099483293326,wave1,0.2998713595847165,0.2763899528133627
1254,1.3547797558381836,0.0759134064679805,wave1,0.2922438018698949,0.0980983158359416,1.318607033261815,0.3527932906049233,wave1,0.210074253937714,0.1158985445660363,1.1236327079055397,0.1732801285451486,wave1,0.4973583434283106,0.1954609377629539,0.901075172272082,0.1733567579485276,wave1,0.3667898855799572,0.1042603327669051
1255,-0.5990859303845579,0.2588494020542162,wave1,-0.1582763843756041,-0.1668143820463754,-0.7910875034222352,0.0165394977485098,wave1,-0.1787003027105034,-0.126646687220616,0.22930972345706,0.4125255653612008,wave1,0.2053090602654073,0.2272472963095875,0.8641956750819163,0.5840367281469758,wave1,0.1457550781268391,0.2291779147515402
1257,-2.4737311394664037,-0.087254648222621,wave1,0.0993468050690737,-0.1503595963227586,-0.0311058382241869,-0.1540626875256066,wave1,0.1415848063397506,0.2490287139364559,-0.9192758950924556,0.0401641912842967,wave1,0.2607719226376463,-0.0200248944929382,-1.1666307209377684,-0.013611365881715,wave1,0.1737701423990953,-0.0340727221111493
1258,-0.8056592216415829,0.0631318322219396,wave1,0.2522779213231545,-0.0331688125077156,-1.7901434971681025,-0.2868324805590647,wave1,-0.0280487252203693,0.2439206144532277,-0.9339802580758594,0.3232806932476426,wave1,0.421982373039947,0.1820557643808535,0.4515912770598358,0.4263477998104232,wave1,0.3330418044382683,0.12427800232053
1264,0.206898610507958,-0.599808624657026,wave1,-0.30911495259459,-0.8819840415298845,-0.1041195711608415,-0.0857564151985876,wave1,-0.3943176630450089,-0.5180480599007329,0.4150823687829715,-0.0202612720873829,wave1,0.216742105238759,-0.1359234808451779,1.299625485785003,0.1255958637770609,wave1,0.0229212191529813,-0.3103195098130816
1266,-0.2660920390771964,0.0378147288276262,wave1,0.3373738867647518,0.6126140426953874,0.7371179379379725,-0.137441763130526,wave1,0.3266978237238562,0.2503078886464627,-0.5116716267916497,0.2345745517933548,wave1,0.59078876054889,0.6720815612766264,0.662187539413786,0.3688806659369485,wave1,0.6589156488113828,0.413310830729399
1267,-2.054404359825737,-0.8654235940136874,wave1,-0.2329088826392111,-1.6875646866675127,-1.8823579194384912,-0.3323769373050642,wave1,-0.0979769294822427,-0.2918001250564943,-1.8060042522946271,-0.6645605710352932,wave1,-0.1876684389655892,-1.1743657126566034,-1.4607986016618697,-0.4514923817224819,wave1,-0.1628418103406373,-0.5121990049980225
1268,1.3096444857515237,0.6531002753502355,wave1,0.5365148865489247,0.6534279657834838,1.4029161736513904,0.3769516397437145,wave1,0.4220431306629568,0.4847312154389613,0.934107603596815,0.4326452392755215,wave1,0.140074252023207,0.6143776365879754,1.45079914329323,0.4795727714891712,wave1,0.2015216694638021,0.5721156215583186
1271,0.0158934384173169,-0.3325262246829292,wave1,-0.088394171684849,0.2972236730745732,0.4139234482314798,0.1893782218543795,wave1,0.0560935467337129,0.4428422848870068,-0.7207911332332405,-0.0927324307107845,wave1,0.1644012141486938,0.3173600570669578,-1.4660923944032649,-0.001695802050256,wave1,0.0966000804094379,0.327422388712321
1274,0.1354487654004687,-0.023219563862471,wave1,0.2122706569026426,0.250594987449996,0.1954055898052796,0.183287843497125,wave1,0.2319492825024474,0.0327883540452678,1.1748006563837428,0.1786546290385948,wave1,0.2745308026203088,0.285641397078288,1.4562217945012423,0.2536601886008561,wave1,0.337516178935683,0.3095054519724644
1275,-1.0356878346869394,-0.2338232130496718,wave1,0.0829607636089795,-0.3666023775078546,-1.5037112248474176,0.1141762922998654,wave1,-0.221146387547533,-0.1679522588912381,0.0925941958504008,0.3975875707567794,wave1,0.3393792930058131,0.1045630879919189,0.0650155456113549,0.419586099795292,wave1,0.6187965099962269,0.3366905804546466
1276,-0.2100379994915183,-0.2607296038874922,wave1,-0.5171264531877113,0.2957245870484246,-1.736817396007153,-0.6267063956249155,wave1,-0.9048443908024488,0.0687350725523554,-0.1430830067592476,0.0697886556223732,wave1,0.0848013788283053,0.2923501235383963,0.5181211275724228,0.0528267588059073,wave1,0.2724921604257767,0.2825498242399037
1277,0.159548571172058,0.2943721755964958,wave1,-0.0451341334884733,-0.3308339274357956,0.9305190654783312,0.5891201298389594,wave1,0.575731584786662,0.3675763815338735,0.7387742098062698,0.266085169232479,wave1,-0.0087859919005178,-0.2787936827238222,1.0968312594125798,0.467599709472965,wave1,0.1759608936580691,0.1407690121836869
1278,0.4170583845638381,0.126664831875789,wave1,-0.3220683606670453,0.2475112194529241,-1.78153570997428,0.1641445353369119,wave1,0.0762508998410287,0.5295652831081488,0.6896718597481366,0.1476654399819819,wave1,-0.0833407206291294,0.0966391517307405,0.2314619501091023,0.4420214553208889,wave1,0.2275655370691515,0.5365517088142292
1280,1.2369448575300068,0.2464994815917565,wave1,0.017613728578335,-0.0477290975979005,0.8662219094581814,0.2723992986897867,wave1,0.1829810257451085,-0.0739093002006208,1.1021940904726462,0.3301765970146603,wave1,0.1197655443040029,-0.0272897908165598,0.1056833274698466,0.3820174407729154,wave1,0.2816135047090121,-0.0498975532399116
1281,-0.2341102680502967,0.3829563660166946,wave1,-0.0380128318036863,-0.4025307810023231,-0.5605209881777674,0.3694707269813375,wave1,0.0914994021893118,-0.0133532321915481,-0.8418309944858186,0.2717276468927715,wave1,0.0147373282611295,-0.2806008046029458,-0.951455301264946,0.2765025676539058,wave1,0.2575806477946617,-0.1697730658664592
1282,0.550495286569642,-0.0191501572428132,wave1,0.4766947826586158,0.0648403228748111,0.4252373495730925,0.3073097503732309,wave1,0.1801737443016222,0.0271108352398059,0.7681724286297074,-0.0300237311522336,wave1,0.3882785246297758,-0.0111157307069643,1.0486687631404137,0.0341188587513611,wave1,0.2883053194594691,0.0857898133899499
1283,0.9197399466309086,0.2951338159790473,wave1,0.6566534645337625,0.0691034607647318,0.5678708336073491,0.3154564306727232,wave1,0.3612067845961066,0.0578897925669765,0.7137853753683118,0.1628110728859457,wave1,0.4946940511357178,0.0691569803165652,-0.391021214868735,0.0643884986464597,wave1,0.3771828757541797,-0.0878223912426353
1284,0.5960449777606972,0.240558116976711,wave1,0.5485912249136224,0.2811410665677063,1.1234633117810795,0.359897559939053,wave1,0.3816909475678969,0.3462637248441926,1.198228852665458,0.2200699804309941,wave1,0.3043058880727151,0.2295959631126963,1.328865747131853,0.3459381566774173,wave1,0.2396726660078944,0.2468149236968836
1285,-0.0168887943112853,0.2958213205141731,wave1,-0.0143566787069895,-0.0109129553291342,-0.1530495119217777,0.1471135434527555,wave1,0.2087971391827785,0.1754845537786928,-0.0727866170179471,0.3285468161692378,wave1,-0.0379284611022833,0.1046741194211425,0.2121317309497243,0.1586598213958964,wave1,-0.0827447333493054,-0.043334551777156
1286,-0.0393732765577188,-1.0666838101517957,wave1,-0.7330021706405667,-0.7208520870606814,-0.7897364629571687,0.292040394069085,wave1,-0.0377220367834056,-0.2866366589885856,-0.0174686313227282,-0.9070855194741866,wave1,-0.5628915329835084,-0.6630551140476041,0.9372258513551996,-0.7682092261335945,wave1,-0.555641281588226,-0.5572490945876364
1288,1.243589680244252,0.6708786740314987,wave1,0.6607606007461078,0.1619773505203858,0.0137640430156094,0.0065585621860546,wave1,0.0360409054217196,-0.4530854435755667,0.973373992898488,0.5562498776886906,wave1,0.6061968081801423,0.3671053371620421,1.044567298522301,0.4615520192828475,wave1,0.4400481154902729,0.2769896155804781
1290,0.0586121845619456,-0.4283727771378989,wave1,0.0194383465277008,-0.2244611207243485,0.97209717649224,0.1534615455986947,wave1,0.0976796882336534,-0.0428402409340553,0.2572240463035879,-0.1774570363292449,wave1,0.0814369670049979,0.1075514618184931,0.2636162322814269,-0.255673946107208,wave1,0.0160211678725205,-0.0866852178973546
1291,-0.6573957734191025,0.1981536746746983,wave1,0.2045256436378548,-0.164079353632784,1.4342916299495423,-0.1074542475248023,wave1,0.0454890248765493,-0.1193134242390028,0.1798731256464299,0.3956855749822893,wave1,0.4179273076611604,0.1934750458033246,1.182187603156756,0.3381621031269383,wave1,0.4293877878061033,0.2418337080247605
1292,-0.4983210559774373,0.2679694332627191,wave1,-0.3711425550348075,0.2052556344803997,-0.3610249572988447,0.2022421560063096,wave1,-0.3206069517480907,0.2644361734795315,-2.010110655482508,0.24137561317839,wave1,-0.0921765388705816,0.4204600886965074,-2.6994479520806243,0.1357844392604762,wave1,-0.1421254005339473,0.1675526079876915
1293,-1.0644423573026685,0.1060856285586631,wave1,0.1019256389330669,-0.524128192002077,0.2567467570996566,0.2343864501639261,wave1,0.4060124331430972,0.1444808126370313,-1.2944639912298912,0.2757410966132347,wave1,0.0648980030680901,-0.0089180064861258,-0.127303893530886,0.264907124362968,wave1,0.3262529134865041,0.1397461248825675
1294,-0.2857314513316797,-0.0138721350889565,wave1,0.0582339821068029,0.0928612423448824,0.9376228002363188,0.2919347792854285,wave1,0.2192201856307192,0.2486179435759359,-0.1245597927782734,0.3074123019175216,wave1,0.3914594156219146,0.4072208256222487,0.2785888672047591,0.1112707015410303,wave1,0.1484485312780084,0.1273569837424473
1295,0.0321502445195013,0.236743813722694,wave1,0.2107683626439473,0.3975870886482149,-1.386504568107459,0.1581669457415242,wave1,0.1515201086617055,0.3746568710710698,1.149859378017028,0.3179619545257086,wave1,0.2595235899678174,0.4382724438762073,0.4168450980041131,0.4313753347442407,wave1,0.5855846590308195,0.5941973905739969
1297,1.0077692066528368,0.9968883634087712,wave1,0.8154564154402117,0.4976665785617431,0.9832974637076144,0.6046806824158224,wave1,0.6331056239558184,0.5162659526597662,-1.0536665520776425,0.9567711228065474,wave1,0.6590288712909187,0.1345530703900181,-0.9303206678146227,0.7562146827035736,wave1,0.5057803156309295,0.1151609652583193
1298,-2.3587885805457223,-2.4187714120377453,wave1,-1.6103964550655832,-1.6166166852861292,-2.3678975764881227,-0.9074075631490136,wave1,-0.7651491262005623,-0.5042251769639161,-1.2416566302110996,-1.436137021975469,wave1,-0.9553726974796284,-0.7281958254597978,-0.7747929287301256,-0.672807569676968,wave1,-0.386659841735019,-0.201914358900131
1299,-0.4753014301027503,0.4036664347494727,wave1,0.2528851258351348,0.5634666568436604,-2.21528572359917,0.5150406409062651,wave1,-0.0773462222562695,0.3392668881086413,-0.5178930848524689,0.5872323086519,wave1,0.4183590189939796,0.6795282424670528,-1.0358900376028075,0.5789023175927153,wave1,0.3909732974674471,0.2259106243228454
1302,-1.7512396349338224,-1.0351428690592197,wave1,-1.2018939677605058,-1.0823876473590033,-1.1304418289556084,-0.5190464920990405,wave1,-0.4204432738473294,-0.375198505977909,-1.1392358351644425,-0.5405966526942806,wave1,-0.7367529268745686,-0.2744527027045115,-0.6565982569305672,-0.1089546812810694,wave1,-0.3491174874469761,-0.2676868227258463
1304,1.2078412368637168,0.1551088700444074,wave1,0.1862931988701293,-0.037829378841474,0.415003060862887,0.5736837952404512,wave1,0.2674310502765569,0.5662726173749997,0.9386057478025432,0.2035547431174356,wave1,0.2406730984196476,-0.0012787628581305,1.255799967385571,0.1139762803553287,wave1,0.1897324620251369,0.167018973256113
1305,0.7561744209132066,0.7864837409924026,wave1,0.4705562842597137,0.4077362709030714,1.0793177027090146,0.937719087386642,wave1,0.6669046564059866,0.6072984658242242,0.6113614982128649,0.6294991247967475,wave1,0.4594983449297526,0.2383667447348759,0.5789033826724057,0.6522652352239231,wave1,0.531793905368313,0.0910288622495902
1308,-0.1662226462894442,-1.1072377648976095,wave1,-1.785412841708651,0.0713190804746355,1.357435022967787,-0.505592116269554,wave1,-0.5908372882054662,0.1962751445191788,-0.7168272361197913,-0.5086270015380374,wave1,-1.066001296655933,0.1152880237989321,0.3781397902582001,-0.04000380225453,wave1,-0.6121222540777796,0.0821956456511093
1309,-1.3066281978972891,-1.3349397116028283,wave1,-1.523417022971737,-0.5894498729322086,0.7187018711890119,-0.3754857640109774,wave1,-0.5268083193911957,-0.2464307285755591,-0.6600734614750078,-0.8114826857460273,wave1,-1.1855337282211198,-0.1216103817234404,-1.0882741315588815,-0.7347956673461212,wave1,-0.9413436796217616,-0.2726444769976651
1310,-0.1242557726219232,0.5495233010942848,wave1,0.6816415148099839,0.4456264428200107,-2.263450202789769,0.354678622145417,wave1,0.6561136676388972,0.3264364160639188,0.1048538823680874,0.553795943769074,wave1,0.6929022577974604,0.5768028909967771,0.9158424613375444,0.4346050956995867,wave1,0.5516070646232878,0.5994922764881143
1311,0.5305565789536109,0.0076754786868911,wave1,-0.1109115013221091,-0.3142666886218215,1.4306869283182646,0.1554030408114459,wave1,0.2499335302929766,0.0817468625445632,-0.2021811873556036,0.4458972443578078,wave1,0.2835979994330874,0.096730765290432,-0.9918825682537844,0.5670519924713432,wave1,0.1927191418259367,0.2441049411658974
1312,1.8013488930745802,0.4212875435005185,wave1,0.7096611657245095,0.6484698056773952,0.9307778850860016,0.5983273599713375,wave1,0.3182042415411543,0.3364643295458966,0.974446505418898,0.4534976052105123,wave1,0.779678344068873,0.74508397145796,0.2598028639488651,0.5915983355650954,wave1,0.8738838744020357,0.7573645000414414
1313,0.6136660517451201,0.6713644329486197,wave1,0.253685303030942,0.3194947811402633,-1.2078943005233604,0.1858260377760956,wave1,0.3051175551358742,0.6724821344879723,0.4017182363041723,0.3401281116112453,wave1,-0.0425511540838197,-0.0127014939639529,-0.3747284396619035,0.1016239223594026,wave1,-0.345514297740749,0.035799373687027
1314,-0.9558389620956164,-0.1698165151585859,wave1,-0.3157110648015662,-0.0370881018772615,0.8919740439887607,0.2851805420576905,wave1,0.1728243930125661,0.2171719798414002,-1.402490892141501,-0.2338424627365255,wave1,-0.3037778162961774,0.0397702383169292,-0.1773741325677527,-0.0313869204701585,wave1,-0.1269676905296493,-0.0246102908489958
1315,-1.4741571446054464,-0.7623403169500356,wave1,-0.6583665384183393,-0.6388512811725024,-1.949971166033442,-0.6519267156384023,wave1,-0.8218686164498186,-0.2023004213441437,-0.7343554876677792,-0.2398185107680281,wave1,-0.2376528635143919,-0.0311732770103041,-1.750644423374703,-0.1183331294652081,wave1,-0.0980951891343542,-0.2423552129177854
1316,-0.9441508970784552,-0.1966829600355575,wave1,0.0450855060436776,-0.3050859126505221,0.4775171307647997,0.3020477075155581,wave1,0.5913070496070341,0.6193763032486812,-0.2389297619845474,-0.1530967110639665,wave1,-0.0127226597553465,-0.4783609351189746,-1.7533224148177875,0.1032577338969814,wave1,0.2418412944131266,-0.5220942618295533
1317,-0.1599769030007211,0.2848598524368868,wave1,0.1144226309602678,0.1676934857161263,-0.83835104809413,0.1939013375113647,wave1,0.0629894781982989,0.2925833056920794,0.9252969666925396,0.2263609077623645,wave1,0.0835934887463172,0.0563656486483319,0.3267692186451797,0.0876667132953418,wave1,-0.0154361803482961,-0.0376649588345521
1318,-1.6087984284062036,0.1983544642293975,wave1,-0.5659104836781645,-0.945232047478725,-0.1476976047224736,0.1093952771979065,wave1,-0.4786314835906542,-0.0032630717393078,-0.0651785224429931,0.1907089057920089,wave1,-0.0279905487819495,-0.4316819640163264,-1.183850143997666,0.1382310285904427,wave1,0.0996942931206344,-0.0852132222446266
1319,0.0777064079286176,-0.2455634462698037,wave1,-0.3819094720773883,-1.1355763307564046,-1.9942516573613531,0.1561552436690654,wave1,-0.0538169765580454,-0.2384565193030687,-1.8849689971741024,0.0004114098534704,wave1,-0.1022746009538115,-0.688809295826057,-0.9633638166538786,-0.0110294453491911,wave1,-0.1558283067817522,-0.4839935570346584
1320,-1.2604905320046589,-0.8900755894365662,wave1,-0.3580105683155525,-0.7030976097615005,-0.4208438018754289,-0.3600365184008505,wave1,-0.0250081061778757,-0.4545491984640868,-0.4066381143517379,-0.3843902438810731,wave1,-0.1080177839343694,-0.2976407559448983,-0.5768185879038135,0.0683552522799055,wave1,0.3332838281874825,-0.3821677938958608
1322,-0.0060739302234373,0.3335533062746865,wave1,0.0169846749688986,-0.0135419888057006,-0.2429223789780012,0.088522814976252,wave1,-0.0365766250964547,-0.0041561967584322,-0.719266872200796,0.3581357909435496,wave1,0.0708989649724531,0.1033330456543692,-0.0488127040862733,0.3160327264541277,wave1,0.1303314452104594,0.0833372730608429
1324,1.7639233166913493,0.0919948531877747,wave1,0.3440241882959074,0.4572457592263874,1.343981877092495,0.212017254022782,wave1,0.3816946568287329,0.7705659686875268,-0.3778637572986002,0.2873521564910559,wave1,0.3011100928380608,0.0951339730384326,0.3289636146689639,0.1204514172026248,wave1,0.320005941460214,0.0039078584453797
1325,1.1117503907558632,0.7282405190644397,wave1,0.0441051146916227,0.6222172271162065,0.8710306408815989,0.8085733439606093,wave1,0.2233074907285313,0.4166623632646553,1.7848740264481835,0.5441074621945031,wave1,0.1615553944701729,0.6332327473175426,1.5042448623859273,0.3809702183533435,wave1,0.1074978950492036,0.7030956862262282
1326,0.9757995041647016,-0.4387911368656427,wave1,0.3942904831551055,0.3997872012851391,0.532088080008087,-0.5343402331624465,wave1,-0.1911296929588144,-0.1352953672525969,1.3666474831057265,-0.120836760104028,wave1,0.5477385890358305,0.4330774973542807,1.391171888099778,-0.1287340613391763,wave1,0.2164424911740085,-0.0015650430669283
1327,-0.0891058186550663,0.0908365603986185,wave1,-0.1770335735336372,0.2898554200348773,0.1060138252159328,0.4259371680045423,wave1,-0.0041002672018419,0.1300561016047361,0.8223834645428297,-0.0334250180928612,wave1,-0.1845592948636776,0.1367217738166655,0.0318567586978874,0.0493052152894523,wave1,-0.0902309739472869,0.0439555528341286
1328,0.8843630482251642,0.4783671387007802,wave1,0.3585252940643482,-0.2155929688470621,0.6280346921195483,0.1829550521646925,wave1,0.3539237050419992,0.1210931168639917,-0.0759851419898094,0.6427700074566254,wave1,0.4064340334495291,0.1450027658816901,-0.161232067701677,0.670478535925221,wave1,0.4623634329433243,0.2991801830742024
1330,-1.0026779547809863,-0.3205595886602053,wave1,0.1415850874212361,-0.5317389410997331,-1.70720231860819,-0.0319502429402089,wave1,0.1151586795796935,-0.3973278922094914,0.6267855289908228,-0.04767999772786,wave1,0.3585308222353299,-0.0833148450027093,0.5275019293720498,0.0471109132689552,wave1,0.258064043441214,-0.2089800793813648
1331,-0.1154839355881813,0.1310848158419195,wave1,0.0841590343838214,-1.394951190532579,-0.4824277130106054,0.2639123612963829,wave1,-0.0765084411386034,-1.0001768990541526,1.057558205794887,0.4389511656725324,wave1,0.4797336854225071,-0.6598134123390254,0.940974406633164,0.5116152264749733,wave1,0.4536451622236755,-0.0899831748140421
1332,-1.7240927588851431,0.1414539914794201,wave1,0.2003940763092013,0.1176111037098355,-1.5916782161446217,0.4205376831131779,wave1,0.6744439964553872,0.8506557328589808,-0.1405870757996696,0.0566456703136725,wave1,-0.247582172808965,-0.0589703725445024,-0.1724617608004378,0.310817191741467,wave1,-0.0594083325212325,0.4022685563816581
1334,0.20304442882829,0.2252227804767788,wave1,-0.0678224732370134,0.4180066237176905,0.635411638945145,0.1925813899201536,wave1,0.0218771333603693,-0.0206143532415108,0.7733397652470001,0.1711744187193357,wave1,0.1524187652775318,0.5160170541978671,1.2608953739339674,0.1453112126393391,wave1,-0.042635441550311,0.2355325022772267
1336,-0.8756952360309074,-1.0502334157866875,wave1,-0.1787999408631355,-0.4865081953626635,0.5949820740421505,-0.2262281284658118,wave1,-0.0439183574799877,-0.3036146475381172,0.3166041881213257,-0.886988909659369,wave1,0.0744677374744144,-0.1342285077959537,-0.156947144967804,-0.613234700676003,wave1,0.0074863418899561,-0.08289936122883
1339,-0.2746930390905737,-0.3792238592050292,wave1,-0.3907950811357572,0.0104187291784911,0.6577660660102265,0.1108872734159107,wave1,-0.1832686489975223,0.0247319788781572,0.5895888441547785,-0.2978094411579967,wave1,-0.3555767051932416,0.0027175160019786,0.8418836393525417,-0.0862319178627356,wave1,-0.2894065114560925,0.0083656169010538
1340,-0.0593887276378563,0.5983848597448489,wave1,0.577441495374714,0.3809905356421503,0.6710676190072398,0.5236338228948798,wave1,0.6174522208767643,0.2308741887679353,-0.6619960115643255,0.4229205177859134,wave1,0.2825922514147325,0.3477287298186946,-2.5398897239382254,0.3075954027843376,wave1,0.0829662360470885,0.2967534122196291
1341,-0.4554023443824587,-0.132393787054565,wave1,-0.0694667920055733,0.3346090896441573,-0.505734032718496,0.1579168365557988,wave1,0.302252723335884,0.290461637938004,-0.977257325333296,0.1097516818210424,wave1,-0.0142460952935574,0.6075195307350842,-0.5016337933372371,0.212414155992091,wave1,0.0682084101920307,0.7878782780582227
1344,0.4604986277139273,0.2817321275319533,wave1,0.0969254132565926,-0.2461570606302217,1.323478219684152,0.3364702368966334,wave1,0.0558411525577724,-0.0523075388107303,1.529807964926648,0.3675771466872479,wave1,0.2659328695497009,-0.0510301330706801,1.3981405005424032,0.2621811751968134,wave1,0.2245581321749607,0.0387409666154154
1346,0.1416843035279325,-0.0904733168001381,wave1,-0.056658516422601,0.5572329405154484,-0.8342419736347202,0.0033175693224571,wave1,-0.4048167723072748,0.5618437517245995,0.0153801576290531,-0.1444905174665134,wave1,0.0191149787626238,0.3237733944948404,-0.8931918753289513,-0.0916765489904835,wave1,-0.119076729636062,0.3085636696397505
1347,-0.2190219491333962,0.1339017886469511,wave1,-0.1592447765778692,-0.108396442693035,1.179983065954988,0.3789963008839792,wave1,0.1617216942223012,0.2885870732013378,0.1951282868204187,-0.0716520918528296,wave1,-0.1685487766315332,-0.5186610511995089,-0.0550092997564521,-0.1203366230567222,wave1,-0.0905770750245756,-0.2980437581196904
1348,0.5544652197822294,0.1122476158339236,wave1,0.5582121121013872,0.5720948020105496,0.5738339377034183,0.011956337620492,wave1,0.1772048415992357,0.1850144812558301,1.2142677189856577,0.1073607041448334,wave1,0.4926313437730272,0.6024391723811733,1.250298797989878,-0.1742947465772842,wave1,0.2716743686672019,0.2940333314890225
1350,1.3230940116818504,0.3884920565271366,wave1,0.3857192458255691,0.5595275351660609,-0.0387577080496556,0.2353095620198193,wave1,0.2528730991902213,0.5579360597613048,1.5411085903931578,0.3050925964532087,wave1,0.3236965651606569,0.4538685721970585,0.364715483236701,0.1899719910715326,wave1,0.2728777075295986,0.4337068401021086
1351,0.00974812468391,-0.3969586083584593,wave1,-0.5022406125956973,-0.2270160012019233,-1.1937956483962884,-0.1472363714007671,wave1,-0.1279794320278713,0.0822497490281854,0.6425740783374762,-0.0242501999871589,wave1,-0.313334277786937,-0.0923185440166289,0.7855066215194481,0.1094830307766689,wave1,0.0669544174216498,-0.0492461482839246
1353,-0.1722165628279452,-0.394158762210089,wave1,0.1070186382784681,0.3258156861892127,-0.8442846545642568,0.0744693377953349,wave1,0.3255261384450825,0.5704153591145293,0.0751555746057451,-0.3233119830366089,wave1,0.1638499502622843,0.077690787728744,-0.6115115230140444,-0.4271105003739525,wave1,0.0984998377407982,-0.1075955565753662
1354,-0.1327218855617683,-0.3078226941348179,wave1,-0.184187982847702,-0.1997614113871688,0.4947943795803266,-0.2226833021069405,wave1,-0.1348328192252965,-0.0118198058411194,-0.6336136169749127,0.0101834153789056,wave1,0.0433840678918718,-0.1020335394921091,-0.773709037223384,-0.0616446989139157,wave1,0.1049526745777657,-0.1215513367484562
1355,-0.7965788676281271,0.1352801517202828,wave1,-0.7814016819074685,-0.1660126657152041,-0.0585611387676469,-0.042844791127478,wave1,-0.3732713473897477,0.0249752170224797,-1.1072877710672009,0.1444458838498691,wave1,-0.6402303879317522,-0.1205634644990624,-2.513881937286021,0.106251836656286,wave1,-0.4022244032629556,-0.1281120234294646
1356,-0.0668608410632535,0.1229313039664634,wave1,-0.0625448717460783,0.2653387189317744,0.9529288615138806,0.2554705427651607,wave1,0.1744417813414247,-0.0068704370298617,-0.704923987114941,-0.0450799371511507,wave1,-0.1242390243086224,0.3725768260433759,-0.3380259616265922,-0.1997294415455456,wave1,-0.2218175047970528,0.0821912034648807
1357,-0.8837255228249377,-0.3555319298615975,wave1,-0.2617152525469812,0.1689597341191859,-1.046698453739596,-0.2179549637987015,wave1,-0.1054443943116512,0.4915073571247554,-0.8283121324418271,-0.2116879651271452,wave1,-0.014382106457464,-0.0779816407619033,-2.150356117260629,-0.3787181050108069,wave1,-0.0246116181801642,-0.2586564330056419
1358,-0.1335469235421131,-0.289231974489097,wave1,0.1605854370261714,-0.3202411554207787,0.5282643014854508,-0.1906795361189155,wave1,0.2011921353548047,0.053261408845606,-0.3064777629241116,-0.1545712186633121,wave1,0.394322051666955,-0.0894841047792556,0.4160310915098737,-0.1262345677695834,wave1,0.2568387838909174,-0.1429780498117655
1359,-0.9726702467725048,-0.0796790579139703,wave1,-0.2204662944605095,0.119633836034781,0.4244920855453206,0.1679110228663396,wave1,0.0701384763881103,0.0758848695752392,-1.184949887024324,-0.2073758194749695,wave1,0.1130841878052555,0.4343123273388025,-0.9893907350819624,-0.0271992588119883,wave1,0.0911009973724245,0.4259007179642323
1360,0.0862126973459212,-0.3591664759602748,wave1,0.1989868961503771,-0.067548191942047,1.3295651958348382,-0.135705009099267,wave1,-0.0138881183616474,0.2561626645500381,-0.0143793385689597,-0.0166024495656242,wave1,0.5810434938012305,-0.0006395294036158,0.8397156793089001,-0.1128539587788107,wave1,0.4236761131869115,0.0172938250428408
1361,-0.2964838822090338,-0.2803719880014783,wave1,-0.2816192732105638,0.1784799548010023,-0.703944523594879,-0.4035588256729401,wave1,-0.6677525970678349,0.2185335197480604,0.0861872324233875,-0.1362928279939513,wave1,-0.0999132224244073,0.2085109585126216,-1.640791417611999,-0.1978797269633002,wave1,-0.1231573153965929,0.1235021398509105
1362,1.294753914154563,0.3434201761534274,wave1,0.3042445075344244,0.1100638683235502,1.58031953752582,0.4538860801813933,wave1,0.225837204701683,0.2000114222317623,1.6608128484845033,0.5175030242106387,wave1,0.4051132387141061,0.3300365617122798,1.1510006549912486,0.5901188348903803,wave1,0.4106797928770751,0.1824391996649055
1363,-0.8651437891314963,-0.2909983634757593,wave1,-0.1212859551525178,-0.6585886977653441,0.3181776909196449,0.0489220408599695,wave1,0.1571066499014815,-0.2575406326144491,-0.2030903819324651,0.2808514496049743,wave1,0.3305662547160417,0.3033398589620213,-0.2279789332303581,0.0953190777424477,wave1,0.1625010412559594,0.3320279804005064
1365,-1.1290104768720826,0.1615380897155409,wave1,0.1128495518624848,0.2423890396213828,-1.9784233727583296,-0.0712876554934434,wave1,-0.0860006419163363,0.1699702194816712,-0.7628649526830746,0.0228702442397622,wave1,0.0328705808647583,0.1978884345651955,-1.6783547801533527,0.0178174973725921,wave1,0.0331609172216033,0.0972981166001882
1366,0.2361248237367773,0.1550749843964718,wave1,0.0324344045157802,-0.4129915617484316,-0.7842685809678729,0.0876824664647619,wave1,0.2968982239153122,-0.482911543383433,0.4619488788667114,0.0919393795026763,wave1,-0.1262176273058637,-0.052352843513701,0.1161171694268854,-0.0436194969725926,wave1,-0.0274968316979845,-0.2258495620897102
1368,-0.57987107913416,0.1592505785538343,wave1,-0.0909305456785478,-0.4467497222693501,0.6752719195857507,0.2602101087076136,wave1,0.1904514999462938,0.083124063102822,-0.0750533217658412,0.070764197569167,wave1,-0.0952364926277853,-0.2403398535233523,-0.3932166219865962,0.1020988760057616,wave1,0.0029320665167442,0.1132592703812138
1369,-2.112215520597176,-0.8704595256933119,wave1,-0.877890796258189,-0.7961436242176969,-1.0583118082559155,-0.1239595817732215,wave1,-0.5856564496840082,-0.1293738036486542,-2.1859217047653123,-0.3546529504157195,wave1,-0.6228082052213918,-0.2127918218043122,-3.2995131161884452,-0.0984361598422112,wave1,-0.5673377066691729,-0.2145153829335829
1370,0.8260773060372075,-0.2351574995292735,wave1,-0.4684141453642589,-0.2086962680497792,-0.4623916045339653,0.2117667150491164,wave1,-0.0361924304078435,0.233125255425979,1.055919792934078,-0.2539921892754595,wave1,-0.5445917807025551,-0.0495395477861091,-0.5202330694759295,-0.1192013197516579,wave1,-0.8260703563822771,-0.3205241577514566
1388,1.005905529101003,0.9207671596477583,wave2,0.3836016062827749,0.2071497812904292,1.2468048233282452,0.8845188123893175,wave2,0.8793033041011316,0.6027123739628317,0.0321401056653119,0.6317199488966025,wave2,0.1662769046926028,0.2285106188064735,-0.1950959018248884,0.644149758923393,wave2,0.4015603065045637,0.3453546323665944
1389,-1.4364349268408836,0.123205640158184,wave2,-0.3224307516935905,0.1717601027813147,-2.351823051503106,0.0200030868633116,wave2,-0.10347527175779,0.4557436140526012,-0.0396379608704761,0.0607754745957659,wave2,-0.2798313746717892,0.2754778720747116,0.9565292039193096,0.1772483073701184,wave2,-0.211858855042219,0.3706477685867112
1390,-0.4146558664371161,0.6237037743199261,wave2,0.0949835390901345,0.5448506138574134,1.4023248560719688,0.5778644997822964,wave2,0.1254296973046869,0.6099439108946845,-1.0904050673932468,0.4337765712626225,wave2,-0.0468775075786616,0.4817680561888098,-2.597201460511767,0.2372303319703771,wave2,-0.0974406193490092,0.1878358726875276
1391,0.1731620923334803,0.2155360820290079,wave2,0.0241634329030253,-0.3925493711545724,-0.3283453309416909,0.2559488899418705,wave2,-0.0327250693989102,0.0505779151650069,1.065691685751903,0.3507642649510926,wave2,0.1718850908189259,-0.0371922889730623,1.4356841137463472,0.1776799974307864,wave2,-0.0039908761704009,0.0338245074780592
1392,-0.5121738614410692,0.2062955947745737,wave2,0.2898881816161636,0.1395308697385779,0.2139366406100137,0.0203568164031047,wave2,0.0983620627553709,0.2273982465864543,-1.2437325665098735,0.2914945209441885,wave2,0.3486012697451791,0.2225030309493113,-0.0234866458229796,0.0961211131849025,wave2,0.135292929656564,0.1839342913348703
1393,-1.1607256366737222,-0.2739717579187661,wave2,-0.1423876697788875,-0.1009973497053364,-0.4649418590778309,-0.3568896424051901,wave2,-0.1332203277948065,-0.3432856300913638,-1.0126395040399183,0.0373665550363786,wave2,0.1026091116499392,0.1019544723203366,-1.8033909353516933,0.0725301803381993,wave2,-0.0447933091827336,-0.1169712433051485
1394,0.337197273109782,0.1683322635241713,wave2,0.779819918831425,0.4366797427220148,0.1364350832795826,0.238210519644892,wave2,0.5877933601366037,0.4069524007746072,0.463363578644319,0.1814495775322812,wave2,0.2899855945181991,0.1706333875117111,0.4221907401816844,0.1161456815720273,wave2,0.0842536992296684,-0.0970325324994212
1395,-0.4700640283158295,-0.5707087690301316,wave2,-0.862550955169187,-0.4036765058661493,0.2178324011097925,-0.3010708464539391,wave2,-0.3290026890585551,-0.2496719755173004,0.3212751315302515,-0.2689344788396068,wave2,-0.238430342273701,0.2598357438905929,0.6230152191637994,-0.2573324986102033,wave2,0.1285906774385535,0.3718705075010863
1396,0.6979188205246644,-0.3759727069821961,wave2,-0.6857108614172394,-0.2948320890280651,-0.1543654279305006,0.2404769437956773,wave2,-0.0522853763591544,-0.1690255535355316,0.987015923383426,-0.1909923236288694,wave2,-0.3373015278094032,0.3132149026315659,1.0584208163762148,-0.1706210746816058,wave2,-0.2275600864777817,0.2498337628025902
1397,-1.738916445381803,0.7967954953681893,wave2,0.1252522598121086,0.0792024566430782,1.5043744974512725,0.5372936410533105,wave2,0.2345953951822204,-0.050069658561235,0.7904983537184407,0.6107470955279215,wave2,0.2745758372059099,0.2111511237979826,1.447733706640563,0.4715682274003224,wave2,0.1523799639806563,0.1342374934651115
1398,0.0943982818689001,0.4426483623727852,wave2,0.4329971791056297,-0.0967905672851436,-0.9108475629338952,0.5803804434828033,wave2,0.572022688207324,0.3911475362356404,0.5352563947820134,0.2530185755565538,wave2,0.2618875055412347,-0.1400735546057895,-0.3897408786557621,0.1761814445981412,wave2,0.2707688513462797,0.052945675413529
1399,1.3202202889514112,-0.0183031361540348,wave2,0.457455397368294,0.0947890577219332,0.1030790407175683,-0.1372209217564632,wave2,0.4725772954422109,0.2150624562152518,0.6257474208906764,0.1927624393884288,wave2,0.3965593737365917,0.1354273404962178,1.1880730916510756,0.1788558909440575,wave2,0.3434705964516616,0.2659343017269354
1400,1.3861154095775954,0.583101437113871,wave2,0.4731449351056791,0.5623644878228942,1.558698145871039,0.3129392921663463,wave2,0.2193345582052623,0.5160478244757334,1.2229370471054877,0.2230177575894208,wave2,0.0644315217348049,0.0194269431801247,0.8064063733977042,0.2187051383582121,wave2,0.0591145402688517,0.1113285587931273
1403,0.4369753756547512,0.0697200900147705,wave2,0.1050469020848261,0.4396804598957775,0.2302970374487006,-0.0337585596147826,wave2,-0.1923807033511502,0.1816977031649189,-0.1418452635616175,0.3672382198082017,wave2,0.2273350796459236,0.657428272167539,0.6096676495814792,0.517832802257473,wave2,0.3168123978521288,0.7236523528307603
1404,0.831170320546692,0.2041302603300983,wave2,0.3569895503810809,0.1626795243039078,1.0738812989627733,0.1936097842497681,wave2,0.036137250014709,0.1349666966718343,0.3719389285703346,0.2015362088204676,wave2,0.6163802049453256,0.1604043974384074,0.2194791507682123,0.1463061824714492,wave2,0.4983204427283759,-0.0013263955104906
1405,0.7860262458534075,0.579277770608086,wave2,0.4358991163841699,0.4651134157234637,0.6564414647510153,0.5575445360767204,wave2,0.2761292268254354,0.2484208993835497,0.8413230252049604,0.6295758477491348,wave2,0.6582089986812826,0.6192751123017807,0.8649445186216237,0.3915216451538643,wave2,0.4534905577030847,0.3162872551792143
1407,-1.1624514174273402,-0.0751796667152133,wave2,-0.1815984817253955,-0.0930307902541172,-1.119343849282544,0.1129354771264488,wave2,-0.1877051228661184,-0.0497626260077797,-0.4857485090218476,0.3308981529496324,wave2,0.1701571856489722,0.3619558021235045,-1.0970821867175216,0.1511368315386166,wave2,0.0712301251770938,0.2559562314735729
1408,0.4526697990056575,0.3967148805764626,wave2,0.1841644455244178,0.601197992259523,1.4961849582208613,0.3537884234100044,wave2,0.1931439403683847,0.3653939337495149,0.2190027096221953,0.3008797559592461,wave2,0.0186942232805861,0.4192315415355631,0.30355121589386,0.2856859934489064,wave2,-0.0790752127044725,0.2753543178337298
1409,-0.578316030404303,0.4817290762463804,wave2,0.4902453283028647,0.7955553608468344,-1.4095240622577128,0.2722964723432886,wave2,0.020925294291995,0.1769972694970738,-1.072464446147317,0.2011995296653717,wave2,0.2050539079579054,0.4077536168838256,0.0642939104903444,0.0782632289423321,wave2,0.0724274760909373,-0.0038879913465795
1410,2.8759367686175223,0.5777312497422429,wave2,0.0906490308518344,0.5215262822368083,1.7360991651295667,0.3166246775873689,wave2,0.3458196558138477,0.3299853774829713,1.42045923696524,0.4638696613617775,wave2,0.0674205839169695,0.3873330113579459,1.5937616844620155,0.1905084346364113,wave2,0.01763712250188,0.2015692228391345
1414,-1.4479903752892318,-1.0993450778591256,wave2,-1.097138212504255,-0.4788400532308945,-3.1056941348154576,-0.6021027545829991,wave2,-1.1395248400894509,-0.6184630750128819,-2.340092187487533,-0.7808978941519036,wave2,-0.5675987555437967,0.0219910450551563,-1.4999694407739057,-0.4359759779318849,wave2,-0.5626223289650639,-0.037560688657504
1415,0.4316207928960966,0.4122144871090467,wave2,0.5650384657217369,0.270100744144236,0.6059105910708392,0.072707770682117,wave2,0.2496289618045719,0.4761183448237185,-1.412222257987906,0.4996024451280511,wave2,0.4966551416945836,0.0704316236592563,0.2256909432278265,0.580114227447932,wave2,0.6561612734773282,0.3064136542929158
1416,-0.2864263859819063,0.3378470600025542,wave2,0.0284162028481682,0.6537467201632896,0.7900281861439075,0.7117264214969548,wave2,0.3560754877327454,0.7534482285455044,0.3221426545106974,0.0025471675326121,wave2,-0.2676182262421583,0.488773717190425,0.6590032434191523,-0.3420622044326603,wave2,-0.7011962912683408,0.4765531557053487
1417,0.4081616037864337,0.6667371961798505,wave2,-0.2092293831480853,0.3065380850803132,1.137482572157798,0.0156878260683421,wave2,-0.2087737539225826,0.0119565899457796,0.6398154838253663,0.6635757142245675,wave2,-0.0612599671652989,0.3493559620136783,1.2184823026076623,0.6217136959877172,wave2,0.0581368820382334,0.3943157780456855
1418,2.21245328147043,0.7703846774730716,wave2,0.775141453509476,0.8598598851216692,1.198604372695587,0.3828254633816015,wave2,0.5166878168393558,0.7277850037942923,1.0451651646256,0.6094960848016031,wave2,0.5740596741323944,0.6649599678739793,0.3961114059366335,0.5934629269409112,wave2,0.4093227541219745,0.4773714554702079
1419,1.2979696851708675,0.4069369248279944,wave2,0.5548250721911294,0.5256294769421836,0.930745503964956,-0.0292081220359681,wave2,-0.1006918349284133,0.0220870686710772,1.4419236154570585,0.5306636220352928,wave2,0.5630568843714349,0.4647265679726781,1.0730272125167974,0.3500962726073889,wave2,0.407858397731054,0.3775094443960515
1420,0.1295757240917899,0.7191666180509266,wave2,0.5264034657176533,0.8314369279153337,-0.8538886744284694,0.8701506495783193,wave2,0.5894705054166534,0.9501725368093464,-0.2030390153140978,0.6751562772537901,wave2,0.3743426583767456,1.0396424631443535,0.1448254202339772,0.883103540251177,wave2,0.2825358661315836,1.1104260919726785
1421,-0.8367014005310115,-0.6992212042796551,wave2,-0.5158317032868218,-0.0246048962959346,-0.1715131635128584,-0.3890854893699735,wave2,-0.5916264777276505,-0.4528629488738027,-2.571374789676558,-0.4839707556225608,wave2,-0.0984350531723669,0.2028520040822349,-1.8895591879367857,-0.2458857616448069,wave2,-0.1365480982944811,0.2078197006200028
1422,1.175126647081052,-0.0768013081773262,wave2,-0.507338285360394,0.1237071257750865,1.1802794047640826,-0.2574613112902351,wave2,-0.4056739673037084,0.1875809740529845,0.4527487622688032,0.1326001785315869,wave2,-0.1447533868978832,0.2686040908484752,-0.3417814209584796,-0.0147834678487602,wave2,-0.4491563813205596,-0.0754988203222165
1423,-0.2981561077930731,0.4992599355178093,wave2,-0.1135517414825182,-0.4425319142391135,-2.854500887232292,-0.2015698855342185,wave2,-0.4849446404549358,-0.1029789761139294,-0.1226157796354771,0.4189167475870738,wave2,-0.0369388252814504,-0.0849173064046562,0.0962146515654775,0.1279605332001193,wave2,-0.162322646577942,0.0268774350656205
1424,-0.1095251066635132,-0.0764351272263246,wave2,0.0855661179736282,0.7989722816352578,-1.3617590702280071,-0.4040771215814727,wave2,-0.1224719331600698,0.3984494646132919,-0.0730534071576224,-0.1037784532832661,wave2,0.0420623639496398,0.5335605082898871,0.0787259434984272,-0.0498893789480976,wave2,0.2089939179029238,0.4463765512437291
1425,-0.7047037198106558,-0.09351179434986,wave2,-0.0918535782219542,0.5442086632200076,-0.267326073365626,0.0013267663596232,wave2,-0.0739728350568291,0.1883633091125862,-0.891449427855484,-0.0860930436720529,wave2,0.3337571550783972,0.5401748677615937,0.1249459452449788,0.0821862543400945,wave2,0.3639177021938359,0.2884237715965325
1426,-0.2416953757084309,0.518590710896744,wave2,0.1287772772130468,-0.0775620445745379,-1.5389684227395402,0.756744747646322,wave2,0.3172775964151388,0.3889343284933662,-1.7158236907957611,0.2264797090089133,wave2,-0.1982575238435625,0.0891053267648948,-0.7334384484015092,-0.0397857865848386,wave2,-0.5331138946616577,-0.045060200379221
1427,0.2309879243128979,0.0598591984199712,wave2,0.1643103651144286,-0.2565644921469145,0.7920693922933881,0.190641133000891,wave2,0.1350090544639379,-0.1458473058704257,1.1986944039650795,-0.0197431276432111,wave2,0.3556569883130107,0.00290573710781,1.0243414849295676,-0.0352079040071809,wave2,0.1321294593098699,-0.0426321837796296
1428,0.7537332671034198,0.3998490303675877,wave2,-0.0510889372274934,0.1757078357168278,0.2888487209376122,0.3022629761171573,wave2,0.1051092963328932,0.1557975054464082,-0.1075823324676228,0.1662255319360936,wave2,-0.2154232298416185,-0.0955255755384874,0.5972650838180467,-0.0809459496576173,wave2,-0.241535905577106,-0.2691610286225328
1430,0.8798172589249256,0.5534625855179445,wave2,0.5500798805345686,0.9041918637321502,1.426602013488097,0.4186379546914454,wave2,0.6235648457954905,0.7270237771939998,-0.5217957197564428,0.4817986159027552,wave2,0.4351768511388607,0.6707195113534057,-0.6868066838590896,0.4312872396338423,wave2,0.2231340206409467,0.6169911929201586
1431,0.0850682766342799,-0.0038406708886538,wave2,0.0764553725600802,-0.1899258907773124,-2.635352850815076,-0.1295717766175979,wave2,-0.2965636279712769,-0.3879795914944959,0.3792419208861106,-0.0572473269145081,wave2,0.0939715670027911,-0.3249717246381594,-0.0083844402812779,-0.0774969730228565,wave2,0.0224154786872773,-0.0891258337368592
1432,0.7160125106312475,0.2685760011499232,wave2,0.4169124814681675,0.4839973615751702,-2.1347134604761147,0.3588466857180077,wave2,0.2338744336617806,0.3915113219897799,0.2739369341209555,0.2487640396849744,wave2,0.4181891358957088,0.5464172011877766,0.1838271572950551,0.1738889023278468,wave2,0.2912766260198717,0.5668721120751243
1433,0.4205946559440644,0.448014569098331,wave2,0.1925567870279378,-0.0078123803676384,0.555613232699823,0.3735840109114372,wave2,0.3909471640886579,0.1922456051877032,-1.193837996392626,0.3890347598944003,wave2,0.2245533933053493,0.023418949645344,-0.4887558097551453,0.4333549525545893,wave2,0.3148198340875402,0.0688339489397019
1434,0.2156344167620538,0.4674428107960429,wave2,0.4940887318879281,0.9565257222324576,0.4847826050270969,0.4029892122074128,wave2,0.3763882119797967,0.4904871973647537,-0.0427576644102112,0.3755298975006201,wave2,0.543612473408407,0.8988839990117906,0.6689814729865747,0.1444129574236662,wave2,0.3846143643649419,0.3406068816358544
1435,-0.0322908099837154,0.1619063306635002,wave2,-0.0389765161445638,-0.2094912449786354,-0.2092919704345177,0.0454379788905252,wave2,-0.0656797713883197,0.0828238199752431,1.3560871340339082,-0.0052776497015802,wave2,0.1610019621086695,0.0731331205445082,1.2907384262501655,0.0063444190414619,wave2,0.2185763589688228,0.0029804448807957
1436,2.145393615943142,0.5998504146950472,wave2,0.5337515590478823,0.7449201072591687,0.1044601367153245,0.4396131755516792,wave2,0.4877023013309516,0.6385071075650945,1.3167550876282297,0.6922642166374979,wave2,0.5350183828034245,0.7034211970056776,0.9365137861961907,0.762968367057292,wave2,0.3101908025997717,0.752825491657314
1437,1.3322674730062376,0.6112273929798366,wave2,0.5588987148718649,0.5231133199206219,1.2754991590721914,0.792757252011473,wave2,0.5719096842781459,0.479320174576852,1.3500390243071638,0.4323032653738066,wave2,0.398114148601675,0.4280315226012678,0.7289642069223229,0.3363946229200766,wave2,0.2688573378120756,0.4107693197803551
1438,0.8776337685593698,0.7533959442452216,wave2,0.2550666872503877,0.0582028606973035,-0.3688192197533543,0.5529755797201066,wave2,0.077607479006005,0.0328668462568955,0.3509626746859798,0.6361850778722085,wave2,0.2161007185953289,0.0568517064159701,0.35357637633529,0.3995502671715026,wave2,0.0981115398677546,-0.0839255372814024
1439,-0.69351914022318,-0.2183392182740511,wave2,-0.6250756272308866,-0.1593749555135115,0.1441428803064803,0.0827855958245564,wave2,-0.0759362634870048,0.0294658970824628,-3.3321979178113934,-0.0643870200573848,wave2,-0.3630051254092004,-0.0515932618117223,-1.605742687972521,-0.3920516209465046,wave2,-0.6233215281996813,-0.3711966612960367
1440,-0.5105011933503928,0.7422662605683605,wave2,0.1693499925618296,0.5463115029933903,-0.8940270655762087,0.7125759313907278,wave2,0.3532128756240076,0.4118979558089362,0.1056241959971274,0.5704621252328583,wave2,0.1368225392577322,0.3168184950507191,0.9907479705973694,0.54053703035673,wave2,0.221211624022464,0.3437569820459635
1441,1.3730761635033135,0.5584492700408181,wave2,0.6429528152212542,0.3155930955335924,0.1999171569495929,0.5953749129105017,wave2,0.5663345054994242,0.3881322964619154,0.7412353364737179,0.5287054201623751,wave2,0.6020695507235585,0.2703825859060922,0.3391598437892825,0.8155624178298975,wave2,0.7211286231784537,0.5638853778443325
1442,0.8164868266649661,-0.2596759721455237,wave2,-0.47927456345182,0.2095505242467337,0.2159293633955527,0.1199704501961751,wave2,-0.1938089764078936,0.438262853303242,0.7605405441639378,-0.0915900092978309,wave2,-0.061956713272785,0.2264931806597766,0.1611991843291844,0.0533858089181775,wave2,-0.0032447527754671,0.1657882763864788
1443,0.9338028624222962,0.1577761628427052,wave2,0.4440889651413839,0.1703894971602157,0.5972980598961266,0.1296020187641264,wave2,0.0371729923729335,0.1825881037974941,1.4348819823171857,0.0903079829739452,wave2,0.4893073242846915,0.3223687651669349,0.7266894982318104,-0.0386651950234,wave2,0.2102708208607038,0.0805160358864989
1444,-0.5177859937635586,0.5409154022640488,wave2,0.390191664375644,0.0830085183214013,-2.689996688614646,0.5350335109031197,wave2,0.1876351502445215,0.3688359429312036,-0.5433878251458136,0.4838476070625961,wave2,0.3240807065998017,-0.2084731834911775,-1.26251901753909,0.2720483708878184,wave2,0.1366640203169348,-0.026807481641682
1445,-0.5704395889992818,-0.0647922260626532,wave2,0.397627805593534,0.1666211978845746,-0.8458915793975685,-0.0002296746325283,wave2,0.0538133286069582,0.122645603061801,-1.7946141653659895,0.2951715153149381,wave2,0.5599357252048685,0.4525641452342137,-0.5837591552044037,0.1752528187178146,wave2,0.166370393695892,0.2056720654577308
1448,0.5216114781689332,0.5219850208543275,wave2,0.216837043730699,0.2790485356349252,-0.068396755850724,0.3394266149837806,wave2,0.0264060487721347,0.2709692955433158,0.2774784180493088,0.3212965910495909,wave2,0.2137316034365232,0.3649054772887431,-0.5075359468104516,0.3728703120450884,wave2,0.1609468239680633,0.2239013050951894
1449,0.5744281466085401,0.207506299804753,wave2,0.1674936321106637,0.5079980587444695,1.1120833648352584,0.0983006200839373,wave2,0.1598714173226751,0.3595653083785504,-0.0825610040232937,0.1835001930259672,wave2,0.0285747548396324,0.2380517835380415,-0.4675351216562456,0.2186392679296873,wave2,0.0800405840154155,0.2039469021609767
1450,0.101912548173631,0.6880534793577153,wave2,0.3070854360012842,0.0038953707888347,-1.73595880355151,0.3046198726118325,wave2,0.3391457670641238,0.1800576354813892,0.0115733202844329,0.7139325350174994,wave2,0.6585200812403653,0.3324284601625722,1.021232814627574,0.5400398757447731,wave2,0.5182762402103034,0.3438596140901521
1451,1.126731258841828,1.3398534460848373,wave2,0.8299013934997732,0.3922103630167557,1.2010476029929096,0.2395040938089554,wave2,0.0168792222917764,-0.1215405997835334,0.3225396398871204,1.1784497222699228,wave2,0.8726200706029228,0.3052441093356555,1.0029261637052902,0.843720650108652,wave2,0.8609002655733331,0.319700438345762
1452,0.7066526136386958,0.6845384345383967,wave2,0.2321355129067019,0.8329034192684337,1.0870845217938043,-0.1522579207001895,wave2,-0.2422831511713608,0.3848055062541293,0.649281239298561,0.8746720484500352,wave2,0.4893656632858574,0.8406929694342813,0.6431951002165952,0.7716682871285712,wave2,0.3541712445387213,0.6846679870194072
1453,0.8594046796642626,0.3809009465370865,wave2,-0.0626207683641171,0.1148629708510018,-0.0104502443823246,0.2315691188334983,wave2,0.0258254104916326,0.1177615347707126,-0.6375918134258091,0.3966824984308292,wave2,0.0129609307443478,0.1510402989798187,-1.4020587760968366,0.1899103815745699,wave2,0.0342200731465331,0.0442501372374328
1455,2.2561047059388533,0.7261140861540352,wave2,0.6022380583083831,0.526637927287738,1.6522246273578416,0.3697068460613901,wave2,0.4028022768572903,0.1578421855227207,1.617572849722169,0.7557389433138324,wave2,0.6261475079841463,0.6722979138111058,1.1826682761537446,0.7721193746896157,wave2,0.7273224459934292,0.9068044864276816
1456,0.5974647998570572,-0.3229610937373086,wave2,-0.0051161556471541,-0.6453060905571986,-0.0898173603581771,-0.2018414819734397,wave2,-0.3424302527260101,-0.057075856416771,0.7512756151928103,0.0722762604045019,wave2,0.2472599007139004,-0.5482096125864167,0.4717502524673662,-0.019785886575777,wave2,0.2136250004993621,-0.2702469848390466
1457,-0.4840265582308958,0.5903727413752968,wave2,0.571375594857136,0.3443639144669645,-1.929824165999431,0.1279608987345497,wave2,-0.1202374285730969,0.0963295064619167,1.2391314076945863,0.5830791491203646,wave2,0.7358792203455184,0.4906776412724651,1.1304210440675388,0.4984533890813839,wave2,0.6938884319837099,0.5849334521761537
1458,-1.8840271134611428,-0.3121031859660648,wave2,-0.5728574958994999,-0.452807650580171,-1.9054256168122412,-0.3171903659483335,wave2,-0.5524874346089312,-0.1465093956292014,0.1333286028633253,0.1211911736108688,wave2,-0.215445212954811,-0.2621326407210582,0.0271004088642476,-0.0363909217299248,wave2,-0.3929545372601218,-0.2323976835072901
1459,-1.779766404502571,0.1650155898456993,wave2,0.2061227735914381,-0.1221889877305417,-1.1981152968145747,-0.0330424922484884,wave2,0.1217406662419724,-0.0024886156453909,-1.5946228464919745,0.1583614500758488,wave2,0.2292514926240962,-0.1508346241267788,-3.0431203622465355,0.5351097210171902,wave2,0.7455810235795708,0.3078326583747892
1460,-1.3054650404839327,0.1895994272737056,wave2,0.0770171032555095,-0.2925151982918628,0.4951036755891762,0.4520665762537601,wave2,0.3450480928598352,0.0188309001882593,-1.9594925764962956,-0.0318646737454024,wave2,-0.1966201102682092,-0.2962259928612216,-1.089083683655917,-0.1042970046162849,wave2,-0.3102421066938619,-0.1186699079339845
1461,0.6192840810643979,0.0528181884698966,wave2,0.151759143095578,-0.0331934119813508,0.630809013371279,0.2345339694025736,wave2,-0.1063817684538239,0.0985332250610446,0.7195999948926086,0.0815241845029679,wave2,0.2374547588639983,0.1836248429227622,0.6196252166954148,0.0038666486207786,wave2,0.0702580915327363,0.0034513240101631
1462,1.1351465321635674,0.3395005126746833,wave2,0.5585471852382811,0.3717009537557012,-0.0061238397675804,0.3118147425664805,wave2,0.2314281638781603,0.2274820649624362,0.7936443598982307,0.4568970639976255,wave2,0.5053325730730904,0.3891377200943777,0.5492409975716892,0.5012539627972044,wave2,0.6482207177438513,0.5680877398624142
1463,1.4501367634960776,0.2757777577315132,wave2,0.2215931260221268,-0.0052749127311861,1.3014861059620653,0.0951711353236466,wave2,0.2703030549910439,0.0795391502694626,0.7720226714215936,0.2039466752176102,wave2,0.3759418785416957,0.0909247436945748,0.933117530806296,0.0352962833575954,wave2,0.3059837889275845,-0.0545173967127316
1464,0.9735082149027472,0.0063541248363878,wave2,-0.5535030868436328,0.3951763926915643,-0.7561673777487715,-0.2533659467806457,wave2,-0.4436046253240675,0.1286818419005901,0.1617145990195991,0.1790982626940342,wave2,-0.1559480086034641,0.6574689384474683,-0.7206978855798192,0.2618584443633112,wave2,0.1296686292147927,0.5420941285274408
1465,-0.7172032889703533,0.2630032732638656,wave2,0.5026782005696004,0.1647544201727622,-0.7110046945559588,-0.0676445363714421,wave2,0.4157096978601491,0.0315200020252792,-0.7835639145676261,0.2824816012357161,wave2,0.5591768157447441,0.07597524038139,-1.3558963710397045,0.3206401477818694,wave2,0.55200316322221,0.0997700208595908
1466,0.1292294662148163,0.5996880091410959,wave2,0.2056526238624045,-0.0482690248662245,0.6282379418750837,0.688958827311311,wave2,0.6800682836740006,0.4362426543928097,-0.905338838953484,0.1962625750626596,wave2,-0.1774365926223398,-0.2789400756407452,-1.227545145285221,0.1344130103978312,wave2,-0.1322270090151384,-0.4039344589690806
1467,0.5133361707243619,0.4053000417138688,wave2,-0.0733671750828546,0.5040295076245624,-1.1297348053214828,0.3374645960983622,wave2,-0.0656135346731126,0.3448721308306546,-0.1653031577440662,0.3600029177845163,wave2,0.1434534742718696,0.5757874449527958,0.0727307895271136,0.2788581802815494,wave2,0.1562744234184225,0.3349385294005664
1468,0.104820965096099,0.1991091779962861,wave2,0.1539320124061487,-0.3860924445739959,0.8487385172427588,-0.0720634255097125,wave2,-0.0098990567182817,-0.6379488678123868,0.5642190370942737,0.2240499257016126,wave2,0.2795504623723515,0.2285175256102878,-0.0802492464997551,0.5630339231649644,wave2,0.5342123706037869,0.4637878843061526
1469,-0.9655589185020104,-0.0673368504186178,wave2,-0.3204538844804898,-1.3942659713642076,-0.717156595018577,-0.0788550822929228,wave2,-0.4966938167527186,-0.6070018045602443,-1.543502516187946,0.3204297599636924,wave2,0.1551360075226689,-0.4053196848627837,-1.2428693052106103,0.4507714177889667,wave2,0.1386326246857214,-0.2712628477337827
1470,0.8986962049771696,0.6430964913429227,wave2,0.4186225063326247,0.082135251109169,0.8262839596500859,0.5694738995458861,wave2,0.5426865411035169,0.4793005953716864,0.7125787164907774,0.6397912394317751,wave2,0.2999124905899686,0.0810296168341242,0.8275052841985577,0.3954282771483618,wave2,0.1158680592153594,-0.0869272453860042
1471,1.2288472565506685,0.0636866774724311,wave2,0.5312917508924069,0.8331064109705006,0.1288716605105795,0.4098712700403917,wave2,0.6772211776140362,0.6660207726394818,0.2517020567713964,-0.0433135640635355,wave2,0.2641707204419645,0.5280835480387764,-0.4358220856148636,-0.0941345209160968,wave2,0.223333183750591,0.222600574398967
1472,0.2109503275958199,-0.2729494563484458,wave2,-0.420588657357857,-1.0324410473044012,-0.2864250659694111,0.1491792435314338,wave2,-0.223930085527229,-0.2497266443372785,-1.305023813025278,-0.0398782176581764,wave2,-0.1579618784811376,-0.3997794299312078,-0.269808267312226,-0.0363584971908976,wave2,-0.1276906298150839,-0.4000609211286567
1473,-0.057560871812192,0.1131718635748875,wave2,0.4032084630871697,0.5513700600772227,0.9925197914064766,0.1783108252865441,wave2,0.3453481332715791,0.0970081595299388,1.2883970073826445,0.1253077098654689,wave2,0.2811880626266116,0.458584724361911,0.8301218894760152,0.1881084064294426,wave2,0.3972555231554188,0.6310223135593812
1474,-0.7653435426570704,0.4086625734021871,wave2,0.2606970270892388,-0.5787206187166047,1.1245352256334793,0.3489840709319993,wave2,0.1629607629306348,-0.0368840004532418,-0.7133005268577514,0.3602101569577534,wave2,0.0772230924343242,-0.5252241569282763,-1.0273478140516632,0.3715844370096332,wave2,0.0328417504858888,-0.5122640286900402
1475,1.9836190983860424,0.8054153216399005,wave2,0.8938100297906888,0.8850369112164227,0.7865773742146424,0.47936069667429,wave2,0.1641650664721772,0.3011552804872792,1.1008296787563905,0.7903766767481967,wave2,0.9034301266632448,0.880010173434726,0.9640138103913236,0.6103134448523295,wave2,0.6381739241190025,0.7641474044521199
1476,0.9641596942217202,0.191468258152236,wave2,0.037203353309303,-0.2963469510453751,-0.1092917794172194,0.2394200139206665,wave2,0.0376838756195125,0.2544925427350148,0.4880276351502394,0.2323560827107029,wave2,0.3105982920457486,-0.2536876792347384,-0.3199953919721194,0.1293420662141183,wave2,0.0857467832352119,-0.4591487124525849
1477,-0.053689860209821,0.3693655738749388,wave2,0.3961025005725958,0.5218273812874106,-1.6101860421923688,0.0523736200531332,wave2,0.1813879962535882,0.287558731063376,0.8783096394593839,0.3476863098136824,wave2,0.5055525601581807,0.4694953166569353,1.1261793156001263,0.0758779407090603,wave2,0.370565535425763,0.2381263018037961
1479,0.5746663317160478,0.2750084965390724,wave2,0.7311206873209171,0.3490737200994009,0.7013709350869287,0.3101851611395316,wave2,0.6274580115866839,0.0734157431644719,1.1513373658702533,0.200228416409184,wave2,0.5145341651462472,0.458708908010021,-0.9497132358907778,0.117646890507243,wave2,0.4350344235271793,0.2268904323563484
1481,-0.4562775408362524,-0.6847283968068223,wave2,-0.4317848169391247,-0.8275320775363206,-1.16056828378691,-0.3741280788463961,wave2,-0.1688990700236969,-0.4547199238272366,-1.3880501169706774,-0.2064232961456438,wave2,0.1268595425864178,-0.5384756173059408,0.0206874331050204,0.0114032265311274,wave2,0.2090280263991705,-0.2397831871075111
1483,2.303708686002948,0.4653665006908172,wave2,0.443538099713443,0.5090126246344586,1.5166292043978613,0.432509791325764,wave2,0.6136929189875535,0.6867195755397382,1.6020281265315428,0.2317098873923433,wave2,0.1749364324601237,0.2937345362683572,1.1844672233697466,0.1493567469195005,wave2,0.0813966530105294,0.4229495233168481
1484,1.6584100627068432,0.6656300280799918,wave2,0.5988841838636394,0.7539393941223493,-2.2134380619066425,0.1782509973232431,wave2,0.1800318084696133,0.3555425268028742,0.3607196721976299,0.5303822030315329,wave2,0.626940701123243,0.7229005882300209,0.3952918973202619,0.1932445723371103,wave2,0.2482944117189018,0.558197992841279
1485,-0.7805013229523443,0.5516830480976931,wave2,0.2665052132155137,-0.1533976138245765,-0.1945772215873689,0.4106827605375904,wave2,0.1888224602878756,0.1546354852969156,0.4014423937601976,0.3524754854708646,wave2,0.1843811234665465,-0.1449617115247047,0.1346377926491978,0.1642801665876227,wave2,0.0023478258040522,-0.0592925807359748
1486,0.3174818457857861,0.0845533301804108,wave2,0.5190550590897314,0.4451303225183498,1.167577172531603,0.2628542504547702,wave2,0.3761962563728951,0.4469694060286699,0.2118132229364681,-0.028720264372306,wave2,0.3513486294653859,0.2796055496259725,0.2620237308650253,-0.0408786461123868,wave2,0.1483270954227818,0.0691877726112025
1487,0.213671647086592,0.6303128999160259,wave2,0.4672438271592705,-0.0998653715424431,1.4001579656756755,0.3694498201861949,wave2,0.0275826876870377,-0.1089624248050591,-0.3966304851987705,0.5154981284656676,wave2,0.4825053373171603,0.1731389572465463,-0.2610194189603127,0.6033261699561506,wave2,0.4800906878430889,0.3534406815700831
1488,-0.001460491391542,0.4672882765356396,wave2,-0.1358220858309029,0.5945735891331094,-0.6088642477094773,0.4631420219355349,wave2,-0.02857596625103,0.5614795813476576,0.2549750628910968,0.3356591788455866,wave2,-0.2199718615322007,0.3764936187932491,-1.100543785467364,0.23169315602045,wave2,-0.0828071147101988,0.2352992031722204
1489,1.4576581408989957,0.3717477710494439,wave2,0.4642783477153878,-0.1509789426118817,1.5968192220305693,0.3137050080928565,wave2,0.4428011323363663,0.0943800323694958,0.3640412474618611,0.4919211155820009,wave2,0.4974407394479905,0.2186349967263225,0.6048324586769206,0.2553272815366108,wave2,0.3996925773398173,0.0659979137736106
1491,0.1917109945188245,-0.0332396611585401,wave2,0.7919072770281732,-0.3688523506786956,0.2523303698400022,-0.1698860165014388,wave2,0.3896923037079669,-0.3383450156108822,-0.4727834569473896,0.0609286709058549,wave2,0.7898858783848017,-0.0384342314217573,-0.5181369159425084,0.0431540373347293,wave2,0.6113431949312796,-0.0423890999203685
1492,0.8837309625854883,0.477962334274681,wave2,0.5912617977699335,0.5986524811328269,-1.1504037152749689,0.3279574784853143,wave2,-0.0955494586652874,0.3853582731150842,-2.371041269244389,0.2993719216622941,wave2,0.4586680201808344,0.518832351898231,-0.6865297841692303,0.2234194778246847,wave2,0.1879193761814128,0.2687034174711351
1493,0.0256166674815195,0.5997334003350967,wave2,-0.0330783888673797,-0.0705434919543641,-0.0922067955598745,0.5219629184343797,wave2,0.1371570256104732,0.1236795724136523,1.2765963791234942,0.4582891922950183,wave2,-0.0023143707619679,0.1831054876135085,1.336315098046209,0.4672961135780697,wave2,-0.2432279989774187,0.0408065023217267
1494,1.0337336026663158,0.2351664961138917,wave2,0.0680166682926537,0.547609261055293,0.2846090076188865,0.5774260630316892,wave2,0.1929672401770523,0.814942514704617,0.2177520081871908,0.1533024079401438,wave2,0.1486171022482291,0.2718606351687506,0.2417269112390475,0.2865725423171629,wave2,0.2523829762457842,0.256456549796886
1495,1.1209561966779462,0.2193789920138833,wave2,0.0977942530140998,-0.2640264434149508,0.6816067883474523,0.2845058946151144,wave2,-0.0133543828477364,-0.4462723874080996,1.0980689481850543,0.16590384177166,wave2,0.2207747509247806,0.0742931082946976,1.3244696016971975,0.1494506831970195,wave2,0.1734734477093827,-0.1572886906233558
1496,0.8258511409964328,0.5011830892046136,wave2,0.562126935556623,0.507455786528447,1.5383384581164476,0.2005421067796795,wave2,0.3595260531316648,0.3153040583035025,0.7884268096858645,0.4925970851560817,wave2,0.4667755847689485,0.4660436708654476,1.1138694319911473,0.3022589039046018,wave2,0.3199183142926161,0.2713923051078229
1498,1.6951526333837357,-0.3474891915866278,wave2,-0.4161573243751237,0.0287949336532746,0.6910267448071648,-0.3820995819332056,wave2,-0.4915850742977763,-0.1957192551173612,1.0932856697477242,0.0605657652342999,wave2,-0.0500392343344326,0.0806912240909412,0.3224821159772652,-0.0117932105720212,wave2,-0.0754753483168808,0.2755585743049281
1499,0.5875786276263294,0.5157547978500308,wave2,0.4630738105422627,0.4938124775469954,1.1978469348394416,0.3256435551111931,wave2,0.3693484952449111,0.6059591254989785,0.6078715217795233,0.209753113861443,wave2,0.3255569931162823,0.1204632886423073,0.2528267353669776,0.0173644702952276,wave2,0.1310609020696563,-0.0705457839923623
1500,0.5036525910521575,0.453638382931838,wave2,0.3469711834739692,0.319558774261643,0.214055770837367,0.2701252904591016,wave2,0.2869655434274698,0.2830349401784235,-0.0454427024272654,0.6171727072730793,wave2,0.5433926516294068,0.5253434287089638,0.0063243943642669,0.7743372197742848,wave2,0.6809508430233058,0.8543612752837821
1501,0.2494804853907596,0.7093321457910942,wave2,0.6319905692570997,0.0365309552653774,0.6605817941264472,0.2548501211178628,wave2,0.4298960251748622,0.3468514177599109,0.4337677596111632,0.6361673666592345,wave2,0.7264669654390636,-0.0089953625325396,1.1099989331035298,0.4392005204079903,wave2,0.4568099739239411,0.075404622432034
1504,0.8610561941660411,0.353153372664202,wave2,0.2087520353894381,0.8746950143487622,0.9612643848685576,0.5302096358585617,wave2,0.3455052608761246,0.9628650543867006,-0.3382264227703325,-0.0228314200939934,wave2,0.1386735123861706,0.6316450018829571,-0.2801189422571634,0.1085908211900379,wave2,0.1649758915299649,0.6083682481595376
1507,0.3542847802290998,0.3680050238327892,wave2,0.373091089240952,0.067548924805509,-0.5085961498475796,0.360699141789617,wave2,0.3705232984328026,0.1330415052506064,0.5915505607492964,0.3287882771746613,wave2,0.2968753748962358,0.2177215400370551,1.0162837757497658,0.3597518899070662,wave2,0.3158339546778775,0.3186093022021612
1508,-0.6662904856450579,0.1329708686534627,wave2,0.4107370751286856,0.6893262409012535,0.1951803603489879,0.1639572634225847,wave2,0.0490878391371121,0.4284324608700582,0.4700894473262235,0.4294302438139881,wave2,0.8265586412747705,0.6832854077866717,1.4328248952636808,0.7811915164723644,wave2,0.7787847529089296,0.821901880221146
1509,0.5301915787983856,0.5853727465135163,wave2,0.444944096739893,-0.0758328545379023,-0.3835984993039691,0.3387015986787787,wave2,0.4453288197395719,-0.0268041913797361,-0.0913633472013619,0.5533350062405655,wave2,0.504182496001687,0.2936217135052259,0.4358618449817179,0.4419328327210359,wave2,0.5487944594589267,0.1557321922921669
1510,0.0904529791585502,0.2831814666636862,wave2,0.2661683353008235,0.4161277031915413,-1.0651184465580186,0.2679221027593199,wave2,0.2413046356981627,0.0902923863008433,-0.3749258093768309,0.3685531017346237,wave2,0.3700439911942967,0.6862386221826884,0.3353303680863823,0.5890106438885077,wave2,0.4440075913910244,0.6789183754982273
1511,0.7790888710079581,0.3723307633761852,wave2,0.6286370135820829,0.4029071638219141,0.9111907698238692,0.0438474300813729,wave2,0.3302532148275297,0.1945209718225167,-0.4741978954573985,0.2612234751787672,wave2,0.5597785482191839,0.4051403771845954,-0.3993531865865741,0.2161542445552713,wave2,0.4789799099067296,0.3260363137821359
1512,0.3150248236826607,0.9842670059513624,wave2,1.02181891376264,0.9765845763786012,-0.274312716156773,0.4230737388082703,wave2,0.4162178080662413,0.3193633496793102,0.9122962785885796,0.9808940136577116,wave2,0.981099332461048,0.9357206865340476,0.6105655164221009,0.8166151035404605,wave2,0.7566234002185779,0.6622009471537649
1513,0.2310994492189213,0.4454360541469477,wave2,-0.0437135355372486,0.2098812281687831,-1.4705766944350622,0.4530723742660318,wave2,0.0112066019814454,0.6670030368508557,-0.7824939045458583,0.392874738575625,wave2,0.1536616527065182,0.3105983957907789,0.4640543347685164,0.4235401106026713,wave2,0.2336478062750753,0.434448517722829
1514,0.5363616167484812,0.2308153598382185,wave2,0.0428081276065448,0.4587134697364949,1.3179265328012093,0.5038773386973407,wave2,-0.0400110483891122,0.2801698133434767,0.6418210019111756,0.001668931551721,wave2,-0.0139452342929122,0.409585677075297,0.900845997584169,-0.1047814356081368,wave2,0.0564431138283939,0.4320070932227636
1515,0.1475821652208062,0.0988358037843513,wave2,0.1834059558127578,-0.2792059376776299,0.9366400617939338,0.2360539591891222,wave2,0.2550645475495179,-0.0204294983336519,-0.7251476208346626,0.0183624922682943,wave2,0.2272795971877097,-0.1959021030157837,-0.1261528625993921,0.0610628795190269,wave2,0.004471254287912,-0.2438738896655549
1516,0.7914489801093071,0.7686738428679543,wave2,0.4210979572958675,0.5116028478433265,0.9901070751903184,0.6434749203403405,wave2,0.5459499147345224,0.4547982527129519,1.3712164388523331,0.2784028800393048,wave2,0.0786737648774389,0.3781328154396046,2.0199589457227622,0.1353753730037346,wave2,0.0774266740182001,0.5075193320378044
1517,0.0067787717861515,-0.0736988587545939,wave2,0.0621144513848488,0.3695170637005254,-0.4428671183991715,0.2020039926743455,wave2,0.0463068617322945,0.1556257606144686,0.8921092668198064,-0.1795591587908274,wave2,0.1258559987041789,0.3283404620243724,-0.062478300226268,-0.014028999240416,wave2,0.2010754944064084,0.2265513476272687
1518,0.5937221550591493,0.1615092175276671,wave2,0.1762795524264251,0.6740831842556223,0.9210141043472976,0.3358324578113822,wave2,0.4890928703762085,0.6730556947342083,0.2802138370191485,0.2487476197410042,wave2,0.3620184420115545,0.3456321355119917,0.4451239697704655,0.2276316057444833,wave2,0.6162678698619926,0.3017040562827603
1519,0.7961138531353927,0.8006761432734266,wave2,0.377539070529298,0.3939948589178681,1.4519212124401093,0.5145157626832801,wave2,0.4378632462975085,0.2536069846680944,-0.0953317318934373,0.7091125359477539,wave2,0.3343125882355799,0.4474000309516861,-0.7469024467832158,0.4427069250742551,wave2,0.2102100100855105,0.2678171223665487
1520,0.6920883254756152,0.0570001446586641,wave2,0.1583696897190138,0.4307941609874088,1.2667275261685111,0.0154628636706333,wave2,0.0221672477387968,-0.1541531693815556,1.143007362425475,0.1606579835521606,wave2,0.1781257657120574,0.7366924079070452,1.3096771593792012,-0.0372091238427302,wave2,0.0670653081065378,0.3743995134948859
1521,0.5848101142373119,0.4184681886503836,wave2,0.3489980559165624,0.6091490886552262,0.9173462295124892,0.4237206341277433,wave2,0.1658266583954228,0.5105791608740351,0.4799294877983538,0.3841601683061961,wave2,0.444799148938253,0.4412927085829645,0.9072104822525712,0.3549645392028571,wave2,0.3212357414919327,0.3621866635103082
1522,-0.4298569403954153,0.163508311824772,wave2,-1.1935770433187511,0.4967660815743429,0.8458818254011785,0.421669061753372,wave2,-0.4617178536465338,0.0996567299649437,-0.0746400737005227,0.1094760685500717,wave2,-0.7411903815428578,0.5416933866632987,-0.7537727232438025,0.1773047454014047,wave2,-0.485305705309132,0.1691002683264527
1523,0.6132692971336807,0.4941623030320845,wave2,0.4089781597881372,0.4374191240695735,1.388834663572547,0.4908877900591577,wave2,0.17529285721621,0.5631750706837446,0.63647744184035,0.4302710315863058,wave2,0.2890776943581268,0.1446882783878087,0.4909589736302188,0.354651119637478,wave2,-0.0052671563355352,0.0256850281120593
1524,-0.577860322973468,0.2608751800135702,wave2,-0.0287925479382731,-0.4195450278050519,-0.7985339273639166,-0.1490148806887099,wave2,-0.0144190594712363,-0.6187763190401798,-1.366611892011575,0.3515815749380526,wave2,0.0102203497876498,0.0444717957663618,-2.0424161019047977,0.3338311047557004,wave2,0.1205212313915458,-0.1298657832341569
1525,-0.4107542567963226,0.3205051250365724,wave2,0.2205353918258858,0.3963568793721772,0.4638013491976641,0.5440439485242539,wave2,0.4396770857387293,0.5540098500899153,-0.4095547924841183,0.1922820914933272,wave2,0.1825863363122484,0.3004996139743259,-0.3179672673032007,0.2599504283638059,wave2,0.2078160314024975,0.2489826464480698
1526,-0.8652172503014722,-0.0519595940520778,wave2,-0.5641581942472804,-0.3686788082049408,-0.1437693034186639,-0.0733788912201565,wave2,-0.3725095575188144,-0.2789747072937165,-0.5735148896887502,0.4200954089797322,wave2,0.1386035963369591,0.3251315133870518,-1.9604958998606177,0.0245452352035021,wave2,-0.1899955284188307,0.0002114667100759
1527,0.8545683046805548,0.484908955785917,wave2,0.5918580973354488,0.2831570847427107,0.5194977732041167,0.5947295373652455,wave2,0.184197126985693,0.3179379319942683,1.1358885551660098,0.3609954458534932,wave2,0.4954664934284691,0.2226147197905188,-0.0432067118658657,0.2955982141480867,wave2,0.1310147378931153,-0.0053511964069549
1530,1.0167577240535637,0.2140676822962244,wave2,0.5040555144714718,0.2158258307806839,1.4103888803675575,-0.1310089059390755,wave2,0.5379914562312493,0.5664926037742901,0.4621332958235887,0.44286270986361,wave2,0.4210186832372056,0.1263741257215005,1.0298141351327057,0.271607048076681,wave2,0.3162259051790504,0.1220144288702032
1531,0.2753520294129071,0.2478788104034652,wave2,0.1774214411387809,-0.0087540295445815,-1.1636372524003773,0.2014174484313844,wave2,0.0910516920233279,0.0390290682832585,0.8603867252985246,0.2731337353833232,wave2,0.2274212617255173,0.1043886395995294,-0.1665311249940827,0.0082543913146431,wave2,0.0394440382890633,-0.078701139598561
1534,-1.464810035912388,-0.0719111568970083,wave2,-0.0435341807598561,0.1336314283830759,-2.149327330798925,-0.0310474148734294,wave2,0.0133143529777206,0.2523350652022533,-1.0442627562422873,-0.108049434184192,wave2,-0.0956351883949278,0.2957118089227148,-0.1210238722950139,-0.2406524981768819,wave2,-0.1837194335795892,0.1006467216375529
1535,0.0002869919840617,0.4538095321220914,wave2,0.0494478211928894,0.1906975066786742,0.7439850533983101,0.1725933952121334,wave2,-0.000575115911704,0.5659611496651655,-0.864185261882079,0.3504180155541165,wave2,-0.0564236443232371,0.0822656540708783,0.3166429135621664,0.1693723755999479,wave2,-0.2934309303358786,0.1153362713052391
1537,1.5278063256980148,0.3272049457994597,wave2,-0.1995938058913773,0.4239540782280717,1.3015358780037405,0.6666208341168385,wave2,0.1791974248520269,0.6681637453626432,0.6964040690919285,0.2822670236733322,wave2,-0.0247515599301766,0.2591490730961516,-0.3886893859260015,0.3964855684593454,wave2,0.0249512306028164,0.194575027468064
1538,1.25375533764665,0.4480403389918104,wave2,0.4665634152415192,-0.0427018632796221,1.837355805441539,0.335348774978752,wave2,0.3199576238774111,0.1948909907718308,1.360764220265327,0.3099102412937,wave2,0.3575870821383073,-0.1023358790811901,1.1465757207796858,0.2827575588142824,wave2,0.2296140772567912,-0.051041438370433
1540,1.4645578655874305,0.1544302055521875,wave2,0.0464137869378673,0.301532154351291,-0.1733505256331946,-0.0427168588228421,wave2,0.1042633769406693,0.0648567560755108,0.7574739189659284,0.405044247789164,wave2,0.2277272012104866,0.4268517544732563,0.945347413423517,0.3027866868245733,wave2,0.3443574681764433,0.3508841505451648
1542,0.6805156078117582,0.0372882226481587,wave2,0.4086519038610698,0.6041027896557387,0.2020619770567905,0.2964580149232736,wave2,0.544783064019875,0.7845333095218083,-0.3560115434740327,0.1325548221139665,wave2,0.190964505483024,0.4481793374787597,0.6250274705862326,0.0946375693756461,wave2,0.0525757868530271,0.375780419260279
1543,-0.9778689604661116,0.3765823228521641,wave2,0.4706845431179212,-0.1042690421208338,-0.7508147540924814,0.5726950353577656,wave2,0.1791719025473983,0.2214191101915625,-0.7997479377901167,0.3268202793128972,wave2,0.3197661311120353,-0.0157025403652878,-0.1993994111295167,0.1774173427950899,wave2,0.1478243654811477,0.0409161754571815
1544,1.131708924888953,0.5933613424459734,wave2,0.3117646024794125,-0.2391573101141755,1.0946043655054878,0.9366323143260882,wave2,0.1112505505761034,0.0326888736821229,1.3737909720493595,0.2834895472888991,wave2,0.1877347040918483,-0.1581224424266464,0.5440773298669908,0.0410952553481039,wave2,-0.0673248105084808,-0.1677885628352697
1545,0.1788999787924491,0.5424120415712479,wave2,-0.2588464727128632,0.1421147779556655,-0.3883260992673491,0.5474930035287178,wave2,-0.1871728123391236,0.1329906504335152,0.175865553799907,0.3692167109241291,wave2,-0.026801084391816,0.0862080248307699,-0.1949089885937954,0.224003779953055,wave2,-0.1220856486239966,-0.0417940360377777
1546,0.816272733655236,0.1603017377208089,wave2,-0.1744967003187802,0.1823011032598125,0.0154566199829164,-0.2295488724587062,wave2,-0.133905864016212,0.2401253695838703,0.8555547169264118,0.3683771317997393,wave2,0.0627409090408193,0.1014582912197061,1.0087718954503753,0.0437740883339746,wave2,-0.1023268713530042,0.0470265539784267
1549,-0.6845800261045831,0.0456771727268843,wave2,-0.1715000945812166,0.8669752606835766,0.8796299555111892,0.1688067052111199,wave2,-0.0839948507847612,0.1389960977913318,-1.305815706377928,0.18502511110144,wave2,0.105788069332231,0.7914574416384821,-1.1247101308433731,0.3521895256879877,wave2,0.3902753555759276,0.6287968107656143
1550,-0.1557563142854716,0.2729989560978003,wave2,0.5766864913774237,0.5928231147966696,-1.1309378648366009,0.084480482444839,wave2,-0.0059103373013835,0.2372620786239736,-0.3100934841379808,0.490692781044638,wave2,0.7788978753014071,0.7562011349645741,-3.1198731634317243,0.4736854900925829,wave2,0.4951319838430515,0.5604150964307226
1552,-1.3467481225042754,-0.4043208084773244,wave2,-0.2729079686390681,-0.3284041200836611,-0.2680697257525514,-0.528340291223506,wave2,-0.4477161298877814,-0.6146499143296082,-1.2686119774095754,-0.039156657022084,wave2,-0.067586200380203,0.3089939592728292,-2.7037510131781968,-0.0412522810893742,wave2,-0.0933873884554665,0.2654322768632016
1553,-0.4345968651882683,0.0294840538535612,wave2,-0.1637752991818661,0.3958608359104034,0.5550041894137445,0.0108460577835536,wave2,-0.2626664337720699,0.2411637940062683,-0.2235181103744341,-0.0130323763132804,wave2,-0.0093334108523879,0.4231927375323625,0.7588792941053657,-0.1953597368157861,wave2,-0.1697731486849442,0.2144106231424579
1554,0.52895339975078,0.2369392145798352,wave2,-0.0277671945805502,-0.0466538132085103,0.3619282529966446,0.1616079756917818,wave2,-0.081034449247402,0.0294629177245011,-1.2840517212583211,0.1841633782768994,wave2,0.1018772933242608,0.1455000552579308,-0.830965193461043,0.103971949244204,wave2,0.0766262608910313,0.2416053352504537
1555,0.2328306213195262,0.3595031774117201,wave2,-0.032609496251883,0.2688460291800219,0.287502751955464,0.4802764884773192,wave2,0.3336030811153694,0.5981636617298578,0.1482347663205844,0.1557611614863283,wave2,-0.1753534384509629,0.1068451632113776,0.7095278665732088,0.0031437595088562,wave2,-0.0057002148389326,0.2422688849527568
1556,1.2892389922264664,-0.0185530869109542,wave2,0.1359811496610192,0.3150432293542051,0.6318791338984905,0.3343900566557984,wave2,0.3263549830033756,0.6912554574501504,1.3264086842498877,-0.0280210039175941,wave2,0.1709221689804385,0.2354231088466427,0.2855996873504964,-0.2629184085040187,wave2,-0.121435200092428,0.0999260816465932
1557,0.2227109486039548,0.112775278682538,wave2,-0.3535351366181629,0.0644543867643285,-0.1867394534469693,0.0854466939746114,wave2,0.0857678848482204,0.4314117020431742,-0.7123910925127489,0.1424509159814462,wave2,-0.201799323200656,-0.1139553949285783,-0.0395309165159077,-0.2453509830558181,wave2,-0.4422353777092128,-0.2390645211737164
1558,2.2983032502360934,0.8474714348685342,wave2,1.0279629748119974,0.6045682770061807,1.3957272609208893,0.5566025259024283,wave2,0.7116087329419287,0.6063168778369652,0.9774307898631214,0.5266604913126098,wave2,0.692149998955736,0.2619658303603791,1.6516864787069068,0.4745810169259113,wave2,0.5859701309537348,0.2923872038744946
1560,2.56712504137986,0.537216144514256,wave2,0.556804088799578,1.0404596115917126,1.0107446536809412,0.2088106529866247,wave2,0.5307728370044036,0.4259116499428586,1.3548294700989505,0.7062135639000031,wave2,0.595982869032754,0.9139543661512196,0.4424237818807316,0.5717672892602568,wave2,0.7268162776842158,0.7933784198287894
1561,-3.0125058414820067,0.2274322194433806,wave2,0.2034845911883467,-0.2495842992590402,-1.4286406706344896,0.283570232389901,wave2,0.093895422296409,-0.0343243934930386,-0.974156008627957,0.1267769342297624,wave2,0.1539261472067874,-0.1742763123475099,-0.2264610616111536,0.3678633265731584,wave2,0.135242769170876,-0.1563778476266947
1562,-0.0310160032197732,-0.12813834655043,wave2,-0.3774173646579131,-0.3398401838786355,-1.9629163490716983,0.3065649955961265,wave2,-0.0959510527086278,0.0017930963609533,-0.0123329390208902,-0.1299722047229559,wave2,0.0261353478773576,-0.2492430249365629,-0.7484231572580257,0.0345499971814729,wave2,0.1183186634389195,-0.1656388991528323
1563,1.203500320883659,0.3996716524372519,wave2,-0.0047878093659976,0.2643387069447804,0.1004217628626128,0.5010642798201659,wave2,0.140888275408644,0.4233792756732881,1.678199949401087,0.2721855478262185,wave2,0.0668107028572286,0.0965940227889841,1.5455671421788992,0.1672558632562795,wave2,0.0550037652665136,-0.0013671466707993
1565,-0.602280892980977,-0.0258101894876388,wave2,-0.6094670856899169,-0.3895604784936006,-0.8597607535770335,0.4074290965114404,wave2,0.0257435960136913,0.2159827037933157,-0.4220473117587104,-0.1496421320479788,wave2,-0.555582732725834,-0.1914672136191932,-0.1131723963847348,-0.118980844444086,wave2,-0.4782321244794973,-0.0437653830307766
1566,-0.1619488505652451,0.4223230507222193,wave2,0.4596007595173561,0.3664179114674515,0.4236398540442413,0.0493850792000352,wave2,0.0137973360594971,0.4911713381317162,-0.5641540499123981,0.3421423634623051,wave2,0.3641203911864554,0.1049874379422721,-0.1735173636479277,0.2743213537171003,wave2,0.3039391910934602,0.1449085773780208
1567,3.0192343299680022,0.805582517945242,wave2,0.7162810129956592,0.5185385578802757,1.1793141889033207,0.3694082048471514,wave2,0.2625938916006356,0.2817434904277409,0.6062541042651736,0.7878957585994613,wave2,0.5735263027016102,0.6226387411057703,0.4195521127012883,0.9288127967089006,wave2,0.838391980083067,0.7329380020623113
1568,-0.4699199831928983,-1.01309404030438,wave2,0.1429711253087884,-0.0849454648626739,-0.7600302239610824,-0.5290711419342233,wave2,0.0679614408861677,0.2416831855713523,-0.4641391091283595,-0.6721254134728354,wave2,0.1956210909408344,0.1681999618437739,-0.2366556014137334,-0.5745818428517693,wave2,0.1765076524060458,0.2453938411139813
1569,-0.6594391013550596,-0.336186504784902,wave2,0.3931949502881755,0.1555316333900918,-1.2828664037118784,-0.129371631565095,wave2,-0.1682194273914488,0.1044044570746465,1.1502617253654532,-0.289358406241869,wave2,0.5885337969743665,0.1520872649977032,0.9141572786088348,-0.186188074336387,wave2,0.4126926514958636,0.1409778444503178
1570,1.3149380429921045,0.6556949996411814,wave2,0.5478481277125056,0.5518681975383588,1.5029429081887122,0.3957316351923292,wave2,0.6277742237613253,0.3739874812531065,0.4785634531171368,0.4270585070133301,wave2,0.3256095348108911,0.2605553926511312,-0.5413757135029753,0.4300903866448434,wave2,0.0850066713950086,0.0796800886278562
1571,0.5158934202632173,0.1289877873548182,wave2,0.0756593876950662,0.3926751293721455,0.5378285484330407,0.1731852453183877,wave2,0.0198365224669221,0.2633439888471607,0.4441558536744346,0.0154934123656094,wave2,0.1080612587670106,0.4227268842798244,0.4927193284380407,0.043697327282459,wave2,0.2167450570498726,0.4076636574748503
1572,1.786659674935504,0.6351040709167259,wave2,0.356904049138036,0.2122776784453051,1.7486785751315588,0.373674773239401,wave2,0.3094754981906813,0.4922876378697574,1.445700600925404,0.4265177324939264,wave2,0.1771352298421087,0.046189025441357,0.9135535630812988,0.2240888155709746,wave2,0.0106290690599173,-0.0042540902155098
1574,-0.592904662958994,0.3831812493240987,wave2,0.0059939150519676,0.3752883517849947,0.726226374762867,0.4606153034444855,wave2,0.1247745219210718,0.4599984349674513,-1.8146527904888712,0.3194159861457106,wave2,0.1262081459264803,0.2783439811359951,-0.4918725498633573,0.0510343619102331,wave2,-0.0932573275258136,-0.0453834567697148
1575,-0.178790533655138,0.3893002926386169,wave2,0.0304140995485568,0.7275007771413327,-1.2267882160874848,-0.3294276218471468,wave2,-0.1794913712189705,0.4721947203245433,0.2691220659202771,0.5780928388271676,wave2,0.0589183191895563,0.5217310679810074,0.750787970168633,0.5531418101974241,wave2,0.2252965021269373,0.3643263293387713
1576,0.0135940674262063,-0.8777165432838783,wave2,-0.4428262521534338,-0.6344595628505125,1.502253097256908,-0.5018404926865843,wave2,-0.3261449725191825,-0.2747214391956138,0.567555590138439,-0.5826145420581641,wave2,-0.0817785344850801,-0.4471164110450663,0.2681407109987614,-0.2120367343841722,wave2,0.0487011582216541,-0.2489161017308833
1577,0.0716628862967078,0.2584173267945164,wave2,-0.1806378155504546,-0.2104547931277602,0.702810696271678,-0.1849821890579861,wave2,-0.2022060179399665,-0.2140525993676842,0.1860778116043369,0.1896268875043456,wave2,0.021733359385256,0.0417035818173334,-0.9769466592015152,-0.0116331037178342,wave2,0.0281677338639395,-0.1527925741822461
1578,0.5423024488057411,0.6823680274771404,wave2,0.44245957423573,0.4082467989604263,-0.9089174494241036,-0.0781314450925185,wave2,0.2225958812921928,0.1102546819162106,-0.3922330882442318,0.6975026044919379,wave2,0.5002015798499202,0.5767648259150371,0.0424696835791269,0.4237926473538625,wave2,0.4577549233675165,0.4366305523080188
1579,0.8944558885701517,0.6667857580811059,wave2,1.0704718766525971,0.3068563232199666,-1.0695693781750486,0.4599919089158366,wave2,0.3536071658533577,0.1043581289326691,0.40793472823375,0.8097424192097935,wave2,1.2537963786324813,0.4642205723862243,-0.3085758152753571,0.6958608517658658,wave2,1.025682957540975,0.4791070234302721
1580,-0.7971199089667862,0.1711474091947848,wave2,0.3398163174384601,-0.853546756004911,-0.1634123379583987,-0.0315412241910988,wave2,0.0880811818859186,-0.6226942582672264,-0.2973979171923166,0.1891903669441488,wave2,0.4617909708375949,-0.2806281006647682,-0.0479594484043765,0.0806108805197761,wave2,0.33821007317256,-0.3551559746855722
1581,-0.591876081506189,0.2401768446845218,wave2,0.1081894441425075,0.3127100645019274,0.4777401760170325,0.4287598523173079,wave2,0.4771787466811872,0.5784645269031417,-0.850396101190351,0.0582424980487106,wave2,0.011780756424073,0.2113543870209082,-1.1282542887104592,0.0108180261911579,wave2,0.0888795226820405,0.194721293705751
1582,-0.4175503512869007,-0.1604684847751754,wave2,-0.0190942031029304,-0.2959003263509676,-0.259664508764229,0.2307273459506584,wave2,-0.2305564484714792,0.0131248226343771,0.4298302012361173,-0.3957610271155536,wave2,-0.0479845563484206,-0.2013691117125811,-0.4305253739996247,-0.2099691846423656,wave2,-0.1349442085673977,-0.1903735214486987
1583,-2.4667590965382873,-0.7387629249044436,wave2,-0.5713699286737093,-0.7850237495316623,-1.7115201316860509,-0.5542310914517969,wave2,-0.2985475205900432,-0.5054440707294505,-2.11163188163608,-0.2552374755849392,wave2,0.0204785381731696,-0.0692868415898481,-2.2884072670161384,-0.1306224993072125,wave2,0.3266041693246621,-0.0124093692594507
1584,1.5507922890865236,0.5069562788742781,wave2,0.7053082746589157,0.6782009116615599,1.4465039144850178,0.4449623211523976,wave2,0.2674516950529588,0.4518827400772063,1.2310368866611916,0.4200880511056155,wave2,0.5667684643671489,0.6362007855131893,1.0539956358762024,0.4398411439318284,wave2,0.5225399039677885,0.7413752374284586
1587,-2.4732972939037507,-0.0454391756128922,wave2,0.3011009971154945,0.2580879458072336,0.5531010260676804,0.2853042929110223,wave2,-0.1164443951571578,-0.0601814754246989,-2.752274958917691,-0.0300290136530292,wave2,0.4055388911212465,0.2275104215587209,0.3612261542786346,0.2976895272995244,wave2,0.7325326892938355,0.4143276842765154
1588,0.6712656018612952,0.5677004080194021,wave2,0.7153486974533885,0.3449426381628711,0.804281104373258,0.3677647954015961,wave2,0.5415665779880425,0.2507992451402161,0.806532870270206,0.4401327671123036,wave2,0.5378284821180142,0.2337282425588935,0.5497462386430705,0.2669762865592576,wave2,0.2142294529212061,0.1933543286563622
1589,0.69807064562807,0.8037681648896282,wave2,0.6545746914481099,1.1558458586580131,0.5623826959715017,0.1412289783740581,wave2,0.0431340539117246,0.4037027297501576,0.6293163527270543,0.8351497510249805,wave2,0.7663025251370749,0.90572104833274,0.1600172764271911,0.6218778013378571,wave2,0.7587741161729246,0.5525873290598945
1590,-1.1184186101668985,-0.2238447132573231,wave2,-0.5536965439962644,-0.0994828868754433,-1.2866240635589044,0.0622202525893997,wave2,-0.2543046374239066,0.2155500541305544,-0.9845110191699176,-0.0386481923607289,wave2,-0.207722719581306,0.1003057356395071,-1.7027385557352566,-0.0574747277042632,wave2,-0.304577353033043,0.0602290262808369
1592,0.762117285557258,0.5568755810066821,wave2,-0.1291936528064443,0.1915471015267105,-1.4728989097672924,0.5990434208787752,wave2,0.3488427697380729,0.3330319225406455,0.8118048175750828,0.489980948428772,wave2,-0.0344642657549836,0.0379109556668995,0.9630387660494608,0.486299426181567,wave2,0.1949121816242883,0.2075320806758161
1593,0.6489221046063912,0.946948417187134,wave2,0.6251723307093062,0.3332533440869811,0.332650627806439,0.3893965903751935,wave2,0.6012581266711157,0.4965097928451485,0.6430831797554122,0.7238762001251327,wave2,0.3012133650524227,0.440500546983348,0.3637238345420894,0.429642077169292,wave2,0.1343440005227292,0.5187668347775916
1594,0.1391261995800211,0.3112094589464695,wave2,0.1786711975372727,-0.0571757309226175,1.2787484591750955,0.4366466872665133,wave2,0.2344480965259781,0.2571118293858949,0.1612886813675464,0.0949216852621708,wave2,-0.0187512403141747,-0.0504097222554942,0.5712514572221047,-0.0237869442504138,wave2,-0.0534672949277125,-0.085089843934771
1595,1.003391035706943,0.1354794263960013,wave2,0.0541462513079795,0.0456462973106184,0.9742604663214096,0.1533389448934585,wave2,-0.0903770777196346,-0.0628296936411161,0.7090128004378234,0.0638141658303457,wave2,0.1613522780082155,0.1800898887510684,0.1005113430503652,0.1091931817636291,wave2,0.2141318855969219,0.122397060984168
1596,-1.1775589135268143,0.082103494308626,wave2,0.0605452363588328,-0.2738325283895571,-0.2719178869010547,0.0571323308960216,wave2,-0.1392254218973747,-0.2549177506503783,-0.3952689951118339,0.1548117014699728,wave2,0.2220601346518078,0.0830280140607846,0.1826902463809748,0.1747209636839367,wave2,0.2868256637135252,-0.0745440374772956
1598,-1.6651993633645938,-0.264599364764936,wave2,-0.6588028922822442,-0.0842410229120007,-1.1372985270470524,-0.0828137836469335,wave2,-0.3685862578100127,0.0430577960347615,-1.6652117991191222,-0.0783486724683419,wave2,-0.5258093081896491,0.031073086656205,-1.2448859216364967,0.1194637563478278,wave2,-0.3116063557249233,0.0622504891811573
1599,-2.2020004869924352,-0.4925697933027537,wave2,-0.835280297231118,-1.804915153009361,-0.2437730441038487,-0.111247311529788,wave2,-0.1442306324043649,-0.5328806388784073,-0.0575154908466175,-0.2819923989077928,wave2,-0.3989716713405897,-0.9853823123548976,0.0118579041554518,-0.1258686221022614,wave2,-0.2477599414545675,-0.7360441980761823
1600,-0.3965471035733456,0.5652539951833555,wave2,0.6427193666102466,0.3376587210049679,1.4208096101282992,0.5963422268035823,wave2,0.8545201352913379,0.6588177252383349,1.2059357864203526,0.379197707887811,wave2,0.47381595561317,-0.0771084396500456,1.0530610536120375,0.3066700208619635,wave2,0.5468085629254984,0.2457352293538218
1602,0.8821166364832678,0.0423533977145469,wave2,0.0984410948813123,0.4836253800503378,-0.5216910879561844,0.3261943331248733,wave2,-0.0498627373604045,0.2033980055427766,0.1672175653459353,0.1184430565124357,wave2,0.4240804069758539,0.7624398590482895,-0.4801418835704477,0.2319396672174386,wave2,0.449524702630507,0.7835755922281886
1604,0.4389818013302627,0.4905884661397204,wave2,-0.0328427431703799,-0.0222548197344809,0.4782432014023273,0.6568500773151111,wave2,0.0720505536708788,0.3102813418534307,-0.2737068322875932,0.4549690867163067,wave2,0.113984532814686,0.2348615447600712,0.6035728915488608,0.5355369293302025,wave2,0.2870843350975177,0.1338332621430481
1605,-0.8415726092295636,0.1656736245124377,wave2,0.0773568664676989,-0.7955016740871583,0.5034812044334467,0.3426728154564908,wave2,0.1422311456882983,-0.3912945347725689,-1.122218783964008,0.03412450870875,wave2,-0.0634339982837386,-0.7158288309345933,-0.0527655877182977,0.1372635239179025,wave2,0.0667749265811841,-0.3390894778896324
1607,0.3400470888465376,0.4913664598068514,wave2,0.3763019343556357,0.031494089951841,0.9668455960446066,0.2997045273828858,wave2,0.3750123271716823,0.3745230894704645,0.558339257017225,0.3698308255135618,wave2,0.1847592365387562,-0.1527723943888319,0.4669404353746258,0.3470503881131453,wave2,-0.0092631567701346,-0.2477021338054369
1608,-0.5686761775192753,-0.0641136391826662,wave2,-0.1491905148628212,0.2789270713157399,1.0014688260214688,-0.0540313557751408,wave2,-0.1053843726475107,0.3621765139701132,-0.3944041337655164,-0.1120059718918677,wave2,-0.157627530559588,0.1490581201803658,-1.1396220999663016,-0.3026273219796229,wave2,-0.2560369801473882,-0.1688939079511883
1609,-0.2727194709656332,0.4892983610270414,wave2,0.881278810617828,-0.4503475982090501,1.3964841314802297,0.5051780541149802,wave2,0.8614392753295428,0.0730218153190322,0.2922629253663447,0.4669811203946614,wave2,0.6508514539635484,-0.2277593190751554,0.6504038527864922,0.529132873840596,wave2,0.5308017943718535,-0.0120156152453085
1610,0.0568125227804472,0.1906959459676658,wave2,0.2294406234881569,-0.1645525208458669,1.34510653084844,-0.0013189735881591,wave2,-0.0410999072540463,0.0845480807596426,0.6230703748261723,0.5504741213792937,wave2,0.4662058264325913,0.1878005383844608,0.4143279158259697,0.4932983476428953,wave2,0.390582892518765,0.0514615812594094
1611,1.3199288519115768,0.9023598694620594,wave2,0.6650467127121491,0.4210423314914613,-0.1750229685867239,0.3064180624902495,wave2,0.2445947070189349,0.3340350947674249,0.7021191331285591,0.7382006430806296,wave2,0.6319711207333465,0.5670654484723583,0.7923148414602047,0.6170665194832259,wave2,0.6458364016170319,0.5705534599854178
1612,-0.0500767988444799,-0.3195389958072581,wave2,0.1550164607354212,0.1951228768407391,0.5498000380897615,-0.2102809315229674,wave2,0.0628372641994261,0.2611854573409473,-0.4521869936073441,-0.1579150707404917,wave2,0.3148909660213674,-0.0989934056090731,-1.678362796495129,-0.0706727197402258,wave2,0.1970105369255639,-0.1335118564086525
1614,-0.2992391872431642,-0.5175402152596962,wave2,-0.0550002219861913,-0.0569703046017031,0.3862863612907722,-0.2206899636358203,wave2,0.2472098230475052,0.0486163653240672,-1.5937154134480385,-0.303348227394514,wave2,-0.0874810634889273,0.080755322508363,-2.591332185960898,-0.3728858898065247,wave2,0.0763069557366925,-0.0121149601173746
1615,0.6638650300556507,-0.1559461416715506,wave2,0.2055332633461839,-0.044831017456087,0.8503853575713696,0.113593975355948,wave2,0.233276756630598,0.1231904371215459,0.601061527330876,-0.0347914338737824,wave2,0.3212710624155637,0.1270762023359606,0.90476114693192,-0.0708608072184279,wave2,0.314882734654135,0.2014114759504178
1616,1.0797475407264867,0.6022433090469259,wave2,0.5534686195990624,0.6661978395965789,1.1456719324914564,0.3706845251418194,wave2,0.2278042554634944,0.4535912652186902,0.610528958562483,0.584145402722215,wave2,0.6317326255459323,0.5356904885429796,1.033610715786396,0.2485212089621942,wave2,0.3310286509284992,0.6264495581511615
1618,0.4823239911496534,0.8078740192075684,wave2,0.7865886497183676,0.5724826784857808,0.7179562795097154,0.6552116264940027,wave2,0.7458839922904066,0.8569391333838803,-0.0371966103632556,0.4118219145664117,wave2,0.4700152513260822,0.288913719929956,-0.1883088792844854,0.3051755787626525,wave2,0.4267072748506558,0.3607474513009102
1619,1.1505087942895955,0.0938289524673132,wave2,0.4923102412722109,0.6079442448371495,0.5701482423462393,-0.0915865218526013,wave2,0.1597284963395673,0.2527800421393096,0.1571174549255511,0.158636725931867,wave2,0.4874401631121401,0.7009029711612773,0.6062997170576588,0.1943074315453359,wave2,0.3749261437843423,0.6115372964948367
1621,0.8746570708813574,0.6243189456916682,wave2,0.5765583151043354,0.2757348136706121,-0.0013923117169524,0.4375359312605458,wave2,0.743453199637764,0.6866557071978254,-0.6320508101898854,0.3668303145886304,wave2,0.290880810641319,-0.0325241768861142,-0.2963433461591317,0.302175163456816,wave2,0.1841360742681755,-0.0121524745459319
1622,-0.1546479156453335,-0.403541974302565,wave2,-0.3904908795687856,-0.0226606767531465,-0.6155294225193968,-0.5045206322953202,wave2,-0.2330675005919344,0.0656858180010047,0.610627691351926,-0.1801443052668441,wave2,-0.2444256291521824,0.1886823081909074,-0.3798057745657394,-0.3743704596292471,wave2,-0.51202711467794,0.0639129257118329
1623,1.1907742097242833,0.4224048151934676,wave2,0.689072461236357,0.5303578854932787,0.627606272511383,0.3299725721731972,wave2,0.5125293482781907,0.5287460314008026,0.5050890759132255,0.1609571993611975,wave2,0.3190181705319843,0.2476692646043301,-0.1084477627064271,0.0928772033925125,wave2,0.2173039897350908,0.1267651566863999
1624,1.1332460433536964,0.7495202500773708,wave2,0.7677597845626503,0.3709817470659207,1.3227163837157003,0.2949102923514359,wave2,0.2816695437154115,-0.022459272613714,1.3921354144248184,0.7921818334272759,wave2,0.8778631925666409,0.4909899169648111,1.2264228089114195,0.5912970883770641,wave2,0.4620776416264294,0.341982403285358
1625,0.8137405917383402,0.4969872221944915,wave2,-0.0074387009143506,0.4064061243767622,0.8651362180884516,0.810478851328021,wave2,0.386524215822843,0.4004532502443034,0.8072542497305392,0.2528898949388325,wave2,0.0540627133312394,0.2579626458378721,0.2041296142118168,0.0324709345224055,wave2,-0.3769740635839393,-0.0351927868261069
1626,1.1774780684727624,0.699647986363598,wave2,0.5972316704457974,0.5883852561992486,1.4773925138916448,0.3827294246184511,wave2,0.5291624411581635,0.3135304782194905,1.73282578684328,0.5172937192666311,wave2,0.406540977500506,0.3949448513763203,1.437992110949648,0.4119572164418111,wave2,0.1256455923688107,0.2445514716647239
1627,0.0064241748306927,-0.0848981709580232,wave2,-0.1048425465945817,0.2155507018252001,0.9118755449587074,0.2466509107310426,wave2,0.1349832036615443,0.3626831750101573,1.046503929254342,-0.1304665211374507,wave2,-0.0614941473242618,0.3998534745337432,0.8482913857250532,-0.1608780548085515,wave2,0.0937674727382343,0.2532186845872058
1629,0.3577269673509832,-0.5524881154823622,wave2,-0.4159876839638832,-0.9064136166415522,0.3705212385554736,-0.0131922856823287,wave2,0.0276498397934064,-0.0144690937454357,0.4354029964743033,-0.3527482277599039,wave2,-0.0554088413630444,-0.4558359212206948,-0.6935780269041092,-0.3706645230103801,wave2,-0.0369476089332138,-0.2743223388728088
1631,0.0249451287104297,-0.0414392578055387,wave2,0.2651614102467268,0.2362741238395078,0.4740863066323391,0.0260412432221819,wave2,0.0869402482166437,0.1372333313900056,0.4528291161525443,0.1110413652357582,wave2,0.2501421692316619,0.2767019961830197,0.7349999548016238,0.2855007112904578,wave2,-0.0379292003566306,0.1711247555383448
1632,0.7318360302844874,0.5467125694351869,wave2,0.8344405593786974,0.2192459013986174,0.2527605235855445,0.369199944482985,wave2,-0.0045315977809379,0.0113644213731005,0.9484807129949728,0.5723600376890077,wave2,1.0147060081547603,0.476109389031722,1.0220261290548642,0.6399387367120479,wave2,0.9135704428080438,0.5853066885469056
1633,0.4474777500709408,-0.2535079297876743,wave2,-0.4001902389505387,0.3665002844633824,0.5389388260970316,-0.2015304399079756,wave2,-0.2529551294564613,-0.081509125986843,0.4871958260918095,-0.225855372374808,wave2,-0.1163816611572823,0.4281314391611572,0.6707577591491725,0.0273960624347784,wave2,-0.0235473517682282,0.4519954302857981
1634,0.7257935969112009,-0.1996047641666036,wave2,-0.086014842201767,-0.4020939610160345,1.1821283396216968,0.1213342471667211,wave2,0.212507516087703,-0.123442865713309,-0.1534730400382526,-0.1989879695219532,wave2,-0.2634529525825595,-0.2325541798238242,-0.3832321638684494,-0.1009955570655824,wave2,-0.1922271212807504,-0.1726678693614697
1636,-0.4755541265109769,0.0517385413265043,wave2,0.0404374027602401,-0.0668465403065452,-0.4442556212982193,-0.1381177387099048,wave2,0.0343794377659596,-0.015831207965735,0.1159115780456717,0.3567347027689003,wave2,0.1696310062669535,0.1346763800533121,-1.0367712389100374,0.2949701703720493,wave2,0.1894289940514027,0.0498612577206432
1637,0.749528158203966,0.3325964510565544,wave2,0.5775601163402695,0.4452954827828006,0.673660842177858,-0.0359583471736335,wave2,0.1547895941388664,0.3109507413152197,0.8870385475236904,0.2957773669384483,wave2,0.4066077909171951,0.383745848680297,0.3628908990034858,0.251060322630961,wave2,0.4273059992672762,0.2608207995302766
1638,-2.7413108185027624,-0.0500870743177301,wave2,-0.3297578829285856,-0.3613503323943425,-2.697902559705391,-0.0184073908796518,wave2,-0.3586609235761793,-0.2268937314021475,-0.0191915228967155,0.1913385618719819,wave2,-0.0730755584294605,0.0180773044149248,-0.8348214030600106,0.2395483668010085,wave2,0.0643534093190753,0.0728458067990597
1641,0.6106484443897545,0.7027329345968047,wave2,0.2969005766500128,-0.0225887043289765,-0.0233372598199858,0.3614871928111132,wave2,0.0901267858469712,-0.2551665316525735,1.51853811557732,0.6534394602587312,wave2,0.251519892552325,0.1081072334628139,1.7211941808750753,0.5273270754346105,wave2,0.3674409156685562,0.31740597912838
1642,-0.0321546188171215,0.5318464557115521,wave2,0.2389083163451204,0.3069444679566804,0.3093612375184216,0.1750245660436817,wave2,0.2492117660319985,0.1167798379098323,-0.7872596211385138,0.3491257676600404,wave2,0.1762070242973227,0.2272680151208225,-0.5613348857064224,-0.0054336190595981,wave2,0.0775570369266739,-0.0734503987421585
1643,-0.1536785706247566,-0.0510524309616347,wave2,-0.087854086207495,0.3159241512141046,-1.9098989133710609,-0.0850098694484999,wave2,-0.2049708090489763,0.3336884176787309,0.0642995756637113,0.1655557654313926,wave2,0.1668651441004554,0.587261877735531,0.387400324269448,0.4687413516780673,wave2,0.3675643364436511,0.8470201685711445
1644,-0.9424265514562854,0.3288537401401543,wave2,0.3056988036760082,-0.2329207652483258,-1.3300182015564197,0.2607116445270554,wave2,0.3708597813570526,-0.549646200152615,-1.8636730656111855,0.3922272077035961,wave2,0.4137195010166387,0.1573531345155343,-1.3730387258817045,0.4656516874250788,wave2,0.5082885085398593,0.071396340768603
1646,1.154091780042185,0.5109911915164278,wave2,0.4928059645950471,0.329308190400984,1.7857426780832228,0.4111664563080766,wave2,0.3138586892678912,0.4279165037538293,0.7994256901331324,0.6093168258473023,wave2,0.6922375122384268,0.4339942640229566,0.6523452685771386,0.531800514106676,wave2,0.5366603950097915,0.5967266110006983
1647,0.4639187022513674,0.5815646480560697,wave2,0.5763616681861865,0.5469493985789218,0.0340967370792282,0.5449443519709392,wave2,0.4271769642723573,0.7372196059048886,0.1050244583855183,0.4846700625295775,wave2,0.6790654824924417,0.6433363419205397,0.7273191261012724,0.6558062122598814,wave2,0.6166736292985849,0.6363325922667086
1649,-0.5836234826222664,0.1516945046698412,wave2,0.6200287490154477,0.4139871605284175,0.449614342023972,0.2384772245444133,wave2,0.3398026049969789,0.3488218990161136,-0.1913991223088701,0.2094931368729136,wave2,0.4271031361550608,0.4147004522561248,-0.1559337267192921,0.139050153745836,wave2,0.5289492140637101,0.4365303805590071
1650,-0.2339812392444403,0.2144748135036127,wave2,0.2722040171823099,0.369377914739794,-0.4475867743864123,0.3043664308322298,wave2,0.3166644894587622,0.1170382006377628,-1.9903176644831069,0.2196564537112935,wave2,0.250738440832583,0.4063084635723788,0.2589024019286133,0.2506897222491829,wave2,0.2711004833927596,0.5268924286309841
1651,-0.0202351187548924,0.3635615699411167,wave2,0.3331047916568157,-0.1632322314550869,0.419894659175627,0.515338135652667,wave2,0.3660799256673284,0.4062942123790611,-0.2386923584967855,-0.0704410359146754,wave2,0.0879231000396352,-0.4587352689122426,-1.403855681870141,-0.1052672219904435,wave2,0.0375959396251397,-0.474105619006653
1654,0.6674022383281056,0.345446789797637,wave2,0.4735157568308912,0.3705556206125586,0.9463657697900826,0.501191287090766,wave2,0.6551691684385303,0.3905073647464554,0.0493081163198352,0.1923768225074799,wave2,0.3237458481258489,0.1494273001225364,0.8342508890451139,0.2192001876743352,wave2,0.2383545310989673,0.1647474618093196
1655,0.5679861170048824,-0.2473664787639948,wave2,0.1237054095546532,-0.0453409752760187,1.0768660708612132,0.1626859302187857,wave2,0.3689778333129432,0.2861019177450101,1.144428736878454,-0.3000740161152179,wave2,0.2524124975405427,0.1882678619593468,1.2571583424993793,-0.1047197864478465,wave2,0.1035766019131899,-0.0254005721818807
1656,1.2620853179983758,-0.0014079247103557,wave2,0.6369445951678232,0.6325193839597221,0.5787126647929254,0.093731961429571,wave2,0.5649672772688867,0.2943096207347002,1.1540020815802368,0.0411239653386676,wave2,0.6746410137182528,0.4801205954174998,0.8874078503078578,0.0452230938173734,wave2,0.5590629102261206,0.2809784960870058
1657,-0.9790342624142072,0.1610404521142197,wave2,-0.0055289950462187,-0.2627614047844742,-0.3823456686855035,-0.4712385920990996,wave2,-0.0705158912189367,-0.2831240260579215,0.4918098100393794,0.4950568604868459,wave2,0.3502462902525243,-0.0123412478057922,0.9251993093927564,0.6695954843115044,wave2,0.6194127944924115,0.1830850339109502
1658,0.9040216191906068,0.6231331561252178,wave2,0.7944948215284242,0.3668032431768235,0.8120106323106917,0.583499009040866,wave2,0.3177655040978862,0.2377319474623931,1.153800964020419,0.7429557018840698,wave2,0.8175004909578178,0.3113044032743182,0.96898007370088,0.7417328390279602,wave2,0.7687170657264722,0.4907332254611257
1660,0.2221408653025218,-0.0200304997821265,wave2,0.099448176205894,-0.640604213682147,0.9055100482317554,0.1425710197405134,wave2,-0.0133738095929762,-0.1481793112891711,0.2305386132545959,0.0741046663783477,wave2,0.0955251193410289,-0.3983601797950302,1.2058883956271,0.2298686702625189,wave2,0.2890417944497775,-0.3608828326838035
1661,-0.1787984387416825,-0.3339137172187676,wave2,-0.352531102392871,0.2055177532700862,-1.636003262740253,-0.1937422833022326,wave2,0.1441079716804232,0.3331714738110105,-0.5411826535606633,0.1433348429830107,wave2,0.0241960945230198,0.6063788301798961,0.167924713559882,0.1551545126561102,wave2,0.0267675231851025,0.3354632576298272
1662,0.2531197712481546,-0.376505760660718,wave2,0.0818024147377463,0.148488075604577,-1.7575675204567556,-0.2056799515547038,wave2,-0.0699000331946049,-0.2927883064030552,-0.6555804327785412,0.0660743859016985,wave2,0.314157716085444,0.6129830428927265,-2.9958897712591077,0.1371122167134112,wave2,0.2835452686547132,0.4679300049797795
1663,1.9430839869595915,0.8301501599379391,wave2,0.0978710331434618,-0.2917245624733184,1.1989100221808349,0.3644462717831023,wave2,0.1825248054250496,-0.1772566975735667,0.8621454806583422,0.6099994887798312,wave2,0.2497683952373612,-0.3306426314298754,0.3133767607169928,0.4816147581451346,wave2,0.4603070364050681,-0.2494242908074442
1665,-1.158193111846202,-0.7051142829452606,wave2,-0.2508228862124211,-0.0579387887488525,-1.5100602535845773,-0.5209234518584935,wave2,-0.1834426862592262,-0.1435046771452266,0.0015053904408073,-0.333809782307348,wave2,-0.1061479458936742,0.5518327483373995,0.6294607068080871,-0.2355308627973506,wave2,0.0200193299615074,0.2298260133245522
1666,-0.6791024847256245,-0.4458262967683355,wave2,-0.4126918638816734,-0.5757027707795022,-2.4081972049689093,-0.380779334239185,wave2,0.2576369983886992,-0.0387441449129444,-1.4460039658027557,0.0227892685409372,wave2,-0.2301705795350253,-0.174893695286147,-1.581265079129896,-0.0935327216180106,wave2,-0.4240102162451771,-0.3618700868245324
1667,-0.1766369374807948,-0.4501012680966783,wave2,-0.8419911347066673,0.2020924053424986,-0.516853545256644,-0.4891631015664035,wave2,-0.7428323810080217,0.2117006079511421,-2.74579657036824,-0.2572866953679582,wave2,-0.6814483820554986,0.3052884042795776,-0.8529905929139151,-0.0110796913050659,wave2,-0.4286008910980657,0.1522292761896412
1668,0.676432148789469,0.193928535701831,wave2,0.3485643451656903,0.6052261818165303,-1.2877655597633098,0.1500588814546912,wave2,0.5941163302802639,0.6947510535385819,0.2050214627231187,0.2342534778498486,wave2,0.3042139596234678,0.441552290255651,-0.0501267791420899,0.2486768543551922,wave2,0.4344521753687027,0.5944681151190936
1669,0.6393727956244238,0.5643458111014499,wave2,0.9000373610432599,0.5412625895818901,-0.1957135090653844,0.4273871407039795,wave2,0.4416987973935713,0.566248255837766,0.9608741837729684,0.6294765219539736,wave2,0.9678082596884896,0.4117446888894979,1.514423624215944,0.3833770357332737,wave2,0.7009053971857557,0.3276253030309194
1670,0.5465394268378717,0.3239049822974891,wave2,0.4691613886403531,-0.0543462847986984,-0.4081845624619354,0.2543125762631031,wave2,0.3015904243506404,0.0733601167997926,1.191506712333613,0.6461006997705128,wave2,0.5770556092865697,0.3592922741378537,1.009894121843113,0.614254669580676,wave2,0.7419712402104633,0.3971044482001117
1671,0.4331636519294221,0.0426735523182055,wave2,-0.2546793063916599,-0.6134293917405236,-2.513976123966968,0.2112794731474856,wave2,-0.2146466507578621,-0.0984945084249957,-0.8872993494710724,0.2830061329705879,wave2,0.1658023045851193,7.635260651128739e-05,0.2215144751095425,0.345104300242071,wave2,0.29493540224065,0.1721611445723671
1672,2.1014121574481743,1.011646898037415,wave2,0.8207018580097944,0.5907723569379075,1.0314832356656274,0.5457033818080828,wave2,0.4448635793359943,0.4139528186705459,1.809316955933851,0.8445258115140853,wave2,0.7540261553012769,0.537028493719396,1.8129733969409936,0.6160997427629964,wave2,0.6907579232152228,0.3641261768203693
1673,0.9449694793688588,0.7517399684700368,wave2,0.1418044251305148,0.1495974564024926,1.495456482625751,0.5322515223255799,wave2,0.4559647095788037,0.1892961967091004,0.8282226216440457,0.3976655210457851,wave2,0.0595568008802325,0.2656799421631026,0.6164556065314832,0.3704438340115448,wave2,0.1023296071969224,0.150212526317264
1674,-1.0885704518241102,-0.4870348923037437,wave2,-0.3476810260282752,-0.6176518117698966,-1.4319659907315996,-0.0349805719392068,wave2,-0.0980267416034934,-0.2205291138967966,-0.3759291765927193,-0.1126049487614655,wave2,0.0097802576886878,-0.1816909497886678,-0.3980281578813815,0.1164990426899679,wave2,0.1370827124598633,0.0279274391174085
1676,-0.0557551354552067,0.6372948839309498,wave2,0.2530661741381743,0.1044489519699587,-0.3888458773752177,0.2473034003980068,wave2,-0.114859567325062,0.2527365515340247,-0.648986819437422,0.7811993612134485,wave2,0.2345566178190447,0.2548336727907662,-1.8851499567385932,0.804037378785908,wave2,0.0771611492648082,0.4462144738511172
1677,0.0898487753849755,0.3162349834774178,wave2,0.258433437406997,-0.1176847825165028,-0.3168790072318385,0.6627477256619876,wave2,0.5061676960299655,0.1753995522343168,0.2993519262830992,0.1674339231547672,wave2,0.0561675343174101,-0.054139983094648,0.1723940192640254,0.3539663591472466,wave2,0.096090873968574,0.0781800449527903
1678,0.5064017004772173,0.0982265361774217,wave2,-0.3516225057501756,-0.8079378243074375,-0.5764975787562706,0.1603551089921198,wave2,0.0409648837857492,-0.4214611019600607,0.3349858231114181,0.0025316459460094,wave2,-0.1880766685285069,-0.2881282186942639,0.1671321570449419,0.0311661385075002,wave2,-0.1473969312869677,-0.2073300378479722
1681,-0.2213646514489793,-0.2097629465008856,wave2,-0.1924367924007759,-0.0622568197496349,-1.7681271889536558,-0.0955404464584148,wave2,-0.1434702271850696,-0.2002781045696418,0.9844625137788804,-0.1199167308370998,wave2,-0.0075544974959689,-0.1753954831613284,1.2399710033144349,-0.0264884638206348,wave2,-0.027348271020783,0.1330941526438294
1682,0.2913885469477865,0.5414921491858458,wave2,0.5010083630846625,0.5238669127026898,0.719625241321934,0.0989238000258283,wave2,0.2601472599754242,0.3400463099515147,-1.827121609719684,0.7869390949783366,wave2,0.5579713178019241,0.7275059950798286,0.2124143417267875,0.7503159729052643,wave2,0.5150965972143066,0.7974452682540151
1683,0.7957826216834545,0.6019765894977538,wave2,0.6687874988704272,0.2654545613744834,0.364928444417994,0.805670923352505,wave2,0.5028706617542891,0.2624527660913383,1.772196555655356,0.315928422077246,wave2,0.6073053919723495,0.251961969920635,0.8241014549013624,0.3653550237825669,wave2,0.5477644466909168,0.2693420036836847
1684,-1.0001216368786554,0.1742421680263024,wave2,0.0866281660743248,-0.6545931416022486,-2.8766090324146947,0.1003482322710618,wave2,0.2268363593454654,-0.3076631361293711,0.122402734735481,0.4483469927230006,wave2,0.3487256948431678,-0.441135959690583,0.1835820932456483,0.6967112178791476,wave2,0.5188454592993662,-0.5635076903317936
1687,0.5998751675122106,0.5620724909497317,wave2,0.3203706459010043,0.3354916756074124,-1.343118648682353,0.0769082175806035,wave2,0.197523492258768,0.0586554847660576,0.791904472935116,0.6215334938140986,wave2,0.1641580606071675,0.1708056130971187,0.3693155379226676,0.53799837932205,wave2,0.3533575956659313,0.1867978880284628
1688,0.1765892238417664,0.0604718502847414,wave2,0.1296393898526977,-1.0090991937913223,-0.3138061001448457,-0.1299216571224537,wave2,-0.1797552013764809,-0.6361707275791897,1.0376729425716034,0.166986785277542,wave2,-0.0490446947641772,-0.2800477139236742,0.7888778797891033,0.2247355914687749,wave2,-0.0749600859882882,-0.2466718539526023
1689,-1.214545956567622,-0.2340277421094003,wave2,0.3479700807272849,-0.1338650604665998,1.552557150771588,0.0291880289404318,wave2,0.4325049107043481,0.1631392443924979,-0.9307450057859084,-0.353970612230758,wave2,0.1449159318451145,-0.3024201431922377,0.2123639812553222,-0.4210632488471041,wave2,0.1916908692303297,-0.4858056966332166
1691,-0.7964504781335177,0.0567120603200606,wave2,0.0918932230993463,0.5269825173278733,-0.4666092257275233,-0.1556989422429608,wave2,-0.0458737474557102,0.2582547389062852,0.4000851150513852,0.2714967596911817,wave2,0.1188463526849072,0.561086909883554,0.5880175883905203,0.2053233594137037,wave2,0.3229522243191913,0.4480710189586274
1692,0.3389975843952993,0.3517910928225625,wave2,-0.525482576901596,-1.1074224188559922,-0.4622640378844216,-0.2927641866785215,wave2,-0.3795856775895458,-0.4280020210797444,1.0550316078997826,0.5389091825910686,wave2,-0.1556173433083547,-0.5031288965467235,0.4623442309345531,0.0364238935745455,wave2,-0.2432418718440389,-0.3795756205207445
1693,1.036123990000109,0.2657317307113258,wave2,0.2498712688598163,0.243756891780646,0.5086300569513421,0.3181646096973318,wave2,0.2807881352241297,0.2079676797708647,0.653332748082893,0.1874270538984368,wave2,0.1991114667702787,-0.0874677534540651,-0.5899463393250367,0.2990630451491362,wave2,0.4109698709183997,0.0576430906789128
1694,1.3369926690513008,0.2551275330744027,wave2,0.6235590845383339,0.5944380694355171,0.5855313035931944,0.0909137272334368,wave2,0.40641231026981,0.3661331120137661,0.3323728741425365,0.3008307244111147,wave2,0.2351439393408975,0.3326870092803188,0.4340347059511105,0.1937884188009261,wave2,0.0951714699649556,0.0484965317110505
1695,0.2693196642094954,0.46542458942523,wave2,0.1716185523185114,0.1233062928897279,1.1689822914327528,0.4244988704444843,wave2,0.2599542474326526,0.325154098978075,0.6778116041871403,0.4127368404757954,wave2,0.1568942674807885,0.3390488619489686,-0.0844142880938911,0.1755962094226334,wave2,0.0122291718386934,0.2219951003849311
1696,-0.3773813973307018,0.3468819452011713,wave2,0.3650217377307738,0.2306553746796189,-1.204689171616432,0.6214811533421547,wave2,0.4499602225857404,0.246883467198705,-0.3793382862631967,0.4940220115778951,wave2,0.4538622164270388,0.3897292643675339,-0.8584232292238247,0.4601858259446245,wave2,0.5526538393723734,0.4732258004069757
1697,-0.5768879775082246,-0.5077520019682495,wave2,-0.796912758751283,-1.1293664363480564,0.4567482110876322,-0.1251458279949597,wave2,-0.3868432440876097,-0.4405308266611694,-2.1947906129032804,-0.1019872899893512,wave2,-0.2701051198750839,-0.5110005382990483,-0.3518103238362015,-0.1923874816105864,wave2,-0.3702994194837686,-0.4304397644893354
1698,-0.4034903650209321,0.4484859410007873,wave2,0.0400815494996451,0.0338636097609863,-2.267986412019631,0.6271099070177826,wave2,0.3006729727548833,0.3636189525238422,-0.401959701181358,0.4006214309950862,wave2,-0.0703089607554348,-0.2994757313270806,0.3153392382834054,0.5628246641407637,wave2,0.0452841475728292,-0.147475598459982
1699,1.2389757057481556,0.3383310837037085,wave2,0.4988719936718744,0.1269984799756138,0.859315175651911,0.2561512498213367,wave2,0.3027266971532214,0.1250830644454994,0.2599431060815994,0.2925989656425096,wave2,0.3123580699752912,0.3305175999020437,0.8649798410205817,0.4815790086835229,wave2,0.3117393923063038,0.4403563929506637
1700,0.3106244371214364,-0.0711580440509755,wave2,0.5798187191316606,0.0753434657144176,0.6247517401685575,0.0946296438671505,wave2,0.2429622338603931,0.160655555266131,1.1158228874848686,0.1614473122344569,wave2,0.6001288992423978,0.2472299777622236,0.7791109200988031,0.1562425155402272,wave2,0.63787103934519,0.45169104571437
1701,-1.205805982800542,0.1728052577292094,wave2,-0.4300660113144894,-0.1486314131247987,0.4206557142073927,-0.2604840592131203,wave2,-0.1229945392325098,0.2696872259719083,-0.1353382540668456,0.3018276494776383,wave2,-0.0209059026809702,0.0203970798625042,-0.2296646414202905,0.325527080034351,wave2,0.0951211792526326,0.3020403268626192
1702,-0.0564808718716553,0.4481723552350818,wave2,0.4795751716381629,0.5565346176276953,-0.7823307266330533,0.3915047189704623,wave2,0.5805018856736519,0.510893297688259,0.6984935167375751,0.5649880664829419,wave2,0.424504313102283,0.5441996414775807,0.5503142421995512,0.6711162357958358,wave2,0.6685156611626879,0.7147429282715614
1703,-0.1386346278337309,0.9014193308722356,wave2,0.6179281209117962,-0.1104786921488649,0.4643345946216116,0.3617785146424375,wave2,0.0510524313173481,-0.4704414497335072,0.3871822452080507,0.7712303572626809,wave2,0.4271397458708619,0.2362607172835806,0.4421941206205319,0.8976693872039698,wave2,0.5769272692999707,0.363414673061285
1704,-1.0283609826374238,0.3585101904097239,wave2,0.5637738870443907,0.3815172869632475,-1.4479697534240463,0.2130721539946731,wave2,0.2997109521907231,0.2422598192680898,-0.9578287892291562,0.6063124413824985,wave2,0.6144015702093357,0.5921216541086425,-0.8555375765207653,0.3275405176706849,wave2,0.6251826008675461,0.4294655286621244
1705,1.5164727881169917,0.4702617264801358,wave2,0.6467391899534918,0.5142981499237944,1.3873149159009854,0.3916016411550123,wave2,0.311658086989822,0.3613263094542782,0.6898966166412729,0.5066558670711083,wave2,0.8303642145780785,0.4282297700631219,1.02644019256455,0.5033914330803806,wave2,0.7990428972991044,0.5561553337418355
1706,-0.2921455655737696,-0.197236803799008,wave2,-0.6261326854882641,-0.473281702113479,1.5510316303257,0.1150645804656906,wave2,-0.3365698341911558,-0.0075477680019877,-0.0400216333618921,-0.0717695542277525,wave2,-0.3911601251848708,-0.1673306724757128,-0.2710687585816119,-0.0910872289453135,wave2,-0.3766805990522036,-0.092353553370373
1707,-0.7482756636167102,-0.000776404579426,wave2,-0.0065303436951733,-0.0845048998922171,0.5540687993825267,-0.0043884703337682,wave2,0.2845712110756018,-0.0441731306167121,-0.0483368310494496,-0.046762431562853,wave2,-0.1719295911886232,-0.0835459930045802,-1.26292547430334,-0.3079017543119018,wave2,-0.1410503923414763,-0.1622121645711456
1708,0.7331031601912148,0.3990370580616431,wave2,-0.264344811765586,0.3445457162909158,0.9992570609942526,0.2793077874843717,wave2,0.0798835419402905,0.5183714427060764,0.3807011820060437,0.5340555096217701,wave2,-0.2226901745911794,0.4116731230657122,-0.3431608915324844,0.3917655969242769,wave2,-0.2873187085154299,0.204205273622858
1709,0.2053118957101143,0.2834071152262787,wave2,0.2081967187669011,0.3152829067391858,0.2298432524867067,0.0840260554229068,wave2,0.0962465029983303,0.0005230579798682,0.4628553956150399,0.591232092454594,wave2,0.3297716433186242,0.5120594374499778,1.168177820012782,0.5582948207559605,wave2,0.277722286192262,0.3398908658706617
1710,1.7252531699707478,1.0273105602793104,wave2,1.1350543900573284,1.0696670410298124,1.7980272497828578,0.4964385392306305,wave2,0.7640258266615698,0.7308647486194639,1.0882265229263834,0.8223702922401963,wave2,1.0382693270100818,0.771280044856657,1.1810477916022564,0.6650783184410642,wave2,0.7421384191810085,0.7516418099302558
1711,0.5386325156060426,0.0436921331743742,wave2,0.3353981679327251,0.2265938363283384,-1.2865376742270718,-0.3073065062723203,wave2,-0.1398939529390201,0.1205125454283428,0.9297015270867902,0.2724322166047419,wave2,0.716914856336687,0.5981510896651407,0.9718619976105396,0.0860271550461167,wave2,0.662748265531458,0.3989830679249884
1712,-0.6884618027268482,-0.4722456447788867,wave2,0.1791602943674934,0.034691644647709,-2.6762967270239693,-0.1040339331446433,wave2,0.2416054190357364,0.3415453308122693,-2.3579707243339714,-0.4671669337513122,wave2,0.0812025200195896,-0.1401107811551198,-2.152384821700844,-0.0578437467433262,wave2,0.12485732207676,0.0807386857030316
1713,0.6867998475939922,-0.7445695509253523,wave2,-0.6863225506721284,-0.1393726087434257,0.3611238024397814,-0.0602661741731298,wave2,-0.1994813083987046,0.0199270670513638,0.2785021936400115,-0.7359687432192694,wave2,-0.5352791705160906,-0.1624204633013857,-0.3077872293682011,-0.5862298909515453,wave2,-0.4560573431595754,-0.3990061774723573
1714,-0.1208161842024859,-0.2476205017602404,wave2,0.1359428639454787,0.2092634481114261,-0.8306358519957325,-0.125623983005725,wave2,0.2160770305424486,0.314631978535046,1.038997755995169,-0.0974250832278257,wave2,0.2355111494444078,0.5515632699136105,1.130073097388924,0.1444326615514108,wave2,0.2850096523710339,0.5392502311943621
1715,0.5240617670431965,-0.1290006076758936,wave2,0.0059788939912226,0.5399331104938754,0.5946505657979957,0.1644813803228484,wave2,0.3037647969988641,0.3827399430749796,0.8924810115433618,0.0991799451083998,wave2,0.0819208872750181,0.3071029605377955,1.0562745885189395,0.2748027376396851,wave2,0.4868486263709917,0.1809922807737681
1716,0.3911366818362784,-0.0423050223041885,wave2,0.3638899547654581,0.1002686104724972,1.1256407923933816,-0.0586110468553202,wave2,0.2572323664419078,0.2490103424420795,-0.2373838215130992,0.0971090867635805,wave2,0.337783461600151,0.1819906912637884,0.3545682372938085,0.2829449681201767,wave2,0.2624893360280406,0.0415854665934573
1717,0.0368138787301765,0.4538845130872435,wave2,0.3501387323013725,0.4444539984776348,0.7616776957110406,0.4263531246994052,wave2,0.5126653437407835,0.3911838418587314,0.2485940746669528,0.6156331596892946,wave2,0.4626599207514492,0.5182937819668645,0.2303269651083999,0.6555339448714722,wave2,0.7013502971230946,0.6291032004812912
1718,2.4253647840681887,0.5759059243129871,wave2,0.5888326279866347,0.3422468118411985,0.9229810091898928,0.5602406496798016,wave2,0.3260246298694753,0.2291515075982635,1.6554083146335752,0.5622539964136904,wave2,0.5841328531750217,0.0936569051704038,1.6335883817768106,0.6006117775205457,wave2,0.8363179169728847,0.3704575981721036
1719,-0.2531105995787694,0.617599399894142,wave2,0.3506919175909382,0.0658975694997252,0.4399201676555384,0.3181232903080755,wave2,0.2022225713645717,0.2088254931358981,-0.3247020573743099,0.8481996045600024,wave2,0.4414226821688707,0.0965241047966924,0.9131656983502744,0.6039815612103154,wave2,0.371104998487633,-0.0021821366433852
1721,0.7379066551365046,0.88493084474332,wave2,0.3445415013073134,0.8427351790193973,1.205466144195929,0.902834792100331,wave2,0.6623956918887282,0.800149735833358,0.5302571487378616,0.7097205874796091,wave2,0.1341476491325546,0.5071077702488014,0.2015887489106534,0.8117153058808424,wave2,0.0742450460045845,0.535012440890045
1722,0.082475322654595,-0.3941853053126904,wave2,0.1140185243759965,0.2184058904563723,-1.3282859522228814,-0.0397785928909797,wave2,0.1425929660085085,0.1788021663151491,0.9921607943354892,-0.2333039165435182,wave2,0.164067827409704,0.3777012212216664,0.3985230281818178,-0.0288351863457423,wave2,0.1287176290202651,0.2930270495207962
1723,0.9024871177867476,0.3180368136945812,wave2,0.4384074366056114,0.4882491864508598,1.506277442356508,0.4498721119561952,wave2,0.6700508356121742,0.4042708173718596,0.1500789109090434,0.291584778243068,wave2,0.1916352208905429,0.3029760293631138,0.601386306976637,0.5355535787649144,wave2,0.4302320147775824,0.4334095153320509
1724,-0.2953424931781384,0.0678958594403882,wave2,0.0294772374183822,0.3658872869207967,0.6904328680412471,-0.0224482849832936,wave2,0.0245979675220855,0.0287750246683864,0.25727499086332,0.1985671534129989,wave2,0.0143045721134464,0.406423569023584,-0.668612472663122,0.364316384063973,wave2,0.1140849539344909,0.2678305126266965
1725,-2.7585926916147887,-0.8159480781302755,wave2,-1.0248104671373357,-0.4844019116448257,-2.1226048420008623,-0.215065952407865,wave2,-0.713485488683721,-0.3730742213655542,-0.6169281253954765,-0.4985099745542096,wave2,-0.1697435474266577,0.0666972010711952,-0.1656843919988928,-0.1773845519541806,wave2,0.0704452735350197,0.0131065086524041
1727,-0.5536198786212255,0.4187608502821631,wave2,0.1173488841151679,0.2085364812865928,-0.6896490744509837,0.5079993062155228,wave2,0.4912856625382151,0.3858602536378546,-1.0721335815576531,0.1572960220102301,wave2,0.0123086357451582,0.2481386658319317,0.1401981600323667,0.1302485350527663,wave2,0.222678888163506,0.3016539171659647
1728,1.829386979799177,0.7401632878771003,wave2,0.4206618375805129,0.8020398390432231,-0.2256301402521599,0.2354052099932559,wave2,0.1376341946777353,0.4367921870572793,0.2258055621306185,0.572699756428448,wave2,0.4385586768779568,0.6583031763016383,0.3442650562895625,0.2219963257596621,wave2,0.2020302980317981,0.3476117480757843
1729,0.5385004006138123,0.3559680036896981,wave2,0.8119713985503423,0.1764372234721332,0.2061972431270813,0.3366158107461474,wave2,0.2895361739863034,0.2951222217036344,-0.0622901176300351,0.4398386585063587,wave2,0.8525408003143249,0.2566682365754902,0.5145263088357614,0.1429954559873953,wave2,0.424536670549171,-0.0404009951372681
1730,-1.121886557034392,-0.244614534910168,wave2,-0.9596342877343732,-0.3771441864467575,-0.3423550435600132,-0.3799514641680908,wave2,-0.4056498454683197,0.0837104032861097,0.0116991723719888,0.2366100513261372,wave2,-0.3736033833023319,0.0798053222152622,-1.352883299910275,0.0499350870861327,wave2,-0.2818441147639799,0.1173517730174721
1731,1.2045561834406593,0.6489981015204773,wave2,0.3124755607599285,0.5995148479766079,-1.685410708366217,0.5360929969671244,wave2,0.2392797084487594,0.3597509816847419,0.7517148218795342,0.5732606201674062,wave2,0.3689929851806157,0.5180085272381065,-0.3674827533649283,0.5937765322747367,wave2,0.2839600156574019,0.3147188000266244
1732,-0.7825706409065706,-0.0191312146840658,wave2,-0.4291702413560796,-0.3968533895965715,-0.7167969991104788,0.329425081396091,wave2,0.0213474680449967,-7.908371255926916e-05,-0.2701660565252174,-0.1573101427536343,wave2,-0.5373970072887368,-0.5679763195541094,0.206444449149178,-0.3141012424642023,wave2,-0.6200677827739811,-0.6926280990278058
1734,1.0195277523470587,0.0284089781328948,wave2,-0.4672409255735443,0.1940344488223959,1.506183131432701,0.2768337156345268,wave2,-0.2863027057366809,0.1311684731307145,0.7322782967356459,-0.2369930056225078,wave2,-0.3296290131453019,0.1213587301343444,0.8113087760824241,-0.2427834565336182,wave2,-0.2622983553360126,-0.025793885158226
1735,0.9044451528339308,-0.0198878853874202,wave2,0.4466752697582465,-0.0043071564365144,0.8433471973498055,0.0976410704653631,wave2,0.098804978817363,0.17079267209124,0.7568200291588927,-0.4220524853818989,wave2,0.1819146354563866,-0.0612601721907929,0.2384998968837228,-0.4439335302188029,wave2,0.1610499129124543,-0.055346816615652
1736,-0.6431482295916284,-0.3946011622878798,wave2,-0.0924115177907181,0.092289457216129,1.6847367181399495,-0.0307281652110629,wave2,-0.102737000248418,-0.1541257878995789,-0.1994443078106351,-0.0312225412127733,wave2,0.1607504711723688,0.466464526312238,-0.6298925549887611,0.0482107985179277,wave2,0.2490135239584437,0.3925510810688281
1737,0.5723366202295971,0.9433900157822764,wave2,0.7989997754197165,0.7857131331395422,1.372834263635363,0.7518173261542325,wave2,0.8872967199245512,0.6054211264121068,0.2397901084614002,0.758247661123423,wave2,0.4390534979583544,0.5009196265742952,0.5836096535247143,0.8525486146981741,wave2,0.4138700130449181,0.4614335219486619
1738,-0.0379559649331479,0.5741486996755396,wave2,0.5641340858890731,0.4703988651735671,0.5196370303127927,0.433623553704122,wave2,0.3929994529888065,0.1665804550604868,0.337343316051224,0.5300529780764736,wave2,0.5248986579539188,0.6819230124059907,0.3556796490785251,0.6058238155552303,wave2,0.6435334212654288,0.651556124600912
1739,1.870862724481616,0.522910567177195,wave2,0.7763051560058525,0.8995542638105221,1.387085474814682,0.4159624093732965,wave2,0.5126141188660318,0.7701492428903278,1.223183780766467,0.6456984246998656,wave2,0.8369218632745075,0.7775651134285104,-0.709907807836414,0.4880579405937162,wave2,0.6349369744889648,0.6263839306498422
1740,0.1240741627019204,-0.1048530724543677,wave2,-0.1514296785227125,-0.5260057257236972,1.315248369905068,0.0901506615178961,wave2,0.1431951181929787,0.0118457803030753,-0.0444357865842198,-0.2086093187116144,wave2,-0.1384971130240635,-0.5640230015112158,-0.0125533705781705,-0.110290849886376,wave2,-0.1128751739739555,-0.4661463037174394
1741,0.0296213554476308,0.334979550665115,wave2,0.4253260285754638,0.5710127573180164,1.6843084089705136,0.6181091337113049,wave2,0.3527422309610653,0.5174226693151953,1.4522171917324904,0.1321201033599708,wave2,0.1968044364035237,0.2907801428179439,1.8803018796712947,0.3525881913349717,wave2,0.2651145985853506,0.3099725840082289
1742,1.763637244355076,1.0539139305535832,wave2,0.7455938655111831,-0.1155860069267298,0.5352628268721088,0.4646151354444017,wave2,0.3860238412550956,-0.216539329802694,1.337959536519722,0.7511193074120799,wave2,0.5244537657573907,0.2205992712912809,0.8221686652682316,0.491027104512621,wave2,0.3423987648350212,0.2891616407190968
1744,-0.1488554529997751,-0.2204365940834169,wave2,-0.2868304351998971,0.0924753090406209,-0.6626341002515218,0.0800491136415024,wave2,-0.0481199628871997,0.2538708432391916,-0.7447929839976334,-0.0169024611079935,wave2,-0.0672999675575805,0.3839220936037137,0.1123489905742098,0.2586160068027774,wave2,0.1354409043622164,0.3869804513857032
1745,1.5518971797130288,0.2276001873678981,wave2,-0.0098767924428264,0.3051571944769116,0.8550176392068911,0.25767573909273,wave2,0.2338529146807522,0.2276050957769806,0.5131549859663507,0.1507951993377738,wave2,-0.0470644506781243,0.4856113675732616,0.4876145631233785,0.2170284370109637,wave2,0.2153221549577438,0.4031546258275601
1746,-1.0508939363448038,-0.3153292223910533,wave2,-0.9669295765523378,-0.6840078934565592,-0.3163200613670423,-0.1112466014830138,wave2,-0.5903825746010967,-0.5303603874760567,0.1697728438946561,0.0874039384209675,wave2,-0.4010659206885074,-0.4255288270434831,0.0465518411710459,0.4244852703787016,wave2,-0.0510221028458153,-0.0572070852078597
1747,1.0463490103487274,0.5738566153509281,wave2,0.18560232813949,0.0606137613168775,-1.0955313007997467,0.3801819174138459,wave2,0.1850989269487339,0.1767683893959162,0.3158925946011574,0.5962475693587583,wave2,0.2723825445463799,0.114357924395569,-0.9633532005228626,0.4687703674420604,wave2,0.1224130590993513,-0.0583254565378584
1748,0.4091517195039568,0.7529275802414919,wave2,0.7102311563257979,0.6880667869350887,1.2191389148135674,0.5148104418174593,wave2,0.3544801248634277,0.4162950545827346,0.727658971426571,0.7290116352742453,wave2,0.7095875638700797,0.6072336997194225,0.4922437206508608,0.8500585396921871,wave2,0.7922442949941697,0.706077251443729
1749,0.4987569041656174,0.4193897173673204,wave2,0.0561051131360641,-0.1609326044064176,0.2376200489586881,0.2425136181418454,wave2,0.0751893227931796,0.142305201858063,-0.7638866527056465,0.3150848702677912,wave2,0.2295037973757042,-0.0889908488027378,-0.8213649435570847,0.1788007843858207,wave2,0.0887829376765744,-0.1749318751499132
1750,0.1679140027396758,0.3713833693626338,wave2,0.5358892036076088,0.0453729839556411,0.8314127452709814,0.472839035621317,wave2,0.5917373018168366,0.4101339938904109,-0.3051375160463628,0.1328850904683242,wave2,0.4804151912461737,-0.0046432576068627,-0.1224438037210331,0.2455389081862219,wave2,0.4571798235522076,0.1193544879773699
1751,-1.6748692537843346,-0.0857113747179789,wave2,-0.0293462260548855,-0.5172318534576956,-3.1409034282992723,-0.2609004872546916,wave2,-0.1384617389103959,-0.3074837266373929,-1.4373974978938129,-0.0232106359207655,wave2,0.1217370781610762,-0.2065830447772936,-1.5490289420094046,-0.0320458348659148,wave2,0.2687915341918415,-0.2317732889041918
1752,0.3328250501114578,0.13092400350507,wave2,0.3141499714078943,0.6196276253909676,0.6549724936509771,0.3777986639382167,wave2,0.614674590564209,0.617373566540941,0.4086297234813467,0.2254986205319697,wave2,0.3350270314678169,0.6246522130268786,1.0246223338238925,0.4437904158765894,wave2,0.6864275258293783,0.8356685616130205
1754,-0.0700849090901723,-0.0934030442016005,wave2,-0.5598905009762127,0.2068126074214795,0.613738676438573,0.0923780652084438,wave2,-0.026187777577707,0.1990554543455267,-0.2876717894500497,0.0829038308129616,wave2,-0.2671114243237465,0.2351523561933045,-0.3086228291655143,0.1336575393752756,wave2,-0.1600725046378078,0.1296818433815071
1755,0.5545749144728006,0.0585041249647522,wave2,-0.2546473519007473,-0.7428825752438393,-0.7187550548653151,0.009786842631668,wave2,0.0837694746488058,0.0275230848527447,-0.4669927245476891,0.1143377594520408,wave2,-0.2043734685710453,-0.5983421935931686,-1.3782884972080789,0.1854295667499826,wave2,0.0645051077431287,-0.3693517627138093
1756,-0.4674643672317475,0.7501809450061243,wave2,0.1050254914440791,0.1413946217705977,0.5474930727009555,0.3390712134938849,wave2,0.1709596283488785,0.0705512246964557,-0.8420316866718939,0.5290793142590093,wave2,-0.0518451975125309,0.4072973190596887,-0.4488410794166133,0.5275668791257927,wave2,0.0785495244093573,0.2944692388188999
1757,0.969615468866412,-0.6478963353595235,wave2,-0.7505206730212164,-0.0376801786274403,-1.042893302363095,-0.5851270407645164,wave2,-0.8539584871743771,-0.0945329927556939,0.9421451545359636,-0.2252045043646648,wave2,-0.2922216250643163,0.0188738791042637,1.1736933696512728,-0.1617370676035959,wave2,-0.1911114294208287,-0.0426563219810565
1758,0.3832205830484797,-0.0981006258361036,wave2,-0.0475176083315189,-0.4036488087336147,-0.047624236393104,-0.3820981183572303,wave2,-0.2079729700166592,-0.143425833985558,1.177714232520834,0.2014273517776258,wave2,0.4099804305057238,-0.05752250685092,1.2275427758260735,0.131535808170178,wave2,0.3934828528688589,0.0564889055084016
1759,-2.0277082474631483,-0.6355899348510881,wave2,-0.758317819233564,-0.6559509525226046,-1.300592989558989,-0.593069571040888,wave2,-0.2917095505157692,-0.1680996219061581,-0.7972201874094946,0.1267185377871498,wave2,-0.3635657088649351,0.0236758377219006,-1.498622528733924,0.1817204434277879,wave2,-0.6356511588129954,-0.2896509181464331
1760,0.1579716106968975,0.4727414173524626,wave2,0.1639395085199206,-0.4239223744941138,-0.283091170402772,0.4534873807537374,wave2,0.5259872484495598,0.3508638332650209,-0.8721558221551498,0.5105726737274711,wave2,0.1406884606614969,-0.2494813869611446,-0.2332716530656904,0.414023037101957,wave2,0.0112210791848076,-0.3119429498793068
1761,-0.4864329011153687,0.0225124636377973,wave2,0.3633639332871383,0.4515696870580488,0.1212877905379541,-0.0362609939962916,wave2,0.0473812472371089,0.4200787465008366,-0.9349555594547556,0.0053699907665849,wave2,0.225877480951308,0.4229294232173901,-2.8491390225136297,0.0401830069684129,wave2,0.0782229812577727,0.45600954496011
1762,2.1215382288656373,1.0029578479488372,wave2,0.4855002148921103,0.206812607421488,0.9798145693587074,0.7821270471014079,wave2,0.8137445899953131,0.1990554543455267,1.67291425385577,0.9249906570257448,wave2,0.4221455323331994,0.2351523561933329,1.1754207707433395,0.8400100005725009,wave2,0.3224552361687076,0.129681843381516
1763,-2.143657069122341,0.2524186246815438,wave2,-0.3006580346148784,0.2265616027609391,0.0179441094565206,0.2597739070406244,wave2,-0.0547440154431604,0.5681127885619541,-1.3762321713910677,-0.0027415166988361,wave2,-0.3405711673141353,-0.09491003371646,-0.5723089193887472,0.008617778990467,wave2,-0.2127229995345459,-0.0029135093530723
1764,-0.3245074874914395,-0.6861598955630495,wave2,-0.1041050145236006,-1.2999409946746008,-0.4438705973481158,-0.765741195287285,wave2,-0.2060849103524769,-0.5216333874801033,0.1713675892587056,-0.571426795484625,wave2,0.3424556871572752,-0.5654409542011458,1.0124207921493382,-0.7029769295779826,wave2,0.3229654777625164,-0.3697786669630011
1765,0.0622360702706831,-0.4230240907634741,wave2,0.3320321781703677,-0.0214740911033943,-1.456091698745081,-0.0424838842127806,wave2,0.4378630707605473,0.3051304054624819,-0.1230765518954591,-0.2884498292824694,wave2,0.1951716591004982,0.1648229343914112,0.0453637839709855,-0.2052589643126723,wave2,0.0357789544926123,0.1065573360594182
1766,0.6159440445853542,0.0244216709029545,wave2,0.0511840464925279,-0.265250156817497,-0.43646268386115,0.2177215516257069,wave2,0.189874097277781,-0.0762727382004704,0.5050907208888957,0.2031709768300924,wave2,0.2007970582227045,0.1378881714011667,0.3596185546394324,0.1493070074906496,wave2,0.2004539502534771,0.1372700000866878
1767,1.0188569111111494,0.3466655584754385,wave2,0.3498602839795786,0.0235546469848055,0.6151343270804359,0.2494816934189461,wave2,0.2695843877084805,-0.104027896299677,1.0327195456368006,0.3508278764754948,wave2,0.4207859095365311,0.2989695463927593,1.0266269735016862,0.3678629247140526,wave2,0.3436277698647352,0.0587037684438045
1768,-0.5467893557793102,-0.0206840804542876,wave2,-0.2253379446931973,-0.1520352636196007,-0.4358121136974707,-0.6285781950704674,wave2,-0.2394919751898752,0.1209032628983317,-0.0373522393912609,0.3181729197547285,wave2,0.2919570987530164,0.2484408948580005,-0.6493534764859181,0.2805248718071421,wave2,0.275435990432788,0.3140269005481578
1769,-0.0367659380437658,0.1453793621367491,wave2,0.3729717966024588,0.2417437202124097,-0.537105517249635,-0.1818580190226497,wave2,0.0747943219146916,-0.2610810716092624,0.9211292081335644,0.4266443056109141,wave2,0.5734411174927583,0.6816851469505554,0.0921476299329631,0.304773708201556,wave2,0.4860963889675491,0.3912601435054141
1770,-1.1390997488777297,0.2146911796529993,wave2,-0.2235006702529913,-0.992054638428506,0.545504248365804,0.417891526104448,wave2,-0.0411203439991436,-0.3764642208602513,0.4565632811068303,0.277487313015613,wave2,0.0450519949015506,-0.4391405099502192,-0.3737600114378753,0.1685824467936974,wave2,0.1385812298154794,-0.3243606433300203
1771,-0.2433450294344923,0.1808563222305172,wave2,-0.0989035974588903,0.8762516438135703,0.1206641761196818,0.2264371424301197,wave2,-0.0483303317553416,0.2143109852166189,0.6345668530099456,0.3144717338433853,wave2,0.0533344604620737,0.8405396504954981,0.7814985594953436,0.2609695290652367,wave2,-0.0140714897067218,0.4380219234732191
1772,0.9613848865437254,0.1120117308790498,wave2,0.4877612119750945,1.1226650482820208,-0.6007601576016325,0.2046077585120871,wave2,0.1337187525521201,0.5396947445593159,1.4165894201841485,0.2638341000072987,wave2,0.6478280044772436,1.093322916548099,1.5103859204044578,0.3884743694182903,wave2,0.6250193568964756,0.952247092750926
1773,1.0223478669951434,-0.2742472847176642,wave2,0.4769547855507954,0.1208831667483292,0.1467234573474332,0.0852771223144008,wave2,0.6268759116446136,0.3794658350926472,1.2271361768093605,-0.0465119406479877,wave2,0.6048980121238348,0.2449523579888829,1.3379655750857595,0.2557454173475414,wave2,0.7012880344804636,0.3230208035551504
1774,1.6488634130876292,0.3279613401145338,wave2,0.2903827152422467,-0.0078885312447185,1.105959097936151,0.1430237649146062,wave2,0.1915422299789253,0.3992565963181946,0.6765971777021876,0.1713865768780174,wave2,0.1480150279555108,-0.3239009546862017,0.6221760883723307,0.089190752290157,wave2,0.0865474073454491,-0.3352841234389708
1775,-0.2090429742380601,0.0880810326531438,wave2,-0.0192683825265318,-0.0305726926895097,0.2366550758069107,-0.197836768031212,wave2,0.2658327789740329,-0.214353940144063,0.0320080387988207,0.0615037914308832,wave2,-0.0521999500497133,0.2096716492723175,0.4684981618400217,-0.0589105165501434,wave2,-0.0026535901104919,-0.1009432955519126
1776,0.8556755992080055,0.442878344433121,wave2,0.3309100259360704,-0.0412266704792516,0.3531721079927515,0.2773670442243161,wave2,0.2509563802595465,-0.0742893493019374,0.8493396917725146,0.506655369399815,wave2,0.4282984108177454,0.2567945419179396,0.6949492932243145,0.3616496724598467,wave2,0.2700551867639741,-0.1424803743291792
1777,0.9013524805650042,0.3804061533481864,wave2,0.0693364523112083,-0.1591326139343585,0.7603539001840482,0.3258399146988304,wave2,0.4363357053185226,0.0608235227322893,0.8038924088126829,0.4839913419022033,wave2,0.2427125054111292,0.1914864766631858,0.952462620929365,0.6294360408339765,wave2,0.3916327297427321,0.1960060663273439
1778,-1.8485681662802411,0.4489233457757198,wave2,0.3281028462407334,-0.3325363051876024,-1.5037926669933026,-0.2420150961444915,wave2,-0.0691978881482582,-0.6023123607882928,-3.5624117660175454,0.7080118080185609,wave2,0.4020507135183533,-0.2471820348685787,-2.5900751574197325,0.5216785867096978,wave2,0.2848157153384547,-0.2949636466945451
1780,1.7196159288464918,0.0455143982739767,wave2,0.4494218138622612,0.3436189231554305,0.6615664312003741,0.3908147458563571,wave2,0.4526328457274304,0.4835511499390297,1.8157468522739508,0.1526529489901835,wave2,0.4623674044851684,0.2802124849313423,1.1842523510759833,0.1860020225638118,wave2,0.1511170154940257,0.356800345232747
1783,1.6931498672284475,0.3134259078015309,wave2,-0.1663804421720245,-0.4001380176925031,0.8734738180708836,0.1797884848084303,wave2,0.1287095615353466,0.0120580815678776,1.2765409258171263,0.1965939345574816,wave2,-0.212629954912991,-0.2785294499872157,0.993214419795566,0.1774892777810505,wave2,-0.04061792409698,-0.2304298608892315
1784,-0.3712030291635798,-0.198840873739682,wave2,-0.3006686139960175,-0.298539570499845,-0.0396631922967135,-0.0652641942072322,wave2,-0.1015783011333775,-0.3209621531271256,0.9481164390382218,0.1281683299633176,wave2,0.0319761836058463,0.2302914277193317,0.3155516902734286,0.1459413651265245,wave2,0.0708935899696366,0.2338671735707749
1785,-1.2742494568213156,0.1723793453119244,wave2,0.110303560538673,-0.4057377852899673,0.9261252999091972,0.2348460692540355,wave2,0.1176303619676222,-0.2171517762535786,-0.1850405763181085,0.1934322268364831,wave2,0.0389335841846044,-0.2484188409826088,0.3764395611620421,0.0847560290001513,wave2,0.2094344743871899,-0.12231469440652
1786,0.0666929768516629,-0.3076642736408395,wave2,0.2633545115251976,-0.2448754172654743,-0.2055533031559212,-0.1414712178368637,wave2,0.2573606724922106,-0.0978683269006706,0.240515174972843,-0.0828107224377419,wave2,0.0596361654332091,-0.013608529323283,-0.7998803865127257,-0.0532909766475172,wave2,-0.1705203715405897,-0.4147380926352372
1787,-0.9829259446331888,-0.1070716665120228,wave2,-0.4669592720917519,-0.5478013610800057,0.2629048824821943,0.1281840589058025,wave2,0.0392337942060843,-0.2165526780570275,-1.960061515139134,-0.1620135871037147,wave2,-0.405002553682529,-0.4630844536959395,-0.2131820380250568,-0.0719698609359391,wave2,-0.2550717299330611,-0.4048000571480408
1788,-0.1275639079823174,0.3069895506183799,wave2,-0.553484345441082,-0.6902013492554624,-0.7667213456557317,0.2692372020703117,wave2,-0.0098299706978493,-0.2702991237518028,-1.4755788848999616,0.5489618682351243,wave2,0.0776308470520568,0.1003629369144618,-0.453957784495438,0.6998281405474411,wave2,0.2979368838774007,0.118188719845311
1789,0.6722202274522856,0.0126921722099633,wave2,0.0358574235557036,0.1825574508825111,0.0096172929404265,0.0722016866067005,wave2,0.0689261988323077,0.2133805153616625,1.556039672588519,-0.0118768764876245,wave2,0.0655437599296894,0.2428058047516011,1.238478815549763,0.1107340779528388,wave2,0.1441698874216022,0.102316122055735
1790,-0.2136239658816069,0.2562391194894711,wave2,0.3375529229075695,0.6853009063709785,0.5718717420741568,0.4566095685715514,wave2,0.5096875545335715,0.4917512774682269,-0.6580592099529474,-0.0348965962349226,wave2,0.0251547185435584,0.1816663741533414,-0.8777417974173756,-0.0238459535940321,wave2,-0.0630235042850183,0.0509817727832905
1791,0.6138942283462591,0.1939365783371327,wave2,0.3666562192123641,0.0307148894573829,-0.1605983004250909,0.2483971210980002,wave2,0.3538136455988838,0.1372839961269925,0.5792048837255508,0.2736217049491832,wave2,0.3220113679894373,0.0017107169385707,1.2422744631608682,0.2355977119370133,wave2,0.3424583916436334,0.0631031560904566
1792,-1.0592971249857643,-0.1637860401983468,wave2,-0.5529479498622147,-0.4068328939529344,-2.199996739641157,-0.080013947765535,wave2,-0.2903917655680348,-0.0702102570581968,-2.766421884756717,-0.1215568461689775,wave2,-0.1659032459723519,-0.2721244598250885,-1.334666719354002,-0.1367970428948411,wave2,-0.4919650871382278,-0.467948141244309
1793,-0.7931783795488655,0.0738306816297207,wave2,0.2748383657754072,0.0282771704490829,1.3281523914009086,0.0150995713316532,wave2,0.1142699201385335,-0.0341219657864315,-1.8592217312969168,-0.0892892045253628,wave2,0.0578794219515419,-0.0915294656354306,-2.1942264748619245,0.0379976343628752,wave2,0.0590265184680126,0.0581400407251208
1794,1.9742702605862483,0.1683322635241713,wave2,0.8269954800836055,0.9311834769886866,1.3443769029522863,0.238210519644892,wave2,0.8294401202009554,0.952484780045805,1.583244018537704,0.1814495775323096,wave2,0.3568228931865022,0.5113529450522701,1.2225789293643516,0.1161456815720415,wave2,0.2904899811985572,0.4294925354891845
1795,-0.8148202483654775,0.4761231554575582,wave2,0.0401562968372131,0.1828979796698435,0.447859064512943,-0.1365912164487266,wave2,-0.4340979965536995,-0.522203323704844,0.0637728158206429,0.4685786317432965,wave2,0.5140699457853708,0.6813160030306544,-0.0315405120896849,0.4960474845463811,wave2,0.4520867325952107,0.8428960314048268
1796,0.4227387549578935,-0.6182706792394121,wave2,0.1177489133389846,-1.104712707936772,1.6107406263840107,-0.3445333693832422,wave2,0.3811635753582763,-0.5141452422038351,-0.1048156042635539,-0.5480670394700651,wave2,-0.2313005859345072,-0.7763083635704326,0.6505449044688186,-0.3382753202521194,wave2,0.0845748548190958,-0.4012259718631533
1800,0.8147452172031411,-0.224197342379421,wave2,-0.1193545226162231,0.2241110346136965,0.6617142682877133,0.0427025976194317,wave2,-0.1000520682170169,0.1773937129612208,0.8835074419063748,-0.1271526255618653,wave2,0.1025842680266782,0.2209084236920004,0.94677696770137,0.1645415187135654,wave2,0.3318427077087446,0.6170746352949819
1801,-0.4423919651543835,-0.1988615437352616,wave2,-0.1443976402244926,-0.0499134479711949,0.570333049891497,0.0075760032617491,wave2,0.3885065775972138,-0.136591299878743,-1.6029212232551813,0.1177452836035827,wave2,0.0016591192313152,0.1373480343847949,-1.0032485109963758,0.1300054806046608,wave2,0.2906258415335216,0.2203033601968249
1802,0.575881545392138,0.0401180981665387,wave2,-0.046312147526131,0.3741715033667805,0.244041783907307,0.1550893118409257,wave2,0.3990769502975544,0.6298328318777733,-0.0896626701330504,-0.0747033398262467,wave2,-0.2440466885664683,0.1159938736522447,0.2870450302140858,-0.127193987643973,wave2,-0.1732274312025851,0.1339813720540384
1803,-0.368716618871146,0.0733541056823225,wave2,0.3796898502491816,0.1347979754258386,1.6038492431531295,0.1931787986801731,wave2,0.333013607321134,0.4232247199487142,-0.7455502977086225,-0.2066130357338519,wave2,0.0873371924058442,0.0084033164867002,-1.6630271751082388,-0.2494386941074487,wave2,-0.0083803483183511,-0.2386707251841187
1805,1.2618973311977315,-0.2304447396077495,wave2,0.6127021172101403,0.6218897169386564,1.5796610407196696,0.234196670129587,wave2,0.4704928087077673,0.6285935073597864,1.1774061003441725,-0.3091237153935168,wave2,0.8192849482712373,0.4675243215563892,0.579406889680102,-0.2110961451672864,wave2,0.7223736560004765,0.3817677806950056
1806,-0.2212782394516662,-0.1653713701768628,wave2,0.7851894715387973,0.3137862322857256,0.0826477147784433,0.0897246709300243,wave2,0.8071274512041131,0.4910556001495152,-0.1722966930535866,-0.2990495317632962,wave2,0.3068380413274849,0.0894527918876542,0.991976293178028,-0.1218398970693638,wave2,0.4972570924933833,0.3142419788735812
1807,0.7257437537478361,0.2913232057490393,wave2,0.2064582083155599,0.2161840171640712,1.1587678522006428,0.5935839739346349,wave2,0.5253882591379333,0.3728243121091283,1.0154548475196332,0.109706361233087,wave2,0.0849017645254286,-0.0424552716973338,1.081135047487762,0.0825203808797095,wave2,0.0591356169626541,0.0036838162505755
1808,-0.3717707569121819,-0.5874046279259826,wave2,-0.4345483709407056,-1.1347364423221968,-0.1566724468099975,-0.2110300934435096,wave2,-0.0508310470251849,-0.3493689806370696,0.2336071823839269,-0.2294419704945878,wave2,-0.028582435953611,-0.269135915575994,0.8847143127955027,-0.1527488192938549,wave2,0.0331997158359098,-0.2659876498881033
1809,0.0048197896720591,-0.6647327918132544,wave2,-0.3479928459845007,-0.62048105366118,0.5907107368906191,-0.3873672701406545,wave2,-0.0270376249573298,-0.4731119382691973,-0.7455924111654468,-0.1433037930562797,wave2,-0.5657744196606038,-0.1962461782818478,-1.0032788093275262,-0.2650999992890203,wave2,-0.4580907849708829,-0.1833915506038571
1810,1.068943401302041,-0.1217769189870086,wave2,0.3466805514118822,0.1433328249852639,0.761317167441426,-0.2853533047347243,wave2,0.2780798885413507,0.3447006089613591,0.6255222127438808,0.0773176581751413,wave2,0.4182694044003065,0.0324396388887584,0.3080064920136401,0.177429391295078,wave2,0.6166942189785519,0.1880750488364854
1811,0.1292203571157489,0.0707012116798799,wave2,0.4039322403210552,0.521560559643615,-0.4744508243005931,-0.4934760122426467,wave2,0.0906935883837718,-0.172381482475187,1.1708800983440464,0.4077094930225885,wave2,0.3639778425028813,0.6979857277743927,1.0196997366265308,0.4338943393932563,wave2,0.3326710900318114,0.5904127336929921
1812,-0.4607445466244869,0.2844832165087434,wave2,0.0854165985233537,-0.0233969078682265,-0.5830481578778896,0.1574541880566937,wave2,-0.0707472328522968,-0.0516636679806321,1.1368117078862885,0.3741609234727128,wave2,0.3396972324100309,-0.1122872644303676,-1.750392207220642,0.2493616156678307,wave2,0.1200787175223817,-0.2011768688793532
1813,0.688204558968665,0.4946640581280608,wave2,0.5613446065344752,-0.0690467010590203,0.6408418440003378,0.683895020508303,wave2,0.5953555799801575,0.20460514521929,0.0615107357599082,0.3511668274644186,wave2,0.5888816817222449,0.0919597938831515,-0.473998666711668,0.4021401349513682,wave2,0.5341760850949446,0.2778322815194817
1814,-0.0355849510322753,0.1227015027539759,wave2,-0.0951277762851392,0.3526599926217817,0.1172264876972569,0.2400369441018828,wave2,0.0647532268832784,0.5685906701602623,-0.6288751542085473,0.0005360049821753,wave2,-0.2246059972034634,0.1108821798207188,-0.047702850584336,-0.1756539238078425,wave2,-0.2655213630974023,-0.1993328127888068
1815,0.8123730479975474,0.0185657398272591,wave2,0.7491323859166634,-0.0486857996647271,0.5814977362861047,0.3972234670125294,wave2,0.8769975748091481,0.0888143145945679,0.9489246849980946,-0.1982202517956315,wave2,0.552508316578459,0.0752751959191107,0.9250511442509848,-0.0479240461291948,wave2,0.5364342586239513,-0.0332863132868107
1816,0.4908241927792622,0.3645901874318709,wave2,-0.239664031236243,-0.1482937200202803,1.267470791856976,0.2788211202175734,wave2,-0.2056257777066075,0.0091939977282806,0.290858586149494,0.3272312503960247,wave2,-0.14722167434219,-0.0486340945157123,0.9108257387194326,0.2750102941065308,wave2,-0.1853027358225961,-0.2484961865812368
1817,-2.2343839830377425,-0.5596663162096391,wave2,5.082172101533722e-05,-0.0335354222920465,-1.294250162453729,-0.0319707886583247,wave2,0.3884746097952667,0.3578833096033049,-2.354487988705663,-0.2951378145601025,wave2,-0.1027507734159565,-0.0823896430841402,-1.215805403004856,-0.2454922420345081,wave2,0.1009546870414336,-0.2445483468905004
1819,1.2526003215934238,0.350515837575245,wave2,0.0984588083771671,-0.2416522117860673,1.1673639238693465,-0.0016486498248164,wave2,0.031987291021021,0.1278345668056419,1.222854490795213,0.1459355357291994,wave2,0.1525590681919518,-0.1347192447208319,0.3968689273593612,-0.1942832594345075,wave2,-0.086293104292625,-0.2545166001619682
1820,-0.5439732970637333,-1.2623093049837912,wave2,-0.2107950677277599,-0.3976397240033189,0.2383678200251332,-0.271724349518158,wave2,-0.2310911539336897,-0.0519706740430117,-0.2824848103398377,-0.9268582139982546,wave2,0.0711604351354326,-0.1058715097211682,-0.1008038415175707,-0.6617238488688233,wave2,0.0466667337276366,-0.156988588949077
1821,-0.5875468600605025,0.0126827096830184,wave2,0.4466676440288069,0.018775109253367,0.9082924458939348,0.0372086163013598,wave2,0.1084627492067724,-0.4628800890879079,-0.1760574668759009,0.2077748948425981,wave2,0.448020244844961,0.1341609316890941,-1.2253284219459348,0.2107285784656443,wave2,0.4020964549930905,0.2301688180855161
1822,0.2177413779038853,0.505774288782018,wave2,0.5788740848658604,0.5608011011082272,0.2911021280472772,0.2269256751000858,wave2,0.053638154502986,0.0836448031790595,0.783951040237683,0.4745879289421003,wave2,0.4973914584685924,0.7194790196247315,0.9446917094951894,0.4425192217751738,wave2,0.1391520805579055,0.4013606216735345
1823,1.4474314924922895,0.2333353637281026,wave2,0.2558930697426604,0.2245594755858158,0.6603458233012792,-0.1946382336534058,wave2,-0.5536308330245392,-0.0198223754515312,0.079431005725427,0.5315763357556901,wave2,0.6215473054201958,0.4706144980199455,-0.4394511409293083,0.6075097734380297,wave2,0.5859393849977834,0.5175035838556046
1824,0.0377374831503951,0.5193695702555241,wave2,0.1178892657281782,-0.0062251251124914,0.7063643392582051,0.5029142129384754,wave2,0.2240647106963522,0.1173899246308924,-0.1997523553097733,0.3396936378097903,wave2,0.1176175114340431,0.2022007940305789,0.6001423602492783,0.1696276262770898,wave2,0.1070490165875551,0.2405961414947225
1825,1.166211535793369,-0.06257538869334,wave2,0.5063758309304762,0.1052235281896627,1.1019032701477582,0.0333919257484232,wave2,0.4233009993700327,0.0685383085137276,0.6081541554872283,-0.2203426371864347,wave2,0.2472011592566318,-0.0322805757697586,-0.9134295261737332,-0.2300703351569689,wave2,0.1674573466549084,-0.0490329857925188
1826,0.4478500097092756,0.263393277593301,wave2,0.0936613272018562,0.6514959653484356,0.4760824202729215,0.5783571899512896,wave2,0.1867649383658707,0.4126366661958467,-0.1261897542288191,0.4666132221024539,wave2,0.1720296484637167,0.934408722011666,-0.9287800450280324,0.478121698273334,wave2,0.3156583646357699,0.9084217270909388
1828,0.6566940639256852,0.5990565180603682,wave2,0.5775999034462018,0.5363354368605184,0.8842999715881575,0.584559005707391,wave2,0.6184203410679268,0.4585562589250282,0.1378403832068125,0.3309134934992448,wave2,0.2249631333472659,0.2202873851755611,0.7974528144131106,0.5127949934798609,wave2,0.3987578897144156,0.3871275595181326
1829,-1.6088677312418551,0.1517304947263309,wave2,-0.1001753970608543,-0.0324922005528025,-2.0171459235076385,-0.0211121050322802,wave2,-0.027277340854142,0.062470860440174,-1.4681802141930644,-0.038409817334715,wave2,-0.1818490861074683,-0.2315296214511141,-0.7651836084967772,-0.1597925858072141,wave2,-0.3592665905963373,-0.1650083436353075
1830,-0.6405427421766999,0.1494648332221571,wave2,0.2389970056370609,0.3495701540560243,-1.73985807193384,-0.2493683608953125,wave2,-0.0223423527078152,0.0726510958646338,-0.4445546804029455,0.1254216243188777,wave2,0.3216529642990133,0.3589246888334592,-0.6635864632240273,0.0701523640595888,wave2,0.1502378919635555,0.1365118536556466
1831,1.7637890223249983,0.2262889198754949,wave2,0.2134419904591251,0.1088357306486333,-0.1593681070419887,0.1833661047571806,wave2,-0.116135495286374,-0.0637894338922495,1.6284045220743484,0.1587150361814031,wave2,0.2747732565056102,0.3647732464082524,1.2876230816998355,0.275038533230087,wave2,0.2513679478240574,0.2384950279734398
1832,1.440515841161333,0.753141070984706,wave2,0.2693455420771493,0.4266390181735087,0.7093107411122157,0.3120312536932466,wave2,0.1338163150549176,0.0315492812708959,1.0884591268716812,0.8030058883829676,wave2,0.534579654609088,0.6995735027698589,-0.0503549294131612,0.6620125465563413,wave2,0.5080021677559121,0.579143382154967
1833,0.8375297356484717,0.2070372098504607,wave2,0.1211017539826659,0.1742483864414965,1.1287431996238024,-0.3044349169250151,wave2,-0.2628338306950475,-0.3652259248641423,0.6174120526215144,0.3274191031397356,wave2,0.3700101711635021,0.3039883884489142,-0.5383089410302051,0.1133681583476723,wave2,0.0480527326971806,0.0825343508387554
1835,-0.9256894078420402,-0.0225311273330421,wave2,0.0001475528357408,-0.7164190979306295,-0.0573376747427283,0.2861208469104632,wave2,0.2542674665170625,-0.2309091096341313,-0.2431121640290431,-0.1939172204447169,wave2,-0.1796124319603133,-0.6332097052298743,0.8586405809211258,-0.1207481980563625,wave2,-0.0996863536249306,-0.5392945246592229
1836,0.1808638415124028,-0.5419141740613764,wave2,-0.5514783162676957,-0.2016055598409976,-1.5682417892661216,0.0937511467483216,wave2,-0.1483797509999478,0.2369569264289488,0.0311035993758242,-0.084477630266297,wave2,-0.2404307488797781,0.1145497697243453,-0.4171132404224619,-0.1510297820126319,wave2,-0.3991419548516824,-0.0701748615188267
1837,2.1490554175733467,0.2928625058628515,wave2,0.1686753283168576,-0.1528029758738669,0.0939085798075757,0.0869810295328614,wave2,0.0505258762282598,0.199036138266673,1.288939196550996,0.3775542115486188,wave2,0.3316908600147561,0.0053896925632159,0.3132993914371051,0.2881873300205606,wave2,0.2024475828191174,-0.1790892324702187
1838,0.2642563247608699,0.4990460691569414,wave2,0.5166113764932034,0.8450442383512269,0.9090283055976304,0.60868342706687,wave2,0.5648941055841266,0.8951291281868197,0.95232758420287,0.4001193622826519,wave2,0.3583810508723298,0.549348603594633,0.5525147376247236,0.0742747003936423,wave2,0.0467001322880846,0.2928454766842742
1839,-0.1647495691045405,0.0576426184092537,wave2,-0.264202295203926,-1.0597448078659022,-1.313391127456654,0.1684942440529471,wave2,-0.0753343926703209,-0.2077451273302064,0.2939986287354334,0.1940187921527113,wave2,-0.1184872522311318,-0.4303375000395658,-0.7039426531865861,0.2409179571386045,wave2,-0.0814715614060203,0.0031276578984465
1840,-1.3107614297966517,0.137614407283201,wave2,0.0570355224543175,0.5201175456316558,-0.905861541134472,0.2382279824832904,wave2,-0.0007242109537988,0.2715274312702709,0.0855914741250315,0.3032638162810823,wave2,0.0809939042902143,0.5267569195442297,-0.4988658273169312,0.2888448152806009,wave2,0.0020914962671496,0.383288717095529
1841,-0.5204432841045624,-0.1402082747999471,wave2,0.3764835608168404,-0.5345708014112089,0.0973881332951295,-0.3182139334518037,wave2,0.2224377221762823,-0.1506863253633235,0.5436113287427766,0.0065796540811295,wave2,0.5899657869477859,-0.0097098030931181,0.7861074826301043,-0.0571270476903204,wave2,0.3898747685047572,-0.1219013373693904
1842,0.8372527018216198,0.5202528307234395,wave2,0.530758815644734,-0.2273163944078802,1.327332231693074,0.0529282369899404,wave2,0.0179202779982221,-0.0442241201109967,-1.99764640884463,0.4431911260358033,wave2,0.465409953688516,0.1111571206867317,0.0802221791518926,0.3920433610362661,wave2,0.3440218442778186,0.1434924339532314
1843,0.3738050931977736,0.0604498945511629,wave2,0.0242512892196333,0.271977585302803,0.9475003950566104,0.0966658920078251,wave2,0.1343449000043257,0.2995767356706227,0.1638734104246869,0.2333951808471753,wave2,0.1592444174987562,0.1790790983425091,0.8298115075837496,0.2101037838354412,wave2,0.0805144482482776,-0.1953139384866594
1844,-0.0564605997795744,-0.0578903596215203,wave2,0.2644889045281282,-0.1477047424129509,-2.047123557090614,-0.317099187711257,wave2,0.1624324770915781,0.0656830162367763,0.7972797751102828,0.1494292943771658,wave2,0.4349687594982905,-0.1627985553213862,-1.1254951646529348,0.0868935627230492,wave2,0.4363430891729981,0.0448411493583481
1845,2.241093307614176,0.1534610446393065,wave2,0.0006907079342699,0.6086538378260813,-0.3284010581112728,-0.114795406295862,wave2,0.2602367004701464,0.4531981812706134,0.9443844365440088,0.4183752480490184,wave2,0.1008683990395935,0.420706043932801,1.4701315657679803,0.3180141835482081,wave2,0.5166639142074962,0.4387388319918683
1847,0.1158672089215993,0.1448873683774487,wave2,-0.6034084527100005,0.1956840300163032,-0.6915444723419918,0.2291706948847809,wave2,-0.6093297398882165,0.0149422763575326,-1.1197279166690133,0.1810143039491691,wave2,-0.4359277841485132,0.2229933420711707,-2.9656204222787412,0.1195891464652353,wave2,-0.4212872816835551,0.3056655600428377
1850,0.2533790901178672,-0.1168509260975552,wave2,-0.1969885434988791,-0.3045548412170247,-1.4181769266664743,0.3363585769633519,wave2,-0.1444370635219112,-0.2496654738706643,-0.4516960771724564,-0.2819357437239081,wave2,-0.0431228014407785,-0.2821930562278232,-0.807606798895068,-0.0956634714066969,wave2,-0.0862642547528019,-0.1045348668873408
1851,-0.9047737246552454,0.2843317332131916,wave2,0.2684173379313466,-0.170278401270336,0.6153854674814,0.095052026812584,wave2,0.2407223444341766,0.1694112646163779,-1.1344559320946797,0.3689749422990975,wave2,0.1903130265757608,-0.0945419280707406,-0.2383630834073602,0.4051008408445592,wave2,0.3073745378521603,-0.0068142622957957
1852,0.1311603287691532,-0.0614957503934854,wave2,-0.339485694801847,-0.3144335275375911,-0.6178342064939121,-0.309263029236005,wave2,-0.1572188960258735,-0.5293722507595466,1.164072920082051,-0.0216023648601687,wave2,-0.0442062687283736,-0.0205137222454204,1.387144904748527,-0.1742815921475123,wave2,-0.2551730727501085,-0.4137661471631866
1853,-0.297242318406868,0.3189587489497372,wave2,0.3280116316686716,-0.1941109400776102,-0.6366894444372198,0.3700570517135018,wave2,0.2565023729048949,0.0561420482973529,0.1164592689486049,0.246558118481825,wave2,0.2066850655051801,0.0095001097267628,0.1932380488098486,0.2169258709973961,wave2,0.2190312366282891,-0.0973325933393284
1854,0.1533548795464684,0.5673948565320441,wave2,0.6497954546811142,0.3215762016093966,-0.0702527995313235,0.2171843120956189,wave2,0.4441417467632333,0.2386210278496483,0.7327769854051802,0.6249520969799051,wave2,0.7177277220545389,0.3797625566200927,1.441801307929944,0.6748895412051594,wave2,0.7164867730411884,0.6336090131041809
1855,-0.4431699240196826,0.6053034384156968,wave2,0.7132272605233325,1.0321592703452156,-2.443972492823002,0.0925656654154698,wave2,0.3004702989058843,0.3776044297302388,0.0657824154328178,0.6391461364133826,wave2,0.6298193976521489,0.9098122921858952,0.6249174341617345,0.35779340538211,wave2,0.5692259343185583,0.8687507127466557
1856,1.7868604025480814,0.5264088294738407,wave2,0.6671987488698496,0.8071360777108589,0.8321115795494124,0.0702144901186681,wave2,0.239378242094707,0.0493870650270735,1.3021391634933346,0.5038472355545257,wave2,0.5014149055931113,0.8396866762840204,1.4343218865188636,0.3640100493181772,wave2,0.5241312789411781,0.6005874679615879
1857,-0.1260935741829096,0.3394440142062407,wave2,0.2671860292830079,-0.0807293622518738,0.6597113927733823,0.2341340034580672,wave2,0.4556438132702949,0.6386468028057952,0.2512552147939728,0.5560594642286679,wave2,0.1085426125648024,-0.2169873759044577,0.6084365974088772,0.6477426345015896,wave2,0.1675532196034122,-0.2028923330536084
1858,-1.636731681074075,0.2626821119394571,wave2,-0.0711234830096474,0.1451927364661411,-0.6584007363313186,0.1522282358052222,wave2,-0.2669700254150073,-0.204562720907812,-2.6352785445810354,0.2293897653381598,wave2,-0.0908269136463832,0.2889227557250624,-1.4088950376866174,0.0815695279852498,wave2,-0.109921739378383,0.2442062168256653
1859,1.8322612620119865,0.6020001152811063,wave2,0.5494232429405628,0.055715699700658,1.425401048666624,0.1725704517947239,wave2,0.2305578443892402,0.2711219896082018,0.9770239631178848,0.594811016130311,wave2,0.5322270376537054,0.2720707318686642,1.2263954922533278,0.5105884345730523,wave2,0.4607984060515552,0.4011459611908689
1860,1.4712545030803377,0.484348364501282,wave2,0.8209168905325563,0.2344043450577035,1.7423301701092373,0.1612294550436015,wave2,0.4637109683866049,0.0943755876798588,1.4581831439196065,0.4289022280445311,wave2,0.6830287659258616,0.1831571840234529,1.0436035491254425,0.4476099636482121,wave2,0.5526496047642396,0.4009590944432818
1861,0.8802743870643384,0.2549612348460692,wave2,0.4238129932925967,0.0375228535099079,0.6282399525521919,0.2918988352508713,wave2,0.5297957915275711,0.1143482740823227,0.32414940942087,0.2399856435649709,wave2,0.3198590918083676,0.4051672146042703,0.4730837710998551,0.1234052694183297,wave2,0.131315447388073,0.0450074325216171
1862,0.2850360341629128,-0.5840936053870092,wave2,0.1261096118513034,-0.1558349053468748,-1.6759920389260292,-0.2265549469823782,wave2,-0.0985424482318351,0.0504175596834952,0.270045887631385,-0.2249974578662921,wave2,0.3184694198955013,0.2941021958058583,0.4123932117936869,-0.1385207907526715,wave2,0.389259509295861,0.369339280477218
1863,1.20577042174895,0.5758372129075757,wave2,0.6614526244825754,0.3294885798504021,0.4319250580813378,0.6200415263360819,wave2,0.378583833363296,0.1789913730940355,0.5349757940635677,0.2522341595775281,wave2,0.6502057665087237,0.2928795758919262,0.588224808272326,0.3360766506583371,wave2,0.617312062727012,0.1210505293361884
1864,0.8349173963137877,0.0711955086049591,wave2,-0.8880408631754613,0.033202672296895,-0.2835845600987861,0.117671354422757,wave2,-0.2199697092932417,0.0903682683606219,0.4915330767193296,0.108260753686655,wave2,-0.7368894031408145,0.2703766918034019,0.7320804757273103,0.1556258409400449,wave2,-0.4453742217529094,0.1520555321509072
1865,-0.6994243921041646,-0.5297911294595705,wave2,-0.078679236485462,-0.6830548014256959,0.054038162271174,-0.2075384153470441,wave2,0.0520103120218899,0.1437081647641906,-0.7336661470499054,-0.3323100712970479,wave2,0.0072002171454585,-0.6566745484581209,-1.6972549929725598,-0.0326896270956938,wave2,0.0367411401775542,-0.3678103100844531
1866,1.048627112024111,0.6883175711924507,wave2,0.7026402579210718,-0.3351627234602521,-0.2081861995732901,0.3901913851605882,wave2,0.437025304529745,0.0232056296703342,0.4853539030950377,0.7257408210475107,wave2,0.7748325690116002,0.2771068336252915,0.8408507300124402,0.6630017723370127,wave2,0.7963981682875476,0.3151529861467421
1868,0.0217955628035636,0.5784277749031164,wave2,0.2619049799866317,0.0872627908366845,0.9049676828995274,0.2656429554119481,wave2,0.191504701541757,0.0506291021752207,0.4880128236488215,0.4181323755235933,wave2,0.2154912375801523,0.2054091756083151,1.054439276435891,0.2925392191006996,wave2,0.2565078998824336,0.1492641859764096
1869,-0.1205725018065165,0.0915433324556205,wave2,0.2643046976471925,-0.0739538066509584,0.8744133138060766,0.4876986301846393,wave2,0.7396200110407827,0.1701540421690566,0.2429579502864316,0.1676387041153364,wave2,0.1724320018194776,0.022041479154883,0.8290281831108118,0.1957719574120332,wave2,0.3098914139425183,-0.000278695305295
1870,-0.0853867077326353,-0.143030165111915,wave2,0.1009497057270845,-0.1490688314382453,0.1238952683411848,0.0697167809226435,wave2,0.1517439705654606,0.0471252328895492,-0.0679360423686236,-0.0807196700261539,wave2,0.0928440371535467,0.2404204218214167,0.4373407202238116,-0.0213497160184626,wave2,0.0631657622002864,0.1814456657910618
1871,0.3717335651082982,-0.3180422799483686,wave2,-0.1393778314451301,0.0632990840422813,0.901000283318464,-0.5221521750989917,wave2,-0.5159507262491407,-0.2540234689785399,0.6730210020672328,-0.1265405102727488,wave2,0.3493379357046242,0.1877967284336219,1.1760167977777023,-0.1318680306176513,wave2,0.1542184041218119,0.0558592879064564
1874,-0.0599015238228133,0.4726677075050629,wave3,0.4595707622963201,0.050105393613129,-1.8534974107222113,0.5100929014219304,wave3,0.2477255568366276,0.3452539791648144,0.1780028144946746,0.6070002732834503,wave3,0.5826437240233333,0.4115357597639679,0.6908119007790473,0.6201663948916682,wave3,0.4433965641319218,0.3995337580022114
1875,0.7460121219887209,-0.3027170827565402,wave3,-0.1917485747693597,-0.5364081927310318,0.0971154741884113,-0.6378620438639813,wave3,-0.2037115708672277,-0.3230342974487088,0.7111529467464628,0.1659963917064364,wave3,0.0873350308067815,-0.0437877928424668,0.102947497931547,0.14802015082906,wave3,-0.1364277456871809,-0.1623165443230869
1878,0.6890977606165337,0.1299140748308298,wave3,-0.1230953316859455,0.2157099804677038,0.6158538534161702,-0.2179781141959413,wave3,-0.6523062440923282,0.2398967669080562,1.1331179783915122,0.2632130984751706,wave3,0.1699321603446728,0.268523250250305,0.0719314086582267,0.0203629997134327,wave3,-0.0966005062516021,0.1441320475088681
1879,1.253664150672642,0.6477493547716584,wave3,0.7309201446274494,0.9174888363539142,-1.4887933005488256,0.7425759839588542,wave3,0.6688945009524494,0.7469021725197218,0.5629676078128318,0.334530674253739,wave3,0.5151959403082893,0.5695912416279749,-0.3694840004105057,0.277289046153362,wave3,0.3443098803559937,0.5312274114158144
1880,-0.3306552288185287,-0.417585323792764,wave3,0.1578085159232265,-0.2261055638346003,-0.9067430028007504,-0.3179038221239303,wave3,-0.141487666537486,-0.3692929441756181,0.6179585479816884,-0.230809873418758,wave3,0.2027288830460381,0.0409946489629633,1.1683882681189135,-0.0780766787861552,wave3,-0.0237051972742238,-0.1926158973592146
1881,0.1700841845372664,0.1000061572986852,wave3,0.0038056756095814,0.2958040537140274,-0.5088782283307307,0.4152553601952984,wave3,0.2173341552418966,0.37583618109541,1.2692105593197611,-0.1132149813216942,wave3,-0.0608183826221697,0.0651643922566647,0.9574644324935748,0.0914964659738751,wave3,0.0274930573935197,0.1105147890132872
1882,0.7399684228130305,0.2497445097207062,wave3,0.4535300064083114,0.0088641257260966,-0.4680422960682446,0.2847090598372148,wave3,0.1093582375984494,-0.1649908706495366,0.6469041730785158,0.1428687576520486,wave3,0.4740037247991413,0.1316128853933,1.0939117524051356,-0.0170667290881822,wave3,0.3412030064016334,0.0279741341899931
1883,-0.0352373986584354,0.0015327007867309,wave3,-0.289186016619396,0.4720321201953665,0.2182380290699968,0.1725813190333063,wave3,0.020347015370284,0.6317718149630507,-0.1900753597574841,0.0813517265598617,wave3,-0.216620849782315,0.2814530335341088,0.3126123863059934,-0.0927755022771636,wave3,-0.1823519598186622,0.1124393747315693
1884,1.813322308159718,0.6392283740241949,wave3,0.747480795831204,0.7136847920731859,-0.1391546254199095,0.014050584489148,wave3,0.1188169786961632,0.1426209694808953,1.2996779002134478,0.8925829729754264,wave3,0.9493379986839074,0.851223382209886,0.9572815975638216,0.9139733567797196,wave3,0.8719308340070075,0.5178949507957735
1887,1.1158419292709885,0.4758308769671169,wave3,0.7672024594028999,0.4539866302398243,0.8055055566689595,0.4328812922692056,wave3,0.5005301803905537,0.5506567149135149,0.9891063922710884,0.2810891306253396,wave3,0.4210670045447209,0.2857834519680957,0.930178412013333,0.1392422959425679,wave3,0.1027645017403216,0.0521475986423632
1888,0.923685008066465,0.5408958811650444,wave3,0.840416419420793,0.3724603803258635,1.3222485052665691,0.443848733069627,wave3,0.3520372787216679,0.2548854912766971,0.2332170834985483,0.5098878325787117,wave3,0.6443850162743043,0.2874643729168133,0.2129605968767404,0.3220765630626919,wave3,0.4456906035177102,0.0883219649449976
1889,-0.1886939560095883,0.7162162509941323,wave3,0.1747363743154677,1.0801011476599247,0.7076955367537623,0.5199241161106156,wave3,0.2037140412488798,1.0175699735750976,-0.5307013821709835,0.4053221143408216,wave3,0.1649395121656893,0.791839788929011,0.379105936257626,0.3187629475504499,wave3,0.1097249026833553,0.8119621036571163
1890,1.33404569382525,0.5930847346907231,wave3,0.0426566182847572,0.1711045177477959,0.0253427996737738,0.5530614177551245,wave3,0.334813198112496,0.1779831931538342,1.2452724043314634,0.4942208497087259,wave3,-0.0507124564554661,0.4136280474493565,1.313261313417046,0.5036266929444644,wave3,0.0724469728919803,0.2231083053581682
1891,-0.2280618570251162,0.4416543163565283,wave3,0.0317323881827511,0.8556177342692726,-0.9902048167373134,0.2839950598182887,wave3,-0.1204187402552741,0.2127077877407319,-0.5504797697323839,0.4576484715569249,wave3,0.2150115096935003,0.8610195073905156,0.5655653553112158,0.5133314177921677,wave3,0.2516223145445811,0.5613062634397379
1892,1.062962473176017,0.3825491909958689,wave3,0.2855815541843971,0.503604940489423,1.650878382161051,0.6906493085388805,wave3,0.5774721283652535,0.7535807119503677,1.018819234398321,0.1808381480927572,wave3,0.0961147108989308,0.2705505814632047,0.9953926534783624,0.4080377083973968,wave3,0.170488576469108,0.2849725749617733
1893,1.6810844520668702,-0.2517661434825156,wave3,-0.0725452596618558,-0.1202556172390045,0.234654013719437,0.3795479986644763,wave3,0.2250937552404222,0.27932551066258,0.8450262901797175,-0.1882257488874943,wave3,0.0378888572866884,-0.0756868303604134,-0.2287866002733123,-0.1564495415616693,wave3,-0.0107557580716994,-0.311674086520506
1894,0.4929678316315384,0.4201478907135421,wave3,0.5228837055430744,-0.2304195357786458,-0.0903665812733869,0.5077311831317768,wave3,0.5243729938809054,-0.0518261634851449,0.4522614157570371,0.2756835679888065,wave3,0.2360764315970933,-0.1109644441436557,0.0556124576108469,-0.1187857039340791,wave3,-0.1285974034130814,-0.124666911348062
1895,0.2459194508206581,0.3061800445143237,wave3,0.0721907347030601,0.1121597318759981,0.9150378154634304,0.3028167134433659,wave3,0.0024510714573346,0.1950376011788284,0.6489018848832607,0.4662026521545868,wave3,0.2343808169032581,0.2426791024530841,1.250553269060554,0.2604126464854344,wave3,0.161827250966953,0.3396038858695312
1896,-0.3678776543205376,-0.0137102727710627,wave3,0.2001342605342082,-0.0327145415011864,-0.5204823051671589,0.3207429484384041,wave3,0.6952315496037331,0.3421919745463093,0.2130072469780687,-0.0314843559332076,wave3,0.0288354732291877,-0.1205902714471736,0.810375944596773,-0.091257666803391,wave3,0.0880190622935351,-0.1600547540159548
1897,-0.7014594467366732,0.4355374531134139,wave3,0.2066874438860071,-0.0561339279744221,0.908781808003404,0.4243777788953509,wave3,0.1543950551194808,0.3747311335013916,-1.7298054001527747,0.2389865072337338,wave3,0.1532089667474454,-0.1745383443129919,-3.10649532994217,0.2247100919420266,wave3,0.0791578371053838,-0.014845454719664
1898,0.3102342963598988,0.5100267734485979,wave3,0.366007430415658,0.4935359839929392,-0.0263576402657948,0.6058282522733964,wave3,0.4922592248530406,0.5196614207783481,-0.1320367568882343,0.4837119047273712,wave3,0.3884280614734772,0.3479021772815995,0.1204396964512379,0.5717678388213192,wave3,0.490700343979688,0.279698586608858
1899,-1.0535303186932243,0.2612003250850292,wave3,-0.2136847388326108,0.0992995253524928,-0.8090596702228774,0.3655755126406459,wave3,0.0467088181539605,0.2431245751187434,-0.4008007949718757,0.246351377562398,wave3,-0.2404380757320079,0.137726513604083,-0.1273322663511125,0.2468602634607058,wave3,-0.0546707817776323,0.3892744634753862
1900,0.9290901955299234,0.8844611842995409,wave3,0.5342926465511657,0.3257439960302211,-0.4008568813809074,0.426983593575817,wave3,0.2679448257100281,0.1124328797011424,0.682835215005254,0.6569106582597866,wave3,0.5419221106608014,0.563626250819762,0.4106737982203864,0.6120900693783022,wave3,0.5062979685550604,0.3854515737499125
1901,1.5626872397825051,0.6473309194946575,wave3,0.5365028024808733,0.4136896896495199,1.4364897231728992,0.4494124160763986,wave3,0.3681971078147457,0.6212661997599882,0.4897958179785469,0.5610355480239271,wave3,0.5325197413975058,0.5284420234816087,-0.6176484797083818,0.3898521481117998,wave3,0.3333986710375194,0.4275896120907363
1902,-0.5280323075410809,0.3442672406621607,wave3,0.9093831760531964,0.7695967626353442,-0.3475284115824598,0.2765442375423463,wave3,0.5580065150600075,0.4702743102740447,0.7359109781082687,0.5155466578491867,wave3,0.777563474233542,0.7094393393358112,0.4300362783580015,0.4621757014992663,wave3,0.736972688506383,0.665472400282179
1903,-0.7841274769087188,0.3501736098277268,wave3,-0.1080770589798967,-0.0944790099605041,1.355109508848589,0.2567973305208191,wave3,0.3173514872554943,0.3931253163211206,-0.9913182144846574,0.27245594311113,wave3,-0.1253069206444172,-0.1050814519506135,-1.1755909518897296,0.2105527826918083,wave3,-0.0846394024878078,-0.1796905524347549
1904,1.3549680304218308,0.2145276110811687,wave3,0.1370212609613523,0.5100569070043779,0.3059704528584074,0.1143005594364334,wave3,0.1917576475875571,0.6027773377394239,1.5608692718689288,0.2425399463082609,wave3,0.3028303151197726,0.4178136746264549,0.3034254013442714,0.3106573253005538,wave3,0.4097802011124852,0.5587628879823294
1905,0.4819821665961615,0.1675859184298631,wave3,-0.1896332692293945,0.3236187817071911,1.242571135790472,0.375065316489181,wave3,-0.0418993075755909,0.2733921014536558,0.8542473903472916,0.1824754801309338,wave3,-0.0291271532582872,0.3958436897184048,0.8459945156194617,0.1968146531343444,wave3,-0.0027672753225861,0.268963565008405
1906,1.6403823667560924,1.0335465080844926,wave3,0.8598825381874748,0.1505600382485759,1.2478309747219407,0.5365422539792049,wave3,0.4180685624672777,0.1185835820515028,0.7158574053513711,0.8197936801072361,wave3,0.607423665173632,0.3504043839255004,0.2343106512647874,0.8783532281830941,wave3,0.8114692561015173,0.4666004903106405
1907,0.6149907606271567,0.6077764961014909,wave3,0.1445188546565341,-0.1300702845990313,0.7834400217427269,0.2725427125750002,wave3,-0.0770400869789191,-0.3024356131855501,1.0262930110570474,0.7784453946278274,wave3,0.4098437639487553,0.541500694458259,1.117294199035986,0.50851874668627,wave3,0.1344054736932134,0.2961447948376635
1908,1.014093734877637,-0.1155758624268035,wave3,0.0720402716546853,-0.3057518545677751,-1.5065158201810591,0.0436112407625282,wave3,0.1236597205383633,-0.0869509487103521,0.6822987425126098,-0.0208661049994751,wave3,0.1629500441821942,-0.1296625732648215,0.1676500653398637,-0.0879343642214782,wave3,0.1507533652312578,-0.3328607748403087
1909,1.5389055140768113,0.3505171720024145,wave3,0.4800151613710701,0.3380134752632751,1.420672521541242,0.3512874486632136,wave3,0.2805663802004716,0.339245232530194,0.9194580056904732,0.3304814139179499,wave3,0.651274839287364,0.4556828887705708,0.4636390235109318,0.4032675464505464,wave3,0.613497250230129,0.4041540735891591
1910,1.182791459612894,0.8028284418613918,wave3,0.5275150819207757,0.5006653673231378,0.8251099753425338,0.6533948877319198,wave3,0.708695077667193,0.4028609223339374,0.5507494644741031,0.6448070558870054,wave3,0.5113746299621691,0.7349835956177766,-0.109477605932662,0.4909319222557114,wave3,0.5040149022107616,0.7563868271775547
1911,0.5788342609304776,0.6566515387885312,wave3,0.3721665411696704,0.6418744816108313,1.0388325143009167,0.2791369476515413,wave3,0.5206678459439018,0.6830563911580729,-0.9205302193820414,0.4754399149626054,wave3,0.2217674220437904,0.3682508764240704,0.4196271756072539,0.3385195010125191,wave3,0.1540078654921835,0.2942547161961444
1912,0.403569943664331,0.26908592048084,wave3,-0.029233674367028,-0.1507348711104041,-0.7873645624658436,0.2657721084034892,wave3,0.1676487326294331,0.2097713422678067,-0.8915189927830516,-0.0134962699359433,wave3,-0.2690558245584542,-0.3591227554281522,-0.3029081984522553,0.0117587028231727,wave3,-0.3621148115199532,-0.0610820638106936
1913,1.954315823872269,0.4337125018443144,wave3,0.3610651862269116,0.3384073889468353,1.2416310653377625,0.4868064245700634,wave3,0.3570637710742124,0.5378250438627268,1.5186027139984537,0.2013687555740393,wave3,0.15378521711526,0.1418915039850263,1.9065775518270427,0.2155437622067844,wave3,0.1992125902472826,-0.0050720565923138
1914,-0.9484728672325714,-0.1339212430879621,wave3,-0.1793223481118966,0.238020519325711,-1.7471908523179491,0.1445548982728339,wave3,-0.2222400103422124,-0.018455580606784,-0.7177582064747163,0.1512985679806746,wave3,0.034134881214145,0.4096507553313531,-2.0669677914067073,0.1076025834061059,wave3,-0.1353631784819111,0.2788707576593732
1915,-1.3456668609192275,0.4255391685725822,wave3,0.4284460625109862,0.8217513310161575,1.3154739651477731,0.4095404857808218,wave3,0.2616278274320691,0.4650260874035694,1.1099015326621091,0.4955681039621877,wave3,0.5191622430449638,0.6245129975058852,1.338907411732512,0.5389179184363988,wave3,0.3616743846664303,0.3418747344406808
1916,1.1439636671578222,0.7383889462647386,wave3,0.0198166628633393,0.7295061503727052,0.1288889679694709,0.273550976019506,wave3,0.1613944003339182,0.539471546880818,0.1847935619993286,0.8766428377715814,wave3,0.3700924429797605,0.9139353257909036,-2.0652261018724323,0.6893029969827038,wave3,0.4350013134356597,0.773352625692546
1917,-2.216318164336585,-0.2322673377557524,wave3,-0.2491082922232252,0.1763074304458189,-0.9641163807655112,-0.1658055187523353,wave3,-0.2951852390953571,-0.1029685876889237,-1.191050046198216,0.0001497083069059,wave3,-0.2352310053726194,0.128712156653505,0.5036035605336171,0.1372500834018047,wave3,-0.0840398961118113,0.090398773128259
1919,0.4956974650923086,0.1067245032482127,wave3,0.1010989076857704,-0.3119116855025483,1.1302952820267615,0.131549860888964,wave3,0.134069410880808,-0.1508860986985725,0.7171229553349384,0.0567817230523814,wave3,0.2453212786519163,-0.165391857811056,-0.3321943121498169,-0.084752014274098,wave3,0.0022370137247039,-0.3376267792828906
1920,-0.4130806241588795,-0.4485040613329012,wave3,-0.3516403482055628,-0.4709615040536836,-0.3747542066357661,-0.3593231446963612,wave3,-0.0871345879597706,-0.0515596261996351,0.1939978869066871,-0.2531719578025022,wave3,-0.2953323252368478,-0.3261080155245275,0.6099862914046903,-0.0494149942420813,wave3,-0.1481111848886371,-0.342919292910192
1921,-0.6319661505835603,-0.0525314175788826,wave3,-0.0715824929765061,-0.3119555852712468,-0.4188692293662386,-0.1476636081341944,wave3,-0.2797447371987969,-0.2109459199306111,-0.4227565648408329,0.4457206989660189,wave3,0.5408486307987834,0.4361195690690151,-1.1575372972623048,0.0555719756803927,wave3,0.3549064812897689,0.0443288296180666
1922,-0.1142422238570329,0.0260023889318148,wave3,0.024963730720199,0.4612698579706933,0.0982663558070606,-0.1069746976587897,wave3,0.0590607450315265,0.1481102721426477,-0.6749811413198892,0.230223326487704,wave3,0.210234230815749,0.3801782006774603,-1.0654502074304515,0.3398605994614259,wave3,0.2575207613778734,0.2962199617889796
1923,0.3542046604006265,0.6159857515624592,wave3,0.4962141894120755,0.292076833154526,-0.7035196249538068,0.0532161822445587,wave3,-0.0976940258142169,0.0527803966509277,-0.5045319901436609,0.6256963125675026,wave3,0.5650239321578341,0.3863378916623219,-0.2223836499265563,0.2847032614999459,wave3,0.4198704718597897,0.2354348752757945
1924,1.356009578833411,0.2155886701787537,wave3,0.3687681246666892,0.3075820924573773,1.3286096294706524,0.3172147945608243,wave3,0.5326692694543247,0.264150295749652,0.9349728071766462,0.1907941334955851,wave3,0.2794999637474467,0.216005873880261,1.2141729201683475,0.2574577885779326,wave3,0.3338750470244481,0.2572585111889805
1925,0.177746418923581,0.2526898334238696,wave3,0.0252333001078559,0.7272227204576684,0.0080433498930508,0.0131369600462918,wave3,-0.0752795450398047,0.2876558442777137,0.495124201545234,0.5275064698699587,wave3,0.3508162248877982,1.038952679455153,-0.6682646887088448,0.5298392598626986,wave3,0.3705408992353008,0.7697899604734324
1926,0.8485574094167067,0.2308199141182796,wave3,0.1413085597467724,-0.5691220522451377,0.6286193548701,-0.1222665122907515,wave3,0.3225475281314949,-0.2517106106313542,1.262879311786427,0.2409215273867708,wave3,-0.0369151679102013,-0.2168368347576117,1.0605457493588162,0.1714967485279091,wave3,-0.0045789993501156,-0.3919350661455738
1927,1.3229275399778997,0.7133351471983556,wave3,0.684045921188916,0.5145498032497615,-0.0914430024539576,0.5373184688468842,wave3,0.5193696152827612,0.3271357323953754,1.9521211826607217,0.6155247190587017,wave3,0.5435691729829473,0.2485310958705651,1.3195057413952769,0.4861819736027038,wave3,0.4086897649007948,0.1610572572349172
1928,0.5230354246796213,0.2161787847644523,wave3,0.4354292151065202,-0.0565724849427695,0.7101909558647326,0.1591634812250901,wave3,0.1907786031759519,0.1324633752867405,0.8790798891449558,0.3360798321194354,wave3,0.4603162869035575,0.0713270128062593,1.1776724408892985,0.1868905630476265,wave3,0.2351916119313062,-0.1110818721560564
1929,2.54653614764161,0.0431386818780326,wave3,0.4967007592430055,0.5052192324711964,1.1913913135931735,0.4298535862262709,wave3,0.2372483736955952,0.3671206782007925,0.8617085432867189,-0.0171885623675884,wave3,0.4630599861579734,0.3602270582846341,-0.2114060356598008,0.1146794617051066,wave3,0.3579224348690329,0.165504481578503
1930,0.5247492451321879,0.6079107040504335,wave3,0.8088128165471287,1.0117139071408427,0.6212426165365308,0.1888068682919363,wave3,0.3349701175183843,0.5192690322295641,1.2215302108794972,0.7543569390842064,wave3,0.8151658756450937,0.9486377875796416,1.4292018132439122,0.3568007549703467,wave3,0.4320792039581065,0.6466721816043612
1931,-0.6181997528060119,0.1152917482333637,wave3,-0.7050834683511482,-0.4308928052319762,-0.614965976901146,0.1379747848011974,wave3,0.0592648796626498,0.2585192434020735,-0.19184426759679,0.1241831983756314,wave3,-0.7926343139175893,-0.2863406479634216,0.6317132027674736,-0.0122682607023391,wave3,-0.9222572969496924,-0.1583688770994362
1932,2.510694625769544,1.060448217154346,wave3,1.0395221249688196,0.886438418541236,1.5061467108309867,0.820285466390944,wave3,0.8076000610684331,0.7307404005692353,1.2335213541198498,0.8027883875955486,wave3,0.6980076718729826,0.3814170774977401,1.515342607003291,0.7538386405089181,wave3,0.541787427736826,0.2257554108527555
1933,0.4050618193159535,0.3786048483669808,wave3,0.6971440917412068,0.0357080418448187,-0.6984019740065808,0.3951935076512936,wave3,0.6571303358207967,0.1648962143605936,0.6186827132371145,0.4375179042497126,wave3,0.3487908805761899,0.0434697701512969,0.0977474929151259,0.4534054249559645,wave3,0.1703170487430288,-0.1487905261326735
1934,0.2592182512730953,0.2884920104387394,wave3,0.8184925533581171,-0.3301107451701144,-1.2992830230496153,0.1538994898834997,wave3,0.2422442976193417,-0.0442711052803679,-0.1665056905138167,0.2679164483177541,wave3,0.7954803853075076,-0.0542499337291726,0.0117818549296394,0.1684016159506119,wave3,0.4998138604295879,-0.0291363223444648
1935,1.4897507264013916,0.1059914261340893,wave3,-0.078666296092182,0.2406731953164702,0.8851930983869959,0.0597661377496054,wave3,-0.251895897800986,-0.0483194775593729,1.0498277692042766,0.1267913857698128,wave3,0.1570522450752531,0.6231451255721887,0.5715660611131091,0.0576104184417938,wave3,0.1675074251137556,0.3783165456954032
1937,-0.4850014315184524,0.1374413114951003,wave3,-0.2811598544482305,-0.0567422209091499,0.4713884218101761,-0.0838898738161428,wave3,-0.0077538751644425,0.0796244609824003,-0.2901706528195692,0.1489896994856607,wave3,-0.1336605228164669,0.0033470286289603,0.3614050318235415,-0.0658416169939075,wave3,-0.2632846475129355,-0.1212705172442022
1939,1.24279382423597,0.4911565062913023,wave3,1.019211091051004,0.9259594375544786,1.0649195806430536,0.1581133391305844,wave3,0.5669856854249062,0.4803796364399983,0.859805410438223,0.3713362245332332,wave3,0.9438373713232672,0.8564667626110323,0.91255133217382,0.3948359881146828,wave3,0.7788363070274642,0.7935760920182984
1940,0.4425497811711312,-0.4630987516812639,wave3,-0.5230923448186906,-0.3096239662066522,0.0855978831556265,-0.292156535645822,wave3,-0.4001842389089181,-0.232339572803695,-1.3441691502813873,-0.1672221501485382,wave3,-0.0847212998076911,0.3148472142306602,-2.445538546304554,-0.0954966023258571,wave3,0.0111611571553405,-0.048454933167848
1941,0.6134811850121163,0.9441100549263576,wave3,0.3558722187667609,0.7551769145186347,0.4369755742370971,0.5004858967347514,wave3,0.2330085779515174,0.3829669648427922,0.7361312130495342,0.5747217821767983,wave3,0.1115350031033264,0.5420166379562694,-0.6802878907233267,0.3057346225191531,wave3,-0.0301496965917126,0.5507694004481432
1942,-0.0330583509371687,0.2406167493160627,wave3,-0.343339107427266,0.3257338207634195,0.0001971855721339,0.2201021077559255,wave3,0.2484136529797627,0.5282306776906955,0.3821669279888682,0.103766270581898,wave3,-0.5551910364376407,-0.1999195638777346,-0.5961876565261462,0.178474166029732,wave3,-0.3421521470316226,-0.138310559781545
1943,-1.6971033957576194,-0.4203846306620691,wave3,-0.3737334854084384,-0.5605109468894298,-0.2187697901577104,-0.1629972101238859,wave3,-0.6270654115099374,-0.3771992133457484,-2.2909850650188495,0.1175287014927013,wave3,0.1472146346583911,0.0762826085732992,-0.5841986779713817,0.1446623210057177,wave3,0.3489663728806172,0.1268874669001614
1944,0.3566024198754566,-0.6245033297591953,wave3,0.1303223360916252,0.2127539246582763,0.8214178827391571,-0.2067121687933839,wave3,0.3793961061396922,0.2154552917377452,0.4213790467746001,-0.5015407714760776,wave3,-0.0801579152984119,0.1945912051366525,0.4903731910844295,-0.4373589780312119,wave3,0.0313174640456591,0.2736859377502807
1945,2.652754630471134,0.8080481070861945,wave3,0.5960422628074187,0.7193303126532289,1.8911869032443536,0.4085829235418503,wave3,0.3909042919878696,0.5318260953419951,1.3268966879735176,0.5925378482390213,wave3,0.3689324145704877,0.5467538756852273,0.2435151551771139,0.3377969755391675,wave3,0.2863270388615098,0.4262827443833175
1946,1.0595692690589444,0.4368143099171364,wave3,0.6393757122023129,0.4457763811206683,0.009961961877007,0.2291918022135834,wave3,0.3864420487961555,0.4361607402169618,0.5237237447008725,0.3813445580537404,wave3,0.6434134933815794,0.349891043056914,0.2863157478298889,0.4648274382979876,wave3,0.5881327647016474,0.5726262995340086
1947,1.3804319199744337,0.6125940745583667,wave3,0.2487976458740468,0.2443550782432493,0.4336386582587236,0.1819770976052031,wave3,0.1626355625310351,0.1580751267817566,1.1470305095148854,0.5545251876162354,wave3,0.2675812468497209,0.0214547494694246,0.3896512738083606,0.3036352304137455,wave3,0.0589154143200303,-0.2897383675849314
1949,-0.0218670440653595,0.0871709080429137,wave3,-0.7623984417107383,-0.0321093673663623,-0.5457410528560988,-0.2905584110352028,wave3,-0.5385212479200276,0.0219115492393278,0.2326634376064188,0.3148789561339642,wave3,-0.2848840160415382,-0.010233633248859,0.1926938069167473,0.1187326945523866,wave3,-0.5058985563512521,-0.0891443783211489
1950,0.5361638213910767,-0.0440796458257932,wave3,-0.5195638795942297,-0.1859594081908695,-0.1499791090453587,0.0261495216016445,wave3,-0.1501662486546398,-0.1645824992941211,0.7689895474868469,0.1186577014714753,wave3,-0.0441902843044754,0.0174641081673652,0.8493612539022919,0.1109610585462033,wave3,0.0240722426774698,0.2498619925924917
1951,1.5684763296355584,0.4007230039182801,wave3,0.3391628508996147,0.5197003606770503,1.666154441509553,0.0687080193989,wave3,0.2382296642683365,0.4815936582815545,1.4093815307551705,0.2760275452061087,wave3,0.1337198007699096,0.2204683900784476,1.455907125468423,0.1596251207337398,wave3,0.0571992071219858,0.3439908183118428
