,language,language,language,language,language,memory,memory,memory,memory,memory,executive_function,executive_function,executive_function,executive_function,executive_function,speed,speed,speed,speed,speed
,target,cookieTheft,wave,picnicScene,journaling,target,cookieTheft,wave,picnicScene,journaling,target,cookieTheft,wave,picnicScene,journaling,target,cookieTheft,wave,picnicScene,journaling
sample_name,,,,,,,,,,,,,,,,,,,,
83,0.1275136977426567,0.103097869742033,wave1,-0.100890125843946,0.2652768560326382,-0.0208416004634395,0.0262085840151609,wave1,-0.2288848849110543,0.1967079576200048,0.9049319425661132,0.1443194592620532,wave1,0.0342849955838541,0.3138549260189022,-0.2931249522626943,0.0189727102216302,wave1,-0.0526185136617493,0.0586632945318679
84,1.5909996034411122,-0.0449274497402512,wave1,0.202195376461773,0.0566144664853607,0.8230068675731378,0.2636842511345187,wave1,0.2808513156947352,0.0574666476761953,0.9850799541672212,-0.2084086196039913,wave1,0.0908478322263166,-0.1146618128727288,0.2703901960584017,-0.3311925792581651,wave1,-0.2400785956781295,-0.3388294056777376
85,-0.1375634546671918,0.3108727253941858,wave1,0.546613444940395,0.3127331597450205,-0.1412879584720527,0.6150376411742517,wave1,0.7773263541917277,0.2051686941186152,-1.4527595557191588,0.2198449073580914,wave1,0.4757584508381924,0.3530764019784165,-1.356771763118752,0.2142350337695006,wave1,0.4545200871906117,0.2107761757881455
86,0.0849978788587147,0.6711578426750209,wave1,0.6909921352039325,0.5960705202877148,-0.4466850333524393,0.7326358295476613,wave1,0.9123681818810312,0.6831450146054657,0.2044406063108743,0.3094738625613578,wave1,0.5195098881005344,0.3012001640837709,-1.0627851816960208,0.3253199587016111,wave1,0.5241575597754384,0.2855724244518176
88,0.1236477469678027,0.5862526790839002,wave1,0.6996662787548336,0.5708904147495057,0.1054574288416571,0.0771157675775947,wave1,0.0877488947214665,-0.0869361240069866,0.2686569185337796,0.3811649236421768,wave1,0.6138905040598448,0.2488000923830185,-0.2343059026251225,0.4633320506996414,wave1,0.7550338608957328,0.4704097286488904
89,0.9477145613081764,0.150106473946296,wave1,0.3605614286130185,0.0700144206242399,0.9164716170704468,-0.4292821598173253,wave1,-0.3049185792184143,-0.0507322992299528,0.7214983144981956,0.2359550844004829,wave1,0.2294895691316962,0.129982911274643,0.2628928432399975,0.2782421963628644,wave1,0.1086119964345761,0.075651022801985
90,0.0988909012404879,0.2034714363563334,wave1,0.2819121653963543,0.0185289130735919,-0.5882865783337745,-0.3408182113908289,wave1,0.0209208754724063,-0.4576513225850251,-2.0841135303309404,0.271025871881301,wave1,0.450569195942577,0.2302474248971613,0.070312470940905,0.3516433337953449,wave1,0.5242512053708142,0.1287667550779528
91,-0.2470823624642878,-0.1263087716656699,wave1,0.0148455207828206,-0.8398493978006036,1.0613184245685725,-0.1824622819744972,wave1,-0.4322121345677847,-0.5676582085696271,0.3360119839550906,0.3089293626637868,wave1,0.5756060319782301,-0.1186971432604704,0.3777593782942584,0.2777331164506552,wave1,0.431145405323165,-0.0558921484499232
92,-0.8950476860310591,0.2213047365988476,wave1,0.0843461762034945,0.2599922003171158,0.4402711860986426,-0.180037029398308,wave1,-0.2170537799509031,0.1204005437031636,-0.2372919774368483,0.2957904861442499,wave1,0.0652937509108957,0.2700250133523099,-0.5187345792887774,0.0115131145376664,wave1,-0.119474490283867,0.1325673727987985
93,0.90025917826159,0.3820377368930181,wave1,0.2870412456290441,0.2621696819347361,1.2083291796518605,-0.2685863118997518,wave1,-0.2095054265888922,-0.1968060489041594,1.46049661022357,0.2637972140294568,wave1,0.1270680939628074,0.1968079517867524,0.4768352878233019,0.0688007290716258,wave1,-0.1972457905395138,-0.3074158918232971
97,-0.1251982077137691,-0.8465404657502544,wave1,-0.1334693799232611,-0.1351841426033022,-1.1056300432497954,0.0585999759348889,wave1,0.2419889062601923,0.2966866384008142,0.0551392778519724,-0.3338428846560644,wave1,-0.0135168671274674,0.3717364393664482,0.6633776603176247,-0.0156786179980806,wave1,0.2399699026465306,0.4627305256722719
98,-1.6813213924202113,0.4932689507573944,wave1,-0.563953610872393,-0.0151180170220472,-2.436185028070028,0.2553443584283541,wave1,-0.0488763223975805,0.1786724139892554,-0.979034761005394,0.5582544767221644,wave1,-0.2652977572951502,0.1636588477652949,-0.7510437149379476,0.3205979969144139,wave1,-0.2153461594605898,0.0649121767169349
101,-0.3009252742390148,-0.2248736504802304,wave1,-0.5887666091511743,-0.595210374139634,-1.839421822887495,-0.0246014856326931,wave1,-0.0148405145566233,-0.3821991066229308,-1.163842341180762,-0.7633776933414557,wave1,-1.10616334162468,-1.0367825269380413,-0.710630343748174,-0.6747878056949754,wave1,-1.036045687947745,-1.0375490037748296
102,0.6295419212732077,-0.655527695445588,wave1,-0.1278042119612306,0.1746322367451256,1.0811122531762964,0.2782313193001305,wave1,0.4468845147685608,0.5132633885035153,1.2209484874432552,-0.3789052513179649,wave1,-0.1762192877122574,0.1925455061172367,1.2794755866617906,-0.1184076111294991,wave1,0.1170834731952294,0.4010981657747934
103,0.5164686363300379,0.6746334589891152,wave1,0.8146984866582168,0.3913938141577207,-1.7036287301480215,0.0337190882711215,wave1,0.0008466315511665,-0.1210629352822403,0.4560446049166364,0.6394761497315311,wave1,0.7290581372454461,0.4664435946403228,0.257827823330663,0.2496883522290024,wave1,0.4614399634898772,0.194847108634503
104,1.9556646331997072,0.7279664754598127,wave1,0.6394634496696132,0.3338173734991305,0.8000030472828137,0.5082456135063407,wave1,0.6892601351671808,0.3731923900459402,1.2697681841745168,0.8063128315538509,wave1,0.7934377429145779,0.3086506277859203,1.1750990677122564,0.3635414011797727,wave1,0.4052095111931804,-0.0773356648692486
105,0.5516670223548814,-0.3110002845821558,wave1,-0.3437107357116018,-0.1391940403022664,-0.3431896881513977,-0.0840150130951057,wave1,-0.1172199221786843,-0.2216658852957159,0.4103175848846254,-0.1211500585045582,wave1,0.0139360971310139,0.0238772619850545,0.0782405775118678,0.0992440692495226,wave1,0.0771239615867238,0.0939815865432702
107,-0.4978171093164543,0.0210381731506534,wave1,0.036600669171926,0.314217054416481,0.2182324389106167,0.2903047493173631,wave1,0.5239463183815181,0.2549876473050592,-1.4589017459552942,-0.1298237077162936,wave1,-0.0882158790036062,0.2152691158793169,-0.8576570796572779,-0.2485194979749549,wave1,0.1994514685632112,-0.0912491943486992
109,1.7757488579552432,-0.4235773761062666,wave1,-0.4939467284744763,-0.7121725821508662,0.1597477902275357,-0.4182044428082688,wave1,-0.3436436584895203,-0.3174014825633845,1.5047184001503622,0.073982605058397,wave1,-0.2417292462801047,-0.0856567501814896,2.342263696536211,0.2823767841227504,wave1,2.384682481210154e-05,0.0070515356673474
110,1.7243512698407577,-0.5567447332710185,wave1,-0.584516647163883,0.0884874442246761,1.004971008856422,-0.3392323693597343,wave1,-0.6680904915116321,0.0171343565869648,0.693853676163841,-0.5549086416392133,wave1,-0.4322764409820579,0.3724685917723122,0.5615221351585333,-0.6754304525282001,wave1,-0.5608299530255286,0.0076716807179618
111,-0.0080758738104662,-0.9800445728028304,wave1,0.0344823984250433,-0.167931587102915,-1.639321512723408,-0.9133238327696224,wave1,-0.202072271779669,-0.338057658117848,-0.3910118572919149,-0.7776730487015606,wave1,-0.2472964178125956,-0.2675358554633607,-0.7119963967651363,-0.3320864560439601,wave1,0.1880753953016612,0.0664474309301824
112,1.1244009817362226,0.5273996396044176,wave1,0.3933071139779904,-0.050182028372822,0.1849612764562636,0.5140176946332153,wave1,0.419189141333828,0.4960347293780325,1.3716042788474947,0.7728457498573298,wave1,0.6290779549060059,0.2652431593461242,1.5593196682301913,0.7577475432300074,wave1,0.4157131159162586,0.6464524666891087
115,-1.6770258971332803,-0.0438121098068602,wave1,-0.3199658675405494,-0.9544898646004742,-1.6863648032843852,0.5165807633141588,wave1,0.246048541033971,0.1032673364271632,-1.9304551311986025,-0.1989894247222208,wave1,-0.3709129987719247,-1.0484990766812026,-1.345215478086579,0.4809879363426815,wave1,0.2382227909374138,-0.3185850350183593
119,1.2638566985939406,0.150456425326837,wave1,-0.1090564759311336,0.1826166045038195,0.5096319685673147,0.4039711581039804,wave1,0.1908672206906652,0.4504299630702388,1.4089609865166035,0.3190655534935389,wave1,0.1400816750108659,0.2339029315403575,1.1562754899551562,0.0920936906362796,wave1,0.0834989437911685,-0.0770086671099411
120,-0.2910323674809579,0.0053917414157509,wave1,0.2344723054871704,0.1303510932864955,-0.5831192765323929,-0.1677216723419257,wave1,0.0490413959019904,0.3482220111941709,1.049083586546853,0.2109882301649406,wave1,0.32709646567435,-0.0886876869015151,-0.3575505068151014,0.1417842724744695,wave1,0.2142322375843592,0.0658648747037382
122,-0.8985957200449888,0.2430369423730498,wave1,-0.2213884761690252,-0.2877411986495217,-0.853440104266455,0.4679709577617033,wave1,0.4104362689834648,0.296593129681826,-0.7839484315302231,0.1553175324884415,wave1,-0.2525888238427893,-0.2533494128345417,-1.3454620604790726,0.2189521175265288,wave1,-0.0338243741952938,-0.2254219006185204
123,0.3728859081187028,0.1103361186123748,wave1,0.433742944628134,0.4402498249623794,0.2232109965420194,-0.0610277859351844,wave1,0.1699111138205624,0.1396605052814499,0.359008778824946,0.2723446324948049,wave1,0.5168421223764712,0.6136563183739385,0.6464840115105512,0.2956278461303624,wave1,0.4539929614578218,0.6593675361053993
124,0.1195516526752519,-0.4642795858038284,wave1,-0.5909435357366855,-0.0270203788735812,0.8702426561933236,-0.4209517464183177,wave1,-0.7893533007944991,-0.2226879410230824,-1.1398992739670837,-0.3438955269890704,wave1,-0.4575268072048977,-0.2876649929542862,-0.3949875153317401,-0.454204814909004,wave1,-0.6282542065009421,-0.2445553669767387
127,1.0610745792689102,-0.3670538559242429,wave1,0.1579729857493288,-0.304147312672737,1.5309819060622802,0.2425967758857308,wave1,0.5371015286277319,-0.1596377847777119,0.3671390042715691,-0.2414480880761771,wave1,0.1625610913692057,-0.1937618154666038,0.3011411278435906,0.1558851877151444,wave1,0.5277280228591988,-0.0386971421408083
128,-0.9954748939605506,-0.5080866546171299,wave1,-0.8544015605801634,0.0256497936933346,-0.1309482506092666,0.2102653559087746,wave1,-0.0713841964139412,0.3022054849268047,-1.140118771460095,-0.326678861365109,wave1,-0.6925783857002916,-0.3016026781578482,-0.8146500992334664,-0.6282889656515406,wave1,-0.901158703569268,-0.43799424255461
129,-2.17363683598968,-0.2306246447916899,wave1,0.0219156668978723,-0.2238124931806222,-0.2099014556122037,-0.4741339579143619,wave1,-0.3292321676235288,-0.4816621361616702,-0.6534408731732292,0.0929492371535103,wave1,0.2448055990201065,0.2299772180015715,-2.8251280990424936,-0.0847349646124717,wave1,0.0460347926917914,0.0119551756256805
130,-0.2251185306775135,-0.0642959476739601,wave1,0.5349060874684146,0.7641992076817172,0.665475434772903,0.0290103750576575,wave1,0.4263181953526243,0.509882542016945,-0.16512328214111,-0.1476570898805955,wave1,0.5031111495522516,0.561653363607364,-0.5813349800753402,-0.2159528445803883,wave1,0.4247951276893756,0.5449142190013988
132,0.032607668058338,0.4303594016181598,wave1,0.6593449935639,0.3719939689455191,-0.1288104112670345,0.2282750680627276,wave1,0.4424342287213865,0.369648024384152,-0.2096618090721632,0.3758124727424989,wave1,0.4707745297847372,0.2696889858250137,-0.211837761582304,0.1718657737993036,wave1,0.0631164517042765,0.01610990062197
133,1.0134905526822566,-0.6896616242312557,wave1,-1.1307373951292083,-0.1296106009463207,1.0283453555239457,-0.3353502966442956,wave1,-0.8618521767874789,-0.3258309869850155,1.0461438020421372,-0.3166676335971135,wave1,-0.4311229682136239,0.407182120814882,0.4811119712810019,-0.5435712955050711,wave1,-0.5620913903822324,0.1214772692115188
134,-0.4636889201423938,0.0851674051057242,wave1,0.0229570298011401,0.0253529326022867,-1.149700067941612,-0.2668086056210688,wave1,-0.6235078093148492,-0.3311403881954746,-0.7230069980174789,0.154735917478373,wave1,0.1806394512692702,-0.1640278128023417,-0.5420091706071402,-0.128012753745831,wave1,0.0605292631122834,0.0010208352972692
135,0.0320999300700703,-0.6524988757220893,wave1,-0.2366353350875802,-0.4658885109272093,-1.0870539028433934,-0.065683331166868,wave1,0.2620647360561476,-0.0779753326604439,-0.153660002845558,-0.8164296468491383,wave1,-0.4616255729357921,-0.4492908898429417,-1.0257107899370492,-0.7351856093459839,wave1,-0.3890093493241999,-0.5683350464818293
136,0.4455017066543169,-0.2872099000477182,wave1,0.2820070356158075,-0.118173904696232,-2.260356797851577,-0.7379332632143938,wave1,-0.5706979299226025,-0.7241239308469871,0.3831270545724705,0.1044009951800857,wave1,0.3550470297676023,0.2811320514817603,-0.8544068605819595,-0.2014494072266579,wave1,0.1452630790648648,0.1403064869462102
137,0.1964584242415069,0.4027200243681879,wave1,-0.0826483280056535,-0.1848708449869975,1.70200434389953,-0.0031841184570504,wave1,-0.2739199303234452,0.2107197331702424,-0.9427793283163536,0.3030148776089378,wave1,-0.3669115988404712,-0.3015079965947327,-0.6978842696954091,0.0493149261541267,wave1,-0.3410455297029749,-0.1435302532192789
138,-2.528899944112497,-1.3389709870840332,wave1,-0.4405558524880166,-0.71548235207136,-0.7006640534081091,-0.256063830179121,wave1,-0.199267791645706,-0.0305623283589903,-1.7528565378629553,-0.8439940819365327,wave1,-0.4432974360340945,-0.3907589800780769,-1.9811771726158312,-0.5552541117112781,wave1,-0.3057543310502187,-0.5106491107288988
139,0.7567696340733142,-0.2555490306143413,wave1,0.0979823223426541,0.2120662087765528,0.861836603692779,0.3412392620262561,wave1,0.4788229978726646,0.3867785812193558,0.7268523017419799,-0.5331554385481738,wave1,0.01469376945028,0.2186928129995247,0.2315913859706644,-0.2002033558814933,wave1,0.2000175181186256,0.2856092576961271
140,-1.52313995565173,-0.3496189567339738,wave1,-0.3722473305648996,-0.5094644572904854,-0.8322927770572043,-0.3374079439309285,wave1,-0.2096236290707074,-0.3777008769980139,-2.532905118032879,-0.3321839543634989,wave1,-0.2953442860057834,-0.2380543044258168,-1.325373947615493,-0.2729336522225724,wave1,-0.482520858348665,-0.2791202384650013
141,-2.2536068161335856,-1.3546356404795048,wave1,-1.0437455464155174,-0.9102855091741906,-0.4452793794738175,-0.0834868148045169,wave1,0.1917663116959675,0.3989009660572828,-2.238815321419642,-0.2812212916822963,wave1,-0.6200945202333412,-0.5142741458659181,-1.023959574954848,-0.3616102010468059,wave1,-0.4891594334963208,-0.4430334333464197
142,-1.5521804540443724,-1.2682802699708202,wave1,-1.0034337335297474,0.2086390076530855,-1.442289890943498,-0.948574653579868,wave1,-0.8102931957148296,-0.3149875734193641,-0.9807109234463603,-0.2308440750594411,wave1,-0.1139947129712455,0.5262874439694509,-1.54632284254295,-0.6579140148925319,wave1,-0.4247629911774914,0.2140174437862266
143,-1.1241992386874382,-1.1868541114947682,wave1,-0.9660552590564052,-1.6215149211121582,0.2351286074456673,-0.8811554400969164,wave1,-0.7347255726699413,-0.719884433028048,-0.9028998817227026,-0.8654604570419104,wave1,-0.7941482564990496,-1.4577230486405528,-2.127512254942153,-0.4730751657828054,wave1,-0.4678509966479725,-0.8177233360337084
145,-1.1028871876468882,-0.5283363532935779,wave1,-0.551052181246285,-0.0951582713402832,-2.325726825185101,-0.6962829246443609,wave1,-0.7428586764944451,-0.3289130435155132,0.2019066467196101,-0.0642735761034696,wave1,-0.083220702688336,0.1489583138225245,-1.0185880961090203,-0.2767376561520844,wave1,-0.3102682110566963,-0.0308345392846383
146,-0.137453391647147,-0.2014503434978904,wave1,0.1402183465430955,-0.9174523459502386,-0.1745960984008969,-0.3329088760297893,wave1,-0.1583196886607627,-0.346051300572848,0.6226666636991879,0.1083158003262092,wave1,0.2906114086858025,-0.2634069220367199,0.1865371795467825,0.293513521763061,wave1,0.4946170210568595,0.0172306936732898
147,0.5840179508399318,0.7319169715851241,wave1,-0.5739326135691594,-0.0460309675683665,-0.0501894249357846,0.6638341582987008,wave1,0.0409017164042557,0.5026222733128431,1.0463061306072967,0.6705424797293995,wave1,-0.5861194390168565,0.0800462378017993,1.0344198911213145,0.6695853011315142,wave1,-0.2526107791736786,0.0973057941884
149,0.3905703626533044,0.6462001950508971,wave1,0.4114260428472707,0.4056422851997658,-0.1490376303365319,0.6643772830029806,wave1,0.5981991541997149,0.7017770062040465,-0.5309807535115179,0.7263334318148671,wave1,0.3329241065527279,0.5819142183667811,-0.5353630402053816,0.6412651312247019,wave1,0.2886630954003636,0.4726840345288469
150,0.7954608543296317,0.3964443206210413,wave1,0.3820495369976482,0.3936652616674057,1.3429334538134785,0.6779732926622568,wave1,0.5442330791637557,0.6609926491567233,0.7775896166207059,0.4350413678923723,wave1,0.3370054459384082,0.4519701917928975,0.9286580385747084,0.4329206126200913,wave1,0.6047270425105191,0.4565363547575942
151,1.3101812219851483,0.2787419020508959,wave1,0.7221603307273678,0.4869015536834693,0.3769800079891195,0.1231137611584831,wave1,0.1336586337596312,0.1070585859966379,1.1804625610918582,0.3831746367537195,wave1,0.9349171251303546,0.5128967253487097,1.5221378785962048,0.1658664525345817,wave1,0.4186986496496417,0.2973799108139615
152,-0.1029295988037536,0.6184839100820079,wave1,0.5497807058163415,0.7198708398030824,0.5112585997549784,0.5022742440886747,wave1,0.6620619027503543,0.7321240439208785,-2.049843529028116,0.317289265041234,wave1,0.2287187576907472,0.2739201466979022,-1.784978822319341,0.4386237384149184,wave1,0.3987738780411308,0.448908730660465
153,-0.090393066135252,-0.2029612376254157,wave1,-0.2952831206564472,-0.2253101693281405,-0.5557178724273614,-0.1887276308354678,wave1,-0.4801009658650174,-0.3790103673521424,-0.1092979599965183,-0.0564474274936622,wave1,0.0238822865703979,-0.186267043384957,-1.3047211406652166,0.1464667997901462,wave1,0.2194247538260935,0.1101980160152548
154,-0.4759642899443517,-0.399473624335843,wave1,-0.522369981196023,-0.6657992035692781,-2.20143254277022,0.1649324254315031,wave1,-0.0077054643051722,-0.2616119522528787,-0.6346586567024828,-0.1804148887079717,wave1,-0.2872347903326464,-0.4152080136368081,-1.3419203192876752,-0.0239031757286756,wave1,-0.2066177136389544,-0.3771641747751693
157,-1.6229416710476725,-1.3927628863872197,wave1,-2.213584244620762,-1.160801140302839,0.0868580951664462,-1.3586955663860103,wave1,-1.5917146992752371,-0.7167400930892474,-1.6524641420175132,-0.4785136489530346,wave1,-1.1020886726129688,-0.5811257457151104,-1.6487460948723658,-0.5328663220262269,wave1,-0.6996874694920567,-0.3896312558746171
158,-0.9112804576290964,-1.0871528260808634,wave1,-1.2133437097958444,-0.5828160361002857,0.7242763436305777,-0.6000141958644545,wave1,-0.5040968779708657,-0.3613815997019347,-0.6361078420872188,-0.6600331792900926,wave1,-0.306573220843316,-0.2355217722467368,-0.0141007679784007,-0.2465927580614875,wave1,0.1403573644577238,0.1234809078190304
160,0.1595667677479382,0.064157470738142,wave1,-0.0880957162387963,-0.0991222013745458,0.957327951714961,0.3624314616415425,wave1,0.3564693211397769,0.4542189799652079,0.4535253423696602,0.1722303579346928,wave1,0.0097820440837961,-0.1145394258370542,1.0912065538397149,0.2422835889267643,wave1,0.0963615639942326,-0.0235792362680914
162,0.2542255439406932,0.2684079539177748,wave1,0.4538664948558684,0.5001484293357876,0.9278563094372,0.2089907366164718,wave1,0.2508331911813566,0.0769020875532073,0.2339845196657983,0.3810333036284594,wave1,0.3512451075480884,0.5455823535360371,1.3037002778658004,0.3473389287976512,wave1,0.2452407175206045,0.3137569316787284
163,-0.9037964453054512,-1.6539127069706432,wave1,-1.7269531187496072,-1.3879322768215336,-0.0170173437207655,-0.6791889125883772,wave1,-0.9353380902716912,-0.3263964181230729,-1.5815519374818978,-0.7476333590197617,wave1,-0.7663580641692602,-0.6009998380203709,0.4090401441153145,-0.49169222263844,wave1,-0.527532724912159,-0.2761516712608335
165,-0.5837139320892694,0.3588096899656878,wave1,-0.2844424885880909,0.5181996268325444,0.966581968641579,0.4070812352818689,wave1,0.2367414707846324,0.7411648302580929,-1.6406347655001383,0.4293107827038225,wave1,-0.2719585746364978,0.2782673501102857,-1.0827903042363252,0.5220438546280883,wave1,-0.0048243924830785,0.4774851286993749
169,-0.5309864633211145,0.3185242135619992,wave1,0.2983646540800491,0.2599424059132387,1.159189463004163,0.1482931852741054,wave1,0.322251291043319,0.3995805463157149,1.4851275470902865,0.5159476226665825,wave1,0.2934691719091007,0.3396519180226733,1.2326177796878917,0.2131909512720932,wave1,0.1137372051695134,0.0843030331477457
170,0.2124497141487794,0.2173618979685809,wave1,0.5171157983136918,0.3979740785161516,0.3496654801999989,0.2895023227141761,wave1,0.8520426061155032,0.617718250295782,-1.1434823561613194,0.4249020254413128,wave1,0.3708701901729226,0.3367079704141099,-1.765870490838193,0.3420523751299175,wave1,0.4570076601411607,0.3035429655202243
173,-1.8731959846861332,-1.3237492599998202,wave1,-1.0101447984363423,-0.9555864179932668,0.1523421941035382,-0.826379392067113,wave1,-0.7720185634425036,-0.5320149279922639,-0.0436879776201324,-0.9227090514597328,wave1,-0.387113292569246,-0.5402378676868365,0.5198332403287227,-0.95186568452482,wave1,-0.6786737803101403,-0.6937528624477171
174,0.9036830816976168,-0.7000504947811292,wave1,-0.1545330938094762,-0.11218707285971,-0.4725080106260278,-0.4882976636331286,wave1,-0.2158516491152284,-0.242079546138743,-0.6905150940178127,-0.3787845977989082,wave1,0.1027217932982531,-0.0283616820843786,-1.1072694901556264,-0.3905638845202922,wave1,0.1378879974589152,-0.0280289620187351
175,-0.1652692864182847,-0.1517993969549309,wave1,-0.5211986417432135,0.3465506660562161,-1.062390482278094,-0.1048887630757779,wave1,-0.2118201406156998,0.1939912612982492,0.1029670393039615,0.3388238032419949,wave1,-0.0129225696554813,0.5617041693852298,-0.1202052973449206,0.303187833057995,wave1,0.1242543274546396,0.4644370333586401
176,-0.059503807350373,-0.1131454749733966,wave1,-0.086808323052226,-0.3243796722974366,-0.1877432773978835,0.0111385267906669,wave1,0.0842691916398172,-0.0699956293586483,-0.0649551920238556,-0.0619962272008738,wave1,-0.1609663558680217,-0.14562425633293,0.0258508695075548,-0.0284438249565018,wave1,0.0803503278017229,-0.109578768353776
177,-0.8580387868836254,-0.0788458663574058,wave1,-0.0626630344374361,-0.0775198109120431,-0.2284405057639784,0.4349557822999168,wave1,0.3042734015935431,0.653605047421939,0.122367868923678,-0.2665514687569595,wave1,-0.3242085794208014,-0.1669975686327512,0.5595122118213146,-0.2567172443543789,wave1,-0.3535836971746383,0.0543176034353446
179,-1.1904033155634597,-0.6401763014360327,wave1,0.0764119669037282,-0.2301538764822444,-1.482908302774945,-0.4174742573644305,wave1,0.1198066855793769,-0.4424873189248677,-0.2313111711157765,0.0265790047923348,wave1,0.5757788721662036,0.308838919745414,-0.1196526429882877,0.3236466783594092,wave1,0.954175209177056,0.6466083566081027
183,1.5943425278315158,-0.2593179146655617,wave1,-0.3671077029500802,-0.5818043098435086,1.3974821126862234,-0.1443755961734263,wave1,0.0050201929987268,-0.3423640103710026,0.5174046603178939,-0.1557539967549954,wave1,-0.1525003253899941,-0.0822774544956248,1.1585486263341478,0.0387859639976969,wave1,0.1450982578541156,-0.2017237513665911
184,1.6359959057962556,0.8132878481260826,wave1,0.675356860315552,0.5130468431622823,1.201065409504457,0.8550627674828707,wave1,1.03204585352738,0.6604671849052924,0.5285440784831738,0.5896051219089593,wave1,0.3903090049684652,0.4360396966108906,0.6205193512065625,0.5214519606155321,wave1,0.575450061473102,0.4892953629290668
185,0.0295216091037317,-0.3289405184624723,wave1,-0.3260219249223932,-0.5331258406961679,-1.4983824487980768,0.0761314080242704,wave1,-0.1081115446989869,0.2626039110020065,-2.2968918340112254,0.2814104261021841,wave1,0.2254050557416629,-0.2776547630356856,-2.301680035876477,0.1243763071636674,wave1,0.0214678170475048,-0.163300241065482
186,-0.0869017217201416,-0.0293342525080186,wave1,-0.1640097132037505,-0.7082168332695613,0.6765651425098792,0.2150132699598909,wave1,0.3231217570621348,0.0210053773105626,0.2434053513723356,0.0117811985371932,wave1,-0.1252278688414324,-0.527378987244208,0.7195113996431695,0.0951177176851753,wave1,-0.1332206250850865,-0.4044368043884017
188,-1.3348901428414457,-0.7198326986946593,wave1,-0.781613019680869,-1.0653645179699884,-0.9572998753119538,-0.2117553867531938,wave1,-0.1334162377872523,-0.2029586682410589,-0.4951560290437359,-0.3203876474563827,wave1,-0.5800384756050885,-0.847238271349944,0.3522460107806292,-0.1158120713866246,wave1,-0.2158309725784218,-0.5664715968181957
189,1.97455827867301,0.1125684037612138,wave1,0.3335280994771734,0.2456208777696527,0.2568239236455544,0.415404712707039,wave1,0.6357192610646061,0.5070353716742491,1.114611360543787,-0.0237807183964056,wave1,0.0420770233963561,0.0808213193037945,0.5377479923668056,0.0265821508557775,wave1,0.0729989098257113,0.0305973759490569
190,-1.0462062716763028,-0.2511725282630346,wave1,-0.9623896712758508,-0.2214070861416797,-3.075974700706919,-0.9524542788804866,wave1,-0.7478399805532678,-0.2543548866889544,-1.330788562392204,0.2114154125741254,wave1,-0.3426458967751553,0.0522387752158743,-1.6802098176732445,0.1400905939174269,wave1,-0.2119013834468296,0.1372069716645961
193,0.9322749196140632,0.2743264565512322,wave1,0.2261009311656212,-0.1895476799558535,1.1456680850444254,0.360049724365031,wave1,0.4207063020842309,0.2757681967467412,0.4190139565026906,0.1149114484182767,wave1,0.1237587909619517,-0.2295900608430294,0.1010698006527345,0.2458691556242962,wave1,0.2912087502243106,0.0736364475085589
195,0.398348273313366,0.0774875143793423,wave1,-0.4616917442339403,0.2606552414914622,-0.6548062859668582,-0.132338853874647,wave1,-0.2727697308610046,-0.0886382755263659,0.8939263022435081,0.0742754703687234,wave1,-0.1644279900905008,0.3389178463806004,0.8339607721616397,-0.0210789986199291,wave1,-0.3000022321602564,0.1901185131011229
196,0.5702870859532085,-0.2242550993594141,wave1,-0.0200487254048511,0.2723608395187915,1.2962815617045504,-0.406311596422511,wave1,-0.4911452979046764,-0.451611727577033,0.4771511583445918,0.1124128923380935,wave1,0.4111049052740838,0.6011080525156929,1.2140246214803063,0.2126457876065554,wave1,0.3617553774795504,0.6376800153403025
197,-1.2009495048811136,-0.857655742315965,wave1,-0.5037748365252672,-0.575262649405464,-0.8025254295513244,-0.3813478367281588,wave1,-0.1518482187825192,-0.1674561223488908,-1.4401586442608003,-0.3126840284621405,wave1,0.2860513194642361,0.1548252007801142,-0.6728599687735081,-0.1598818763849684,wave1,0.1398164544620073,0.0083368417491703
198,-1.3550291599613202,-0.555095989737276,wave1,-0.4985414396688543,-1.123940964500442,-1.2418912695216624,-0.6010465754603874,wave1,-0.6023198088668206,-0.3373386023401331,-1.2399812342806755,0.0304583434978916,wave1,-0.3269593317634701,-0.669083213553365,-0.9056746887253182,-0.0417612157840486,wave1,-0.4630864445676553,-0.5854224695916548
199,-1.8352252644649067,-0.0490475540335306,wave1,-0.4451256659925928,-0.5640648665606114,-0.9590226695955644,-0.1730393381763098,wave1,-0.4674731615170833,-0.5085717122861451,-0.888609440052533,0.2445320511507104,wave1,-0.155023025728511,0.0689769662389309,-1.6666285918020969,0.1503145886009617,wave1,-0.031343748159719,0.0780213419083787
200,0.4531900643487172,0.1806673253520472,wave1,0.2327270951527129,0.295059786309308,-1.2524606760484922,0.2757491413124981,wave1,0.3057443130056312,0.11038107813113,0.5394349661197662,0.0215964425006527,wave1,0.0316072155544895,0.4037136033573132,0.8380734529065784,0.0489528537286593,wave1,0.2184211157041714,0.4375933420194792
201,-0.2794877558383217,0.4324358089778271,wave1,0.3738900982064626,-0.0434654828047376,-0.5864404004297771,-0.1264094106868158,wave1,0.0596523805648008,-0.0475853291984558,0.522565345064795,0.2364364818622323,wave1,0.1223588185903327,0.184995487038233,0.8250880764920278,0.1174202771983968,wave1,0.287317982484368,0.2441895732196372
202,0.3240258942498535,0.1093636259660337,wave1,0.0984782215768569,0.0963089347888876,-0.8723009390656851,0.2403029821487672,wave1,0.0132809890565173,0.0859376791281925,-0.2661389223160925,0.0266588619046805,wave1,0.1151181161226009,0.0583446428183032,-0.5279702105533447,0.1347364677744322,wave1,0.0289112858116102,-0.0026795496245935
203,0.4946544368346748,-0.0012598579880178,wave1,-0.5812408740752117,-0.1250957522224645,1.6484033703839824,0.66892012020298,wave1,0.1391643108943432,0.266020180665182,0.6482555526142411,0.0189825968260903,wave1,-0.3734820870609161,-0.1484687604563197,0.7449614732742191,-0.1713793153385023,wave1,-0.4129378435984332,-0.3979709463864895
204,-0.6662547985982391,0.0631402438746568,wave1,0.1812857295544574,0.1958194411038401,-2.500795151411773,-0.3172936404762637,wave1,-0.4952369609404486,-0.4923954954507529,-1.530572909050369,0.3070831578024532,wave1,0.3863829460934255,0.5182533635591436,-0.5395295523153012,0.1577011579268234,wave1,0.27656321521152,0.3740496644287824
205,1.115175406790163,0.4095000253545664,wave1,0.1969717170935343,0.2062693833759601,0.8285876350486829,-0.3023996127129009,wave1,-0.2860402438449825,-0.2604628134535141,0.8784397326744848,0.2169222897900528,wave1,0.0777955939063331,-0.0191921520664067,0.1931544349346694,0.3415734581674448,wave1,0.1608055381998819,0.0976557552120165
206,-1.678560601100203,0.0199328909315459,wave1,-0.1150069062498502,0.6213409528363592,-0.6378450973024277,-0.205352509294908,wave1,-0.1504316609548883,-0.053967817330875,-0.1496051231233601,0.2594770815723903,wave1,0.1245748832657446,0.4263432135973166,-2.388364210188495,0.159866428182181,wave1,0.2396252744193649,0.3698931563252677
207,0.0607098260035041,0.3122009713181484,wave1,0.2596747296129575,0.4482067249539203,0.8517052643893702,0.4514620250054328,wave1,-0.0610982375414963,0.1021155283944839,-0.4576999366843052,0.3788492638358615,wave1,0.3747300527366018,0.4136110035062202,-1.283831758229991,0.255058201379899,wave1,0.3287923408441121,0.2664474193779576
208,-0.4860500677155502,-0.4137245679661978,wave1,-0.8752529903115378,-0.4642411050229782,0.2742103842654919,-0.1898573940085023,wave1,-0.3894288017792126,-0.2437791169942237,-1.328733403077362,-0.0735264965187598,wave1,-0.3867428471525798,0.2519607479366665,0.4932835673127152,-0.2093155724861823,wave1,-0.3080412230406664,0.1229555360676066
209,0.4901939277069885,0.5881761560140184,wave1,0.3738639994890045,0.6790272666491459,0.0360989123643736,-0.2032655621009409,wave1,-0.1967362651141724,-0.1507149336594806,1.1059425275853063,0.6284530928081786,wave1,0.5684542562639334,0.9062443645772984,1.2227062924345198,0.2748762171037754,wave1,0.2092627981049545,0.3731727704819377
210,0.0996491936831052,0.1775287116558328,wave1,0.0344302733562063,0.1317084046159269,-0.3343313566771134,0.2879178308626274,wave1,0.1598664106909987,0.239997744425804,-0.2910709025858746,-0.1286635512108601,wave1,-0.2403573137542488,0.0307317954755802,-1.1814935870898022,-0.2814155270800192,wave1,-0.1463904883040996,-0.1116054045616628
211,0.5655655832154789,-0.0254125506686959,wave1,0.1500006565146014,0.4342130799403429,-0.670110374200834,0.1183723658253046,wave1,-0.0977814843978781,0.3670675302424211,0.9526235311743896,0.0425144601462014,wave1,0.3390415297908841,0.4900752390517324,1.1226370404380055,-0.0306284814106228,wave1,0.1351229419264112,0.536411248845691
212,0.0039235564200056,-0.1333471279951521,wave1,0.010082771441837,0.2195272169794415,-2.5209295073053917,0.1730352136626964,wave1,0.1662120974547183,0.4600957731852428,0.0655480673747038,-0.239982210590629,wave1,-0.2663954268016064,-0.0512116405641227,-0.3775795239452211,-0.3480600084461835,wave1,-0.3664940094397,-0.1439379200066626
213,0.2354482986864424,-0.2350430987582494,wave1,0.072280594742063,0.7264445849482459,-0.4342113582911205,0.0509202648416017,wave1,-0.0564526460444544,0.3745519389603583,-1.2644298263285696,-0.0222546470567063,wave1,0.1468379892278449,0.6665001425321874,-3.2345076055306112,-0.0016076630773436,wave1,0.1076711243844567,0.5024767661543472
214,1.370531115523932,1.195427355934033,wave1,0.858996738510514,1.054105443705208,1.0594071664209297,0.6843975613212647,wave1,0.5605836451647277,0.2343122941424402,1.4532577874426027,1.0074273520791317,wave1,0.7668260570479479,0.968001333895682,1.2230713618965514,1.2258642193228984,wave1,1.0991212479749508,1.106402898932367
215,1.9028897265786016,0.3597164122639438,wave1,0.2697391111592002,0.6239347129935833,0.4851071567639776,0.5521287522554381,wave1,0.6377434203709726,0.7272257081823583,1.5287540270154625,0.5218052619636013,wave1,0.3483994710063831,0.5059055195822018,1.4947122727376272,0.3408277207910717,wave1,0.3858994545512932,0.4913209033210699
216,0.4680201050441101,1.0086019400910224,wave1,0.5659658866714317,0.8536372119884792,0.9004121208617416,0.7374445075806827,wave1,0.4275209158561907,0.621994680469318,-0.797647396654051,0.9708689886611952,wave1,0.4453882787644392,0.6284109285089852,1.1247919639130115,0.8996197330109237,wave1,0.503022914722463,0.6509583058741704
217,-0.8047565458566676,0.1308759323456636,wave1,-0.0564438452629783,0.0538538075900778,-0.7081755039045204,-0.3745773303435293,wave1,-0.2916689774929701,-0.0755971554257914,0.3528706578813264,0.2277574079336393,wave1,-0.1120258502515536,-0.0143450467447696,0.0474646496134488,-0.2905644813636913,wave1,-0.4066832395766168,-0.3004483027224904
218,0.2392246199882839,-0.0876910641368367,wave1,-0.0939211974730351,0.2157966949709342,1.2015071118132463,0.5263707666235145,wave1,0.5477701188066657,0.641408371449681,-0.7474865287857565,-0.4454481050722394,wave1,-0.6305012313378595,-0.389582314743621,-1.2587828038693925,-0.484562397087486,wave1,-0.7642797006192984,-0.4750957381859907
219,-1.0112616721568664,0.2439348688381801,wave1,0.0470345439055377,-0.1908107968988004,0.1521215726649321,0.3464251242473266,wave1,0.2392845829212277,0.2666882808424047,-2.07968532865113,-0.1357978976159704,wave1,-0.1700693898883556,-0.2859902449319254,-0.1983566381141205,-0.0066146387789691,wave1,-0.0911405778564366,-0.1115986674779953
220,-1.1767455638319582,0.2336420638852951,wave1,-0.0181994164632943,0.2228211914965434,-1.6950488152526693,-0.1723617224371305,wave1,-0.0656327893937001,-0.1316169405424179,0.2025292249368452,0.1348207754582315,wave1,0.2088376354777425,0.3998843818796435,-0.2946166005165148,-0.0226784547926744,wave1,-0.0791726610543873,-0.0668591199351688
222,-0.5252681418241361,-0.2047021374094895,wave1,-0.0462869056481176,-0.3550839902253013,-0.0470168258544844,-0.5908170769516334,wave1,-0.4295828964625698,-0.4080752239332734,0.3974277383140382,0.3097290272252039,wave1,0.4113995832664356,0.1084945174001578,-0.9074019122954796,0.0999495490134589,wave1,0.3932884266173487,-0.0451965454746659
224,0.0658048447150068,0.0119236065709686,wave1,0.1710962450682631,0.4768098815485631,-1.5135922405498543,-0.7065687139509221,wave1,-0.4407922737496678,-0.286502597033729,0.3322522658480042,0.1980823939621351,wave1,0.1102020609568986,0.2956412828128839,-0.6055052287663599,0.2804956593283373,wave1,0.1330884087132519,0.4867354470301225
225,-0.2871482464397034,0.6874087109040701,wave1,1.053244286637968,0.5002984978386145,-0.7881578995335402,-0.1038679297133713,wave1,-0.3080748515725653,0.0613611181957725,0.4701098856182159,0.8724175584821376,wave1,1.1063187559763588,0.5131011692422061,0.7279708932092391,0.5516456627125442,wave1,0.6058526216002781,0.2320414246115608
226,-1.6683087703197872,-0.7634487364480402,wave1,-0.4670613353602766,-0.7347563145467257,0.1386425159374206,-0.7127000938420665,wave1,-0.6777176481460865,-0.8845389346848385,-3.483308800233545,-0.743160574973422,wave1,-0.59665952260393,-0.5866914742170983,-1.4478414133275672,-0.4974051500475908,wave1,-0.3700774653551807,-0.3887342065523017
228,1.9485239585186207,0.5935361912605344,wave1,0.506237263897185,0.8487350260223372,1.378581814657009,-0.0004966024635175,wave1,0.0034198835310725,0.1243520212857129,1.6151649216625008,0.3429767432015322,wave1,0.3773903661040141,0.7694516900095374,1.2332872833474904,0.3186608536220454,wave1,0.3534421981263893,0.6477916866459945
229,0.7698768552940273,0.2450159683806401,wave1,-0.0667088418384596,0.3093724492075766,0.677103477735292,0.2878240691990823,wave1,0.2391536459798893,0.4183068139864565,0.9448214245126252,-0.2130561863708243,wave1,-0.2599096282994745,-0.3192371074192878,0.4403834213574009,-0.3506144369024801,wave1,-0.4362795457595365,-0.5554525169803796
230,0.7920627905547183,0.4472574523288113,wave1,0.3546829722372044,0.1972451576089002,1.0665425265197357,0.0171399049473977,wave1,-0.2934601583231195,-0.2632825229321072,1.3052346131120844,0.4312842031047104,wave1,0.3215956212718309,0.2723766847351438,1.3869385336422435,0.51998934772309,wave1,0.2609036749647261,0.3025817227773498
232,-0.4116717663517571,0.1712800902453002,wave1,0.3225667056188832,-0.068654452290535,0.1385319218332603,0.342916628109116,wave1,0.3782699345697216,0.1749974306316701,-2.7265033883724854,0.1519458067374215,wave1,0.330018235427455,-0.2203138742254402,-1.6761963736377743,0.269070331384345,wave1,0.2409371801711177,-0.1090114809470375
233,0.2246139144973953,0.3420432250332728,wave1,-0.1180221798527201,-0.2526230120328492,-0.2077395724026178,0.4184907900933722,wave1,0.0988858241645574,0.3960912388564884,0.6437504886627516,0.2656983166449744,wave1,-0.1610433061305627,-0.2697794602874406,0.9699598809776812,0.3225777108273309,wave1,-0.2138774692070117,-0.2078277901894296
234,-1.4164644334833,-0.8038866068585173,wave1,-1.197445587301171,-0.1802178429864807,1.083536790835636,-0.5754127917697769,wave1,-0.8708287568428839,-0.2856802992725575,0.7644979598891782,-0.6803686820577008,wave1,-0.7028032585772477,0.3101339246963672,0.8901348709308923,-0.2082159160919099,wave1,-0.2715604114507921,0.4909605262547245
237,0.3831242515760649,-0.4646289568147945,wave1,-0.2946801579809415,-0.4904450709368284,0.8071508813050582,0.0898186992185287,wave1,-0.0338473136577101,-0.0618241962959341,0.1880720608570751,-0.3175147980011689,wave1,-0.0565647335610007,-0.2009044883280016,-0.1002994094334165,-0.1347191497251754,wave1,-0.2539612051696092,-0.2425293755338061
239,0.2879927101606995,-0.236855245444423,wave1,-0.006778712088775,-0.0858126186856844,1.018250905755518,-0.5801706653527825,wave1,-0.4959289613242661,-0.6300564416068823,1.033963237071982,-0.0153092726682451,wave1,0.042500114749419,0.3100234669509203,0.8958291640635221,-0.0362146114578555,wave1,0.0429783142618749,0.2336338228354844
241,-0.0046562549514424,0.3096864033197029,wave1,0.2548646882371816,-0.0030753024016865,0.9098901872170018,-0.0622485130792176,wave1,-0.2424695211529881,-0.3276765606069367,-0.1934731623009481,-0.0313068709433591,wave1,-0.1626546603794657,-0.4579521818672106,-0.3522188070021216,-0.0670527383257438,wave1,-0.2408825625529024,-0.4122671104005383
242,-0.5151494027701606,0.6268381214721905,wave1,0.2596720756863562,0.6735643819712183,-0.1322316251980967,0.9500276828548684,wave1,0.7817567301686467,0.9024305666213676,-0.2854596902568856,0.2903351367362429,wave1,-0.1211428151467221,0.2907491855238827,0.3971381621268747,0.3213592586296374,wave1,-0.3046316384144179,0.2592766532416183
243,0.981494837268366,0.803460930091809,wave1,0.8859011677486797,0.8119857250107014,1.5750361691197576,0.9445083551247068,wave1,0.8063637225679456,0.8639388281536373,1.5437455814455188,0.5585178871344911,wave1,0.543437046961458,0.4812674322309,1.8590225765084016,0.2921512831152508,wave1,0.4372723193887586,0.3928864434701475
244,0.5196851198135165,0.2489577797075026,wave1,-0.1205966815549925,0.2576946003988698,0.8786458604207728,-0.3690497112449802,wave1,-0.6190011834096785,-0.434249626537396,-0.5236647866086326,0.1280260255061314,wave1,0.0873147752949508,0.4629238033694747,1.0356295770885926,0.0567303625804709,wave1,-0.0603565017633997,0.166207265851876
247,0.5770193520974203,0.5445672538974011,wave1,0.7950115172528474,-0.0127542517910104,-0.3058282780459641,0.6136182192562005,wave1,0.3271771849288574,0.3072728644167104,0.4738837802440292,0.3417711835509338,wave1,0.3985147758258304,-0.0362013343241598,0.7556982042155738,0.3251543265820108,wave1,0.3075733920838669,0.0892540317794329
248,1.2226063661704871,0.8471596768183594,wave1,0.794540502266533,1.2949317998927972,1.1864076085724615,0.6249367511761954,wave1,0.532258202356493,0.6041956945862097,0.5741015023858816,0.5702602747216932,wave1,0.5033020344628167,1.3186496912339225,-0.221857425073628,0.508814355068291,wave1,0.417508752218347,0.955587258184326
249,-0.6174421281371923,0.0526967435049468,wave1,0.4152293511754428,0.607837960271352,-1.026311376581793,-0.5054211329751817,wave1,-0.0743223307925085,0.0809277935825889,0.807720020140669,0.458748234632371,wave1,0.4285860276903144,0.5947836485243598,0.9476270603802072,0.2025122714155944,wave1,0.122319330410948,0.3196601442983557
250,-0.2412357785777591,0.4553216505214639,wave1,0.4053642725830584,-0.0510965319166034,-1.0134218699526554,0.1210711192422802,wave1,0.1122821577122197,-0.2828801088512493,-0.4578437334847623,0.5081680734429648,wave1,0.4213434319739966,0.2014581728310609,-0.1491228524947322,0.293724214246878,wave1,0.1364678549243002,-0.0989895741715335
251,0.1548595291812565,-0.2395120597543472,wave1,-0.3572197868677027,-0.4842334746343919,-2.0806987089413145,-0.4706314068903829,wave1,-0.4565677938500438,-0.7022453924750194,0.4089632018880271,-0.2532068010883059,wave1,-0.2861195477718135,-0.1413628152022079,-0.1395859781788549,-0.525772470933019,wave1,-0.5652030482438483,-0.3215145225784662
252,1.8379895987803812,0.2378498264687882,wave1,0.3547794220254743,0.2104156043172604,1.3844356369419757,0.3925027860342454,wave1,0.4543465129206858,0.4204554604315154,1.1449424621122049,0.1045239265622919,wave1,0.0703858243172848,-0.0499226180752512,1.8594740693160323,0.0946057411633844,wave1,0.0252035211917003,0.0368456554972142
254,-0.3423018885775173,0.1292274810910185,wave1,-0.1775601908470456,0.0066685768282781,1.0016140714660244,0.503632046308014,wave1,0.2573367284970538,0.2027737393292383,-0.343714862769312,0.1436599814899604,wave1,-0.1534105054699248,-0.1537750197037493,-0.1036312407407421,0.432820135934283,wave1,0.0470718532397267,0.1853699135914702
257,-0.2172974010215509,-0.4433983380804462,wave1,-0.5854430666822761,-0.7279905056376499,-0.7270838118992603,-0.2257298435016514,wave1,-0.2035893384978835,-0.6375096756634462,-1.4324619382492236,-0.4099890975096332,wave1,-0.5327455338932512,-0.4863494296291464,-2.934792581418325,-0.0490206191552612,wave1,-0.3834759234574963,-0.4483932924371377
258,-0.3519204946639137,-0.12095375831083,wave1,-0.4200530828228055,-0.3833962916538269,-1.8685479254437352,-0.2378594059560934,wave1,-0.3847026810239451,-0.3693436997088559,-0.6824180820814387,0.3978695409927814,wave1,0.0869751945790899,0.1709356403907035,0.5528325733609337,0.4958855047022547,wave1,0.0188742965244036,-0.1870253515052992
260,-0.3192732674717353,-0.2140396005768092,wave1,-0.1596066784365102,-0.4263944789341742,-0.6898389089327877,-0.5515991485796579,wave1,-0.2577454056428099,-0.391107378522618,-2.1030856908385904,0.0893885860763024,wave1,0.0331360503922149,-0.2136785469319353,-0.475312038485281,0.0039045114659862,wave1,0.1397139714111345,-0.0676733641800427
261,-0.1062775374394457,0.4610393462679703,wave1,0.5845582695294502,0.1782362165638584,0.8202750921601157,0.3568394742432861,wave1,0.3318569229941805,-0.0247973212677463,0.4483221351859597,0.4815067312193293,wave1,0.7445269063310078,0.3945091579121313,1.0202349557067856,0.4541681927297336,wave1,0.6390604620534583,0.3229312416977365
262,1.7052198316396243,0.7279463345856014,wave1,0.765268366729974,0.7689073593629161,0.6922398396060085,0.9165496505700248,wave1,1.0457557054653188,0.7714949215190714,0.712949661939894,0.7247316789242733,wave1,0.7807945409434554,0.7573485133544491,0.7794668338740278,0.8221278132514259,wave1,0.8153508424401382,0.9425813647179272
263,-1.529129658327915,-1.0810399780870406,wave1,-0.329522111965326,-0.2821989649092182,-1.3682428051275353,-0.9817482037105713,wave1,-0.282100380238397,-0.1152272274742549,-0.6949121113378831,-0.6950135667638417,wave1,0.0232603448998107,-0.1973252493082689,0.5267070604023086,-0.7990823557312517,wave1,-0.1536838657108096,-0.0370837979408759
264,-1.8731103493738908,0.3679660448939701,wave1,-0.0079636878218642,0.351100188129035,-1.0019972041531882,0.408722985949792,wave1,0.283315743791682,0.4266078266344335,-2.1077551410163835,0.4474301285412041,wave1,-0.0149081747650696,0.2078947622684337,-1.0184194999164122,0.8298953989548195,wave1,0.5446432731797661,0.5321674672599341
266,0.4354613585724302,-0.083134574059466,wave1,0.0317074167638855,0.0969125741609202,0.5031142706147838,0.45181513365776,wave1,0.4266403898856314,0.489905002450701,0.5981275266077787,0.2957395727049411,wave1,0.4545198486166907,0.2678076280023115,-1.3687124625878422,0.334241878303688,wave1,0.4112793260891708,0.2050616105969483
267,-0.8598761329967736,-0.0340754264916856,wave1,0.1565483589030907,0.3449656692820939,-0.9800857967914456,0.1847204583991917,wave1,0.3680734818443707,0.2330827585551229,0.8568727599646527,0.0321208014758004,wave1,-0.0079805032805259,0.3853628321093972,1.2761202394795037,-0.2096276197459729,wave1,-0.2191465856922851,0.0700821408386139
268,-0.4032155072239299,0.2943614446530691,wave1,-0.4033419964552311,-0.642419788900567,-0.6790319671251354,0.3788406056836337,wave1,-0.1570817794945913,0.1058823971255504,0.359158459437312,0.059519915061475,wave1,-0.4056128908962229,-0.4798196561461741,0.5178280699484817,-0.0104047585002889,wave1,-0.3221919709191193,-0.5909478045138638
269,0.1986692572421522,-0.1671446451668792,wave1,-0.3972312468993617,-0.9190151513518512,0.4214057333733369,0.1675655198577469,wave1,0.3508917759248994,-0.2776335646234104,0.697997858346044,0.0885468440739564,wave1,-0.3652681277492077,-0.5048790499921717,0.7309727518017062,0.1366233186147582,wave1,0.0758817636887596,-0.2549111302821734
270,-0.3386217547293215,0.4993600425543378,wave1,0.1391661910198147,-0.0388988991777041,-0.5962367415470685,0.5126942648731223,wave1,0.4469429078043898,0.5212542990821838,-0.0066264424141972,0.3848222306549693,wave1,0.0379278478334399,-0.1901640780243494,-0.9746745161004248,0.2735852930305014,wave1,0.0267974644113758,0.0264112712208524
271,1.9888850553924224,0.261983923301218,wave1,0.6662402635210083,0.8465570691282052,1.3468674451851532,0.6581384711582177,wave1,0.727590225906446,0.6271624785646444,0.9810153345258122,0.197190222439581,wave1,0.5630157405593806,0.7865149046021643,0.8623723689178476,0.2552755753208267,wave1,0.6381686650754973,0.7289027880870506
272,-0.6282106048124115,-0.0704673010117074,wave1,0.2945876073957598,0.0269566492078681,-0.8870912127279736,0.0979408669282968,wave1,0.3950132306191942,0.1370089737667099,-1.1340850321578737,0.0400631424963539,wave1,0.2276102787837138,0.2227842403152086,0.6192849344138621,0.1764588237376588,wave1,0.23710768526001,0.2703779730227614
274,0.352812028617417,-0.0564472793345107,wave1,0.2722034900980363,-0.1220535373273785,1.0848937477175835,0.218496794712633,wave1,0.1584186583395346,0.0697343374065657,0.1485907134765471,-0.0464844002043018,wave1,0.4276267894671395,0.027297451661328,0.2869364039930278,0.2510577598177339,wave1,0.5327648354396528,-0.0370009439250469
275,0.2891856750797143,0.2788605262590662,wave1,-0.0044497659181639,0.0241211133631069,0.087220507700545,-0.0861567607573556,wave1,-0.4294844786898277,-0.2787273320524996,1.393176595532103,0.685658212551542,wave1,0.3758939361082307,0.411827247806302,1.3795683758545223,0.7101161142091731,wave1,0.4803276419466772,0.3813849960506151
276,-0.8339756562833056,-0.2009953718129371,wave1,-0.04129897172057,-0.0812783832790817,-0.1905360297317678,-0.6560947454142494,wave1,-0.5190171401474242,-0.3946877253531489,-0.5493056889300536,0.2257011343870154,wave1,0.123873215766492,-0.0467880731982662,0.4329450236299283,0.2595449506211481,wave1,0.2999375264297949,0.1369128385159622
277,-0.8184358438390009,-0.698830105003633,wave1,-0.5560558780513523,-0.228782601824232,-2.3890138549046114,-0.3330307064355871,wave1,-0.4439692824010459,-0.4015546074157876,0.0971436025841403,-0.351195427557,wave1,-0.261613578887251,0.2028964334698694,-0.2040891792032009,-0.0858886395279054,wave1,-0.0300988625318411,0.1939298174121129
279,0.732167745886139,0.1454942129861152,wave1,0.313437560698369,0.6254156710311451,1.399786356147055,0.0065646842742571,wave1,0.1818567186939302,0.2175284392024344,0.5237665140871008,0.4090652709146962,wave1,0.4261988820914701,0.571180390741407,0.0077558773482542,0.2620572753104906,wave1,0.6269838789460265,0.3762453094207967
282,0.0488262807026576,-0.3222700889640946,wave1,-0.7320080430528912,-0.986828058130678,-1.5357338365708388,-0.5861383835145184,wave1,-0.9016138668149,-0.5409522862371094,0.1179036263006062,0.1423084740700271,wave1,-0.2516050242070213,-0.3189374098047266,-1.0420364934238575,0.1643846561615301,wave1,0.0020427121367104,-0.161667569457053
283,0.4258694497255292,0.8534431635416078,wave1,0.6005575981969211,0.4077912433434267,-0.6824891764707107,0.2281382452204616,wave1,0.2361538379420213,0.0660981764841071,0.0020268275736668,1.030880488065302,wave1,0.8719379390545978,0.6520443229134221,0.2040160471667299,0.7006015110445992,wave1,0.6198262217585867,0.3686430417146081
284,0.949494128344849,0.299168790606541,wave1,0.3625514848722546,0.4492319240130196,0.0791321099480298,0.05195441539464,wave1,-0.1139990211624601,0.0166335879987282,1.7721379211924382,0.4613362312851372,wave1,0.5895684162008095,0.7271607307668664,1.6112138142870662,0.6319303367979914,wave1,0.564110212139806,0.7366106476818719
288,0.5493555850006754,0.222556558572758,wave1,0.498470383067118,0.2108290133227075,-0.1024843351348085,0.2167500433018437,wave1,0.60650160117119,0.633808414841207,0.2428536096958785,0.1833413712421786,wave1,0.4620722358644727,0.2211055888922469,0.3524667956765298,-0.0112392179774195,wave1,0.3257898280737436,0.2150745907914978
289,1.117470973775817,0.3082309615729537,wave1,0.3050383462102086,-0.0420761469203458,-1.1354000350771198,0.2134747294291762,wave1,0.2031736738037953,-0.0903355405847469,0.8529017019669347,0.7594650520163893,wave1,0.6278073819744312,0.5562129173813204,-0.7788965994202165,0.8098862450286306,wave1,0.861308054469381,0.589608068709712
290,0.4353683920434871,0.4381126046043815,wave1,0.383884855650531,0.0847018212402095,0.5583608959468896,1.0275971474797907,wave1,0.817579898449837,0.5635796590295148,-0.1557998672640819,0.4201770204894235,wave1,0.3644404359089168,0.2296741677839613,-0.5323864310635706,0.6993986330709835,wave1,0.658091657820166,0.5257621836605421
291,-0.1376580585256135,-0.6401880625012109,wave1,-0.6721240010009131,-0.7407235640810204,-0.124268584936129,-0.5577486764023187,wave1,-0.4817425429884796,-0.4515266770204542,-0.5703733708850448,-0.1451673498348549,wave1,-0.1411750109873752,-0.3521651352480488,0.7768899178968001,-0.0825544617722844,wave1,0.0284175755038917,-0.2293720479946754
292,1.2845695686724523,0.7068318232117907,wave1,0.4093991552934224,0.4765955937586257,0.1608230067232597,0.4062321982994366,wave1,0.5118162799304411,0.2766821131148185,0.4463892146774175,0.5218810532062441,wave1,0.176492192604271,0.270377169162044,-0.5934026809295609,0.2947088362295114,wave1,0.0556723307503825,0.0040375659648574
293,-0.5143571282560432,-0.4343424019897985,wave1,-0.2639479368513877,-0.5214866315365383,-0.2898219540009904,-0.0574252065416676,wave1,-0.0756572364966778,0.2966393500432591,0.4675152391932508,0.0186602914610427,wave1,0.1751578426122171,0.0768120240911158,0.8078058772523509,0.1208881905094463,wave1,0.14124089621773,0.0616246367728452
294,-0.0405205468189803,-0.3835711156281913,wave1,-0.3778793065589911,-0.3458982382647102,-0.1097285714757845,0.1782855793188433,wave1,0.184526800801259,0.1086247966206981,-0.2563671156732291,-0.3199932797290554,wave1,-0.2412447140750433,-0.0950705478657518,-1.1856208150482757,-0.0244939966435323,wave1,0.049326251488804,0.1488596366061795
295,-1.488429343992189,-0.8154864082164355,wave1,-1.3379444802898648,-0.892809932476682,-0.901781833485852,-0.225956664066619,wave1,-0.328273831609835,-0.2482719547629379,-0.3953583169044742,-0.3795782037114414,wave1,-0.7857021379225793,-0.2705832636210055,-1.2071208917639202,-0.2412071086550126,wave1,-0.5807620079069662,-0.2553078256689764
297,-1.4858734464506758,-0.5280836619722102,wave1,-1.0092984319539298,-0.2564102685060503,-1.448326852358194,-0.0380111126444377,wave1,-0.4828469901448855,-0.3514731723341331,0.0319918992032114,-0.4264474094106905,wave1,-0.9578164794198802,-0.2288453569454376,0.5032193890163424,-0.2157351195454631,wave1,-0.7221059110035463,-0.2667920439804131
298,0.2951453747340702,-0.1744568379805429,wave1,0.1934885835404705,-0.5191978374560122,-0.9840958070005756,-0.2138816538652486,wave1,-0.1139727419472949,-0.1157365797899709,0.8288911972766809,0.3082330962447184,wave1,0.6593138148066577,-0.0532759656907559,1.1896995711075722,0.3642152630199563,wave1,0.5587369482162204,0.2216111277919946
300,-1.2007991078140512,-0.2525616363686134,wave1,-0.3620449117052331,-0.2529645132225222,-0.3335450266667276,0.1062764100492243,wave1,-0.3479570466899646,0.1589841205123272,-0.5127662270595501,0.213295880167992,wave1,0.0628289168259466,-0.1218472449739429,-1.2219989937651656,0.5346661033194486,wave1,0.3052921277171787,0.4276870072673771
304,0.8745139956283986,0.2460879262471609,wave1,0.0206042472752581,0.720479340402719,0.903002722091257,0.253462710405425,wave1,0.2420150614678693,0.3221791570291565,0.310892991466095,0.4133361951470398,wave1,0.18145031641867,0.9386253839723528,1.0256084489631987,0.5640485252641113,wave1,0.4542059424594752,1.044561637256823
305,1.1001747549282193,0.4554874810883305,wave1,0.0839359809492974,0.0082210990440352,-0.5133741630910161,0.1162476179031388,wave1,-0.0678693492432569,-0.2977395974723049,1.5333872208661397,0.4466716117565061,wave1,0.1901131042031834,0.4290638666985615,1.406932628024966,0.4740370395825493,wave1,0.32092842366403,0.3497344401185294
306,-0.125976550245005,-0.5377313608332113,wave1,-0.1239866146433865,-0.2676187414029936,1.057984032662774,-0.2375637555504917,wave1,0.1041992144083168,-0.1611039431409913,-0.3786275553370224,-0.3374337689437333,wave1,0.128090527140044,0.1202222073092033,0.7834027098678393,0.1343509934231523,wave1,0.3851584743835362,0.2719330084382952
311,1.030883501987414,0.8512066825061946,wave1,0.8331377610741959,0.5654751767132828,-2.24852096244005,0.4893188018869689,wave1,0.357076906681572,0.0050047214511412,0.7668309419320757,0.969372590290905,wave1,0.8729601852133744,0.663246445970969,-0.4142761182362424,0.7632920989883943,wave1,0.7275599227460076,0.5264064306613873
312,0.1104174785406326,-0.4890355932327874,wave1,-0.2406515797089594,-0.295660294526437,0.7579094593389759,0.5272305065229825,wave1,0.3830005723166345,0.3113175375013344,0.6581056321111135,-0.3736581850427536,wave1,-0.0691525571632601,-0.0474707341391014,1.1943076806831892,-0.0712105024369796,wave1,0.1836979779451556,0.2057207055697124
314,0.479595647354648,0.4624291384303061,wave1,0.3319096570553643,0.1135305389430105,-0.5746920295900956,0.4166746664599089,wave1,0.416960651747332,0.5300826671547049,-1.3905421316491569,0.5225441797665076,wave1,0.2284931323675783,0.0594631425542269,-0.963740742334707,0.4641059803706111,wave1,0.3133858155222577,0.2219689404371239
315,-0.1514529059813931,-0.4580752037320634,wave1,-0.5356823743404384,-0.2887350216475817,0.6219730462413858,-0.0343929152911623,wave1,-0.2306721822101551,-0.2633164641555301,-0.1378299560695,-0.0262676378051935,wave1,-0.0768064177213381,0.0847196628912918,0.4608359908941643,0.1241110912671468,wave1,0.1283668863928425,0.2172629130514059
318,-1.414881529354424,-0.7803608235105179,wave1,-0.8660867651960835,-1.2692156061038309,-2.1997969056537836,-0.2911483587599487,wave1,-0.2373685373445085,-0.2837730349672892,-3.4276601662690664,-0.495292967318701,wave1,-0.4189533330432435,-0.7901352450128802,-1.261114201114285,-0.4694250137929814,wave1,-0.3730957105310371,-0.720210374559288
319,-0.3530403595190061,-0.4291313517888406,wave1,-0.2251830628352746,-0.3890424569891553,0.5543403485005334,0.2779484350226828,wave1,0.2249424839200997,-0.0412802499252571,-0.2879705914665345,-0.4066666296785926,wave1,-0.3566197230246082,-0.5885998275321118,0.5565339454066385,-0.2349040081041984,wave1,-0.128850618521402,-0.4187589048840059
321,-0.8208325928872522,0.3863583788465714,wave1,0.6066362346439438,0.6776459840666114,-0.5603022743409272,0.4421904436134647,wave1,0.2297598309065036,0.7085182253679441,-1.125078598609495,0.1743843888468494,wave1,0.3603728062656091,0.3723850168178584,-0.811234172933683,0.2695717104229497,wave1,0.1862152956569128,0.2358788491216258
322,0.2183119849453809,0.6416534291726395,wave1,0.2567672633763525,1.0253966017712672,0.2534057850371731,0.9553867724333652,wave1,0.3598632363029579,0.7494398855293687,0.1067195381967932,0.3740500327398505,wave1,0.0205243184481129,0.5301076872990051,0.4263257791164012,0.221112329296799,wave1,-0.007953662764378,0.3437051188463657
324,0.4189081626431706,0.3044430877480464,wave1,0.4069222308618918,1.131256551556066,-0.8040507092399217,0.2933283333527643,wave1,0.7336803436049029,0.7229237196386635,-0.1245074171903309,0.2430758655506706,wave1,0.1994237898228072,0.8734650114456664,-0.4472162528241988,-0.0253744366508863,wave1,0.1981360237460294,0.464868438057203
325,-0.0127529985668426,-0.04408219871827,wave1,0.2398204706051008,0.0047833360760634,-0.7583048250974559,-0.1246385532821907,wave1,0.1242032245139754,0.0850566342140428,0.240140946344867,0.0198188384257502,wave1,0.1393907674767447,0.3030164109673399,-0.8621681979540453,-0.0021273727277413,wave1,0.0858967800117405,0.1294700934119066
326,-0.3241492235248,0.4567962024560676,wave1,0.8809656954038032,0.8543755790969998,-0.6004682546602311,0.0151763624100719,wave1,0.3334326931745418,0.1471426356189459,1.2924638474908057,0.5900816151519328,wave1,1.0962901406308128,0.9495713703732138,1.4461443608802644,0.4604445086007993,wave1,0.7802139077861472,0.6340695564128691
327,-0.9094749631237724,0.4010195909509144,wave1,0.5045855552006515,0.5449495327799025,-0.006241375191737,0.1022543108950237,wave1,0.1257895107368698,0.361554415636049,-1.258791503181276,0.7871875205405183,wave1,0.4476978547080124,0.5916194904583054,0.8963201953157336,0.8064892011448208,wave1,0.4462980075638922,0.7729490953587668
328,0.7453007533931275,0.2147617893097035,wave1,0.397291283446112,0.7734889633570492,0.2578091306221937,-0.1566984888458936,wave1,-0.2284435151070286,-0.2710226206884304,-0.0051417992817434,0.3238794745688456,wave1,0.3448906080801019,0.6625265004469167,0.1670590978995141,0.5110509387940845,wave1,0.3814905249069678,0.5528729541440749
329,0.4512762323822474,0.6767723154721508,wave1,1.0717568263649908,0.1099641550153638,0.7885423589038216,0.5178997129742613,wave1,0.777192360855635,0.4301638250012551,0.5413125186241488,0.4268964077293253,wave1,0.7216291239622816,0.1160010426439581,0.3788108221139326,0.2370023487578531,wave1,0.5852001833124411,0.0509999146651182
330,0.5099585062764643,0.1094547960186906,wave1,-0.211128273697206,0.3924693038029436,0.6767711577853237,-0.3185215988198679,wave1,-0.1862984204001141,-0.3937465641226683,-0.8555722287366151,0.1724570419722491,wave1,0.0237552272391392,0.3887298981424607,-1.1328587869334878,0.2976970243731465,wave1,0.2576882569889798,0.3392553014492852
331,1.4915917360013695,0.2970884763966659,wave1,0.065832508684948,0.3036002343349577,0.7889195793023306,0.1400084019773292,wave1,0.0236345176657658,0.2436548944743198,0.7162559841767746,0.3764900228801505,wave1,0.2117535932147397,0.6092921754169968,0.4239047107643371,0.0966140654377638,wave1,0.0452061773961908,0.1465450413654067
335,-0.291549735299862,-0.1369344654059345,wave1,0.6329905803314644,0.468470382677814,-0.7466584779205404,-0.074213981759756,wave1,-0.0298599177095391,-0.0262915318041647,0.7432752922193234,0.2003169823755968,wave1,0.7885844629559142,0.5790628455989433,1.0606721396818468,0.0711079140140933,wave1,0.3339789540071303,0.1926020850026684
336,-0.1453408477838497,0.0922161792847182,wave1,0.2804095994422084,-0.0191375588784441,1.1797871039328578,0.0031316366774152,wave1,-0.1210800562878191,0.1305015871276922,-0.6849784709120739,-0.0139754589399377,wave1,0.2161318203245855,-0.410122488134048,0.7697415921245581,0.0061360296108171,wave1,0.0132076311253342,-0.5305485944797267
337,0.2863021468796015,0.1483485244005249,wave1,0.2389532186743153,0.6111592397421626,0.34786617398871,-0.3645314178239583,wave1,-0.2927819315680023,0.3978698544015709,0.4992403347542524,0.3368588334924242,wave1,0.4734435922663297,0.7027481186921588,0.6941424197655492,0.5296998542964371,wave1,0.5948239409825264,0.9344382141320696
338,-0.8613174450718799,0.2514784536836587,wave1,0.1292220295813835,0.2207667317962105,-0.2678665196327994,0.5481098916846159,wave1,0.2214184246998745,0.2243002976326733,-0.6027630212896427,0.3454210423632071,wave1,0.0366268765213342,0.1107021561162691,0.3012796223014933,0.5288345916779066,wave1,0.4797872909935431,0.3319037210840326
339,1.005169996121943,0.5488428262466536,wave1,0.8891294499334566,0.9686983280803684,0.7040262562076492,-0.3188527436197566,wave1,-0.070511009320195,0.0294570131277964,0.8932513842586889,0.474765734626297,wave1,0.8900328676962392,0.8985730193303476,1.1927604991895693,0.277813494572158,wave1,0.6789356079845565,0.7595359752291766
341,-0.4079912975511993,0.0673464736625555,wave1,0.1099482702199994,0.2542498104217134,0.7301439672950694,0.1910593977020467,wave1,0.5956957713152213,0.5433056788402568,0.8800280079119286,-0.0602068326460296,wave1,-0.4295189633550877,-0.2238563387594807,0.0676623635598708,-0.0282212102600221,wave1,-0.5241565498175693,0.0734861958383148
342,1.3268521470433166,0.50241997168242,wave1,0.3195036558372832,0.1128169532754079,0.0029643519865792,0.3894079721542909,wave1,0.2614436003138702,-0.1225844603478754,0.1002563588281116,0.7785005146893396,wave1,0.4943458769879358,0.4808544108544625,0.0229251700366749,0.7655754526267495,wave1,0.4634924662168003,0.3380385209670984
343,-0.2259452352153572,-0.252786518849232,wave1,0.0385010410160191,0.3662323497262831,-0.3988242737460573,0.4669124402622832,wave1,0.278342953411104,0.5506002807153182,-0.9483620327582536,-0.2744277727867741,wave1,-0.0411803679604731,0.1725901185077656,-0.5321779892489877,-0.3761711315623517,wave1,-0.2157583470620736,0.0108639016040232
344,-0.6791299615112306,0.625868125091259,wave1,0.4143378148963383,0.2717660842697442,0.3928474271801309,0.1734598494568504,wave1,0.1852359948283264,0.0532286720198271,0.4728017307906095,0.3510347006901826,wave1,0.362091748837845,0.1674053684963474,0.2617890018806016,-0.1681260411244247,wave1,-0.2580492374829481,-0.2645959310081739
345,-0.8751952332986103,-0.1393882111217124,wave1,-0.1869121263276438,-0.2880623519623426,-0.1612133556486411,-0.570857816156348,wave1,-0.5165107301556531,-0.4443757472560588,-2.9281488928456505,-0.2965381056441341,wave1,-0.0265968890323285,-0.2539243479876181,-2.386715386352412,-0.3393612903875088,wave1,-0.2561687232779567,-0.3364146609269779
346,1.6447069378126715,0.9782517500636532,wave1,0.8590011154020125,0.8821659965841935,0.5567628047245864,0.6844715593840556,wave1,0.8113268938153915,0.807545262684833,1.2540932848225743,0.9525209951733362,wave1,0.7601979140909407,0.9447916538154552,0.2816078472245144,0.6468167277507888,wave1,0.4699965971232149,0.713679192216929
347,0.0907864053356735,0.4382186422182588,wave1,0.8536297086985163,0.8901037696205865,-1.9372457785848,0.5529969735335492,wave1,0.6609425045887951,0.7499409665848336,-0.3945520941651982,0.610718058785064,wave1,0.7850352074787674,0.7480651197992867,-0.0215246927197466,0.1320220717667677,wave1,0.3509369942686118,0.2818103035475316
348,-0.8711275875598433,0.4258602159226268,wave1,-0.2437867180369648,0.6766362790599401,0.34237503176348,-0.2537822305995725,wave1,-0.4184014410681689,0.0686824924677975,0.1668337987956773,0.2438500612408224,wave1,-0.1731826494535971,0.6770015163446128,-0.8041754596554147,-0.0599456773206811,wave1,-0.23185831883245,0.2414861951182639
349,0.8280262595384489,0.1632107796917847,wave1,0.1261264595028239,0.481559456268974,-0.3465633508848632,-0.2175009615700234,wave1,-0.297677461661828,-0.2959621648234183,-1.5224797989769157,0.2513313491342706,wave1,0.1837921029087248,0.2720230394095513,-0.0943151046429397,0.010138845965577,wave1,0.1105990309043928,0.139590123865973
354,0.3289729782057711,0.5731086117491628,wave1,0.7421685546054979,0.6220901212967958,0.7645218350444427,0.5118282255190252,wave1,0.5515196828454854,0.7041102568653517,-0.2443227026699936,0.3977140922981081,wave1,0.6621518589908642,0.5815068733995037,0.230503899549668,0.1074118722829055,wave1,0.2519145161858188,0.2770878269184035
355,1.043067297068516,0.6270762053879639,wave1,0.872025984646122,0.3059245744729069,1.4284855136083794,-0.0672516211322267,wave1,0.1191267533741164,-0.2135124081378201,1.150378457800253,0.8828120220370037,wave1,0.8496421096660431,0.3832592767582563,1.706703050773049,0.8447248901278535,wave1,0.8044309115484292,0.2906190047202855
356,1.4158425081701709,0.8634960204074618,wave1,0.7012901751887821,1.1329621600758688,1.4212134684993196,0.5992533244916189,wave1,0.5059855067659593,0.8355550684987163,1.1688270529369436,0.5579723501910969,wave1,0.1802269811470206,0.6931621155350107,0.7489621475299781,0.1872583181952462,wave1,0.0493400946729917,0.5111734595489531
357,-1.227080556646411,-0.1270762769057056,wave1,-0.1778226961356908,0.0297855157744062,-2.6476832294459896,0.206940909806,wave1,0.0823744149491203,0.2836301669293772,-0.8054614348648548,-0.1023742940148902,wave1,-0.0074438157993931,0.2432859633891398,-0.5602502155480753,0.1031942992957649,wave1,0.1821889730099122,0.4260251816363741
358,-1.682081666869737,-0.6783521787562963,wave1,-1.01594556016174,-0.4647446212995918,-2.196523694636566,-0.5792652548435414,wave1,-0.7979073420149893,-0.7180791269088168,-2.1533667791578406,-0.4795764911682847,wave1,-0.7160581326703206,-0.0870932129609986,-2.406566583038269,-0.1754939805267625,wave1,-0.5217557956258807,-0.069962262531569
359,-1.2520081786934951,0.1528096101407712,wave1,0.2398909536754061,-0.022499821225721,-0.6621721555910669,0.3232506925168711,wave1,0.3465357003230592,0.3818538164811368,-2.436413319379329,0.0801149192706136,wave1,0.3949578085851588,-0.1087289741939627,-2.198869706245858,0.2305717659835104,wave1,0.3865551539575624,0.1066537230031567
360,0.2050207763469342,0.0859287305150506,wave1,-0.0741880759229802,-0.6267118677205699,0.8204157383364156,0.5069841556537404,wave1,0.2390935715297881,0.1486038739261295,-1.18928477141275,-0.2406519843118552,wave1,-0.2439197036607304,-0.8420645023088519,-2.445953563514965,-0.0062829381506798,wave1,-0.366083688808918,-0.6387790008323878
361,-0.6975244612144512,-1.3643696292545897,wave1,-1.262932383833633,-1.1970699587322675,-2.109786070096717,0.1287248809171091,wave1,-0.1101197409008576,-0.2073180680994335,0.5739416387357601,-0.9241743004131876,wave1,-0.8369939335962677,-0.6352694710564772,1.4286461051546149,-0.7581258731973551,wave1,-0.6045671713325548,-0.4232698503654274
362,-0.8619388423667325,-0.6136465910836577,wave1,-0.3236064636392219,-0.0932065159561776,-1.1256032871429045,-0.7594331103988284,wave1,-0.5888122710526643,-0.3204059084820275,-1.2414722420600477,-0.3456725803938536,wave1,-0.0926720101427955,0.0304036643262761,-0.5524793028917594,-0.4625736590051066,wave1,-0.2127405398655664,0.1220619790049102
363,1.2450523798884028,0.4857956764847388,wave1,0.4625419973970821,0.4166840109328094,0.9271175185092208,0.5770242985905072,wave1,0.7083747150149748,0.4485101270548113,0.5369012994174132,0.3403148999508666,wave1,0.3057867346408726,0.4998282318992643,-0.8350962059095383,0.3894949249743052,wave1,0.4964061779808865,0.4618578500666085
364,-0.1473021225056119,0.5371054430130497,wave1,0.444094777979561,0.0509854335735142,1.4641771299050437,0.5061119599891741,wave1,0.2465674060309459,0.5018803612840355,-0.827275554086063,0.2931837341496265,wave1,0.1490353639498384,-0.1809484398116765,-0.7456522846362691,-0.1161345733321937,wave1,-0.2948366103609471,-0.4373088070081786
365,0.1192273335493183,0.161571986711424,wave1,0.0926745031688249,-0.5311183967942235,0.9966669320139236,-0.0689746353008009,wave1,-0.3418935310577777,-0.3204493569917253,-1.032287550685646,0.5249252483536588,wave1,0.5818144452657943,-0.0994945116605043,-0.7188322400337809,0.4842422520019829,wave1,0.4981543707765867,-0.2048472770928291
366,0.2939108140399084,0.2702023010398005,wave1,0.356426956508038,0.346903552124628,0.0197029845797075,0.3401783670591152,wave1,0.6469186402549905,0.6347267940894368,0.5484805152835323,0.1904886072636374,wave1,0.2598366460313365,0.1929412658725674,0.3134494522463531,0.0760411516264972,wave1,0.2896186703772408,0.1528031465422784
367,1.5190946752945294,0.0990811592124176,wave1,0.1622638486454886,0.1210357268445061,1.208716980130265,0.1997400499976493,wave1,0.0099169224367803,0.1337038813430071,1.3769491131172158,0.0183478694325415,wave1,-0.0423063676978563,0.106560993728792,0.9745741635764176,0.0148700967917362,wave1,0.0011678517917156,0.393555753483903
368,-0.0684089718828671,-0.1043053773144793,wave1,0.1228538475426113,-0.3532592372480629,-0.4618287456001742,0.2479293641391404,wave1,0.263219615124471,-0.0216010158760673,0.2226430937186009,0.0534871880502489,wave1,0.2875210306289959,0.1248655643315268,1.3634879769985428,-0.0478034714062492,wave1,0.1960121304892416,-0.077996954725156
369,-0.2693141825438821,-0.0888274356122922,wave1,0.0570381812745677,0.2782200291394385,0.5297268415092593,-0.3593463910965802,wave1,-0.4111694676826805,-0.2551028815905989,0.1497697828475881,-0.1257724964318949,wave1,-0.0447159565273278,0.2151160809088039,0.8225826903216741,0.0280370641540317,wave1,0.1899938464509949,0.7835381620718893
371,2.072056922253447,0.9086507952122485,wave1,0.9499699013582829,0.7798076252179322,1.0057142351803672,0.3656578859082056,wave1,0.2214511013671827,0.3742029097057169,0.4450126679769515,0.8992650474599699,wave1,0.8211363271160799,0.7510182383847952,-0.7687196633548881,0.4885139240519388,wave1,0.3674633911675756,0.3734737027724387
372,1.4706173618623144,1.1262335536651271,wave1,1.155044730593218,0.882115949357801,0.6935830129491062,0.860590629665153,wave1,0.6540888793807852,0.7235174272241353,1.2693517342427345,0.939897597577869,wave1,0.8966936931176763,0.8158716003365754,-0.2907106836373332,0.6934931564238418,wave1,0.6541499769711552,0.4804797094980253
373,-0.2423630096486627,0.1890399186675584,wave1,-0.0696636154938656,-0.0267181304984667,0.5749168953551184,0.4254190662900741,wave1,0.3724686902084073,0.3806835066321623,0.6688047415953737,-0.145480837397925,wave1,-0.428485163467893,-0.3345055669399024,0.6000191674337559,-0.040865631076044,wave1,-0.2894528530542137,-0.3446879026490737
374,1.1188157411980302,0.4473158946471296,wave1,0.8600779302703823,0.2012926952106142,0.5682186614856769,0.2370772094881377,wave1,0.5400412546886275,0.6096145705024067,1.58867737753542,0.459520127110826,wave1,0.6240627522186368,0.0019459531133663,1.212102801349218,0.1633595173513971,wave1,0.4677415034841794,0.2133055321781642
375,0.0237243867780856,0.116145917942759,wave1,0.2418709943143917,-0.0596501428794131,-1.2232556272020352,-0.3111454138850835,wave1,-0.0693086914329661,-0.3064343067491333,0.5755575002183698,0.2181603663294351,wave1,0.363291542418225,0.2233247960969564,0.0275110231495011,-0.0437769451646281,wave1,0.1211549056638467,0.1573376820662866
376,0.9081864404789284,0.6391286378148753,wave1,0.8539418871886222,1.1311644075502003,-0.1070538341282211,0.1071006658512603,wave1,0.3666021853967756,0.6216931451189232,-0.3953809256408274,0.8889727998239492,wave1,0.8219815659220342,1.2073493477626052,-1.2481080825763928,0.6217288062208306,wave1,0.5730341056657715,0.9557271877732898
377,0.7750618178461987,0.6730015756679222,wave1,0.9033458073962148,0.688257818641328,0.7350010848475598,0.2155741607175666,wave1,0.5044406003844598,-0.0140454068335879,0.6286178150031932,0.5840393148284674,wave1,0.9643547049943624,0.6586557750315037,0.2995210556943627,0.4581403082305759,wave1,0.8282790862480547,0.5118535510215407
378,0.498264263320137,0.3899078032554319,wave1,0.8654667924012069,0.9716946520238148,0.409442776636546,0.0326032993706297,wave1,0.329565566692392,0.471448454913004,1.4128106342493267,0.3390399744734709,wave1,0.9382788565280222,0.8949577633533856,0.488471522315283,0.2931855249433607,wave1,0.8031665827796625,0.7845108287438208
379,1.444258181211285,0.7373259174197995,wave1,0.8978384216684385,1.020311306561811,1.6532211477818877,0.4381134791408607,wave1,0.3856351436618759,0.5335339832704484,1.4258840211723889,0.2032061892742011,wave1,0.5601360034305392,0.8360331412870028,1.556493410439675,-0.1030223720945054,wave1,0.1764146921600808,0.4974482057112853
381,-0.1331748892869063,-0.5989509258230332,wave1,-0.329403759326893,-0.040570518304777,-0.8816581092899696,-0.4568322476569159,wave1,-0.5409174511521849,-0.2349395951472309,0.1188783738952846,-0.2804692631331289,wave1,-0.0478827280138067,0.0894349094178628,0.3894946252533544,-0.0098456702448272,wave1,0.1645037958003101,-0.1349908976238183
382,-0.6712260556688735,0.3009712477817969,wave1,0.2675847336984935,0.1649104040155191,-0.4233138567494283,-0.2991637291462394,wave1,-0.0937579341635839,-0.0041376923216054,0.1221183946811645,0.3645905990889921,wave1,0.3200397650182258,0.3446349396703449,1.206968531701432,0.0685637263370201,wave1,0.1700304906950879,0.257018711591877
384,0.7948689535044267,0.7040698906669276,wave1,0.9483067632090678,0.3476334070833189,0.441881176354147,0.2745518981512488,wave1,0.1817463150316932,-0.250967608095192,0.5669596245018445,0.593486131995509,wave1,0.8250519529244514,0.4977018602509074,-1.8095148242057335,0.5218562966311553,wave1,0.6608187419688583,0.363372501745347
385,0.2976384189250559,0.2683151463099831,wave1,0.0568491773755472,-0.2902150224716231,-0.8014078922032702,-0.3365397944976421,wave1,-0.3024907298375742,0.0983474814492478,0.5989568331477563,0.4453436308624272,wave1,0.0990213425052551,0.0702821472876513,0.9172826006024516,0.5405953901563565,wave1,0.058811985708483,-0.0057646886891611
386,0.9737981894115912,0.592721438493224,wave1,0.2266448793422903,0.8865695829448486,-0.5780902799996737,0.3899118779189725,wave1,0.1265734645718546,0.0114693523291899,0.9367492797361602,0.4780579344723793,wave1,0.0346452974862959,0.9163214289963478,0.7874060404491551,0.2213478053569662,wave1,-0.090914542972011,0.4830086372146494
387,0.7751414975957474,0.4536877393719196,wave1,0.2233124685317546,0.3885854213329258,-1.750199711361512,-0.0957603406603626,wave1,-0.3770469108258154,-0.0773531025635592,0.7655182308050295,0.2961702523742118,wave1,0.1605235555596746,0.1969731933919876,0.2568523258172545,0.0344314651485896,wave1,-0.0380155703765802,-0.2277642044741185
388,-0.2983612503595396,0.316700048655679,wave1,0.1954523570965194,0.333966022806758,0.4267652339292082,0.4667681496520596,wave1,0.5969280881922806,0.4582421388654855,0.4169198359498419,0.2440290667588008,wave1,0.0823003381451308,0.2838131853201171,0.3341903104398918,0.2783389519770807,wave1,0.3520887836589461,0.2833878793233821
389,-3.0829145914391263,-0.3903172222236652,wave1,-0.1557683921029129,-0.6175123915980332,-0.9007039287665013,-0.4996684013154381,wave1,-0.5396654891195874,-0.7399596937032148,-1.4797119915645929,-0.1121305249319448,wave1,-0.0396764126362467,-0.2461396715998407,-2.1286566690402724,0.4062973336536839,wave1,-0.2205259090724112,-0.4707869316335034
392,0.6048427124838088,0.9315871967642028,wave1,1.0042522591301608,0.7945947266289493,0.86392365241088,0.651430214372914,wave1,0.7355776384273827,0.4386122021422776,-0.2185059972489748,0.8688388409450376,wave1,1.0205896784742197,0.7341391579434409,0.1270402125534981,0.8318033182350281,wave1,0.6348109346627556,0.6495806150993714
393,-1.3225125624264964,0.2564402485626751,wave1,-0.3938334272879034,0.4780847827706516,0.7965741932421064,-0.3492003842713553,wave1,-0.5180026901353632,-0.0612741971437218,-0.4204294435120512,0.0950615406782053,wave1,-0.5309633875768129,0.1648271612890426,-0.1856731716013766,0.0986267754405907,wave1,-0.2618997619526029,0.430720714395993
394,0.0434036736211586,0.7514285216953784,wave1,0.3531041808167818,0.5406798058671713,0.7065834557455736,0.4623093282172675,wave1,0.3477439544906563,0.370624985102543,-0.5631519414699925,0.6990602545073047,wave1,0.4626393162439423,0.7858300379555913,0.7767708694912693,0.3433434433271766,wave1,0.3514973039244426,0.423571155435558
395,1.067125086670195,0.221640384925577,wave1,-0.0684263055547043,0.2053382539820671,-0.1329510594039102,0.465531396932587,wave1,0.4802279452443957,0.2722736394442354,0.582014097628361,-0.053633299931999,wave1,-0.460048219534644,-0.127007734461989,-0.1769119654302819,0.0935661433737824,wave1,0.0047451013699457,-0.0706572803669491
396,0.3467294231223411,-0.2611836981908078,wave1,-0.2900166072650862,0.3339070432630562,-1.3669552142164314,-0.1029251838266335,wave1,-0.0714221827679272,-0.1019040924593804,-1.143860773857671,-0.2712028747390442,wave1,-0.3823639172362758,0.1500319692681888,-0.554713911785659,-0.2397337582960046,wave1,-0.0598623964867643,0.1387480183361173
397,0.311436430329075,0.419211397668048,wave1,-0.0455207113749134,0.1713886210229573,-0.5993064677839728,0.0667390256519556,wave1,0.0028916951026912,0.2031552140047007,-1.1255039443158166,0.064363823667964,wave1,-0.1886622871748084,0.1184087908702465,-1.0907573295154205,0.0015042067771686,wave1,-0.208981584585979,0.0953352790931079
399,-0.2319113570071071,-0.170782370943419,wave1,-0.1300636642029484,0.0043108150793451,0.1469520573088366,-0.0220700446868236,wave1,-0.0811929401486148,0.2623986495376005,-0.6599824006716809,-0.1478462120093752,wave1,-0.2240351236584489,0.015293785026382,0.2058443872425646,-0.0867221640357981,wave1,-0.05961373514979,0.1271755867072448
400,0.7872019579069073,0.8966479522232598,wave1,0.60734117902175,0.334682437998351,1.2521461608094613,0.6159880055982043,wave1,0.5729979347330874,0.2397372868344556,-0.820258378980006,0.7022263929824226,wave1,0.4723929126887597,0.3805183130743105,-0.636661530230881,0.3507060786737345,wave1,0.2161205320956482,0.0631776357727053
401,-0.1602532771418808,0.3404968849081178,wave1,0.6279699007778161,0.6661252143592296,-1.2559720127071743,0.1149259125398629,wave1,0.2676274581666316,0.6038176578627745,0.8123400001383199,0.3425561843932494,wave1,0.4255127896190129,0.4730391548458483,0.0623966055418626,0.5649079081202437,wave1,0.422107608542499,0.4159413608758751
402,0.4039817294007368,0.5018287726881163,wave1,0.363883994365596,-0.0844376072396682,0.8781820270032413,0.397870753705665,wave1,0.367726759768446,0.3395797078837396,0.389497289369733,0.5001865262492771,wave1,0.4213542246079103,-0.0183538295034512,0.8613350792334241,0.3676946036325403,wave1,0.4083636575233706,0.1948375124809851
403,0.4128968307104434,0.5229788948033889,wave1,0.7455980388904364,0.5675767093479682,0.9695097959045028,0.2196094563306625,wave1,0.2171969999784762,0.0386965720841525,0.4605665665080078,0.617901318350297,wave1,0.6250459960421715,0.6479838448648243,0.0629018007818321,0.4078125876918982,wave1,0.3327295282627284,0.3809658500111773
404,0.3569041961109341,0.2013100242191792,wave1,0.1052934500556814,0.1691996833261433,-0.568564125325868,0.5895249479843222,wave1,0.2832518938323708,0.4025660606297118,-0.1319811196526609,0.362293162324295,wave1,0.2628560027514218,0.2134008750047246,0.1067976554383166,0.2181218847289558,wave1,0.1850284439788069,0.2325564468952094
406,0.4130633824678865,-0.162510381901298,wave1,-0.365369381194635,0.578752333601612,-0.1497565279926936,-0.0524115242658225,wave1,0.3449797354961426,0.7102422540532154,-0.9295096868531462,0.1484032508547463,wave1,-0.1031643368649515,0.2978899544552527,-2.065264777307743,-0.1627785465023631,wave1,-0.2457009417276263,0.0404605550286146
407,0.8594805981436348,0.3035023961951408,wave1,0.5721777391832823,0.4269934507435364,0.1374887771937355,0.3381423861826934,wave1,0.6286107761740053,0.621540838296241,0.0664443025190078,-0.1765840392063281,wave1,0.0513154595729771,0.0840700593243871,1.4142085901150414,-0.0741346864693089,wave1,-0.0023502051327085,-0.0196205102152716
409,1.5263629317589715,0.4392136608808898,wave1,0.368725165290684,0.6784357435736663,-0.5938219008638341,-0.1019757356309312,wave1,-0.2516660419791074,0.2076265559351839,0.3641932953460985,0.6557160199540528,wave1,0.3804857589431158,0.5076755361098442,-0.3608981447278037,0.5082282032363037,wave1,0.2527381612422466,0.4696857493706492
410,-0.4325041138564774,0.3305997855500873,wave1,0.2183272959162081,0.3940100119484884,1.0852399017421497,0.3680813265192055,wave1,0.2261426413128031,0.1967172851928218,-0.5346381345227632,0.4672487588428458,wave1,0.1517338864241419,0.5476520655673551,-0.6486600174707822,0.5506652651815389,wave1,0.2479811767480177,0.3831989872034715
411,0.7563509294707241,0.0932995395772129,wave1,0.3971431748192706,0.4170468758370214,-1.7120152401584638,0.1865221843958027,wave1,0.0170723157429604,0.3112338496696289,-0.6043854917092102,-0.0373780846318792,wave1,0.3402877132685724,0.4216598897924383,-1.7703920379309124,0.0707551757226966,wave1,0.2728901942509615,0.2476026337743212
415,1.1687947426101877,0.292339122365651,wave1,-0.0344434613540851,0.3161578809238228,0.3296885507912033,-0.0310427209636516,wave1,-0.326092326755492,-0.4006915838084417,1.60927600086378,0.1554680286786272,wave1,-0.1565591342925174,0.331028868380476,0.8878588154384736,0.2306416113686736,wave1,-0.0340810899974807,0.3869551103550049
416,0.1744689085818598,0.357561825475428,wave1,0.6368670097301408,0.7619002855299644,1.3276434002359845,0.1736075998504793,wave1,0.2811617024320021,0.1369848994261067,1.1169226947649775,0.496151034220029,wave1,0.7047887647612423,0.8772162283419795,0.5270394866483117,0.4845065842930043,wave1,0.5786983404547557,0.8431156923225736
417,-0.3887015431775785,-0.5539009291114829,wave1,0.1932363404518087,-0.1530321672232308,0.1308278276920902,-0.5160137569201715,wave1,-0.1140742976834534,-0.2011544729486409,-1.7124860758934113,-0.5117474211594109,wave1,-0.0367013831882945,-0.1611367364538514,0.2731761416961903,-0.5011227339245733,wave1,0.0393002285412314,-0.07928144643537
419,0.272975489929833,0.2488731543362639,wave1,0.4509870626875507,-0.2749985347772172,-0.0458928980705197,0.0068030549293141,wave1,-0.2366226185126061,-0.4659429937577553,0.489037192588811,0.5719985544312778,wave1,0.5077231934638868,0.0708035862350111,0.5018597918363737,0.5164477441393659,wave1,0.4164365467477781,0.2582053269801289
420,0.4783779832408829,0.6582336978342878,wave1,0.6787740971295748,0.5938869875175996,-0.3253278749488825,0.6956159172700163,wave1,0.9380805181259076,0.7200206791419836,0.4789181137004152,0.2719917893036174,wave1,0.2185066956178101,0.1763619646652308,1.1956405398785552,0.5526721161151095,wave1,0.5874078319595065,0.2844893550862101
421,-0.2211586098498,0.1886154216217201,wave1,-0.2977599474494816,0.5070567981674423,-1.7772913970484507,-0.0360711176904222,wave1,-0.3303832884485287,-0.0004261669485627,-0.6998585226722223,0.1134518148236619,wave1,-0.2638193947640456,0.280625820779966,-1.6011361085071134,-0.0129402170320317,wave1,-0.2877269122746221,0.1815359190063672
423,1.3147527897825488,0.7032304289520981,wave1,0.088102356571053,-0.1232896697236001,-0.9726616310643424,0.0989380985037864,wave1,0.0944076116071159,0.1063293153745417,0.460089071744309,0.9251841155809784,wave1,0.4049643438265651,0.1148647964627511,-0.1756016746787108,0.2875385326267113,wave1,0.0302572332992814,-0.099104963202361
424,1.5256247514021666,0.4276850250235258,wave1,0.5437180000855704,0.2591259823334075,0.9593676604354542,-0.1963684213735168,wave1,0.2091592180389418,-0.0211125507434701,1.3279750858324082,0.2838840088115765,wave1,0.5727433404990904,0.1019446410340393,1.553421764079291,0.1175706107874732,wave1,0.4158294814699582,0.2225742730918175
425,-0.5754580910875107,0.1800582057678108,wave1,0.2887017103674807,0.6329224091382522,0.3293131274608257,0.5012285569824151,wave1,0.5418683627362766,0.6555805195095852,-1.0000502286953583,0.1763994463570151,wave1,0.3101807739844788,0.4042934364718726,0.260608442700562,0.2818477576901008,wave1,0.2548746699298982,0.4138358703663454
427,-0.1108928429972196,0.9908011090316357,wave1,0.8281080562074146,0.9926733086671926,0.8162559109321507,0.9288619394262618,wave1,0.6268556524746776,0.7873151894403716,1.1364857077996044,0.9379065075212298,wave1,0.782911938955448,1.1192604894761793,1.0394924991145118,1.0503739477166645,wave1,0.7735157387687971,1.0994901962156
428,-0.1826906827957953,0.830125393953631,wave1,0.5870552575187531,0.6447447129229589,0.8568401616398151,0.5031751722441893,wave1,0.6447908473883621,0.5613564322574285,-0.5186637534249801,0.2931943106778986,wave1,0.1598917867640352,0.4605485231438652,0.186300495019916,0.2726118135642822,wave1,0.2392442337901018,0.3475920060583594
429,1.1381136597320054,0.5064044927204612,wave1,0.3032476531132761,0.5378485229373196,1.0248296255134808,0.6140467783228061,wave1,0.4892577673502083,0.6515021745867171,0.7661151643735249,0.2565822753746134,wave1,0.0952928951331821,0.1952417933817185,0.0537457006690252,0.1324088741169821,wave1,-0.0176767980581673,0.0633348428209634
430,0.8599220876774357,-0.1171727428500952,wave1,0.3872764727811217,0.4868842767218728,0.2894869374094921,0.0478800196583462,wave1,0.2096857750067604,0.433586883594045,1.166770491215375,-0.2981129060514143,wave1,0.1059468238381196,0.0397990989860346,1.2040416818330029,-0.3664830533263737,wave1,0.0532324681990207,-0.0985933254556738
431,0.6206298547323386,0.5290252879585213,wave1,0.3758223147321828,0.6240159164570445,0.5395777298185519,0.5718196806124674,wave1,0.6894089503420413,0.5071213647261907,-0.0508021954423457,0.3678452133317657,wave1,0.0722293090005809,0.0551539042724963,0.5531595457986198,0.2433117464099476,wave1,0.1024442838486227,-0.0924292876476323
432,1.077916338387446,0.5745825929939101,wave1,0.4840210009914127,0.4217754921002015,1.066586039859141,0.2152304800662472,wave1,0.2425700165708759,0.1902185620772849,1.6787717691688346,0.463092761691193,wave1,0.3739510780559218,0.5813047874401827,0.91607187754311,0.1754260568653443,wave1,0.2959505971683983,0.403590793410443
433,-0.6867852926005987,0.1045205137669809,wave1,0.0063290040897472,-0.1612519462550783,-0.1260433216364156,-0.1627277188820517,wave1,-0.303052880725019,-0.4039851286431408,0.1758046343786633,-0.0149652865816468,wave1,-0.1361368823248659,-0.3765883550438754,-0.0784905507125687,0.0180269838097442,wave1,-0.0405582209129477,-0.327502933535424
434,0.4846460339576645,-0.0415574281564432,wave1,-0.222249269797063,0.4300855120207725,-1.0085846867226074,-0.3077815042873439,wave1,-0.2237426827938826,-0.1495772934093528,-0.0416943764341352,-0.0412366414827156,wave1,0.0451434570535556,0.4170767069012615,-0.4566050136973412,-0.1253309630482682,wave1,-0.0344786243095254,0.2380351687880954
436,0.2409759518467424,-0.1726179172923978,wave1,-0.227664998517485,-0.2279054270941665,0.4945414112253076,0.0702608077267721,wave1,0.001476558199615,0.2053002185603702,-0.8694475320708791,0.2464341662277125,wave1,-0.0105762955518804,0.1195303880672871,-0.4415807077227875,0.1356167826014136,wave1,-0.128084109056573,0.0529088110781547
437,-0.5092228802016745,0.4120126340574437,wave1,0.1154300085549446,0.2161227466626283,1.048967438912912,-0.0122182355843345,wave1,-0.2617880729102668,-0.2378325772918921,0.672097413746616,0.5016644402152661,wave1,0.3737068414376587,0.4902218491438367,0.8569375471285406,0.422047460678789,wave1,0.5134249193540318,0.6663782093228395
438,-0.8049562052148708,-0.3852968567268835,wave1,-0.0874221739009715,0.0374867842955342,-1.1033456908763222,0.0940747306352427,wave1,0.5834876251893537,0.2662622006704052,-0.4126656200683348,-0.1391358649128486,wave1,0.216968048837004,0.109716981225308,-0.3174587091516551,-0.0394259578746876,wave1,0.3489725141035991,0.1647844086781371
439,-0.7958118662541832,0.7271273028890053,wave1,0.4939393287282727,0.2179956119023387,-0.445043504359064,0.6580736029053462,wave1,0.7177954999757536,0.375866090614154,-2.2874182631953945,0.4305168411635991,wave1,0.125895380045891,-0.0730658946999458,-0.9343031486077168,0.2215120237722115,wave1,0.0451242409917506,-0.050420099978106
441,0.7426396134841355,0.1343354253491611,wave1,0.0141635217554203,0.2571523476301316,1.1564571327907829,0.5928421307860662,wave1,0.4574410743926856,0.8208733608996553,-0.3406060746228143,0.2911736059633146,wave1,0.1774173079353026,0.3734561134105097,0.9838669571767564,0.6549808743222569,wave1,0.5543946814474379,0.7455765536861443
443,-0.4195919276274776,-0.2717749740842641,wave1,-0.255185763537523,-0.0446942278062412,-0.092787132694253,-0.1026436494129591,wave1,-0.1675984818954284,-0.2422770954019754,-0.5228080689093644,0.1642223795637998,wave1,0.0357476734773712,0.3258837534601289,0.0180980673788685,0.3378159373092713,wave1,0.0842165785187061,0.191773555824849
444,-1.419169836001019,-0.6623672564346705,wave1,-0.6402126922760287,-0.6606404881629575,-1.9313628304325392,-0.3990556370340261,wave1,-0.5517658910351719,-0.4343184326334257,0.1831841686864549,-0.2039862684494669,wave1,-0.2325573838400794,-0.1060523831538369,-1.9421709756913923,-0.029521519115727,wave1,-0.0894271456666689,-0.0776965372772669
445,1.897840019850473,0.245017089724826,wave1,0.5817602175767886,0.0647031542943974,1.4473214232084903,0.3717436193395829,wave1,0.6657072729017186,0.4295874919255305,0.7287754301567796,0.1338753338534954,wave1,0.4771393512533664,0.129321125143689,-0.5578756459488242,0.2808125303281943,wave1,0.4348902690183558,0.1667778195853179
446,0.4639526866271057,-0.170192948445365,wave1,-0.4724637443532273,-0.7340235828241362,0.0108814571269726,-0.4008585975153156,wave1,-0.4829364233732975,-0.6390438872846851,-0.1197165371170411,0.114902891889325,wave1,-0.0257550310870636,-0.1430080652796407,-0.3537407940707651,0.2021498238334276,wave1,-0.061122338193757,-0.1033319242849763
447,-0.1739245615773051,0.2012198402038523,wave1,-0.0368442400018329,0.731449160441858,0.3633835125215743,0.687991528959057,wave1,0.2034693203367619,0.5131955478565426,1.1837726220182063,0.3143176384376405,wave1,0.3297801895079315,0.7968065883834647,1.3538622507615998,0.417592169929856,wave1,0.4667243638593775,0.7018969887893035
448,-0.2071778342817425,0.3795579125905426,wave1,0.0834771640329374,0.081191705898276,0.5611806659165213,0.4330590779028189,wave1,0.2938710733228551,0.6316997067456773,0.6077527776315952,0.1672532717992884,wave1,0.1337593546815302,-0.1982011047514278,0.6926238531245854,0.142818193767929,wave1,0.1888647668557174,-0.1213880706995195
449,0.0401576784532081,-0.2486879965956687,wave1,-0.8823307047654871,-0.4015923683662865,-0.399558353022344,0.4388994959663557,wave1,0.0402339320352913,0.0010073146141382,-0.3580318521727459,-0.1022369690674438,wave1,-0.7496292218297891,-0.3240354681871726,-0.6664135857316371,0.063507364068573,wave1,-0.5325877300652735,-0.0641199468077062
450,-1.06782452178025,0.0719054378930823,wave1,-0.1580390569526031,0.352745326150103,0.5689815891513421,0.5481775792214892,wave1,0.2387657871999694,0.4524777421056808,-1.932244183901426,0.1193374419263231,wave1,-0.2570385012731775,0.0438902334496507,0.0772078396656027,-0.0394945888687738,wave1,-0.2429957205181263,-0.0356351743748339
451,0.7260544057741095,0.6039161362960135,wave1,0.2170351684402494,-0.0388169582885264,-0.5050089327727793,0.4964874268020404,wave1,0.315053345628092,0.2095702277462802,1.0513266932167509,0.3402248463195272,wave1,0.1596742541743235,0.0244313902866666,1.4534472073922993,0.5198830196998963,wave1,0.3706916118403123,0.2759004090014232
454,1.2978847224196084,0.5211542427058304,wave1,0.5358747975472051,0.478510718267868,1.425241039421558,0.345047258845867,wave1,0.8605433978060177,0.8572246086411277,0.5630538158149804,0.4042996188829224,wave1,0.3966340801957571,0.5604098440926426,0.667227008276536,0.3342148594545548,wave1,0.5232550306309895,0.5148265897121664
455,-0.8985183971691056,0.2014529137593104,wave1,-0.194846512761633,0.4578027340764652,0.0694762606679349,0.1353093259388593,wave1,0.0381543132040596,0.3545517963109748,0.1920596421651591,0.5317275143454863,wave1,-0.2514525866866027,0.4050379015144549,0.2372582201187147,0.2549881678666464,wave1,-0.1587096964525675,0.2083415183211917
459,0.1920819461039739,0.7469417724294605,wave1,0.6862235434537123,0.7176372315829704,0.6340681534191429,0.5983800875315892,wave1,0.7615404138431128,0.6485882376532146,0.3359507713223365,0.5964365920553008,wave1,0.3580447377218171,0.5600772637201892,-0.5872666299792639,0.584647639917042,wave1,0.3090140493190071,0.4148589532607306
461,0.1462778003454005,-0.1039254079204388,wave1,-0.1931095395787945,-0.1889324720134706,1.1948369862307069,-0.4785475399769736,wave1,-0.3582258862313221,-0.6156434172039837,0.346707734949683,0.3317243527316591,wave1,0.2263181042186237,0.3782853392234566,0.0859369667085416,0.488513552635903,wave1,0.277826967437301,0.3883206839211781
462,0.4513843475304801,-0.5368973355070348,wave1,-1.360002907073743,-0.8209100181721567,1.598302518815204,-0.3969435928125373,wave1,-0.7899068550514328,-0.6179786037106039,-0.1006949114380698,-0.6525820522848891,wave1,-1.007943869739773,-0.535622778171644,-1.0047227891462258,-0.4643334507592062,wave1,-0.5772172398784713,-0.6195539869949654
463,-0.4849472511794613,0.1108457680289027,wave1,0.3174584872223567,-0.1118019107395544,1.5801441304888988,0.2886422501585355,wave1,0.245119995711414,0.0421676424065387,0.6572064675197441,-0.1878752783807662,wave1,-0.0484477188441236,-0.2060474553732545,0.3519859537225561,0.042799480630594,wave1,0.0231483707824642,-0.2606142634287271
464,-1.7611774412852128,-0.8876161157146922,wave1,-0.5464562559652288,-0.7086125285957536,-1.8185251163276444,-0.3465429605258814,wave1,-0.1841181010887442,-0.6210747322321151,-2.0971561753425942,-0.5262504905118666,wave1,-0.2238636317125478,-0.4179400324605694,0.326542392914157,-0.2730317720645255,wave1,-0.0868491988724174,-0.6088285180610459
465,0.3632058191402665,0.6864687601741568,wave1,0.5883685641532053,0.9040245067667676,1.2119349310930958,0.6002384247243691,wave1,0.4486438261488477,0.7221089993528644,-0.3543121686699624,0.5349293886130753,wave1,0.6028788198426158,0.4982360299266876,0.9343320124697578,0.4065577070422247,wave1,0.390000508976761,0.2448006461027733
466,-0.6986694963012265,-0.3692538422143137,wave1,-0.4569582048850107,-0.4735049209016251,-0.9228866320775836,-0.0332138500479524,wave1,-0.161252073973046,0.2480247821112717,-0.1629761748241636,-0.2418538231481359,wave1,-0.4336498420144092,-0.4492361005957881,-1.234309470775557,0.1379496907118072,wave1,-0.0338011835151114,0.0626701738253983
467,1.0812490313223797,0.0498961500013672,wave1,0.3991349539672053,0.1047768224058489,-0.1346112941776835,0.5442720282246721,wave1,0.4427758750885963,0.190358412222645,0.5755366546524049,-0.2853853645910653,wave1,0.158672259794048,-0.0146554523347372,-0.261017694098151,-0.0099612753763993,wave1,0.2253932778233804,-0.1531133766523906
468,1.6528530812470124,0.0863232622006486,wave1,0.1508581563344051,-0.0167181141069094,0.3743120378712481,0.260707051277337,wave1,0.1699206414194183,0.0077858864633797,1.1028817710707972,-0.0068188000518227,wave1,0.071869931700909,0.2073400535209348,1.0725019349249365,0.3055765706464708,wave1,0.2779744845543375,0.2734061688114177
469,-0.5162926075202352,-0.7949358213157334,wave1,-0.2037379591113746,-0.0397696429636695,0.7131076798353404,0.0614758655102132,wave1,0.4598993005989735,0.4988869631848993,-0.2123120140965404,-0.3909594194309456,wave1,-0.2583516119654314,-0.2541988603824858,0.4043914395372645,-0.0686343856462911,wave1,-0.0287145788419603,-0.1360382276262698
470,-1.4595894954443338,-0.3020428111635393,wave1,0.1864021508396656,0.0889834333174326,-0.9439807500220307,-0.1920102976369184,wave1,0.2245427643569248,0.4125104848838941,-0.031670107283771,-0.1841962839348212,wave1,0.2349507717592667,0.1890850813950928,-0.3285719108731129,-0.4642724894995833,wave1,-0.0376181563235692,0.1691307997443263
471,1.2513553868877685,-0.1348849291949769,wave1,-0.4169317739463456,0.0401510651114453,1.8460848002998556,-0.1387880645485224,wave1,-0.0929247684534222,0.2888201185794021,1.2133446918957111,0.1487110736737797,wave1,-0.0638595964680941,0.0934222697712849,0.2242168774824026,-0.1174612203243096,wave1,-0.2186019444876975,0.0542426564430077
472,-0.5673549553708169,0.4302407462791096,wave1,0.3329446300437135,0.0286411859749047,-0.4414087162012062,0.2444159833221086,wave1,0.1106862344021344,0.0045929438894583,0.1757636600265034,0.4833182426093227,wave1,0.4309729570057399,0.2861561146431584,0.6811906661910111,0.5516230576529474,wave1,0.5880507946777657,0.548628282432066
473,-0.9574063282563376,0.2690854697044473,wave1,0.6355023726863522,-0.5701092073173255,-2.3300324706099707,0.4620629062976185,wave1,0.8391530989085749,0.2991674905240178,0.0658821540460925,0.3872811092763351,wave1,0.4416350391880115,-0.5818043782875362,0.565585265794064,0.4719932882892075,wave1,0.6811154577913223,-0.6726597072274192
474,0.2555849196210604,0.5174095895523716,wave1,0.3540327655333639,-1.091241350496334,0.8792316515424968,0.4889131998211844,wave1,0.5230494853908623,-0.3799908090072377,-0.0301935381762089,0.3249111091893044,wave1,0.1874449567266807,-0.5690701990794675,0.5095574872023056,0.3417410355628402,wave1,0.1985377836056862,-0.4605683261588503
477,1.0071906325040292,0.4309250586015032,wave1,0.6542788407891329,0.3251552654312022,0.5737028377613009,0.7000326831274767,wave1,0.7720327548932843,0.6607527486984616,0.6090719340508868,0.5222795004782691,wave1,0.8458194647060323,0.6483372089726774,-0.0702318372304113,0.7737232353136436,wave1,0.9712040611021586,0.6976951637974129
478,-0.5107449429461222,-0.1549583829513752,wave1,-0.2316486368653354,0.0830170717941811,0.7172445365190624,-0.1853765097281894,wave1,-0.2606050318230657,-0.262173205210934,-0.6327263940878313,-0.0837343808112044,wave1,-0.2380051480560924,-0.002781859465509,0.1860391767251981,0.0674365961400567,wave1,-0.1877729634035229,0.0617158982628845
479,1.3105810821408117,0.2455958151735635,wave1,-0.1577840951600704,0.0379281891122245,0.4973230011061157,-0.1460850920704166,wave1,-0.5601429652798491,-0.401339556227881,0.6418516322863425,-0.0031853891209321,wave1,-0.2199139058146353,0.0097784253819765,0.27298965939699,-0.167460051826174,wave1,-0.4685026465047895,-0.1703577575052882
480,-1.4392647270618049,-1.1030312669624145,wave1,-0.7528273453485159,-0.47804345233371,-0.8465177661212049,-0.3494720090409783,wave1,-0.1574760916840368,-0.3088929592827899,-2.6901381356743315,-0.843501528309085,wave1,-0.7011465960895833,-0.4074114495116128,-4.559607225352102,-0.5802443172755714,wave1,-0.5524097619324142,-0.6062188005692539
481,0.007662254393931,-0.2247202226709412,wave1,-0.347633796425828,-0.5484173675030659,-0.2612399482486848,0.4434287202028883,wave1,0.1930634113912694,-0.3149830288493112,-0.5243751747661146,0.094094867874521,wave1,-0.0662303477470469,0.0877211750621789,-0.0729944816205975,0.6240667139314778,wave1,0.1907591837329264,-0.093692878513291
483,-0.846385157783545,-0.1611868726511605,wave1,-0.0348429124988434,-0.3997267198598622,-0.8790001355185854,-0.6211055208687528,wave1,-0.5350372386771431,-0.586403050884752,-0.2904883030816418,-0.0557934170643148,wave1,-0.0527355171494032,-0.2108627601558825,-1.6605436185467326,-0.1268463640163246,wave1,-0.1107114249773739,0.1936743915191048
484,1.2109299321563112,0.7746164041952976,wave1,0.3609339000325624,-1.3071649291294567,0.0074027059464755,0.0625760354478124,wave1,-0.0446527813185084,-0.6598582481779494,0.192320048730014,0.7386525293722914,wave1,0.4728256415710774,-0.7748118906895716,-0.6855716763989294,0.4063643272227263,wave1,0.3247663582044123,-0.8364636491385337
485,-0.7873133410952888,-0.2908769805762294,wave1,-0.9286147925167374,-0.477265180391462,-0.0803021476823197,0.2959838523533951,wave1,-0.1717925250842058,0.0806008039927856,-0.0189638504378997,-0.3127895074213185,wave1,-0.7810737541091195,-0.5555849479128356,-1.2868156029094104,-0.0391991551445126,wave1,-0.7710681085851622,-0.5691019491140853
487,0.9120453544033352,0.4413986310648361,wave1,0.7774951875444118,0.7409980036307118,1.186609428802423,0.7081782102532279,wave1,0.9138365316366436,0.8839183568279743,0.3533691763257555,0.4950196901974864,wave1,0.79982107473925,0.9277599206928384,-0.8214834410967077,0.6702526222153393,wave1,0.9034500017314326,0.8459309456789712
489,0.7028031900062073,0.724300820127681,wave1,0.1094639646720432,0.7504005486605652,1.4833494625323267,0.6577825175891148,wave1,0.3000213678138643,0.3509756846593959,-0.4521242897053739,0.2765405026177951,wave1,-0.1260845068316056,0.3734009672078109,-0.7737041877497708,0.1390026164985363,wave1,-0.2690308193661978,0.0935775146521141
490,-0.9168864395117704,-0.805468024512926,wave1,-0.7201324852360362,-0.8811074748086314,-1.177772709674112,-0.264965110541111,wave1,-0.1651315561820228,-0.470068166263657,-2.383604304738057,-0.1240669262812599,wave1,-0.1597429931826928,-0.1752125990793643,-0.7846234849793227,0.0607860120204543,wave1,-0.1783947230493433,-0.1557241250814159
491,-0.9416647253561196,0.3967691791896659,wave1,0.3483775486241025,0.3200650104007614,-1.6362251326132278,0.1203781981710303,wave1,0.2375121528282933,0.1965350058883981,-1.0424865346194463,0.3529284334991313,wave1,0.1234595669719553,0.307531905157949,-0.4690937713960483,0.2690601803548135,wave1,0.1346272687471851,0.2849373894078632
492,-0.7512851190367767,-1.5224004986727324,wave1,-1.0542495586735603,-0.9704338757974116,1.3285704765263455,-0.6895077109628192,wave1,-0.6521015187424659,-0.6550592367226069,-1.5749789448081446,-0.9666046305419776,wave1,-0.4934097559486826,-0.316901547905772,-2.2253420863782085,-0.3613041313100099,wave1,-0.0333344587161307,-0.1996421420742343
493,0.607191406396951,0.0494332076992249,wave1,-0.0081486204722187,-0.6231495960050144,1.0659828433901355,0.249073367583186,wave1,0.1493326893631763,-0.2349744633753532,0.9878834076485804,0.1985203127351529,wave1,0.0144932274691533,-0.1484064573118966,1.341428958963188,0.3876663292880784,wave1,0.3374354027222845,-0.1686892550995096
494,2.2653972033715184,0.5611279170261874,wave1,0.4229650772347488,0.984864368182655,1.368948957918577,0.5049933874443144,wave1,0.2017439330530328,0.4057931349109658,1.5570672434182176,0.3954688374242497,wave1,0.644455684366903,1.1298791531827126,0.9208631927442192,0.349536829967545,wave1,0.6274057960342106,1.016275980094521
495,1.3962546745709197,0.2117816966726309,wave1,0.2803465123133448,0.950698493173288,1.5651294083885323,0.4707762380146914,wave1,0.3580729274097356,1.085119863958815,1.3092106935974992,-0.2536527328323255,wave1,0.0388655907401347,0.1805456218517054,0.6790327899858133,-0.3498556763554378,wave1,-0.3677212451582822,0.0970124082122677
496,0.5422394588282594,0.4679970989491457,wave1,0.2133148119398393,0.3853152367705226,-0.7914040462245615,0.4872422687020273,wave1,0.5435844756497822,0.4858844625430455,0.598554174269031,0.2544790258017444,wave1,0.0678338989035432,0.3112724692734427,0.1957703081288633,0.2476815045586955,wave1,0.0447539351719898,0.3635296856518117
497,0.5942931888712603,0.3003945190459824,wave1,0.1491541261105735,0.1748667624664874,1.4568928340441656,0.5290851927848319,wave1,0.6925691609362943,0.3377877311587491,0.8877947888631524,0.266295757860486,wave1,0.0438052640901875,0.2163597262224634,0.8331321198062477,0.1652745300032526,wave1,-0.0352919811345378,0.3091591571651656
498,0.4592943357160542,-0.1743948138765594,wave1,-0.2650935786355028,-0.2626963872731194,1.2414999980863843,-0.171700304007498,wave1,-0.201837365855513,0.0873479547992601,0.4269678170697121,0.2483916984721035,wave1,0.3161311177116452,-0.0673179335848965,0.4274708450721156,-0.1235776611205009,wave1,0.1072830230370117,-0.1381892681437418
499,-1.2984357624337373,-1.5423888268761723,wave1,-1.117310950003639,-1.1800518283736827,-0.8288849473363865,-1.0021506709641408,wave1,-0.8114426612609649,-0.4018009778152491,0.4957014770755396,-1.097852681177624,wave1,-0.5728155819653657,-1.0082540386849457,-0.0144143464713773,-0.8594646431172017,wave1,-0.811305076346652,-0.7099675470535738
500,-2.842358503390099,-1.408287039289906,wave1,-2.5895217935057753,-1.5227030588653765,-2.3423004710850064,-1.0658824826058504,wave1,-0.8570027412547947,-0.6136086355516037,-3.206273154161261,-0.7071244227259584,wave1,-1.5617435260922754,-0.899075490439197,-2.6552942944137836,0.0651056253633011,wave1,-0.83764895614761,-0.6916457370379122
501,-1.4446738373945824,-1.3473451953072222,wave1,-0.6386546673784901,-0.8949427883275742,1.66224191851276,-0.4690999203493622,wave1,-0.111645771292087,-0.2366851016845863,-0.7467641452819174,-0.4650372868524196,wave1,-0.1398439038037308,-0.3193201027795677,0.0179697216470791,-0.3392628090182369,wave1,0.0109436364652584,-0.3374770165310913
502,-0.1389416341321505,-0.5636574848673579,wave1,-0.4776359138178505,-1.4946572133825766,0.2172941815165111,-0.5592772575647513,wave1,-0.4547525959430947,-0.8082758979005329,-0.4387234353872182,-0.2869388296107592,wave1,-0.2436279753520093,-1.327070642955495,0.1087324067124957,-0.1039150594268493,wave1,-0.0747143081905607,-0.5440931402638832
503,-0.4082549608834172,0.0578175122998172,wave1,0.4023793939450222,0.2390677527163149,-0.6425126018832757,0.2931074110128013,wave1,0.5406586228688075,0.2291951286063447,-0.5096888769229722,-0.084276783384586,wave1,0.4409275327468852,0.4209219396705813,-0.2036348722935057,0.0248640665718423,wave1,0.4812797648178422,0.2214390646531945
504,-1.882547372955553,-1.427480197858335,wave1,-1.418880130798964,-0.9553708800743268,-0.0434000954773059,-0.5365243941822513,wave1,-0.2905944793692934,-0.4615200747285792,-1.262616437335568,-1.2997149656571416,wave1,-1.0601582653137198,-0.4071223568121267,-1.737716010774258,-0.8408465447475044,wave1,-0.3505748972357682,-0.1696189720047795
505,0.5699266382565618,-0.5164170763880831,wave1,-0.6003849454356276,-0.0402107465169474,1.235186375678907,0.442167849623021,wave1,0.3459544707056692,0.4714626935830674,-0.5315258505658252,-0.5167206775690735,wave1,-0.507626769522599,0.0662407603326876,-1.040678796140046,-0.2333095463322711,wave1,-0.2589914945670779,-0.1462531316997046
506,1.0369986105179172,0.0878548514033048,wave1,0.3024785469000783,-0.0082555840099471,1.1065700691247395,0.2863944731669747,wave1,0.5029793057126442,0.3915404999549248,0.913702522149247,0.1105799900440592,wave1,0.0936245712169984,-0.038495584166818,0.964635470209895,0.1954553471175418,wave1,0.2413231716800155,0.250132922515431
507,-1.9073064962900776,-0.5042045151363495,wave1,-0.7830552222885225,-0.5510338472285985,0.8287065581158124,-0.3447470796485459,wave1,-0.1683590282832319,-0.0914560230359646,-2.2292586596775146,-0.0668741380584869,wave1,-0.5414726514974679,-0.0450448866274897,-1.7919118217235548,0.1822078733637715,wave1,-0.2294380841839824,0.1316355365799486
508,0.5687926718038444,0.3744245837684896,wave1,0.2279764557310011,-0.2255301104560267,1.2046728423837858,0.4269941226439142,wave1,0.3261131753671096,0.4959810002220832,0.4598767610163198,0.4461307788342195,wave1,0.1474535183790679,-0.1271754900603094,0.4665423078148248,0.6556186014098642,wave1,0.2887590518663914,0.2866234047187826
509,-0.6391563400861613,0.342146626094419,wave1,0.365685747915792,-0.0737691042462747,0.0315813355107183,0.4586937874398326,wave1,0.5321794379498569,0.2791888511337598,0.2189410922439942,0.4124644150603258,wave1,0.4497716058455172,0.0543142674823504,0.4763548907306749,0.6953994283547711,wave1,0.794519226907586,0.3738882883641461
510,-0.5177759656994178,-0.2019691310862035,wave1,-0.2194309521853823,-0.0972604350273191,0.5487122205923896,0.266261685551319,wave1,0.0469362044590614,0.0681093264906086,0.0797353653897877,-0.078194554696049,wave1,-0.1681260374746053,-0.1353331377163825,0.1305187005965567,-0.0312758910559987,wave1,-0.037689677640651,-0.0771831411597237
511,-0.8077434389836026,-0.8913000780342486,wave1,-0.9048309241818546,-0.456521133859439,0.7743205598664082,-0.1138598451319163,wave1,-0.2860827339021361,0.1021703705751886,-1.5968979222545214,-0.7417835510689812,wave1,-0.6418845956990393,-0.3432622686326432,-0.4371395841486876,-0.3204973822923924,wave1,-0.2102611630140845,-0.0683666053125389
514,-1.101041907783574,-0.4791390417439527,wave1,-0.3717109168584112,-1.0892690627812662,-1.6520408862120712,0.1448286668479672,wave1,0.1597165901593367,-0.0909899559217193,-1.3895402935149446,-0.1973155243630806,wave1,-0.1913321177606546,-0.7281816101735035,-1.8742782842553116,-0.1920340448508314,wave1,-0.247208202145383,-0.637109936538684
516,1.1117823217843066,-2.072434231299008,wave1,-0.1067060688350405,0.5405390640910681,1.1764455243287886,0.2164047944601548,wave1,0.419022142039787,0.7215515634879703,1.013349110833392,-0.8967969437586656,wave1,-0.0387515017315898,0.1510882668571875,0.9094364065607016,0.186450660519875,wave1,0.3624409670765694,0.2326858121479574
519,2.1717220291351405,0.0507960289785855,wave1,-0.0291175207247043,-0.0701332737450048,1.477425691355755,0.1014742623275903,wave1,0.4664690256550328,0.1934269315582044,1.3010647519553082,-0.0426708747324152,wave1,0.0012011244737554,-0.2659181352806388,1.1518640520306145,-0.0042464313706459,wave1,0.1390386524990204,-0.2916762275123229
520,-0.3846067201400235,-0.5056680927935533,wave1,-0.4377424791933197,-0.4985647887614504,-0.0206064352883756,-0.1437735246292792,wave1,0.0527260968233214,-0.0349367442017223,-0.1588100225180721,-0.0157264431734933,wave1,0.059626157050193,-0.0880438635170022,-0.6805357098017968,-0.1725482012713465,wave1,0.0019065252963509,-0.2360190972102985
522,-0.7410100034470297,-0.914370614315875,wave1,-0.4197382529970181,-0.8600357549124054,0.5779334740625562,0.0789298949260629,wave1,0.2749859686899197,-0.2771393505040814,0.2686585560572759,-0.4432154616162871,wave1,-0.1667341616448603,-0.6055008292116353,0.3712113633776533,-0.3316037496905399,wave1,-0.1341443083677667,-0.5050616424955148
523,0.116982096642786,0.4376468891939067,wave1,0.3516113801626066,0.0721539196390324,-1.4691411565153334,0.7556005148164857,wave1,0.7018146707340729,0.746002575844166,0.5054572759460271,0.0385336507878177,wave1,-0.0702485868236204,-0.2051652921720894,-1.4766505415690396,-0.1202849400510293,wave1,-0.2063084969795654,-0.3324874327900713
524,-0.1621379215423637,-0.2446138850365513,wave1,-0.08030496033005,-0.7193481274134019,-0.5644355970435352,0.1437006454652518,wave1,0.3718134272224058,-0.0401808722956618,-1.0384017336297586,-0.1799427592336491,wave1,-0.24627916697549,-0.8297407950903228,-1.2624326270995043,-0.2343233308051452,wave1,-0.1207013230037306,-0.6480725335239782
526,0.0153546530236042,0.0276681614810092,wave1,0.1458205478919998,-0.0009843021636397,-0.6244930617330383,-0.1972930785129538,wave1,-0.18655135672618,-0.1222099701951962,-1.489566566173349,0.2837232295246183,wave1,0.2100807553076464,-0.0497001340839193,-1.4390399326327992,0.1828827214978718,wave1,0.1180572800820418,-0.1556331379803439
528,-0.3124721497398128,-0.5348800650542407,wave1,-0.3554980160931864,-0.3990511899275157,-0.53553598577573,-0.3380720332451363,wave1,0.0421952055228307,-0.2920294449553533,-0.4026589360979364,-0.5454508071323618,wave1,-0.4134741404645199,-0.210906355358165,0.1275271316514125,-0.5201863288167744,wave1,-0.285936108091175,-0.2767844408108927
530,-0.082468928574642,-1.2553429814071952,wave1,-0.4741070453731359,-0.2101903954930368,-0.902027710190596,-0.570617318641853,wave1,-0.4753140251012719,-0.3330897655207792,0.1427381798070355,-0.5490663336975147,wave1,-0.0049716024309421,0.3879482320163695,-0.9583046100305564,0.0899663149825441,wave1,0.5560770249581385,0.8343432733892354
532,0.0049498738357596,-0.0913600106149483,wave1,0.1482557290238411,0.2274958895181393,-1.192069101365571,-0.0074855850816938,wave1,0.1455775488519045,0.1742123363730864,1.1534832094358645,0.2571688078368244,wave1,0.3074764659740425,0.5629464473106804,0.6063057375240406,0.061476210197368,wave1,0.2549090622018342,0.4773516499330819
533,0.2343958073441633,0.1217317723361521,wave1,0.111151498168651,-0.1037744142047041,-0.4416537217378972,0.2462517782822222,wave1,0.2355292605190189,0.1687861518320428,0.1329751691376423,0.3763115306994147,wave1,0.2417589562316682,0.1458725420300195,1.1194390988701304,0.56255691046232,wave1,0.4700482680362734,0.2029715573679902
534,0.3368349748192939,-0.7781438352771561,wave1,-0.466511333340333,-0.579456261104885,0.0425373241774349,-0.4852122513060379,wave1,-0.2544040492815806,-0.3047073988900024,0.7447050049680798,-0.4695539075812949,wave1,-0.3537582271278672,-0.2002373144151421,1.3412679466939217,-0.8046033832095048,wave1,-0.6948827224658318,-0.5248877145792972
535,1.405278403386756,0.657973130558503,wave1,0.6542640087568443,0.4136671383023589,1.2356288623633118,0.3343434710372595,wave1,0.3369274907949542,0.1933201756350651,0.556588990463131,0.8199629194655735,wave1,0.893620223395805,0.8350806065949012,0.1783039258965938,0.7579379819142198,wave1,0.926538320373874,0.7325160763502945
536,-1.4922842689565536,-1.7762626918487308,wave1,-0.949602925075467,-0.5364788246718417,0.6815052318493537,-0.7271066210708136,wave1,-0.4983733844750145,-0.3288730356535311,-0.003758501078882,-1.1738744495209297,wave1,-0.498693487643939,-0.223329247827918,-0.4119299758797133,-1.1217779965397925,wave1,-0.5029248517290725,-0.1229424157569194
537,0.0919138703261,-0.7316008473091278,wave1,-0.53116785561069,-0.491341837657383,-2.401813822643101,-0.7368956574359048,wave1,-0.5511462668057433,-0.3565288504772027,0.2527648162299644,-0.4037483640370484,wave1,-0.2159656326286946,-0.411509597216699,0.5476313456410588,-0.3396633739771096,wave1,-0.1232616393504023,-0.2347182637927956
538,-0.8004185780640504,-0.1801871324502535,wave1,-0.2986173211867156,-0.0776311042292419,-1.1335194050718618,-0.21044632492042,wave1,-0.2441512259996425,0.0139495369938256,0.0455867444651565,0.3742086360053027,wave1,0.2435408961368803,0.284595989300674,0.4560965070926425,0.5330775207682644,wave1,0.6540177405101794,0.6926235716023766
539,-2.379861744024256,0.0950768336053318,wave1,-0.127380661391957,0.3369363335777382,-2.313672888414942,0.1781255436023872,wave1,0.095209438867557,0.5314382728090727,-2.5720929299468676,-0.2936586637028995,wave1,-0.4377814351915133,-0.1750972796854651,-3.3353269532344267,0.1016443200879729,wave1,-0.2184693935562712,0.2046265708719522
540,0.214868017678343,0.3993648395970899,wave1,-0.4023095672164345,0.1653339096654198,0.4206255692170038,0.2341764451467567,wave1,-0.1682916439486954,0.1917503066066193,-0.0499045004773843,0.3046334659861831,wave1,-0.3055583639286874,0.0966490979643641,-1.800602751051289,0.2582004312424537,wave1,-0.0905417972406517,0.2106455324288098
541,-0.5422737991536697,-0.4819607249056534,wave1,-0.707944062496755,-0.3738863543131485,-0.5546784958555965,0.2549784697060908,wave1,-0.0691836053216863,0.2393794519339871,-0.5204313166389247,-0.5896604431368038,wave1,-0.8853200761380595,-0.6311194318392137,-0.352109467641102,-0.7294332559937845,wave1,-1.1728726719733793,-0.9054412142850258
543,1.145768232397604,-0.4637203341390252,wave1,-0.3032159824520692,-0.2522275376935008,0.5919652204431359,-0.1160242326535849,wave1,0.177472197785472,0.2000438555960266,1.081359440100511,-0.5701354343981396,wave1,-0.6010414053466383,-0.3709465893749754,1.2256448638973032,-0.2322478757957697,wave1,-0.1601706294708006,0.1698405262748426
545,0.0631330062095138,0.4633140123366193,wave1,0.8791526855889495,0.5354456449402689,-0.3967435446965671,0.5898859222570567,wave1,0.730197459672528,0.5475380360841848,-0.048845993191435,0.3979249750556778,wave1,0.7254559046568081,0.2946729365697191,0.5962498140451971,0.3374391138478093,wave1,0.6339168856180649,0.3072705547771611
547,-1.8401597189202428,-0.119001767548734,wave1,-0.4959101538069406,-0.5153394808179577,-1.1038216168978765,0.2222324168930201,wave1,0.137541950167598,0.1522062936725219,-1.2664499673479674,0.0101209157387021,wave1,-0.4107291836953468,-0.322330696540505,-1.1031005766540547,0.1043243318721299,wave1,-0.078954551637615,-0.0637836037956173
548,-0.1525949029018807,0.305818967001469,wave1,0.0181741323994177,-0.2683511050864982,-1.486211730346832,0.1930352703474891,wave1,0.2817006694708406,-0.052165246267821,-0.5578883591971373,0.3441364220310807,wave1,0.2245754091654073,0.207538143861057,-1.7250516497630946,0.2377098736213816,wave1,0.1438974305382165,0.0018661978614198
549,-0.0926768347018185,-0.110648922501451,wave1,0.1660519785357554,0.1118558552592459,0.3275170415149918,0.47781109047343,wave1,0.7797220081663494,0.5718012882730594,-0.8052226368361949,0.1387948052630776,wave1,0.1777510720736723,0.001789858006689,-0.6889018989645508,0.4323871224121837,wave1,0.416903140259503,0.2523773736572495
550,0.7147019690080304,-0.4045501834888567,wave1,-0.0308611359376176,0.4959522349248069,-0.1254326989151937,-0.6742956380732193,wave1,-0.2743766881419119,-0.1191574421216071,1.0599119661466303,-0.3405715317136289,wave1,0.1890440396427041,0.8783170658273599,1.1225268352671782,-0.0504686420213472,wave1,0.2584938390735169,0.7351833977423334
552,-2.2580614326998107,0.0838736030935154,wave1,0.0960848188359213,-0.5238707100163682,-0.7622514405868704,0.2843458548812494,wave1,0.4431692844810846,-0.1986434199550379,-2.097959322263914,-0.1333430344758919,wave1,-0.0310780504503644,-0.4928763432153342,-1.2668302707867871,0.0806307060679865,wave1,0.220281181397322,-0.3616868599884397
553,0.5079970072604885,0.0989359294547793,wave1,0.3228815894594357,0.7210223898087507,0.5495269630138381,0.1975238022801176,wave1,0.4530988411864246,0.6749292501570915,1.0041931689202168,0.3658917833928685,wave1,0.4587810039291422,0.6014811009758787,1.008590296072003,0.110382179845532,wave1,0.230470169899202,0.1466692940693941
554,1.1741312305937035,0.0030786667847895,wave1,-0.2724668160016845,-0.2489456580436471,1.7110186783656691,0.6306548629817594,wave1,0.7317784815748729,0.3301801851108161,0.7011767501976275,-0.3701963559789349,wave1,-0.5543606195007442,-0.5789111247687695,0.3821540390910377,-0.2433007461204197,wave1,-0.3501697020943592,-0.5105731004082199
557,-0.1685316522562258,0.2353441578459039,wave1,0.1092467840514941,0.2273433725349889,-0.1586890378447952,-0.1230146695126144,wave1,-0.2228604694943883,0.2727927055666173,-0.0137742890173366,0.2765693247837278,wave1,0.2302865044295928,-0.0131223102817122,-0.7822092993822013,0.1223167292772538,wave1,0.0621154420801098,0.1191121956550125
558,0.0184854112598926,0.2660341143668714,wave1,0.4022066210349764,0.4749834085220081,1.04671845801036,0.186218962761967,wave1,0.3714570939079757,0.3406835994375721,-1.4668222012554113,0.4161601230370748,wave1,0.4737165146043001,0.4055406047091807,-0.6852759132618079,0.171744825644137,wave1,0.2196352282740165,0.2036530189761399
559,-0.5361692456065572,-0.1446428751038382,wave1,-0.1920734137625703,-0.3036970857092693,-0.2313110536852445,0.0251009489714939,wave1,-0.0958220267742326,-0.0300170146731661,0.4579189273784486,0.08655644829106,wave1,-0.0302360986990737,0.0335008156154501,0.4396132767298172,0.0393873306877817,wave1,-0.1133618565076791,-0.0909230283797429
560,0.2692931005152419,-1.092879013225809,wave1,-1.1282480264415933,0.3644130438077664,-0.1801357147319079,-0.3121842689961447,wave1,-0.5742506197729584,0.035533028941848,0.9563407983667892,-0.4693717853491303,wave1,-0.628715971313899,0.3688459734682989,1.288184255916855,-0.1849149012084366,wave1,-0.5270623259137829,0.3922855608087322
562,3.68965489433626,0.8348883268445153,wave1,0.7965790240623662,0.6405555384136141,0.6107885655573702,0.5227320797828563,wave1,0.5204433777472444,0.182699078378683,2.1372454397773,0.9102891174431582,wave1,0.8847650005537708,0.9296119051625272,1.7977693413587903,0.984829651559311,wave1,0.841347593821408,0.9138067515505788
566,-0.3585257141540771,0.1891429920401972,wave1,0.0561743416154614,0.2311087191296537,0.0442655091344439,0.2282011737896986,wave1,0.3551353927745616,0.4641835371125272,-1.9826750745405508,0.5087207310373206,wave1,0.2387366136354834,0.2410977182641221,-1.8358078732068728,0.6471138134200212,wave1,0.2203769324727193,0.2917098758281615
567,0.7136843411374718,0.2697232432945151,wave1,0.3511436681232291,0.6681605657481589,1.541731449815512,0.5624399318737264,wave1,0.577711792466263,0.4103878000325179,0.6625031072974933,0.3423548443335125,wave1,0.4171385613021028,0.7258976485753708,0.5020775116924491,0.1418969326549437,wave1,0.2315770681556592,0.4231787699328599
568,1.2053318468015517,0.5847525858341664,wave1,1.3112263479134492,0.9331829960754106,0.4317320008931888,0.7189026017525493,wave1,1.2979321615872277,1.1488649840673533,0.3712589464934701,0.3604242274345612,wave1,0.922759233077756,0.5109052551876536,0.494223471992167,0.3912335426800619,wave1,0.8614637880852127,0.342847889693016
569,0.3665058972488987,-0.2134724608623421,wave1,0.1339429653319379,-0.0225669900357388,1.3617784268489146,0.1369823309899415,wave1,0.1446667560932467,0.2582774068057115,-0.2343450433997564,-0.1593504905961437,wave1,0.0888863694515075,0.1183676051679908,-0.1442302336583844,-0.4429935575113469,wave1,-0.2132316182219301,0.1042322757104078
570,1.0198669696692348,0.2542080837818095,wave1,0.5470611262593519,0.6639204648568755,0.1275776782974443,0.2693991220423375,wave1,0.2855903126100769,0.7779252604267222,0.5792402017901742,0.3898557222018683,wave1,0.4809916051919329,0.3705397261844523,0.5652153018691448,0.5422290745875662,wave1,0.5977093045595949,0.55645442494209
574,1.4781413349889183,1.104044849277624,wave1,0.7756486540234906,0.9286443383267724,1.667865820450166,0.509325454384316,wave1,0.4740476303200425,0.3331188334808854,1.56416783739401,1.0546896715290115,wave1,0.7035345869452012,0.8839533758051812,1.6937251166600098,0.9383461533455224,wave1,0.6218775617545843,0.860786787541954
575,0.8186919511375971,-0.8663041666151567,wave1,-0.2873804601341132,-0.4387808285464758,1.2504085834233232,-0.4945317530810753,wave1,-0.2986640949178685,0.0751357794024223,-3.4793972276771266,-0.6878561594636844,wave1,-0.4181015712932402,-0.735580301055155,-1.3148873782013533,-0.5714685636950078,wave1,-0.4287463639381403,-0.6242773187704905
576,1.2782260983810392,0.2462627831752191,wave1,0.6052960076234064,0.1452865016345863,0.0046435313897607,0.3644218555394414,wave1,0.4130161585683567,0.2376886961577258,0.7785931933053559,0.0777971582681018,wave1,0.2900989491084755,0.0082968534392529,1.4846651795101509,0.3883984811553067,wave1,0.3703916581691513,0.1326252979242377
577,0.5441502631212601,0.2642658824150885,wave1,0.2321237912942546,0.4022616013948208,-0.6372083622061234,0.264927245133465,wave1,0.0403430019920321,0.2494462734030242,0.0657096487704306,0.7346911228852974,wave1,0.543440778239965,0.4047175767493384,-0.5075292920748752,0.3292577750969206,wave1,0.1181997640182138,-0.1029281645182317
578,-1.944220417028356,-0.2534564799216052,wave1,-0.0570839438954784,0.1214298458058305,-1.8948212604997483,-0.0955462372439157,wave1,-0.3423826863724484,-0.0158471846663772,-1.0272142665830868,0.0522664791256457,wave1,0.1698343325947577,0.4205111137865338,-0.3379415450277178,0.1816113212479791,wave1,0.2371475204766926,0.5183253374244079
579,1.4877079424151194,0.6534550468273528,wave1,0.624459839908281,0.3999244094287744,0.5942181938322607,0.4169698152941914,wave1,0.3567479082305211,0.1931774885534805,0.9642590488575252,0.6789269680998805,wave1,0.5432981190828429,0.3410488142762587,0.9229754297305884,0.4925448813195659,wave1,0.4194868868585373,0.3256551212819563
580,0.5132166534874771,-0.1548913534263698,wave1,-0.620600844683046,-0.0347139992016189,-0.700051973470455,-0.230706452230152,wave1,-0.5037399008263237,-0.2291884048907269,-0.5305780904789363,-0.0955614103785666,wave1,-0.4379892006853598,0.1335856671021733,-0.980038592992286,0.0448198761009797,wave1,-0.2561277760771187,0.4185511510971996
581,0.652816294695792,0.5670757378505649,wave1,0.6512398356612235,-0.0444624088064455,0.246721803886199,0.5618810571584829,wave1,0.4632642407542393,0.3159407987478748,0.706949904250487,0.600886011615926,wave1,0.5480146404078734,0.102487971155214,0.3925790739847219,0.1655171240560067,wave1,0.101156162503611,-0.3581295873586842
582,1.2271463309379849,0.0040128940964225,wave1,0.6059922373681723,-0.3056685347442709,-0.0686793321857424,0.1897825614703674,wave1,0.122435835655611,0.0516474865977454,1.4144369468593545,0.004578124479746,wave1,0.5192724031192602,0.2530348725740783,0.423216603087088,0.0254939856898871,wave1,0.3785887977326322,0.1104788442382546
583,-0.6291615772240946,-1.3329743359910835,wave1,-1.3830571292795255,-1.0958637842898222,0.1534968510175011,-0.8041473593056656,wave1,-0.6090554959225356,-0.4507278247297472,-0.3776087110650327,-1.0529629954028188,wave1,-1.0450745740297047,-0.4804519224938272,-0.2250598033065219,-0.4623312816689048,wave1,-0.8308866956388806,-0.3130007819064925
584,1.44313210654943,0.7483340039486523,wave1,0.6519919476047735,0.8756921481090219,0.7788030613428418,0.9290869162318304,wave1,0.6684087705411408,0.5577878365953925,0.0818906691688828,0.5051963111285127,wave1,0.4797376422583219,0.689789600437136,0.0455157950876941,0.3058595243121922,wave1,0.1982256180798791,0.4828534335654737
585,0.1031576990732636,0.032596294733362,wave1,0.0712750031418325,0.6695242241758539,-0.3804088900167023,-0.3265927709248056,wave1,-0.3683861341823663,0.4291972437544843,-0.0096186626479289,0.2005379897625479,wave1,0.3262198545439669,0.4141519131852627,-0.0848194228466302,0.0970312421172108,wave1,0.1290212270854323,0.2479585257711087
586,-0.1965071831913974,0.3815601326676126,wave1,0.5687062839850678,0.191730034780625,0.7445065729719722,-0.3593841706412463,wave1,-0.2450148501236969,-0.2102862876731394,-1.0376748520573644,0.5391673445957207,wave1,0.7156314831239613,0.1997313917700153,-0.2256810647221138,0.4832356316816923,wave1,0.7394873709241767,0.3543347894322925
587,1.638798930875098,0.6047938337974874,wave1,0.4012991582947043,1.0928017704687756,-0.1039047707212468,0.8112702176562356,wave1,0.376586820238038,0.8601395494114055,0.4117601547082535,0.3405958757999878,wave1,0.3155668829095777,0.886118033427796,-0.0267713880469197,0.3277845795469462,wave1,0.0420532181864977,0.757963474785431
588,-0.2487791094153823,0.0204830763116077,wave1,0.6415856022370887,-0.4728305561387613,0.688877852414741,0.3962075722874849,wave1,0.4637397641036518,-0.0768898406586999,0.1912120765843821,-0.3877740443260838,wave1,0.3616282762136313,-0.2304882338800682,0.3218721272796542,-0.2129150497418893,wave1,0.1786594210691993,-0.1849566761273318
589,-0.5798403908897765,0.3955985100632539,wave1,0.3502280973799911,0.1831652211138714,0.2498515499627422,0.3914436891507793,wave1,0.2171810262398081,0.2048467973938406,0.0544452656699285,0.1011080509781481,wave1,0.2991798030752213,0.2090386163757467,-0.4715318374347236,0.2529656797081613,wave1,0.2763389249051798,0.2281231317733286
590,0.7526994124986626,0.7066532613479088,wave1,0.5579787861036518,0.50309806484566,0.8798234147133873,0.6605799205490928,wave1,0.4024798854085896,0.4814962418988702,-0.0184646148001394,0.4956513848226513,wave1,0.3612683582666995,0.1982024056966682,0.4159028506326613,0.1568243777844101,wave1,0.0134208846874862,0.197543171133144
591,0.5196356222838903,0.5218366086722512,wave1,0.6021887762978491,0.7446969912166437,0.4573965819310478,0.3829893531104307,wave1,0.7169840148794517,0.7276475804463363,-0.5877591533975361,0.0519891189241421,wave1,0.063842824169596,0.242949529636218,-0.3704900828827734,-0.1362680624664922,wave1,0.0128425176941968,0.1239961052910296
592,0.5516693176621535,-0.4193328178005566,wave1,-0.1904189357307693,-0.0499785353072079,-0.6426261534082747,0.0322128618742101,wave1,-0.223915683323316,0.0225015454594679,1.322355512875547,-0.0493283453738493,wave1,0.035060720649066,0.3195385544197808,1.2561525701120004,0.0881540535500043,wave1,0.0988030373837399,0.3133758795870968
593,0.6432732653229642,0.1130624719228332,wave1,-0.2393964827576429,0.0113364712616532,-0.2075476259712236,-0.0369576953428034,wave1,-0.3072941903649342,-0.0718655673628778,1.2795520352613592,0.2452485110247312,wave1,-0.0665458912192516,0.1314264812171057,1.7673636822949246,0.0278384002038231,wave1,-0.2736032880664817,0.0427030484409224
594,0.6460903229271872,0.1782432524716897,wave1,0.216222290777641,0.2353303450515718,0.6776565364097725,0.2193103575155217,wave1,0.1430532862488864,0.3460025459932989,-0.221800534055462,0.3468223902997444,wave1,0.118919800248161,0.7179643742969257,0.452011569075908,0.1977303501005326,wave1,0.0158444798717593,0.4184700241520672
596,1.2321570911385986,0.8494233372751214,wave1,0.6270484708836048,0.3510782925948605,1.5694479758699966,0.4839798221629903,wave1,0.2996278441850606,0.0944834866756525,0.3854333246531568,0.7624174246586166,wave1,0.4861949491035935,0.4709801993292284,0.1032252763342111,0.5865324535321966,wave1,0.2926097976152849,0.2463385589132415
597,0.0806379262172312,0.5324953931732104,wave1,0.2505345248161652,0.2497431555818443,-0.0584069327364327,0.3396568968373941,wave1,0.0275879228987678,-0.1905500888334199,0.7529705637955372,0.7349412500332352,wave1,0.6343598905447335,0.4724284476989787,1.1421975846883117,0.6782524966358846,wave1,0.7946328786801834,0.6560617993344572
598,-0.1444623154795444,0.2225171006725577,wave1,-0.0948521127035832,0.385334654593874,-0.3858135357354583,-0.2594279954115692,wave1,-0.1741744592931562,0.0678788213653138,0.5558820544386798,0.2384857082355236,wave1,-0.0863961042570087,0.0185028272617497,1.2315244546586008,0.0364566711561912,wave1,-0.0176390922570594,-0.1553022749544036
600,1.6103637100873638,-0.1446067110685605,wave1,0.0260192103541609,0.1495507309653447,0.2048820029930175,-0.1484522421571565,wave1,-0.2418596021911769,-0.2356761621009833,0.6673630061392578,0.0099645704952062,wave1,0.3580648082326987,0.4597703552262113,0.6149783607800497,-0.0116334029200978,wave1,0.2035519469076786,0.1543933104825742
602,-0.5115512443985866,0.3132820904705145,wave1,0.2140568935585542,0.0120670988226276,0.0480153955914628,-0.2679182639644661,wave1,-0.3963031742810696,0.0448235612221323,-1.6784913743605658,0.4170121111244735,wave1,0.4249628552136317,0.226406965504761,-1.0939292788139932,0.3469008662752296,wave1,0.2342008263003948,0.205607508746363
603,1.223094246551366,0.5367302168209505,wave1,0.5173574230434879,0.8820412078186122,1.1936725868907327,0.5079016230201389,wave1,0.3458848223726368,0.6308424227429626,0.1121998038283093,0.5025979155000526,wave1,0.4800921411413716,0.600092061870982,-0.077011135652875,0.208424981054131,wave1,0.2095201168168545,0.3585344811397319
604,-0.71363176878574,-0.5435686566080138,wave1,-0.5945377667073224,-0.2030048258582044,-0.6846526403754889,-0.0083567339043419,wave1,-0.1426719720215123,-0.0184244400889557,-0.11393341732799,-0.3331611049006431,wave1,-0.0625276097439762,0.2071127832950055,-0.5500954857406546,-0.2602973575625475,wave1,-0.2099747246221955,-0.2091539240818889
605,0.5630665563170978,0.3250736133929199,wave1,0.1578992469818161,-0.0061889455903332,0.0164352872124847,0.4603365975400053,wave1,0.4821110994437685,0.2205445068584905,0.302679599661369,0.1079001922998101,wave1,-0.0418693915265968,-0.1133638857172796,0.5239300273513133,-0.0651820010558278,wave1,-0.3247432924232178,-0.3959877761609211
606,1.0466645372285457,0.1750938649870068,wave1,-0.3538471571120971,-0.1927269955142709,-0.8500941998829433,0.3746661065556846,wave1,0.2282771260218479,0.2552930708527516,0.6383983825287771,0.2053074047621137,wave1,-0.3733334213063093,0.066698188282386,-0.719449366983328,0.1251225467504108,wave1,-0.2604688876080995,0.1046734488704633
607,-0.5194066353885138,-0.9813114998059216,wave1,-0.3999232522564357,-0.3297854084984861,0.1616315995646006,-1.038113022529104,wave1,-0.6623513132898586,-0.5689072044659098,0.3455790048551022,-1.0383052716508694,wave1,-0.4939997404763574,-0.40573920891555,0.3039275645009507,-1.053423681621911,wave1,-0.5951411303346159,-0.5917662777656849
609,-0.3484117272317356,0.0736362350247441,wave1,0.1376703274274566,-0.1066298457351342,-0.579330994095464,-0.4501702640172353,wave1,-0.1788457290832454,-0.7857222675325695,0.9673833492748606,0.2508407955986343,wave1,0.3919509576959857,0.3283223450454909,1.2892594992287785,-0.0888323861599155,wave1,0.2413906219401319,0.0808371293424033
610,-0.8195722707072498,0.2389335225242772,wave1,0.083341362634429,0.4660963458393707,-2.688984288529229,0.5255198701258408,wave1,0.0442815108664675,0.4267902812452253,-0.0084482661203149,-0.1956336871533966,wave1,0.0737681459437415,0.1581339313229792,-0.5105009622731549,-0.1603514879548123,wave1,0.0062010377906804,0.1876568682016711
611,-0.7073535573939828,0.920563872958916,wave1,-0.6123296505230458,-0.0695690260420749,0.6979292133216402,0.5896053085713451,wave1,0.3283554360021345,0.3005381719074216,-0.3318348883263978,0.6058512045217863,wave1,-0.5490004786218414,0.0318073171372321,-0.6503436925173443,0.2796593127039811,wave1,-0.5388779320849183,-0.2481463835567176
612,-2.0802687323320677,0.1818765074292847,wave1,-0.1168484352329355,0.2108119820113505,-1.6282376279905864,0.5952140167535085,wave1,0.5109573028025178,0.434875758251892,-2.1114620687240326,-0.212935230735859,wave1,-0.2817100835645981,-0.1045470482267137,-0.5013715890095428,-0.0850461576666039,wave1,-0.0652577232254522,-0.0677677095079571
613,0.5828308323431934,0.7602139453016656,wave1,0.4503814449276366,0.8622957630408004,-0.952046307975416,0.0907651911630749,wave1,0.0837944786594242,0.2701354235801863,0.9968097514248588,0.5522623501314221,wave1,0.4003405578595294,0.6238346988720294,0.5732520541250961,0.2943650026348438,wave1,0.1870757851626313,0.4710946710269014
614,-1.0676952816756164,0.0570160787901796,wave1,-0.0447019752149433,-0.4780915805599881,-1.668638734296189,-0.2845249091384897,wave1,-0.7066415927062369,-0.5414505283066596,-0.3118090198156676,0.307219056977704,wave1,0.062645997169269,-0.0353447258775514,-0.1594747106313702,0.3016644152513053,wave1,0.1543206898521865,-0.2921548349744582
615,-0.1308060049689778,0.065788799780309,wave1,0.0007439478787385,0.0771288633192575,-0.1506701045605743,-0.3435966193652995,wave1,-0.4517789558667917,-0.3841180296642996,-2.0697788793225422,0.0452136644474079,wave1,-0.1039864033942488,0.0926581994168851,0.4074431226019949,-0.0075274457880554,wave1,-0.0588020502581088,0.010093828756537
617,-0.8666875778246103,-0.0224154260931452,wave1,-0.0652527678112533,0.1958434432027154,-0.2779772177201328,0.3429429731597911,wave1,0.1435537724706311,0.6553531047561373,0.1402137151652051,-0.0887797485831118,wave1,-0.0960256430191048,0.0706574301138059,-0.502830427768571,-0.1775567939050713,wave1,-0.2230396101228466,-0.1614808611087788
618,0.1353871750684887,-0.0477660539389863,wave1,-0.191056826667161,0.210694766436136,-2.6595716866817667,-0.2430119676857676,wave1,-0.4255605036536685,-0.4997906889125167,0.1723129526588055,-0.0657502807460372,wave1,-0.0535936732208555,0.2188332952240299,-0.6485701678650396,-0.1514420694935135,wave1,-0.0848345901985664,-0.0987552537971955
619,1.5517417271901963,0.6110129020714228,wave1,0.2148217896036792,0.5901098008207437,1.2103756399894143,0.2472968676026865,wave1,0.2017973129134738,0.5081845220823542,0.235804641529344,0.7742108929766041,wave1,0.312207635765126,0.7560069307223827,1.032670501526369,0.5551562367850313,wave1,0.2764081614685598,0.3734111920558898
620,1.2740428816973344,0.5053139897845118,wave1,0.4571029823019166,0.3288718661872503,0.1976437434582732,0.2224618228834936,wave1,0.1097230249737697,-0.3441288109165159,1.657568509880836,0.5247576086341544,wave1,0.3988887016152783,0.4116324435630553,1.229398132905556,0.5417632459441158,wave1,0.511470985763761,0.1822819516953271
621,1.7506169652626336,0.873987390780683,wave1,0.8287962882599329,1.1007687748015225,-0.9016428687463904,0.3280757066286113,wave1,0.2154092323965031,0.4235629011175761,0.577162404337421,0.7209276640330493,wave1,0.9168173994857504,0.8452411394613215,1.1265195476873229,0.2372429259541083,wave1,0.3910259110329647,0.5737775804224517
622,2.47797642790164,0.8185970680918291,wave1,0.6748023648533268,0.6584719673207555,1.5345759983342828,0.0811202140547235,wave1,-0.1036836079651455,0.202301490600159,1.766470140575885,0.8889307168631848,wave1,0.9967946866755752,0.5648225269511153,1.7286746730800877,0.7372475122501366,wave1,0.6004224268059245,0.6427261784764206
623,0.6326899073463349,-0.002741015888886,wave1,0.3865773468156814,-0.1078300645972683,-1.2093530549493523,-0.5586171705153983,wave1,0.1325332448783646,-0.2284417269255688,0.2204767762481091,0.436802655722057,wave1,0.3681939329360408,0.1059686616546089,-0.4502504314841475,0.168383513302621,wave1,0.2279829981236159,-0.1837732602480104
624,0.847052453621307,0.1691689525117414,wave1,0.1408431585824909,0.0275258329096934,-1.8565415198676003,-0.5401914305846762,wave1,-0.4952010495926713,-0.1460810616338401,0.2050474922715177,0.21607626988795,wave1,0.2300243233134705,-0.0118449340341951,-0.0592298131879382,0.1343191992913049,wave1,0.0625201594310645,0.1245705216515019
625,0.1926489911449239,0.4743003426047028,wave1,0.4669086859580118,-0.0309193106127381,0.2677098789628976,0.2584361209768711,wave1,0.2917861609191965,-0.1250157551239679,1.0789411273953913,0.449612946490403,wave1,0.4530370621215143,0.2196152095353305,0.3165454050156741,0.414560582019294,wave1,0.3879366936900107,0.2427653163357873
626,-0.4742687682065599,-1.0924670511822283,wave1,-1.346113166133483,-0.91110287246481,-0.2499207198118788,-1.4163171118944429,wave1,-1.727856144500497,-1.3054638927132918,0.106875167863484,-0.3967992594980249,wave1,-0.7851773189270888,-0.5509742378641169,-0.6441574200628701,-0.1314296534017324,wave1,-0.2164485908421091,-0.2229158222009215
627,1.0457404032833393,0.5685744971120372,wave1,0.4969493609031001,0.2417008938134297,1.3623439327731548,0.42607349159441,wave1,0.3498860949540867,0.5106958830271966,1.154201935921276,0.401893099768544,wave1,0.2186539352676418,-0.0914019530612159,0.3325399803224185,0.1098435736986581,wave1,-0.0117537215350157,-0.1893317228902948
628,-0.8648308728592382,-0.5128897810888033,wave1,-0.6873432788658103,-0.3051219365177493,-1.0865794789609216,-0.8897112245016394,wave1,-0.7193841301636843,-0.4879925627578834,0.2692083218904328,0.0462198851347288,wave1,0.097923312059748,0.3432855092122127,-0.6563665672096883,-0.3042283139696232,wave1,-0.2916381773035547,0.2085939134871069
629,-2.409995706824009,0.4996149710993205,wave1,0.3157632816563256,0.2454405189180744,-0.9593552105774198,0.491378200852731,wave1,0.4829629254862273,0.5437549651516411,-3.5359114699063983,0.26912994483931,wave1,0.0828957824052307,0.0558581130212436,-1.7969626145674649,0.2166815219850862,wave1,0.0133332152176853,0.0122108094283725
632,-1.0408608809485766,-1.4985036482248155,wave1,-1.831156841342394,-1.2922655721709,-0.64722801766289,-0.9311741884190694,wave1,-0.7881404077241709,-0.4274622189176338,-0.6997873848394961,-0.9913994446690296,wave1,-1.3458869425804445,-1.080383960593477,0.4908358687861098,-1.017879593709909,wave1,-1.0877280018532014,-1.066788034719146
633,-1.7719644924392828,-0.0080782659939799,wave1,-0.3431112214939382,-2.0776893384624433,-0.8130676928420301,-0.2373998213336028,wave1,-0.3200744823730082,-0.7703441316973754,-0.1801597801016499,0.4937438401387231,wave1,0.150471443042649,-1.031043954020039,-0.8663830430911814,0.5199054686061467,wave1,0.1753473455507416,-0.5957954642405708
636,-2.65580634764045,0.1863952209965285,wave1,-0.0362797917764889,-0.4091329959837819,-2.425560145578408,0.2308191538867743,wave1,0.0958632422146696,0.2196173430067562,-0.9566751643328908,0.5997978313737138,wave1,0.4768626100572161,0.3822566768641905,-0.6702329448070926,0.3307680517328478,wave1,0.2487203272166522,0.3608962969844743
637,0.3711566278130552,-0.8763491953707707,wave1,-1.0036799733173642,-1.571798612417446,-0.4266438097282251,-0.8794694961001222,wave1,-0.8096847604605655,-0.845536157645316,0.7283115378765324,-0.6788753493081638,wave1,-0.7838021764152443,-0.9890002116715584,1.2148262952671065,-0.624582514266187,wave1,-0.5115827062402597,-0.7909760280424186
638,1.436095658919883,0.6057688017808731,wave1,0.6093898387606247,0.1098081992535835,1.713335554443909,0.3681830679598226,wave1,0.658034230352442,0.2561727898139707,1.457180066135066,0.2595912716441191,wave1,0.3656299342967255,0.2410608391875568,1.2722791691575326,-0.0308335205875293,wave1,0.2758190338650054,0.2587754993472378
640,-1.023001864845566,-0.2186932941913881,wave1,-0.2711952091693885,0.0765082819613374,0.6691337588067248,0.2855405926594785,wave1,0.3017663189685011,0.5047988091391629,-0.6588857627671085,-0.0468573383605626,wave1,-0.0857017486122975,0.12359961210642,-0.1836221653340883,-0.1119693565187961,wave1,-0.1873831887715985,0.1280427020795626
641,-0.6458936247402794,0.0635293863815018,wave1,-0.6740739179161235,0.1020689175472555,0.679843135373121,0.2404373236003212,wave1,-0.09807191982684,-0.2069224840991999,0.5879131351377893,-0.2694336323858552,wave1,-0.6416646413181659,0.1205712200586097,0.026372838786356,-0.2139887618604882,wave1,-0.6632761946928972,-0.2349918740285607
643,0.3387848215827668,0.6592026354271885,wave1,0.9859533407386876,0.6708069425236964,0.8161542237897871,0.6439906908223567,wave1,0.9471382896118544,0.4433281109203046,0.2192906359534451,0.6492585479771762,wave1,0.8344669918008023,0.6375171798202222,0.2928176057506095,0.3079262472771025,wave1,0.4595900678053511,0.3589910751355681
644,0.5027142525585736,0.5836920163252266,wave1,0.4301577547614248,1.004965036068196,0.1787339617890861,0.4209062680018616,wave1,0.4968410283090332,0.6136055744214302,-0.5948799998536175,0.3251949480535205,wave1,0.2547686886352293,0.781350381194273,1.025082725886728,0.2761817525215148,wave1,0.374190958554713,0.5843838149807558
645,0.3144227288172677,0.8425824539835229,wave1,0.4170804504507623,0.8804530005184734,1.29046999983612,0.750401604080615,wave1,0.5037983489771976,0.7460486279009593,0.3094321231965335,0.6037258923708542,wave1,0.4242481649837445,0.5234533558070715,-1.6815703057696467,0.3390226631309035,wave1,0.0365671356594649,0.319055554856484
646,0.2177704843259219,0.2495721153417802,wave1,0.4583876472986627,0.3936441589323451,-0.8289698344711138,0.1556332157734434,wave1,0.1248994579311042,0.4159811426940774,0.8500634033406205,0.2698957006302629,wave1,0.4663544524962499,0.2348489355433083,-0.6986130025183358,0.1337224602635162,wave1,0.1735595596660103,0.0928720646587327
647,-1.6638301446942525,0.2317171736380214,wave1,-0.0031786776685953,0.0417297242493848,-0.1012835922581531,-0.3215579736050813,wave1,-0.0251284688572197,0.1078246086131442,-0.9465120652003088,0.1316564675089441,wave1,-0.1022932417970244,0.1395304715153844,0.3477645004472559,0.0757179174058199,wave1,0.2687306429564243,0.0324820691642388
648,-1.2482870576496157,0.0648639994263873,wave1,-0.0308087769029166,0.1952654765667292,-1.728615259605427,-0.7701028265227878,wave1,-0.0480673894388281,0.0418957468596075,-1.586620054571592,-0.1942187123791836,wave1,-0.16182037910649,-0.0666438071238875,-1.865201421319512,-0.3345660630011857,wave1,-0.1915483069097092,-0.0423547951222529
649,-0.425405481008238,0.0291286781472723,wave1,-0.2808946291756833,-0.3942938083414045,0.6447689864107241,-0.0260242272646976,wave1,-0.0042069467674109,-0.1585095705358358,-0.76921442518724,-0.3915989643387091,wave1,-0.869126228983729,-0.8090927734075756,0.1435563139153454,-0.5177503302929698,wave1,-0.788930746549493,-0.5755111131359469
650,-0.4079569658570008,0.3566439346588899,wave1,0.0297317111782859,0.2703173876774305,0.1487547086401109,0.5494682041977689,wave1,0.2420605211573415,0.4236513334953734,0.7132955290076504,0.2694007666998923,wave1,0.0308361954466061,0.4329939359702932,0.5780019716591442,0.1403033839738225,wave1,-0.0113162862728881,0.2836333468272987
651,-1.026817413660919,0.4487051577290288,wave1,0.1782401564817139,-0.4813710791565491,-0.9887990370561384,0.0672106155627013,wave1,0.0479311583398865,-0.1863003895036975,0.8418093634668089,0.4782049736291995,wave1,0.3036604690098949,0.0507027352349329,0.68135479549479,0.2949161161121905,wave1,0.1430421032624009,0.109090891195714
652,-1.3512187657762984,0.0456678107433539,wave1,-0.0864121378583677,-0.0459637510281927,0.6643084841408432,0.2414724096228721,wave1,0.3448314790910968,0.0866362667259946,-1.1226322424322748,0.2148781602099977,wave1,-0.0838203013663548,-0.164556017066035,-1.5904024987527277,0.0365002714789541,wave1,0.045244672974038,-0.1892812892374387
653,-0.8994363980725443,-0.3608813051909345,wave1,-0.5750575823497834,-0.0751244521942064,-1.5258295890796258,0.0278762792208517,wave1,-0.0761558203100096,0.2923674088020527,-0.6889841390050138,-0.4353554451751753,wave1,-0.6122475180696889,-0.2433232025432072,-0.0126956716486102,-0.3085414873210243,wave1,-0.1950401735839979,-0.1974548842930272
655,0.2584507069007816,0.4751538136099644,wave1,0.3369448190528432,0.4613489985055738,1.0233329920981231,0.2873065468975413,wave1,0.2777631328878864,0.456426596825336,0.184710562745838,0.4084410803290432,wave1,0.4139562770448144,0.4370831577055192,-0.4239103846952044,0.4705974072996698,wave1,0.3795313453327736,0.1362840686423397
656,0.0843833460138489,-0.0175141421228794,wave1,0.2329364654970986,0.2793868952068825,-0.4845881906329345,0.1288517976823339,wave1,-0.0423878096692763,0.4217908288728037,0.1613916233298751,-0.0084227023727596,wave1,0.1716984743424306,0.1119467306038644,0.0267336727420418,0.1438843931306801,wave1,0.3020337781570672,0.2156641203490312
657,1.0385886528759856,0.2648131073341548,wave1,0.534447404797221,0.8783260500409693,1.265096022641295,0.318668634140952,wave1,0.6979525222161739,0.7850112282350971,0.466653527355847,0.3431912810400911,wave1,0.6439893058657925,0.5388618428943451,1.2669629770453958,0.2056934663884266,wave1,0.5861084407051846,0.5545591838773243
659,2.596555351613229,0.6864752894887145,wave1,0.9741882574544688,0.5046149064574341,1.0908785341524752,0.756089027910898,wave1,0.9318093223113142,0.6827149779686843,1.2988360622832338,0.6209398842042174,wave1,1.0182927882164456,0.4418053178173787,1.880844582681554,0.6050382737687944,wave1,0.8475518555620477,0.519587200801186
660,-0.1532425518810375,0.5733507976202918,wave1,0.5878135034965333,0.5846494780793938,-0.2919020029047316,0.5980095533118278,wave1,0.7110878012043621,0.6677867830735261,0.1428566599368197,0.3929153425738464,wave1,0.3664227237257175,0.3807324308872161,-0.9642645018853374,0.2441606020212833,wave1,0.2212609361490946,0.1109543324086041
661,-0.8136679999216849,0.4279901023896681,wave1,0.3821742727724655,0.1848407696609628,-0.7082114155810086,0.6422509966165808,wave1,0.8173313336453008,0.5528332674356158,-1.327587923869588,0.4734474131171138,wave1,0.5685214121302382,0.2914967542824873,-0.2900956509663851,0.3893247767930039,wave1,0.6780314480290612,0.4555973937401125
662,-0.9805096853806626,0.4704788243683868,wave1,0.5038963721647813,0.7217517432641283,-2.663748270123582,0.6594313768989009,wave1,0.490833717526973,0.8262148185109257,-0.0637293272026407,0.2020678860458908,wave1,0.35435829854964,0.5075853143323585,-1.3098525037182909,0.1909652260762052,wave1,0.0536843759917303,0.3445145465563094
663,-0.4743780762653309,0.0578779067119195,wave1,0.1773418137506646,-0.4041892560758773,0.2986037784380409,0.0269814716457595,wave1,0.2093501769270048,-0.0247309943696562,-0.3892537603246794,0.5648623548636532,wave1,0.5632182578956478,0.2108831659658,-0.354934477620805,0.4790077388647144,wave1,0.5141605362279518,0.1590936635220829
664,1.4444443979792967,0.7554455167722296,wave1,1.0048853618937017,0.588977836929691,0.785334641575524,0.4799483793659722,wave1,0.6701558878840279,0.3554836298090564,1.3178088519635136,0.5417746280350344,wave1,0.8699266668681152,0.3498197874951369,1.1060134950244045,0.314135875930671,wave1,0.6451749324918247,0.0675328649508354
665,-0.403213366369024,-0.5670366114661451,wave1,-1.2461387360291334,-0.8376965256300508,0.390139375037462,-0.0340081307174329,wave1,-0.2804833229240318,-0.2364609220135656,0.0868480091613098,-0.3108308340957431,wave1,-0.529938738222848,-0.2563471181436558,-0.1254097477771885,-0.1634574290480072,wave1,-0.2594343615773496,-0.22537054543918
666,1.754451033315808,0.0531163258528151,wave1,-0.0270116181905653,0.1965212010211177,1.7332766264124742,0.2280074459408319,wave1,0.3149358339921189,0.4695703782834857,1.3186584459996296,0.0955745331977255,wave1,0.205184110969387,0.0861219455336201,0.1380158236126961,0.2276274052975205,wave1,0.2710530848308267,0.3190888146675533
667,0.9767303871627868,0.0412596388853236,wave1,0.3446848586702489,0.1280573233218784,-0.1235296977622823,0.4330096858824204,wave1,0.5418871783131656,0.3349753153753538,0.8876433451706387,-0.0029053111072447,wave1,0.1619697313490955,0.1419732904499324,0.6929926304169803,0.0420186250050692,wave1,0.230008884147737,0.2269327582874272
668,-0.1344845189938865,-0.1958548039180223,wave1,-0.4922388936611062,-0.1036486268309213,0.5315628622271347,-0.5536501840059027,wave1,-0.6983495959554817,-0.2397982147907731,0.5298526558812953,-0.2801120389083774,wave1,-0.2145181956334337,0.123881664409813,0.3877794696012518,-0.3424874126984315,wave1,-0.4822348866173972,0.1267087969180705
669,0.6181269865644056,0.4455845131181917,wave1,0.4847143535298412,0.3885424400590564,0.3918718237158047,0.2712808844313901,wave1,0.2357000898859398,0.1386529924934845,0.7501744225719748,0.3067588365226914,wave1,0.5394617176196461,0.5348607617291785,0.6408471848353124,0.4561880674593729,wave1,0.64113651086354,0.5701933718509636
670,0.7099572477971099,0.1810574910088609,wave1,0.6023858272211788,0.3939939760288673,0.7898879416332528,0.3509843620033646,wave1,0.6406470655858119,0.6902374571146925,0.6025093032884624,0.3141591569977269,wave1,0.4072118027347364,0.1574730857850204,0.2064094425870763,0.2804023135593181,wave1,0.4300161718780218,0.2990993699883005
671,-0.7025772327770321,-0.1611417969784527,wave1,0.0660461529458684,0.3676873476703082,0.0934519600071568,0.218082353873011,wave1,0.3379010182396362,0.5121247611395148,-1.1387271866797082,0.2466347025189561,wave1,0.1630992067381744,0.2808443073692133,-1.0933015018032954,0.1122374154747346,wave1,0.0167705472571354,0.1780786799396129
672,0.882130384426411,0.0364382272795809,wave1,0.447784590038788,0.3099372985070734,1.209564054366149,0.1884217066488405,wave1,0.2897574247013466,-0.0550392441711886,1.1964694129521969,0.1763159580040413,wave1,0.4487930934342349,0.3114301000951586,0.975294549181872,0.346682339447177,wave1,0.7437955324199136,0.4366740850436406
673,0.3537508672482301,0.3211418539644539,wave1,0.3842709205955297,0.5897073198519587,1.3025718834887048,0.572597770548334,wave1,0.6775975163984667,0.8677043242053735,0.1269732337411254,0.0718158366294391,wave1,0.1066344363216109,0.1639841881665875,-1.1227670435553323,0.0568125246142795,wave1,0.1107262297577534,0.1363395631156782
674,1.1786207190533438,0.4946092998637335,wave1,0.3243679731868307,0.3292076071369019,0.6800904101960255,0.800607775836361,wave1,0.5783002247323619,0.4792086622451708,0.7888489856033862,0.0814481163632119,wave1,0.1125257568669289,0.0662290597592227,0.878178092674881,0.1610215702498864,wave1,0.1278984682288612,0.309928892945612
675,0.1237622863048039,-0.5503325798828218,wave1,0.2365354413005183,0.066842189633602,-0.06565673513298,-0.197387080682893,wave1,-0.1522903004319744,-0.0190209647572159,0.8751194391039568,0.0878627329931254,wave1,0.7153830417687133,0.3440829578537194,1.0625378310963096,0.175269817771479,wave1,0.7384515706880017,0.1753386934159783
676,0.6537935751841094,0.6332590128397673,wave1,0.3628014501906138,0.2376855607134476,0.7183141832785953,0.4288869482633886,wave1,0.2456615665109627,0.187816554948335,-0.8762550251790886,0.5174469459458295,wave1,0.3664992242518685,0.1279768198595692,-2.342021803251091,0.3438810957803201,wave1,0.324035383999471,0.0836026477572339
677,0.3119637475523356,0.1830496464807129,wave1,-0.241480389682144,-0.0013843702967468,0.4811911084940366,-0.0058702755246515,wave1,-0.2733632367490803,0.0690152822662446,-0.331010447722538,0.3842200203786442,wave1,-0.1885332388359802,-0.1554116446642902,-0.5952677262333546,0.0902164998129242,wave1,-0.4245102290116448,-0.2866449788093911
678,-1.6956630487232007,-0.212493469596277,wave1,0.2506313726249025,-0.0377908653009357,-0.3567209557042298,-0.3785462674162611,wave1,-0.1041565493117006,0.104071151318868,-2.375560935650855,-0.4269733808094377,wave1,0.0824118611946994,-0.0461381466454852,-1.7996160641156769,-0.3415095850126902,wave1,-0.1655400764291302,-0.1238998090249686
679,0.001563488120824,0.7494260522664324,wave1,0.5851661634973164,0.3206218331468899,1.4532532699031897,0.3996751955610604,wave1,0.456236365226057,0.5176124328481286,0.9864107361303088,0.6965559829473027,wave1,0.5555761572309941,0.4654700213721585,1.032346853353451,0.6209526797856469,wave1,0.5014644538297223,0.2128546501396081
680,0.5348016283315385,0.5235465830740273,wave1,0.4805271456593565,0.563590806891749,1.082023534773629,0.8030103672777424,wave1,0.6500631937514876,0.8457377432593227,0.894846680442446,0.644220759878529,wave1,0.6054733411956914,0.6389230677377464,0.791296332428208,0.5463220306019955,wave1,0.5760095157440038,0.518348816840755
681,2.2004401701651743,0.1799700905973276,wave1,0.1375859355592481,0.0813556450753074,1.1644439344771784,0.0957317791531204,wave1,0.0579862994538471,0.2805930346802658,1.2906827495382425,0.1303510597788545,wave1,0.1049469710843086,-0.054040603986524,0.46892220176794,0.1037178375986004,wave1,0.0283913916963342,-0.192656666936766
682,0.4470855404682254,0.3162519016348233,wave1,0.2438118989256252,0.2032158329732543,-1.3305291148512657,0.1068336119180993,wave1,0.1053077277608368,0.2150702773607188,0.6004822851825369,0.2092508051172718,wave1,0.0455221600243586,-0.0829607028662106,1.0572474186045246,0.0157414292236545,wave1,0.0953701790592757,-0.0194961735800416
683,0.5005256190587838,0.2825920700480135,wave1,0.6193999150459153,-0.2367794659422786,1.0504566028442917,0.0971319365808107,wave1,0.4938190009826839,-0.0398570674485507,0.9869038678512132,0.1497274745596379,wave1,0.6229726666429289,0.1211971184671805,1.0382524155701105,0.0514317694528121,wave1,0.5652299442625925,0.1815179379906966
684,0.5887009286154449,-0.0606669008152749,wave1,-0.2707999564959926,-0.4722648380293723,-0.4154599897013635,0.3225075727204634,wave1,0.1428922057453041,0.1611774800702599,-0.0741938883862771,-0.1193173605891775,wave1,-0.2874647353984043,0.1011735132878945,0.1586122740354188,-0.0969781774375157,wave1,-0.2389867225371626,0.0853621384100687
688,-0.2800445810380735,-0.9735647423905238,wave1,-0.6524598045560213,-0.1698545455061979,1.3556155583832383,0.5025183107229481,wave1,0.3769530212387084,0.8570830297552998,-0.6177429112763283,-0.3788093978624942,wave1,-0.0739587435435293,0.1887738202304876,-0.0270824021836097,-0.1218568377662495,wave1,0.183805568505006,0.15761825180311
689,2.270404152912519,0.704878128643615,wave1,0.4846023244629192,-0.1872017205528686,1.454020324219517,0.2760309745380933,wave1,0.3095545171162488,-0.0716922123555301,1.4992793728008604,0.5589364164892687,wave1,0.4596904002254869,0.284479671760008,1.427157178840417,0.1770390291739527,wave1,0.1908348194274221,0.0591132056491696
690,-0.8575555460526478,0.4975559223954198,wave1,0.2392660368626638,0.4248593151303574,-0.4251039819123543,0.0001502758780302,wave1,0.0857473942009678,0.2324319717545018,0.5964425866062212,0.2760912462234459,wave1,0.1111181467218338,0.3765066600727842,1.2523165914024297,-0.0080965218297276,wave1,-0.2427353944068936,-0.0127463404420457
691,-0.3722137521328306,-0.6170501935990127,wave1,-0.4148074018173546,-0.3087880982957682,-0.691715003999867,-0.3799388835047259,wave1,-0.5165657039484719,-0.3880105707551307,0.0385125795027624,-0.3987728185617507,wave1,-0.0238286393950726,-0.000173337452719,0.5884032094881789,-0.3950845661455987,wave1,-0.3603285093837677,-0.2993957574672891
692,0.9222816072993246,0.7638658537419838,wave1,0.4699047498454858,0.3501836066205515,0.8588781992085986,0.4239548553137866,wave1,0.318832614835367,0.3781295927621055,0.5466565996517295,0.6157285727102886,wave1,0.4111526253599466,0.3305238106157532,1.1917879883397946,0.4460972192801461,wave1,0.0753472503717437,0.2717262760294862
693,0.2834037091618798,0.3675086142145713,wave1,0.8325022289971262,0.8904088995996846,1.0730809241452914,0.5112799671738837,wave1,0.6725470448290021,0.621688819096534,-1.3615719677942146,-0.0342199835002581,wave1,0.538910802650199,0.4742762585889426,-0.2920583629747906,0.0760181706939859,wave1,0.2966806315057946,0.3312069636201573
694,-0.0763679567744198,0.0540154573420321,wave1,-0.1710380858392544,-0.0851607362143671,-2.292905753925822,-0.1700243422810139,wave1,-0.2896188395967329,-0.0158488960322404,0.1648412895102608,0.296998742637653,wave1,0.0048777205422838,0.2023526089695748,-0.4438214697314612,-0.0369425744080177,wave1,-0.3590813658118028,-0.0707234467109078
696,-0.9265245164865292,-0.2382608231103109,wave1,-0.1677652593456944,-0.1514487078451347,-0.4689185205175366,0.4035516631764306,wave1,0.0657951020621265,0.2401683311286573,-0.9542369933789184,-0.1333286701346663,wave1,-0.1554523892866293,-0.1081074939165194,-0.0899570675144695,0.353128968822523,wave1,0.2414065430384617,0.1134147349366356
697,0.0869568527107737,-0.2655129122842219,wave1,-0.3875517816945379,-0.3924943263433078,-0.2630683878250147,-0.0660275988030463,wave1,0.1038002986201989,0.304907894864725,0.0035422152075533,-0.0477577706875949,wave1,-0.1113667838440071,-0.2618295896217351,-1.0180418826101818,0.0458105346181768,wave1,0.0406589201406051,-0.2622398915296381
698,-0.5706121916483736,-0.2151884657232161,wave1,0.1891878867554888,0.5257937385619778,-1.30168046565741,0.2185530924294858,wave1,0.291900161077923,0.4874483363676707,0.7607469300855703,-0.0689451730641886,wave1,0.2074269441660147,0.391207528974647,0.2841374491118547,0.0509052030636084,wave1,0.3091302711058762,0.4481785350049684
701,0.9165787128331264,0.0401498458754767,wave1,0.1130234083526979,-0.2016842421813902,-0.9577956811015128,0.28840667564621,wave1,0.4739379434450319,0.6359225524958163,1.1660264152246127,-0.1535441291012658,wave1,0.1630617166438739,-0.4710560442332987,0.6635655048190469,-0.0220278326197823,wave1,0.2400248981156904,-0.1753372881013345
702,0.0100696066811171,0.3932732857600201,wave1,0.7176940782924077,0.9237122585402824,1.1595446085011976,0.647811205860747,wave1,0.7125520453504035,0.8191594834172133,0.3853025077318023,0.1468038618214009,wave1,0.3699680953125281,0.4458041585932288,0.2386359219826877,0.1519989148377712,wave1,0.2542588324001871,0.3742280044432973
703,0.2398380941080633,-0.6557593967509456,wave1,-0.406776967517187,-0.3266366009353092,-0.1866210404907278,-0.215590942075191,wave1,0.0191294180123889,0.3416175279319077,-0.0491908006761427,-0.4554214253997595,wave1,-0.42672922586551,-0.3644738269840439,0.0636769682870368,-0.5502145265036911,wave1,-0.3619133288569103,-0.1382779441954322
704,-0.0783154593324184,0.4120059534074216,wave1,0.2317076590922062,-0.0241846705795003,0.880813362943181,0.2431158333042076,wave1,-0.0800071273797191,-0.2813855480142451,0.4105867101983516,0.4552475252755125,wave1,0.1776323848574127,0.084341440638001,0.666052598578254,0.4242115524853101,wave1,0.3481521667321892,-0.0945044897054172
705,-0.8565649088305785,-0.2330716946616777,wave1,-0.4904099108433395,-0.5691334001943265,0.0722467941711551,0.3840893168376098,wave1,0.1614416297719572,0.3148045488797257,-0.9747636240627116,-0.0458768703488823,wave1,-0.1645572955503811,-0.5029455947200063,-0.3127353553072531,0.0020812568214528,wave1,-0.1166329773332372,-0.2980700475495484
706,-0.2136108370686879,0.0436999155640209,wave1,0.2499120743465235,-0.0331059454647577,0.0230457803981844,0.6038104915686882,wave1,0.7291654394082006,0.3836622620704828,-0.7166947793662309,0.0663117602654423,wave1,0.2406239824806302,-0.1943556303628086,-0.8260616081943194,0.39801044092337,wave1,0.5116906319713084,0.0067388177270105
708,0.3874998842420193,0.3904188558857073,wave1,-0.023879654483091,-0.0012584714311507,1.2923568968822066,0.9404669733890392,wave1,0.352508359008486,0.4964290744802345,0.4339872949334565,0.2885964002655553,wave1,-0.2977431165019856,-0.0248636644976359,-0.038113529199773,0.4771131203017997,wave1,-0.1299719485776949,-0.0132219970216498
709,0.7296477911769848,0.8252664395273854,wave1,0.4717247952053116,0.5654685920872782,-0.1310660508455484,0.8895719574775556,wave1,0.9862789332437544,0.7124552491875176,0.6011235728084506,0.6473607575476736,wave1,0.2889405752169824,0.6052953341886107,1.0663703084470173,0.5824919974541176,wave1,0.4443127387446011,0.5292352055627894
710,-0.2061040660615513,-0.8413141012141385,wave1,-0.1530189302156421,0.1755282109113305,1.1900412310609938,0.2813773866441653,wave1,0.4266344856964907,0.7380512715889089,-0.3920311869986038,-0.4337933509384475,wave1,0.0757744805994315,0.5129897180916438,0.1329417822514845,-0.0574166094040862,wave1,0.3822818941018706,0.5433012989677426
712,-1.036061343843484,0.3121252869627811,wave1,0.0761142436645396,0.1078053118577697,-1.421283876877331,0.4514173573505873,wave1,0.2919476793346029,0.4000050388942784,-0.416162830964232,0.0135310875159682,wave1,0.0830645205269835,0.2266282469100438,0.130118386272748,0.0913826682172401,wave1,-0.0193861226082908,-0.0414399001622552
713,0.3744210458572145,0.3354681487530069,wave1,0.0394281414922392,-0.1874499403117466,0.789476581316552,0.349598402274496,wave1,0.193754066257876,-0.0402400470137449,-1.694433932544562,0.0523361251125686,wave1,-0.2526020824891657,-0.4091210567777406,-1.6445249426410198,-0.0103077752246515,wave1,-0.0323511184582269,-0.3882657849986678
714,-0.0197176164516392,-0.0511091060611614,wave1,0.0341121462268323,0.0011966940033074,0.2749429556013895,-0.114898598634386,wave1,0.0736244426253354,0.0582287595338988,0.3074011761988224,0.0636188550203735,wave1,0.0968212340234648,0.1052297098508718,0.279578747527636,-0.1600143275315136,wave1,-0.0368483161257552,-0.0865415941141364
717,0.7152202154832608,0.7623749770176351,wave1,0.3874087090774059,0.701686034228298,-0.4603692587710823,0.9373275692613776,wave1,0.6783113619084566,0.5231856440274443,0.6074761304037555,0.4875814352852547,wave1,0.25157917971907,0.6719402933414067,-0.4401078691858815,0.5179747194065603,wave1,0.3617549475531652,0.3623247837686922
719,0.23070585465005,0.2026433544603452,wave1,-0.0930353509382087,0.1849084835152132,-1.616831525114194,0.0985883145160204,wave1,0.0231601512391848,0.2634948054807224,0.2382962788155759,0.1595344554851709,wave1,-0.1522705211996344,0.1811649564595894,-0.9576548984516632,0.5592876534598328,wave1,0.0372446515204414,0.3831725619061092
720,0.0619501681021813,-0.2715737603430928,wave1,0.6675857885691483,0.5244267733953125,0.3909626018418252,-0.4352628489617003,wave1,0.045358508138761,0.0234030223673218,1.3658287846310406,0.4758574335385186,wave1,0.90030675202013,0.5569193357415994,0.1168569467734563,0.3462734859485104,wave1,0.779594094564318,0.3528345206525469
721,0.4382549474585524,0.9959166075144784,wave1,0.8857297504583024,0.9422239520565776,-0.4836695382252872,0.5536370206325879,wave1,0.3776101228673917,0.1356118889159737,0.7584243351541391,0.547580893842415,wave1,0.6600658516871339,0.9544726779464704,0.037591540058454,0.127386330805649,wave1,0.3303212699338571,0.4954153325195202
722,0.41504465237491,-0.2377426601955079,wave1,0.193210472150104,0.8393975630746362,0.1599985408515482,0.325566624209197,wave1,0.3326979034698256,0.5720684455673775,-0.2253216312187283,-0.168472750455612,wave1,0.2227285485034402,0.656721013490609,-0.5132361074276967,-0.2137381426517609,wave1,0.3268414838871102,0.3720900743427474
723,-0.2747276851654738,0.4320197819888445,wave1,0.6396627429780353,0.7316428193988458,-0.0720680713859651,0.2984432876135838,wave1,0.130439402772629,0.1677650209027867,0.3507731927870833,0.2736366968487487,wave1,0.5238636827967293,0.5009383454113503,-0.237245976859685,-0.1088525255824274,wave1,0.1337417641418357,0.0363484089688257
724,1.0351322527636333,-0.2187848244975356,wave1,0.4206519003319258,0.3689668804730566,-0.6097796653244606,-0.7141168363562675,wave1,-0.2178715369085964,-0.1015169936811206,0.6383349008314505,0.1207054435512848,wave1,0.5170119247757936,0.7778327302502708,0.1205198656921637,0.5733973352841245,wave1,0.5443008466365465,0.5704160642624588
725,-0.543503571308824,0.7858889356061929,wave1,0.9564617299276515,0.1948456621507932,-1.1833745155916322,0.5078427149976446,wave1,0.7684843878770982,0.5071438045487595,0.3616596119712068,0.4686649675965693,wave1,0.6895606645953689,0.2271729734927861,-0.2238137160004174,0.4527964010800462,wave1,0.5947418091140233,0.2715306964098145
727,-0.7530336319795071,-0.6918022255390757,wave1,0.0035204960471737,-0.218169597026659,-0.270346920461232,-0.955531259208974,wave1,-0.1851142454025258,-0.0924214952364566,0.5952257931622548,-0.292248625893136,wave1,-0.0714421940695619,-0.2518160709494523,1.0557594280146465,-0.0060333368895068,wave1,-0.2002340268963122,-0.2961426717409607
728,0.4627833162096065,0.5586565592981847,wave1,0.4385710420251336,0.4135355761454047,0.7794642258258063,0.2615582130245411,wave1,0.4383079961105882,0.196528216812895,1.1467936373769276,0.4240410976176509,wave1,0.3540203843574951,0.4644261807684208,1.022559675392709,0.0958794980280652,wave1,0.1830371230907156,0.1851535785341262
729,1.0610500685465434,0.0055232359305517,wave1,-0.5397014554054635,-0.3524458943884396,0.6614953095579399,0.3130197091103739,wave1,-0.0019582670151734,0.0509677840103728,0.4620003807016907,0.1335691977601543,wave1,-0.4983266090769767,0.0145054051204149,-1.5864744252337653,-0.0157033856480773,wave1,-0.2281953316647165,-0.0252101895147962
732,-1.697758722858099,0.384665581769984,wave1,-0.1647958637255169,-1.1294854621288348,-0.853225690020275,0.2547948935850366,wave1,-0.1842798189313215,-0.4815073285645532,-2.1248849080844168,0.2037794545085325,wave1,-0.1374888190416712,-0.8884748379705791,-1.871321448758931,0.1688815067565028,wave1,-0.0640720631018107,-0.8104402642934447
733,-0.6348342382258693,0.1416845762672689,wave1,-0.0970010128914802,0.1461669665045433,-0.8521224686118964,0.4288714843472926,wave1,0.2631412215900003,0.6610754647587501,0.6438487775062766,0.3326895564409485,wave1,0.3280877612764098,0.0743093562356808,0.1856391161694036,0.3111970294402048,wave1,0.220480986676144,0.1511609425238917
734,-0.7226260368662656,-0.1087077744729789,wave1,-0.1035464172015752,-0.2559951513042415,0.2175357822169593,0.0136279948045048,wave1,-0.0558819243134485,0.1960181009431696,-1.8543730571152597,-0.090497569239573,wave1,-0.1135584442884136,-0.4345845388733627,-0.2145767620564246,-0.2329754444745897,wave1,-0.3518227595795333,-0.4626476194486169
735,-0.5918434487552564,-0.1113583394453687,wave1,0.1829269212108526,-0.1743507713232155,-0.7081693752309907,0.1832588927591397,wave1,0.366115148542926,0.3007174489641867,-0.8509986661546952,0.1922680263643659,wave1,0.3157880064122158,-0.0330914304143756,-2.149468511902773,0.0310415597769713,wave1,0.1785978528735341,-0.09143971762351
737,-0.3927667087275714,0.6063608681050661,wave1,-0.0412350061443522,0.260060088635486,0.6835547079105361,0.5076773061416882,wave1,0.1552040266263965,0.4853752643015836,0.7245578362906027,0.5948036723735981,wave1,-0.1256723983403869,0.295838488502228,0.8498721953116603,0.1603721949740652,wave1,-0.0832332393544942,0.0805671434238114
738,-0.1676114152326645,-0.2687353964484207,wave1,0.1044135392289478,-0.4070011677491316,-0.0726091568875662,0.0753578278528799,wave1,0.0792879010731133,-0.1883187487706781,0.5779748265328527,0.1871382819415104,wave1,0.48665184301573,0.2483101416569402,-0.0976625655581747,0.0185894139294558,wave1,0.3118158938401824,0.2312607020015192
739,1.6626558907838234,0.1308536114551388,wave1,0.3871690656210635,1.2044630584595677,0.0416151894049789,0.1078184154540135,wave1,0.297893962543598,0.4742208991629636,1.129151154438677,0.0764396597744258,wave1,0.4420795023061287,0.8896779188914364,0.2628669603237953,0.036942517638712,wave1,0.2884018674770891,0.7298619832349855
741,-1.1371365721744522,0.324025714494522,wave1,0.111979276640068,-0.4452567256100614,0.26435859536141,0.1754350303756024,wave1,0.1344902657254751,-0.1720396984130141,-0.4479408825044345,0.343615697786761,wave1,0.200595211632244,0.0594931452183709,-0.4447518737513654,0.0871883613024696,wave1,0.2129512854082814,-0.1730504868324457
742,0.1371130365629203,0.2107490808720125,wave1,0.1130847218300774,0.5115604152625357,0.040507798285421,-0.254757376830633,wave1,0.0083226012556782,0.1366333967826793,1.152369241338896,0.1586813293920276,wave1,0.116135531118574,0.5761402721198301,0.5856084405110262,0.0049161941828465,wave1,0.0619561352367196,0.5834716190103212
743,-1.7001008197331389,0.1938637515175023,wave1,0.1669715971995293,0.4231299080194679,0.4549280228449606,0.3703988625540777,wave1,0.333236020319799,0.5472188908931561,-1.504318961274504,0.2982346639567647,wave1,0.3732690417029458,0.3399766896397828,-0.4278865959466086,0.0900685048467006,wave1,0.0239574633452607,0.1300531430827877
744,1.8001406814351733,0.493091856685204,wave1,0.297978141589245,0.1240403141007722,0.3596036994215825,0.7183476661711783,wave1,0.4316984855393806,0.4683167635844705,1.5243446287129307,0.4322174443897018,wave1,0.1566985425491027,0.3192537020456376,1.543885000914985,0.3151734451721291,wave1,0.1407235761961813,0.1394682817255081
745,-0.9555427377101956,0.0710263818412029,wave1,-0.0485197122077627,0.054432411334079,-1.5813722862006654,-0.4135517118655654,wave1,-0.5354168031263005,-0.1571156650949297,0.7525681457264696,-0.0186910696877288,wave1,0.309747636907027,0.1748466337651578,0.3910585989366298,-0.0731287595371998,wave1,0.0178697402652013,0.1802494364061436
747,-0.2519771543930147,0.3763905722208887,wave1,0.0817777590060826,-0.0552890582658611,-0.1045491055618746,0.1626005949677671,wave1,0.2643457439646763,0.2223815164709457,1.0955098415291094,0.4203103666922813,wave1,0.0842814261457319,0.2938479717344952,1.1169524739590746,0.3366724990557964,wave1,0.2052463508423457,0.3249717078125692
748,0.3396335870820697,0.2044075269444205,wave1,0.1871432257461578,0.1541780124647147,1.1144711417437183,0.1592086694525183,wave1,-0.1107242941227264,0.0497081571236153,-2.447296975272383,0.0298945083553665,wave1,0.0320539206983416,0.132395351157726,0.439045395501308,-0.0186966556896366,wave1,-0.119629782542368,-0.0196079853374699
749,0.991507302051264,0.9470283789462008,wave1,0.8755108833214871,0.6173408483605807,0.6879404983634142,0.7380635431892597,wave1,0.7919751556514947,0.9440191817231818,0.1297544387735013,0.893326619554013,wave1,0.789816705516432,0.4255188384054384,-0.1014209675379388,0.590046935889291,wave1,0.5195889559906397,0.243047075829292
750,-2.588767523548626,-1.6421795960553334,wave1,-1.4333207753841728,-0.7110476298960189,-0.2394657269144858,-0.4865359307685309,wave1,-0.238284634427991,0.0244936021253555,-3.368944102623498,-0.8457345101556074,wave1,-0.7012932241113187,-0.3754124337748089,-1.2574488478908434,-0.3624266809226127,wave1,-0.2576710698311402,-0.1410950160212794
753,0.3816193637324298,0.4885460246997688,wave1,0.6023639938212324,0.4451220997950753,1.6489771626824776,0.8308745794684917,wave1,0.6765240474123819,0.6346227936603495,0.3788263655347716,0.2523305582307898,wave1,0.1597513868075576,-0.0238077801306165,0.9253132651389664,0.2157846083990895,wave1,0.2398895993507386,0.1761405554761373
754,-0.074034847056088,0.3530596667849659,wave1,0.7038793293515098,0.3444881753136126,-0.1033071710516798,0.1582167807960502,wave1,0.2472032467236967,0.2952800544056807,1.425086288779994,0.8597329560686122,wave1,0.9988577994808824,0.705581820514251,1.458766458349655,0.8039150219214857,wave1,0.9672647703477316,0.8233225152453236
755,-1.9264545493488576,-1.1657781323530352,wave1,-1.764654407041535,-0.9933442433260417,0.5575403769851848,-0.4303555975295718,wave1,-0.279933306911394,-0.4808140817353787,-1.282223354896092,-0.6754592489455916,wave1,-0.985598092744448,-0.5713631205204356,-0.5999024439470042,-0.3088358956868928,wave1,-0.6868938587230694,-0.4063484090042947
756,-1.4744315054347312,0.0090244439580746,wave1,-0.1468561749054109,-0.5082145308164308,1.3616394749786,-0.1674824808256176,wave1,-0.1893601615831284,-0.2055014345920396,-0.9697164704627664,0.386253844519031,wave1,-0.1950375755623535,-0.3120874507765985,-1.9153390461063495,0.2432806370178274,wave1,-0.1919800180569913,-0.5481467692365521
757,-0.539369545352874,0.5225886182372903,wave1,0.2778069546706996,0.3514501475949367,-0.7972315590084812,0.9747222315245616,wave1,0.7525014677241759,0.561160399334069,-1.2966425877902283,0.3662033888182773,wave1,0.0463737562785159,0.2324814272446111,-0.6302383905480992,0.3768482752331384,wave1,-0.1331482178291406,0.1108008931855494
758,-0.7691389625165032,-0.2538637851890857,wave1,-0.4025246381874927,-0.7428575366159254,0.96473003986299,0.3395823575907986,wave1,0.134624192195081,0.3989381001709369,-0.4092239973321753,-0.2866450199536987,wave1,-0.0776233512536199,-1.061291055806131,-0.844621652944904,-9.8505427309159e-05,wave1,0.2289141483843525,-0.7418912696121261
760,-0.6529444068265577,-0.0671798711415398,wave1,0.1916401304795203,-0.3010402968940104,-1.1278327653078248,-0.1433128278154626,wave1,-0.0421097233016459,-0.3444988435931905,-1.197187058330397,0.1103528855001027,wave1,0.3684545904919342,-0.1519969935473316,-0.76294139175767,0.5474496332867465,wave1,0.5478463996705711,-0.0897156526998493
761,0.6270386640883623,0.2099578917622719,wave1,0.0280312210571129,0.5831099605623828,0.3958046373713091,-0.1441634984810558,wave1,-0.0958821354240146,0.4632913935291936,-1.5211201671411685,0.1832334600791016,wave1,-0.0281017083396618,0.2173669328426576,-1.1013051489127594,-0.0958569822256606,wave1,-0.0828624296453342,-0.0482962606583841
762,-0.1350726508509649,0.7135338908823603,wave1,0.4567425202971531,0.2040201829619365,0.307706108642805,0.7465645570352006,wave1,0.8105114305365124,0.6401523216016549,-0.3898456089070192,0.5808239648351124,wave1,0.3502403791937741,0.1724732167410151,-0.3401983117612322,0.3124145268099397,wave1,0.1043039953316578,-0.1841085734348432
763,0.7412282129266284,0.2857801218939202,wave1,-0.0476522490032209,-0.5754562572497073,-1.2551933581597945,-0.4601005374583182,wave1,-0.8298224554571372,-0.71450422784557,0.1349824204413947,0.1646074704767985,wave1,-0.0114209355822056,-0.4836367983077316,0.3266868213593975,-0.0568628693853708,wave1,-0.2223990354307655,-0.5511976078855584
764,-0.2875515096289279,0.1047641138126811,wave1,-0.1446494965435116,0.0418160121629742,0.5149253084975672,0.2860967908281586,wave1,0.2873302703257026,0.4032259048696454,0.4362472598091174,0.0468635659536686,wave1,0.0624710410641797,0.3641458021633565,0.4229946949645205,-0.3620288785586969,wave1,-0.2910485947643391,-0.1438606723664479
765,0.4949732430483453,0.0323724481220251,wave1,0.1293990374957208,0.492029552537468,1.2427457661934385,0.3480687698794367,wave1,0.3376762427015429,0.462090480615585,0.0633153998205535,0.2699138721382292,wave1,0.1307952056234568,0.5245750420293178,-0.2019584642464813,0.378950882821755,wave1,0.2378747320852891,0.5547694849764736
766,1.8262610711798808,1.3672754542879586,wave1,1.374236131395088,1.3602876689754484,0.3937256406178051,0.9379583453607256,wave1,0.9501426585246772,1.014074021536726,1.1880012635741637,1.0124917791824286,wave1,1.1462341924971118,1.0686797092073843,1.0998388932522538,0.8971887527439552,wave1,1.0386200806338026,0.9067725263724818
767,-0.8191389007717608,0.244974509918062,wave1,-0.1570304368553383,0.0587127381457959,-2.39266703522957,0.3887646741212982,wave1,0.0163827549359105,0.3513211301312873,-0.4786224637062016,-0.0214643989935274,wave1,-0.0192243052307738,0.0635844280277497,0.0904891794408826,0.1683473245155539,wave1,0.1123721818055846,0.1057766861868706
768,0.8778419738490281,0.591480388273016,wave1,0.7174434603475326,0.7373306633464785,1.1855128564390052,0.1883666203896141,wave1,0.5578198060873785,0.3224448258220032,1.0532167527273897,0.6020869955102452,wave1,0.4879266164879501,0.4587195692027181,0.8297750879809328,0.6668517563936702,wave1,0.6835590079163754,0.656853213295467
769,1.2264084250284837,0.3681858756309217,wave1,0.769195208899063,0.6875280798226762,0.3648160563712405,0.7479660476253663,wave1,1.0132823099281372,1.2722024544169122,1.5785076728456913,0.0881938789469675,wave1,0.4370953048137463,0.4359604754951868,1.0549137751761573,0.4261997598338442,wave1,0.4341214898633118,0.6656566741979555
770,-0.1445841127644184,0.0108608232102398,wave1,0.3353823450030371,-0.0622295005605686,0.4662408806926461,-0.0823365268783149,wave1,-0.0864620867990435,-0.2383752469940976,0.0765452791036823,0.2933752256034649,wave1,0.8165041555509926,-0.0864309378125725,0.7605690704784392,0.2456088518673272,wave1,0.5720745310772349,0.0785642658555679
771,-0.988920960887603,-0.6045271029307593,wave1,-0.4791007814494883,-1.129624816730021,0.1282025159109373,0.0649345777243217,wave1,0.2193862757601006,-0.1661298701040658,-1.1212660829942966,-0.3199243421374944,wave1,-0.4432488497305609,-0.9555712118156754,0.05049801368673,-0.1574530757514574,wave1,-0.0631209874978875,-0.4629931232673083
772,0.7622237198003052,-0.2839823427514489,wave1,-0.3407118703031688,0.0485906395244049,0.6880325643793003,-0.5587973612739812,wave1,-0.6762163626018487,-0.5934364378951091,1.4367591657992358,0.0162354786198453,wave1,-0.1180279700340769,0.0865770050813183,0.9241254467130036,0.2163316190581951,wave1,0.07864839149087,0.0858247947196358
773,-1.2956976945301577,-0.9004424830476749,wave1,-0.256936767458616,-1.05414040839935,-2.1375296081193538,-0.1600227391928652,wave1,0.0895574598573816,-0.2481564362260671,-0.4591438463000826,-0.593215965944311,wave1,-0.0645652714387031,-0.7295173311248568,0.3365989971746341,-0.4251164566922844,wave1,0.0196235063256319,-0.3553321232002181
774,-1.9359353197832012,0.0494018195054295,wave1,0.0377765426993697,0.4367100264116212,-0.8668142804270894,0.4488283488036244,wave1,0.5928537823662783,0.6840654575493788,-1.3247075691549062,-0.0372399795519514,wave1,0.0841936884716964,0.6543054993801181,-0.0034126849677433,0.3771607146011489,wave1,0.5490071328705747,0.901935219460122
775,0.0350322913072084,-0.0848503031339042,wave1,0.1822624613609005,0.0655315626116881,0.3127182708854414,0.2900854188701878,wave1,0.5182671987112051,0.5519827838177784,-1.3514710885785968,0.1443220520872092,wave1,0.1579297234030245,0.1621571513878625,-0.1768908616793142,0.37110588119319,wave1,0.3767208035292664,0.2895556299428934
776,-0.8917878311170935,0.0669578914339761,wave1,0.0812382393904591,-0.7275902539302386,-1.1607467511360925,0.3054467121435626,wave1,0.5014144846326811,0.2779905390375274,-2.22452491631586,-0.038100679653913,wave1,-0.4348476698817738,-0.5549067421888518,-2.804616622468107,-0.2729821400107218,wave1,-0.4247138521493679,-0.4037991402107174
777,-0.7116370386022395,-0.1103673461213341,wave1,-0.3814424047730382,-0.0150619031696612,-0.4572936841552422,-0.1708994885720978,wave1,-0.0895052564846348,-0.0492854935351827,0.587886253863083,-0.2756361503206181,wave1,-0.3842441097991771,0.030811498040862,-0.0698605738048657,-0.1850755435127617,wave1,-0.174844859398794,-0.0152072439071821
778,-1.0120521475651314,0.0553968882986264,wave1,0.1983732117975414,0.5204489790409723,-1.0195783190620744,0.0503707604515519,wave1,0.2700047072240217,0.3162414863325837,-1.455312447526345,0.1301052965484596,wave1,0.1566354785659693,0.3603162269667114,-1.396238459662554,0.0733170843516168,wave1,0.1208807097447512,0.2883716899014424
779,0.2724238542807371,-0.2171201097264705,wave1,-0.0741213270782314,-0.1014362111331879,0.8475860086286413,0.1212602689358992,wave1,0.2466393620487235,0.0891962756860529,0.5210445414967475,-0.5397063103906607,wave1,-0.4076063415081556,-0.3198071130275333,0.0605802970041917,-0.6681007212059634,wave1,-0.3694254537405715,-0.5643052531623557
780,-0.0169723562853376,0.2395359491554152,wave1,0.4456519567331982,0.5993166783196653,-1.0048901828034624,0.0591033581779661,wave1,0.0730165475752099,-0.1013899463055924,0.818591912592178,0.356738381358727,wave1,0.6478695418311082,0.7120990452763023,0.7880166778653572,0.2730126824697596,wave1,0.3996213134421447,0.3796831775968667
781,-0.4531469943169884,-0.3903683094118395,wave1,-0.603003028954898,-0.1877749373579653,0.0009402208412589,-0.4508212596784458,wave1,-0.4320825408546169,-0.4988311513186119,-0.2313144081716279,-0.1456044175138291,wave1,-0.2229710357524326,-0.2840614758959023,0.1568841656094147,-0.1788563115340342,wave1,-0.2240828947951811,-0.5733424420043525
782,-0.1758774491981587,0.6505497763581798,wave1,0.4740637429015177,0.5140114264324791,-1.3088511629433923,0.4057703077205559,wave1,0.5556900523192707,0.9460508939870385,-0.3763276257032477,0.2621586491365433,wave1,0.0932964470708557,0.0981695840199339,-0.6019599263753639,0.1208262520462581,wave1,0.3648927272530731,0.3082741205139649
783,0.3214311662421767,-0.0015041341600396,wave1,0.0120193431532453,0.7032529248878099,0.7841970038960762,0.471065897193716,wave1,0.0573960823762713,0.273643302995596,-0.4580863532993163,0.1678880054689215,wave1,0.286989086043343,0.7711934402830047,-0.6167198647118232,0.0473318873422969,wave1,-0.062257550150038,0.3851628162366253
784,-1.9210381934840657,-0.9385191603453368,wave1,-0.9533752998510844,-1.0606133611197517,-0.3007207775794802,-0.1147402097263635,wave1,0.0804541552122534,-0.0675866178812073,-3.2864832072644696,-0.7984353429260952,wave1,-0.8869617987864397,-1.037834946533159,-2.258587664173492,-0.3903366704866534,wave1,-0.5227850830159069,-0.6174022836403346
786,0.1096867630777093,-0.2925485371417935,wave1,0.2499547018745598,0.1379255275766955,-1.448649997228057,-0.2111946103592344,wave1,-0.0491664459782715,-0.130281936271884,0.5668084798432615,0.0069943391937971,wave1,0.6278477042029563,0.4264320570803729,0.6516212291000538,0.2703434600401859,wave1,0.6493400566719165,0.6043521087837109
787,1.2502279131654648,0.4875198502331272,wave1,0.7399965121365684,0.6119883811972544,1.0584396852262692,0.8402086411900709,wave1,0.7544465616501044,0.8800820509431846,1.289472540233202,0.3799026959573972,wave1,0.7331106949646504,0.4191513913076289,1.6563739617490931,0.4927888145778697,wave1,0.5261711200981486,0.5693209308310104
788,-0.9870309122700672,-0.8262462547134055,wave1,-0.4415608522172356,-0.6989237694378698,-0.9404214327917108,-0.3775040915021512,wave1,-0.6871641913855222,-0.815090842613623,-1.9407334043360311,-0.5256374440715363,wave1,-0.4374736484602342,-0.5920588281717551,-2.9486202784384568,0.0162281827827062,wave1,-0.0429144774042042,-0.2710202136838457
789,1.1542868851632204,0.5486865973333328,wave1,0.7170803247401116,0.978669989880063,-0.2244928427215752,-0.0768426746617828,wave1,0.0330109945604825,-0.1900239181407482,2.0046900354941584,0.6701351571916655,wave1,0.9074279791694838,1.2008263680558953,1.7951041358206974,0.556063490613548,wave1,0.8281727093098792,0.8672296028386497
790,1.0186308574730842,-0.1842709906134003,wave1,0.0467833516010103,0.2853383521164114,0.0346085984495266,0.3809520080121027,wave1,0.2978296073923938,0.0038833137098204,0.9528228752953178,0.2774235277974714,wave1,0.2918655839273182,0.4911248539452637,0.1222317933573492,0.3461326172904783,wave1,0.34172639491183,0.2735592267022292
791,0.2849333143416663,0.0882244771065601,wave1,0.0836063179633064,-0.3896135368041455,-0.1939913240299297,0.5144993941055729,wave1,0.6658663014416812,0.5141976477517001,1.0956217136743134,0.198430735936504,wave1,0.0574154494981017,-0.1040347227420038,1.1402918484141755,0.1959669598466412,wave1,0.1773089246971803,-0.0932932815612151
793,0.5003661795555935,-0.3276994354941758,wave1,0.020056036677019,-0.4474409827277275,1.0248847724931878,0.4518826683467484,wave1,0.5361266213120993,0.4996050156086581,-1.0735112079783733,-0.2171574183479998,wave1,0.1477922431509817,-0.486818494986138,-0.7866275542380486,-0.1767448330237095,wave1,0.2798875087465202,-0.2043329481336926
794,0.4158011563138828,-0.0920085794564535,wave1,0.14444287083925,-0.1287140874826835,-0.67028621474638,0.08866800409964,wave1,0.2732144916471256,0.1048042821851674,0.2163016541567968,0.0084806831447948,wave1,0.1930676416219107,0.0564469442711387,0.043963458993006,0.0141792456885795,wave1,0.1785174576447134,0.3386747331515027
796,-0.6208561794274062,0.2624691452324188,wave1,0.4535253506561125,0.4164383493878585,-1.7927933878226563,-0.0833224084023285,wave1,-0.0285914113559691,0.1970527807795214,-0.447489388166329,0.4520865969916796,wave1,0.5660997735109894,0.5521621755952171,0.1893177618230512,0.3407964471468575,wave1,0.5299505098106528,0.49110074488007
797,-2.5906887953936666,-0.0976818651613047,wave1,-0.1565643453714662,-0.8168611721740937,0.2825601455687852,0.5649437029630433,wave1,0.2918061531075495,0.1729087914460332,-1.1277412864579217,0.2942931674751063,wave1,0.1186328443349382,-0.1317532463636677,-0.7011632582237339,0.2706344271268214,wave1,0.3454834108470238,0.1422325054067427
799,-0.4009801869805905,0.2541841604501249,wave1,-0.1108346809268157,-0.4604025877679703,1.3634040435738026,0.2175364080696571,wave1,-0.131479362266464,-0.2232030698896396,-0.412626827620685,0.3477936422163845,wave1,0.0996750233707681,0.0161355700196856,-0.3325335250155609,0.2933286945081392,wave1,0.1903213902819933,-0.1950826454764862
800,0.6502723125929986,-0.1474596470790843,wave1,-0.454381652863306,0.0834508135155782,-1.1291469409547297,-0.0562845887463673,wave1,0.0225982375576837,0.0267854845589262,1.0635129655250843,0.2421478028051747,wave1,0.1055538566377939,0.6330864351152176,0.6431957930541415,-0.0136302053700672,wave1,-0.0750163267344219,0.2267621112915678
801,1.594570747638486,0.5361436740623566,wave1,0.97525021547193,0.5898025473702497,1.01943030723423,0.1465233610005809,wave1,0.3309903641710321,0.029695785388861,1.3839900560553864,0.5385067882715633,wave1,0.8491825699095032,0.6673069475778186,0.2819277685091734,0.3504014585381627,wave1,0.3762651433317798,0.3998826498607468
802,-1.3466087193956806,-0.5105055677253414,wave1,0.2526093864543408,-0.8971791884593048,0.436557212546381,0.0523452391213893,wave1,0.8611026051047413,0.1321133677450993,-0.7558323573205468,-0.2635008213643358,wave1,0.1834502443565288,-0.4674506474447187,0.1182328944169712,0.0787188805649913,wave1,0.4373315945671673,-0.0330366988803621
803,0.604488559641668,0.1339210338878396,wave1,0.1321410544104688,0.0250746696932053,-0.0945753398219576,0.3184982175829551,wave1,0.179484823562749,0.1761521484635291,-0.0384159644421318,0.1529213153902333,wave1,0.193245505175766,0.2997368878836586,-1.0232413646490814,0.57395595307849,wave1,0.5254215328105921,0.5231680068892935
805,0.7510315941712726,0.4185942280506594,wave1,0.6143189820431516,0.1184317025781094,1.3413454983522783,-0.1041721383185989,wave1,0.0965592578953189,-0.2002471418316256,0.6999254057338524,0.6426016955349867,wave1,0.8117765446095875,0.066187125972086,1.5774755477174969,0.4140000510382343,wave1,0.4753859050971037,0.2200601447301734
807,0.0736992736809781,-0.2497195308036219,wave1,-0.2394429340534001,0.1199393142027271,-0.8826586923052424,0.3976326743925269,wave1,0.5359964695188228,0.5754285668313983,0.2686290826068743,0.0915746208554593,wave1,0.0693186103969767,0.4166602548887399,-0.5476831161210806,0.0700517304168917,wave1,0.0775060166961427,0.1513935769242897
808,-0.215892541558392,0.8822896029891758,wave1,0.547382645801268,0.4242586072657202,-0.1505166160858656,0.9874682962964004,wave1,0.7459957953501477,0.6122262695204603,0.3134018466369122,0.8441213178416931,wave1,0.4221461270372523,0.503308159197813,0.5414045395694488,0.948351188724066,wave1,0.6550258046801224,0.5812038056712191
809,-0.938960405122664,-0.7417360823808106,wave1,-0.7825879151732753,-0.4497457869726511,-0.4500913665296069,-0.0737088558445158,wave1,-0.0461325783608581,0.0503237287140254,0.5515350363418436,-0.6734942938610677,wave1,-0.7940470149807473,-0.4051552713073607,0.601462525737465,-0.4264791029211955,wave1,-0.5180466997514371,-0.2499449813573483
811,2.41939642276064,0.1394242142547965,wave1,0.3110291343462972,0.0398382283497071,1.5030564757547409,0.0492136050522303,wave1,0.2888085694903489,0.0622976293435563,0.6880577855807275,0.4549445758796302,wave1,0.5578755198872949,0.3985741354498595,-0.6459213715505348,0.5282973466385747,wave1,0.6197941388068211,0.5725326399217494
812,0.3594641687918624,-0.0630286510573854,wave1,-0.271981229327022,0.0272760526093502,0.7133069248444607,0.3197732453085355,wave1,0.0650616763803568,0.4893393951936751,0.935769630690643,0.1659712443031519,wave1,-0.0293030999521509,0.0245656082019328,1.549985391509898,0.1832906025932482,wave1,0.0942726540028662,0.3140217323912556
814,-1.0508167075829833,-0.4762350304746203,wave1,-0.8484465625779978,-0.97793983991232,0.5716396569621246,0.0839071732405051,wave1,-0.2887776014842685,-0.4335803080377184,-0.30040205304673,-0.0928306432880422,wave1,-0.3510408676952062,-0.1851117011147393,-0.6711319759519146,0.2696128540964534,wave1,-0.2194853541391604,-0.0321251036138404
816,-2.590219320984815,-0.3844322938378046,wave1,-0.5488649597821285,-0.4707312899886333,-2.140902044945475,0.7007198147788474,wave1,0.3196760191209504,0.484083979138513,-3.4595419552836892,-0.3492093503464237,wave1,-0.2068007205841524,-0.0658646383152101,-2.5571075578630547,-0.2959973464621331,wave1,-0.2173424692991249,-0.0312141275148395
819,0.6865732003425608,-0.1007765338649095,wave1,0.1582472381523525,0.1935338664736823,-0.9425358221672928,0.1369936997832167,wave1,0.4880164907884944,0.4102236012299342,-0.1508510219681781,-0.6060599462256416,wave1,-0.2997313335070198,-0.1879685922925184,-0.9660940787614344,-0.6832001918760433,wave1,-0.2943825262339659,-0.1572063698805595
820,-0.8722946003857185,0.311213609922252,wave1,0.3655586294327066,0.4153195923582522,-0.5902253033671847,0.6547472889747805,wave1,0.5987311341710777,0.6178189108828511,-2.3253168858901585,0.1802318827204331,wave1,0.2628463300320779,0.2650560140762436,-1.343333606976291,0.2870300786073173,wave1,0.3057844679333447,0.2228028867018606
821,-2.0369107330566307,-0.2255349030701394,wave1,-0.1990252553834535,-0.3332710878031413,0.0284000251661952,0.0273475844138229,wave1,-0.1760985061644477,-0.1588854184813728,-1.62642666866089,-0.4006621732404465,wave1,-0.3242629511405148,-0.5043706107310522,0.3105556833914668,-0.0622602212708995,wave1,0.0488582877263255,-0.005361249302572
822,0.6546366599813056,0.5831614502143012,wave1,0.8072713933336868,0.59287769708721,-0.5084562894906881,0.1575640147016717,wave1,0.3026357258764576,0.460584086309701,0.0136338325449084,0.847729491150065,wave1,0.8012112339372435,0.6705747827829305,0.4153444479679273,0.4571149162144556,wave1,0.5669339394043402,0.4690438910083792
823,-0.0891231408270239,0.2019209483738644,wave1,0.0944938098475332,0.2598091915592315,1.0182152473030155,0.441847868043312,wave1,0.3535559723522219,0.3800187183071255,0.6729137711759463,0.1026047735364417,wave1,0.1005411716856368,0.1913894968087015,-0.1388166999932336,0.5383521198857868,wave1,0.4301253765275552,0.186317466790336
824,0.8917710778531477,0.1745860585809628,wave1,0.3731191076466711,0.8307675874290936,0.5102334623495296,-0.2911027283086322,wave1,-0.1166001452695584,0.275934001405129,0.5738582213878164,0.1857488992552851,wave1,0.2061358908384387,0.7295077106685501,0.6073927567625924,0.1306587676120122,wave1,-0.0967451928731349,0.5880820318937491
826,0.2268974431014026,0.4924938399876843,wave1,0.3545288355279119,0.2912472312083674,0.3004817073668017,0.3506596936750383,wave1,0.3549373784492047,0.3833512494662734,-0.0248852251212861,0.3383566640066036,wave1,0.1808238485237456,0.3405130780318295,1.1142996781549404,0.100309995234341,wave1,0.100805513734597,0.4755985298267881
827,-0.053338796958872,0.7000144269389545,wave1,0.1296383858346768,0.0159839222335056,-0.741867294353417,0.7195282374505103,wave1,0.6484477115141196,0.3512367527478011,-0.4927091111940856,0.4442763043126596,wave1,0.0905839844201936,-0.0130332568232718,1.0276138820100909,0.1069967437789762,wave1,-0.0406230833624534,-0.2239344942804142
828,0.4553778199459562,0.3481270215399799,wave1,0.2830327836687494,-0.2947330930628085,-0.3054101140327924,0.1741469608398661,wave1,-0.1486321575711607,-0.4961319721870741,0.5524689592308636,0.5487116833783514,wave1,0.5238260321694421,0.328053260522364,0.1785039976055818,0.530438925388282,wave1,0.4046607928907348,0.172019983139174
829,0.1740597090637462,0.3657638733678021,wave1,-0.1618048223458406,0.5368943654449236,-1.0816100938865945,-0.1619611439139715,wave1,-0.1824646137929687,0.2098610132636739,0.1189657004042537,0.2682289591212113,wave1,-0.0545243001496463,0.2130175318149846,0.9407149744130024,-0.0544679384968858,wave1,-0.0376298730987461,0.0991734625199196
830,0.0009501806711435,0.8240292282603039,wave1,1.1005451954508638,1.0480818213975995,0.1234720168794301,0.181248383279775,wave1,0.299716862070987,0.0139492372632673,-0.1016256881163731,0.7453063381427911,wave1,1.0804751509945494,1.0155006185061832,0.516018633127057,0.5567857570922674,wave1,0.8661276965427243,0.7675409711651151
831,0.0629908546575001,0.2375999779511042,wave1,0.0176465136939871,0.1033291104330518,-0.0885661757536775,0.0787799545850962,wave1,-0.4138112506543057,-0.071579607195515,0.1497047291868153,0.2551596174444852,wave1,0.0737575399919021,0.1392744125340627,0.0406837995249523,0.0593368601273535,wave1,-0.139246071448495,-0.0390618351112922
833,1.0753660607378666,0.4002947378433381,wave1,0.0249943021874852,0.2730118884264585,0.1424877145228934,0.2444014369542011,wave1,-0.0188670462233684,0.2390160357709154,0.8058300971391057,0.5709807191087168,wave1,0.1369042623607164,0.7842009978799303,0.967203412823868,0.5544299181080471,wave1,0.0309971063101229,0.6059175432882128
834,-0.0690012332351151,0.7009467377111012,wave1,0.6516426664680406,0.2516128490269476,-0.7238296372865209,0.1302088322125714,wave1,0.1339712731399318,0.1617780673881212,0.8591467903041873,0.6034512653171606,wave1,0.7028578139467923,0.388058764584674,-0.0551732510476739,0.3874448624837313,wave1,0.5060427892039691,0.3796543547689354
835,-0.6155944790405344,0.5469072981058896,wave1,0.3507387621445212,-0.0423285521369425,-1.6620373540117364,-0.0587602882955158,wave1,-0.0453052361518566,-0.107909048917917,-0.2794000202860914,0.6235650082727957,wave1,0.3080836842017072,0.1708934669824995,-2.0577642015144773,0.3530479323188774,wave1,0.0150013397954019,-0.1498307128258548
836,0.925913728019754,1.0958730793862903,wave1,1.1596062039501795,0.9809233103312196,0.8962153147179089,0.8117242224371981,wave1,0.5774053058046229,0.6593188821379254,0.925319922460333,0.8820057823418663,wave1,0.9434454158715092,0.7351744145599599,-0.3296392210279003,0.7183807827839087,wave1,0.6504413127209868,0.6162454166877663
838,0.8526826653060395,0.1994062886366541,wave1,0.3145805170831453,0.4023207393796209,-0.1693178558193393,0.6183704997360953,wave1,0.4377842606000004,0.7326701289699589,0.6845798769518404,0.0806339543498959,wave1,0.0428518514678588,0.2855086649102973,-0.3843803477803362,-0.1306209981276169,wave1,-0.1036615084020042,0.1288524840910843
839,2.090375759724631,0.3625769535828174,wave1,0.1159973665577851,-0.0057345774076975,-0.3513609273837668,0.158246042424006,wave1,-0.1274365726110243,-0.0038365837364678,0.9058492282706412,0.5744048844045315,wave1,0.4887503121502565,0.2560077622341075,0.77282855777843,0.7576616000327461,wave1,0.4453532056831115,0.5231096443236225
840,0.474651882079625,1.0207635312472476,wave1,1.0542553748109866,-0.0877504409765661,1.616981418595719,0.964234876436594,wave1,1.0154348900947776,0.1675590569367495,1.3257447456541276,0.7330672780931546,wave1,0.8469269388505329,-0.0206985610200824,1.875807509471636,0.9002753557934602,wave1,0.8927842524924694,0.2549527535539142
841,1.2590364454210583,0.6276644559973681,wave1,0.4905457555411687,0.2361186819330272,-0.1540914520485895,0.224157681441832,wave1,0.1116050361456053,-0.2123222531069106,0.4876942373123187,0.6755018331514161,wave1,0.4788535489422642,0.5404692531834795,0.1531174904333208,0.5862778008495103,wave1,0.2931940365114279,0.3518059077742617
842,-0.1088758680045366,0.2947513729682722,wave1,0.0984244320354703,0.7260636730770826,0.0390396475609386,0.2250993366214251,wave1,-0.0453839528153499,0.1641879929082681,0.0892477603414531,0.4990675168428271,wave1,0.3446708157162266,0.3023258187795725,0.2611037590843879,0.2179766924779405,wave1,0.144416585621105,0.4416805333996842
843,-0.3823515425801983,0.2468296524156041,wave1,0.5875558207413567,0.4840949671856984,0.7791623837228229,-0.0607877488151198,wave1,0.0640235467474885,-0.005575353222899,0.6854094862100213,0.4558149905522569,wave1,0.7599278110016617,0.7809362446672631,0.2272485959167317,0.1382608219733328,wave1,0.53964007583012,0.4287979790387331
844,-0.796300478809583,0.5113737119003554,wave1,0.2971431921881686,-0.2701991491817277,-0.5256032169860643,0.23421707453449,wave1,0.1526793838979434,-0.1201724160560731,0.4623566308411997,0.948023523242674,wave1,0.4276915618152752,0.3510829373832755,0.6080619830780928,0.6282545601517953,wave1,0.2423045930527103,0.1877042975711411
845,1.4806910563973714,0.4434808857546737,wave1,0.9402494843172424,1.0527408213759637,0.8391272388540806,0.6950093777994695,wave1,0.7571718602578537,0.6630777698320054,-0.1303173218004653,0.0432976533419484,wave1,0.4426603988618049,0.6213706280442728,-1.2131703047383255,0.0100730306552315,wave1,0.2298548962696204,0.3783198619011753
847,2.0772258142806357,0.5489742146671102,wave1,0.6208032583854992,0.8221649928424504,1.0726358722804956,0.3059781357813909,wave1,0.369571098130437,0.3836065531996582,1.4062381178518828,0.6430946574630149,wave1,0.8035654215450899,0.904035131985528,1.1357619478501049,0.3842585221599318,wave1,0.4939397727211694,0.4385943172380165
848,-0.892275815219399,0.1994316033869849,wave1,0.152906763176531,-0.3596029146377217,-0.202514404459719,-0.0422083817023208,wave1,0.1917179047087329,-0.0419958887983691,-0.3804519049452376,0.0292720293695396,wave1,0.0980763202939452,-0.3552583498384531,-0.0399708067911721,-0.1382276901414881,wave1,-0.0245244564557288,-0.4394618640642133
849,0.176268442982266,0.18788876995111,wave1,0.0819457329955457,-0.0698985257697586,0.2885524014160722,-0.0656027111027415,wave1,-0.1103171988426121,-0.1869314417155057,-0.4543789932537691,0.5022021906601079,wave1,0.5270687712826604,0.5593664092893765,-0.1195753346885228,0.2997906373637825,wave1,0.2323879661259989,0.1998093009504167
851,-0.1721234409060511,0.3206934898489639,wave1,0.4428218739003982,0.864757457108619,0.4666983263513367,-0.1009298295167309,wave1,0.0139850960703846,0.1633970375754272,-0.2992250964806994,0.4659010919467518,wave1,0.4122411982514965,0.4898862976594801,0.7498877051248376,0.1188993810986983,wave1,0.3137547009919124,0.3313866604894598
852,-0.5426723419944506,0.4566910918754947,wave1,0.34265334797384,0.3436232401762613,-0.0307458878812272,0.5618923407730613,wave1,0.401976217418219,0.523075106113796,0.4272372649058164,-0.0151603526351867,wave1,0.1048467558510187,-0.033750559208202,0.5186998913538645,0.1216496141650895,wave1,-0.0028129354810047,-0.0849932285534232
853,0.2245976597826794,-0.4041918877920398,wave1,0.0942654121888444,-0.2233753756777705,0.6145976579698031,-0.1257741772522883,wave1,-0.0052787857329318,0.0069323077629322,0.8697153457400614,-0.296455701731088,wave1,0.3273375151114492,0.1939444893845106,1.0693799275504514,-0.2893919765630992,wave1,0.2086442697915698,0.0074241099073872
854,0.3094971684276886,0.6608589736331556,wave1,0.2504052964189474,0.612292228504268,-0.3042230984488372,0.1958750784750402,wave1,0.2940191564369292,0.3765349542814484,-0.1899914488932379,0.6276880243646257,wave1,0.3927938311858849,0.5111145392550795,-0.5577504173815901,0.3477955449703892,wave1,0.1118396341680155,0.3709087957768212
855,0.5671072487996847,0.5884787150235056,wave1,0.5463269173341714,0.3870016537170615,0.8917845030618926,0.7404057025048425,wave1,0.6347653124359949,0.3929027176750128,1.230713683416378,0.4839472531430813,wave1,0.3530374239403127,0.5305097112966108,1.7527138938587452,0.5042317145936265,wave1,0.4554104930065371,0.4306932473344177
856,-0.8738284809095701,-0.391699902483489,wave1,-0.0673990997448117,0.6184317606814658,0.7069009724734507,-0.3825627349875744,wave1,0.1216162739013126,0.3603507805488255,-1.092585185333861,-0.4992640059543718,wave1,-0.2693531707305122,0.2480413179113753,-1.0316562936653897,-0.4537740958107722,wave1,-0.1110724266811157,0.299177892780028
857,0.1898151353660488,0.3698698914793659,wave1,0.3596471659986311,-0.0388708031017519,0.9881039672924689,0.9671298253619904,wave1,0.7137776322886167,0.2081549618397444,-0.1356461621996887,0.4982994950820046,wave1,0.2958293583839838,0.2160768014953894,0.463417507884547,0.4836631681042585,wave1,0.4345271487642757,0.1448107912805208
858,-0.5276152865422953,-0.5031547974534498,wave1,-0.5498878839043799,-0.2350788797041043,-0.1119009979090249,-0.4205661116201307,wave1,-0.5990465403235306,-0.4129150435534059,-0.572188821990584,-0.2517614876958256,wave1,-0.6479527017401061,0.146072548668632,-0.0696518723636609,-0.1578425744247019,wave1,-0.4820012721690302,0.0203317917267372
859,0.9060158480484524,0.1106470541079052,wave1,0.6999731521433563,0.5532330937437473,1.4644144010758855,-0.1627387313005135,wave1,0.3777872570255232,0.5984137324423826,0.3548692252663043,0.3041152082865619,wave1,0.6514401464757962,0.4513972493742784,0.0554773021967538,-0.1695361192320889,wave1,0.1922471535155874,0.215942738334241
862,0.0302383923907384,0.4414287269608936,wave1,0.2274928668807205,0.5636056694600413,-1.3030708519096823,0.0128614114410195,wave1,0.0491869496033571,0.2674554056205097,0.5175876269232927,0.6203659918096943,wave1,0.2529579031691708,0.614802375352895,1.0664639245449568,0.3756985047188092,wave1,0.0730168506293078,0.5818755072462545
863,1.7871273954791145,0.6637320262168351,wave1,0.5002082882606069,0.8810298028659747,1.0332105782959922,0.0840001916196193,wave1,-0.2751585702729402,-0.0307912612027214,1.216464101731166,0.9681376060843654,wave1,0.6631631401328675,1.163424567205771,0.3364329301680221,0.5642029475234592,wave1,0.2271381763195844,0.98647839462955
864,0.2823806533740441,-0.5016437126689264,wave1,-0.3384570742589201,0.2332863031567751,0.302293878594,-0.3154427835006714,wave1,-0.1532925609813187,0.0088087304743629,0.5737727819783529,-0.0504655971088051,wave1,0.0791931723614191,0.3943061583675426,0.620039511972055,-0.0557302403298217,wave1,0.0593388621746494,0.2101776194684151
866,0.0821882612868758,-0.3182413399998887,wave1,-0.0517019750620191,-0.3515465458781555,1.2959455206341752,-0.1158722563727729,wave1,0.0850481028225915,-0.2049775122571777,0.2554980352884581,-0.2213913404112306,wave1,0.360207714164763,-0.0579608690953097,0.9383740223158888,-0.2070989249121511,wave1,0.1663756573148762,0.0824182085311963
867,-0.3517745464221461,-0.8634382247570145,wave1,-0.8316643779060084,-0.3586907240787951,1.2132044787674314,-0.5586271566047474,wave1,-0.4162638329125863,-0.1253443896076409,-0.2509247782155214,-0.4162150751325053,wave1,-0.2788094458364374,0.0018993819128687,-0.5730857514118352,-0.1996626325091072,wave1,-0.0825710985775315,0.1366098837842773
868,-0.488628102955907,-0.0884037777177408,wave1,0.1029858803267378,0.4598121843519527,-1.459392602158581,0.0173024196977027,wave1,-0.021827900729904,0.1732692027879228,0.5244677832499802,-0.3013390118784021,wave1,-0.0093476506988444,0.3289556460586491,-0.2957986849190789,0.0491300021279054,wave1,-0.0077402662963213,0.2695289387566674
871,-0.7255067966566068,-0.9699910376394218,wave1,-0.8915478032413933,-1.0233698978023515,-0.5025880304365511,-0.28481164449783,wave1,-0.3540724182965181,-0.6715636786412079,-0.3954118743994308,-0.6050704739460834,wave1,-0.4957419962819448,-0.5117617452910227,-0.0217228713551969,-0.5271277225205515,wave1,-0.0938688615608787,-0.0927573032901701
872,-0.8514699908978576,-0.1919857421155908,wave1,0.0531999704773769,-0.4055030139295734,-1.698982741467931,0.2025160974252835,wave1,0.0847251317059134,0.282065109885512,0.0434317184084021,-0.1420431768142663,wave1,-0.1062223752323155,-0.2032239240301237,0.3187923250570322,0.1916560277657259,wave1,0.1472305338674397,0.1032270585644609
873,-0.1236807558894692,-1.8239373027910004,wave1,-0.5925290750081669,0.0909457896688716,-0.9619151119392152,-1.186196507732601,wave1,-0.260548853382252,0.2103883297911788,-0.996718202942858,-1.5437768962074656,wave1,-0.8608257696301524,-0.6058175294243304,-0.2893525791480782,-1.375203326255236,wave1,-0.8494401198538325,-0.6312822483683046
874,1.4837821175003707,0.2619557602112863,wave1,0.7597577439140082,0.9058356770302868,0.2827734438476423,0.1804086582110218,wave1,0.2815988037779833,0.3602956127290346,0.6035896629042488,0.3925468289716234,wave1,0.909054460409888,0.6631277917298288,0.5489172803847,0.4415456508414683,wave1,0.7595202689905212,0.8687612642552986
875,0.0114601507765947,0.2241396544197604,wave1,0.3083733735841882,0.7351406821050508,0.4063675994709193,0.4170247973045745,wave1,0.384193217685418,0.7427145055730274,0.5790538898809067,0.0751704067699864,wave1,-0.0006954183145883,0.5610550932194255,0.8801461304622099,-0.0822484028216399,wave1,0.0770804906829937,0.3403110188786686
876,0.1567930759091637,0.1181008002586443,wave1,0.2317193299268649,0.4521727814669312,0.742999177089057,0.2110231678284009,wave1,0.3847053534366789,0.4863262663325951,-1.8972378221139052,0.0367270245363007,wave1,0.1536524600782007,0.0611083776459249,-3.4066857279268885,0.4442561492607962,wave1,0.317784051685562,0.2141397352017134
877,-0.3170196491710697,-0.7013622780992008,wave1,-0.2140951171241047,0.1131444372273529,0.1143418915361994,-0.4728385697836317,wave1,-0.3056419953049012,-0.1015141370299157,-1.2864530970830033,-0.2882831330580695,wave1,-0.0163399259684935,0.1812674345065186,-0.3159782065324807,0.0213813964122766,wave1,0.1713214346022153,0.2809012299483484
883,0.3017700197331684,0.2937241760820521,wave1,0.3888447060651043,0.527300866998273,0.8125412673032014,-0.1845069346625083,wave1,0.1623023293918424,0.2266364718372064,0.773615169881123,0.1935933658689312,wave1,0.2269889550919759,0.2398079037980289,0.9445257419648094,0.0869740011274928,wave1,0.1357502020691052,0.3158336360777842
884,0.8526580638366748,-0.2171584409479641,wave1,-0.5957979562619806,-0.5346158976246789,-0.6350326875570287,0.0743931714594349,wave1,-0.1841012884379321,0.07691341542029,1.5166089080014462,0.2120024384784667,wave1,-0.3168803565327348,-0.1310569701388312,1.1910976447733357,0.3296438651156394,wave1,-0.2376235418297488,-0.0438370366060825
885,-1.2880464520324917,-0.7253851936546469,wave1,-0.4379075639626195,-0.9639647260759292,-0.3302141741709234,-0.02299828808911,wave1,0.1831853273713953,0.077977308023364,0.3532430387929825,-0.6009325670612468,wave1,0.0037331914641297,-0.4890639798168236,0.6076981890806316,-0.1405288661408451,wave1,0.3043442993226794,-0.1698861353356809
887,0.5790698677898082,0.0430518642150345,wave1,0.1251806801700505,0.6696353361265082,0.3849302348337025,0.4806898750180752,wave1,0.276270815581499,0.5054271383556941,-1.1981477384268804,0.1829349981101235,wave1,0.300972549099776,0.592646473622332,-1.304581707432208,0.2515917208825936,wave1,0.3145937692316584,0.4303019441758603
888,-0.3467189616959218,-0.3271397262986251,wave1,-0.4710571732227735,-0.1907779857783655,0.5097121378272902,-0.1204940733384587,wave1,0.1168828530343466,0.147714089496683,-0.3501681960211632,-0.4456894137876122,wave1,-0.3931713590005377,-0.1899583116951178,-0.1190826512963037,-0.3092640753130421,wave1,-0.2865834438264166,-0.2293180659303349
889,-0.424480802932731,-1.3625461760168265,wave1,-1.0574598121870271,-1.165719354400594,-0.4528905795999066,-0.6577097611454905,wave1,-0.6249726062771483,-0.3889128838932876,-0.3687098566150592,-0.6185949938938733,wave1,-0.1725615595351577,-0.4305418902577771,-0.0926925887960381,-0.8177783808562967,wave1,-0.4872282182927775,-0.2888997383114849
890,-0.5937261106361637,-0.3047354932278225,wave1,-0.5373462955699249,-0.8369783660835868,0.3224964768737041,-1.0110312508046588,wave1,-0.5309512369864252,-0.5418739124909587,0.8631248146143039,0.4827049974494353,wave1,0.1908355958295134,0.0962364297262461,1.301963945211286,0.482042582203414,wave1,0.3846802445280308,0.1998095599570863
891,0.7145322891019569,0.5525331535502813,wave1,0.3715342460123212,0.394293440988648,0.4311910257025218,0.6957416093293628,wave1,0.6683751724577806,0.5972567039191773,0.7496050369157891,0.4715207870756785,wave1,0.3849935477864028,0.3313692139854509,0.0748890736472426,0.4836981368548441,wave1,0.4482602016016181,0.2486771286189759
892,0.1325747506482053,0.1857905686831835,wave1,0.2779992666599264,-0.1859469282061128,0.890556675378892,0.2648560358587086,wave1,0.3060858954094716,0.1755626275443476,0.2469898708174656,0.2029417757881028,wave1,0.2441508198113614,-0.178619733965648,-1.449560190173271,0.1825663499832349,wave1,0.1066676597602663,-0.1975335803074788
893,-1.3251135850725506,-1.336862856684407,wave1,-0.6565386670420534,-1.2913066869402683,0.8415707594939527,-0.2722053578583315,wave1,0.2354338184816543,0.0602603998107559,0.3828506370370661,-0.8535376695642223,wave1,-0.1174024121673331,-0.6068195495705562,-1.4083598416301972,0.027450486762355,wave1,0.4175248803494502,-0.0358250900629302
894,-0.0056418900055122,-0.1702354156403633,wave1,0.2922292229455139,-0.084099622665819,1.0768239713364605,0.3308642500687748,wave1,0.3847684085420091,0.305285455279858,-0.3426907913112859,-0.1751853058030488,wave1,0.1507482520365795,-0.1594201345493202,0.2882110120478356,0.1372287129145273,wave1,0.2404509799911265,-0.1536437748903796
895,0.7772708640450926,-0.563822304329904,wave1,-0.3754001991417441,-0.3563022903018837,0.9442638656230298,-0.2529353227510995,wave1,-0.0827227325860309,0.0662337692404539,0.5699854253582302,-0.1390230252694724,wave1,-0.112724132401749,-0.0944366648221944,0.3304912815370558,0.1639829148575053,wave1,0.1315480790707199,-0.0414710651998978
897,-0.1634711862881349,0.2320035489732115,wave1,0.438897497511737,-0.3061178951866359,-1.1652840131084066,0.4076270541165743,wave1,0.251309135439165,0.3128367978915711,0.2157569834298501,0.1476411173884299,wave1,0.3035209190601137,-0.264415327773868,0.2400133967134402,0.1705277306683,wave1,0.094398393612412,-0.1301719550268902
898,0.2563111577942487,0.2785735512816185,wave1,-0.2473746884711591,0.2262693388792478,-1.513124722332321,0.5853475425764301,wave1,0.5042798887488131,0.4013881069158569,0.6790520970530889,0.2665188154241271,wave1,-0.1301106682276243,0.3309890892717313,0.8216263818776008,0.0448012759843026,wave1,-0.1627924598062264,0.1498278930063197
899,-0.7096736645563876,0.4576607488771096,wave1,0.3598945705372951,0.2571841006219675,0.2705461865143252,0.0680205599021412,wave1,-0.068903325956326,0.0587541313821167,-1.0044637363175095,0.4427785281313141,wave1,0.500471544418124,0.4483903957561174,-0.2885243528308353,0.2425641030793072,wave1,0.4594625574733056,0.3519516910502106
901,1.0775609143917928,0.0801516170013407,wave1,0.3201889626809511,0.1408666489943806,0.5074045797632655,-0.2080679913138782,wave1,0.2213978277801135,-0.1485469064556798,1.186109220611884,0.6782310231143759,wave1,0.6970728414603128,0.4705952687496116,0.8681126108524002,0.6246746597262725,wave1,0.6767303558399487,0.3654482577354567
902,2.109702799651803,0.9617504381982332,wave1,0.8849011338784134,1.256694739225352,0.9726572055603134,0.7873156464996884,wave1,0.9116354995952948,0.9325674749599272,1.5640803418759863,1.0099396054256389,wave1,0.8057935120992561,0.9118700182060542,1.2381967135885517,0.7890894200306106,wave1,0.6721966337484672,0.4775835082500556
903,-0.4662310352784016,-0.528084985283662,wave1,-0.21809757593849,-0.742837052941411,0.0251069006327867,-0.2672658226527692,wave1,0.0547162808214348,0.0028336875112241,-0.6018428969948236,-0.4495960289375647,wave1,-0.4017842003398095,-0.3407224880160406,-2.246715946968067,-0.2237308473896722,wave1,-0.2697625699685673,0.123578120101808
904,0.6314616799826178,0.03631296245081,wave1,0.2406125388531894,0.1404116441289125,-1.3734298363733528,0.4653372044769411,wave1,0.3026271460078479,0.331232961589167,-0.7455177650398983,0.1089990029118784,wave1,0.3600430255238492,0.7149206623591299,-0.6516046580376924,0.0962880237283866,wave1,0.389799743860423,0.4921984213104359
906,0.669795964828393,0.021408745947729,wave1,-0.0205536472074099,0.706187598300009,-0.2756231413629351,0.1304545349755485,wave1,0.2830797671662773,0.4614577268325347,1.0841343456468011,0.1029786614559727,wave1,0.0407709206400535,0.4401727623826372,1.7154241208442078,0.1509838720925163,wave1,0.119818842746761,0.4042756125099422
908,-0.5836442184682004,0.5066140989284307,wave1,0.4606594190947715,0.0356466307280802,0.4445541786858612,0.5235174217374227,wave1,0.5793936356228161,-0.0059207247401916,-2.175725597019512,0.3624853280421136,wave1,0.0560438285193985,0.0860981909017704,-1.0671344691649811,0.2018084336404235,wave1,0.0325963481143201,-0.170197907957134
909,1.0020513244288671,0.7397048703345699,wave1,0.7174023956751432,0.5451267726262534,0.6628212743300557,0.6163283721921611,wave1,0.4480719802701653,0.4840265326126667,1.157130831527771,0.5118214743066895,wave1,0.3451532234396463,0.3387845543219036,0.7184192998616002,0.4323280143482209,wave1,0.2484857035053727,0.3363099344495608
910,-1.152418838801352,0.2300745659006224,wave1,0.1502676087911405,-0.2689743015267294,-1.4286792637746382,0.0735126260314917,wave1,-0.0211414774657761,-0.4796769564228669,0.314702677944053,0.6968485876301612,wave1,0.3854606055384667,0.0282388306926969,-0.6774513654975404,0.4287109757160264,wave1,0.297430823644564,0.0259897935159863
911,0.4756273438734161,0.6370450230929974,wave1,0.4354604277063383,0.6046645724114512,-1.0370402766404083,0.7852226037043639,wave1,0.4380068715853444,0.5732433839069988,0.7726732143668078,0.4911907861834976,wave1,0.572189578462788,0.5890260722590088,0.781072351406183,0.565523433622385,wave1,0.7603500261967354,0.577958205667756
912,-0.615425471119741,0.6907937591005506,wave1,0.194804243338285,0.3163717350761854,0.2540216620496769,-0.0239928278499401,wave1,-0.2513749312712738,-0.2504333032649166,-1.3490739333437511,0.7076948527362703,wave1,0.2595917092954896,0.249802408566407,0.063173740167409,0.3874499923026242,wave1,0.2849542553945778,0.1383389646117722
913,-0.6164275882063288,-0.0730033372499179,wave1,0.2408885211658373,-0.1707988953152066,0.397052086406946,-0.4246032083730194,wave1,0.011553456751948,-0.0861315437528035,-0.0289458837909823,0.1407651747417831,wave1,0.3734436863783802,0.0121630521135881,0.4923234062665058,0.0461720180998294,wave1,0.5470419439082272,-0.0296914079729707
914,-1.5787789477623215,-0.7260196442938815,wave1,-0.445353628039167,-0.2894108482859752,0.2654505120827976,-0.7680616387504249,wave1,-0.6432118045422386,-0.7965772586001161,-1.77068458328838,-0.6653033921186233,wave1,-0.6882534011969106,-0.4265317208185617,-1.2620892963187436,-0.5473317945628917,wave1,-0.5054395402215266,-0.309182146861767
916,0.4920967392651376,0.7237603877389907,wave1,0.6922838766418931,0.4107764723975906,0.5636147902296674,0.7621158934586774,wave1,0.6873898836978944,0.3258121647453151,0.2135518881978799,0.3949780415915132,wave1,0.4815104074820941,0.3310320929101065,0.7220993221263228,0.4213527944028888,wave1,0.3441968158062573,0.2074400524552645
917,1.3681171901601004,0.9125270104089422,wave1,0.8620484004900757,0.9471954014996122,1.1013089255144763,0.7636123250316729,wave1,0.9353470903890768,0.95469764595419,1.2212480492391151,0.333098328940814,wave1,0.2482938171967863,0.4066818649735702,1.421763775300872,0.1411623412695628,wave1,0.081316165994,0.318795644153139
918,0.5537893031152791,0.5879344532038084,wave1,0.6504455724342151,1.1302690937902296,1.0802793246028406,0.7612478717567726,wave1,0.5638203118359932,0.680593682947161,0.9829993451133748,0.347405705570299,wave1,0.5094673392499673,0.7006736213900935,0.2371478428527775,0.2166413744647136,wave1,0.3493148758157539,0.5409745471964259
919,-0.6601245429798217,0.2020289212623289,wave1,0.3034337785294907,-0.369485282084546,-0.976288713745188,0.6378276504571652,wave1,0.4809940369702579,0.2166839731314063,-0.5566443292501783,0.1523954183765201,wave1,0.2878134614419704,-0.1390930695527824,-1.3278973894540889,0.3674418973695467,wave1,0.2554264763086348,-0.2307603038342199
920,0.908118799708683,0.2274391979808105,wave1,0.3546824539763238,0.5518900709410246,0.1750652839391415,0.6191957456362026,wave1,0.6850553595258219,0.5951741544389063,1.264350319571322,-0.086451140999289,wave1,0.0834766739678939,0.3072950516274154,0.7804891828331566,-0.389532314991012,wave1,-0.2855068073533001,-0.1156669384334217
921,-0.8893075923723992,0.4040440080867742,wave1,0.8111656005691041,-0.3782794758997068,0.2264533782642719,0.2583179364699803,wave1,0.5352128957653688,-0.0052154195428022,-0.7944574764538105,0.2379905296470956,wave1,0.8358715075580154,-0.0662832978323357,0.6278710164035864,0.381268208806536,wave1,0.8056659978587812,0.1327420411441262
922,-3.2042557795647633,-2.448959466275449,wave1,-2.0639798825855413,-1.9463377144847531,-3.1665163895676747,-0.7464484238114774,wave1,-0.7019274659126523,-0.5024756894745089,-2.632555124389324,-1.5043008912245086,wave1,-1.5056756270254996,-0.9124183429864848,-1.3779340591951714,-0.7321800950336335,wave1,-0.8482354263005387,-0.3698725219755535
923,-1.5324859402289095,0.2104777330575764,wave1,-0.0192810428476175,-0.3780667009288412,0.2142687147165288,-0.0118277281166219,wave1,-0.1539286482810125,-0.174650523884686,0.1423009175865628,-0.0271485114327172,wave1,-0.1206359477802515,-0.4023115200756575,0.4985496670647859,-0.0899860154049426,wave1,-0.0651479786228307,-0.2076940739524365
924,-0.2735030876927915,-0.042913476172512,wave1,0.2366962081549304,0.1106880992252179,-0.1017962395671176,0.1694760296518611,wave1,0.513319982377159,0.7553931561441602,0.0547394154917508,-0.3495803051838186,wave1,-0.098977355356506,-0.1324917362224802,-1.2480225631672512,-0.3557675096060925,wave1,-0.2024973767798136,-0.2892560654709014
927,-0.1961056911790266,0.2973064445849982,wave1,0.200136255355275,0.1875134033590406,-0.3614038234981485,0.4121742550853922,wave1,0.1297749623349511,0.1788962255524504,-1.2546099259629069,0.1596691776339136,wave1,0.1763416135757969,0.2304733759061912,-2.025210299406548,0.0720981048476594,wave1,0.2559243802497515,-0.0691093422585606
928,-0.0103095650359786,0.1734920006647162,wave1,0.1197214846132102,0.1043207171821047,-0.487498739571722,0.0049937239084382,wave1,-0.2532012300973792,0.0746721829520974,0.5356422536579041,0.3536718062890271,wave1,0.1267669979990249,0.2103359247163279,0.1906266979973283,0.4154601078541173,wave1,0.366679991093888,0.0834715642761414
929,-1.3123232567272545,-0.5471346292389385,wave1,-0.1513507290543874,-0.4060435483692584,-0.0178851163548745,-0.7466258231581137,wave1,-0.3734831648471225,-0.5410986082614834,-0.5368193822876425,0.1296759842482398,wave1,0.4655353108672402,0.2131196713636176,-0.8817311100793297,0.0156593114227094,wave1,0.2658783437076748,0.0291384906132938
931,0.6127072473745094,0.4662747876959892,wave1,0.5216923830621183,0.3309148926010272,0.5309625686198022,0.7512828967042575,wave1,0.6067478896164984,0.4509749633868434,-2.5391828198057227,0.1909435913082481,wave1,0.480355335651539,0.4225234904430551,-0.2431906091750515,0.0617350702836692,wave1,0.2983322062933858,0.289404875256051
932,-0.0934743958533126,-0.393471497056411,wave1,-0.4798287989902863,-0.3743081422421279,-0.5964974051696357,-0.1944040680030159,wave1,-0.0391872962573118,0.0934366294916204,0.7326229128458601,-0.3684306712443146,wave1,-0.4611199449540468,-0.3732557150383961,1.0272980220937464,-0.5139546935115424,wave1,-0.5240735119001951,-0.3893784702140754
933,2.379188404868567,0.3047132148744589,wave1,0.4005088241743213,0.28434054128133,0.504774710986347,0.3304898250187853,wave1,0.3964794120472015,0.066094364966454,1.598149183088625,0.3565755946550168,wave1,0.4373022359120493,0.2536513757975525,1.506673058728107,0.3940343589322968,wave1,0.6520344601894821,0.3041929357530467
934,0.5989805390171226,0.3326704616025731,wave1,0.3021405355582216,0.0232496107668918,0.5867007444791926,0.0743033059761537,wave1,-0.0016449502323827,-0.0679969127891251,0.4899190600286027,0.3738183896086646,wave1,0.4642753474636734,0.3402342466456136,0.2839599698206499,0.4569807854820142,wave1,0.3275283803839173,0.1353017558915645
935,-0.512379840491989,0.5344528437514702,wave1,0.4047426944791403,0.0109310913654565,-1.8204289632535924,0.118929293948216,wave1,0.1162431374333547,0.0473142516732085,0.2834754651996514,0.4237112543885442,wave1,0.2244860752336215,0.0624728881656997,-0.800872635593562,0.4042120935358034,wave1,0.0747914511160151,0.1967626565054306
936,1.0712175932194434,0.0971145208725676,wave1,0.2832486649400825,-0.5592674899006438,0.3845711583135031,0.3334749658069493,wave1,0.0919113160072053,-0.0030452289239368,0.5376657747573582,0.2045433780928591,wave1,0.1460169746117945,-0.0979625833342388,0.1007101432238784,0.380344351258972,wave1,0.3531906145976994,0.0470571695817317
938,0.7747084003759616,0.3850819687673918,wave1,0.2873058863160318,-0.6368992619753844,-2.293902911297927,-0.5183563767021683,wave1,-0.7534377877717334,-0.8424585594575541,1.258433203910469,0.9813400031708562,wave1,0.5322824946445367,-0.1515395141554939,1.5773611024193752,0.9590829393264624,wave1,0.5449965953705713,0.0119452203270821
941,0.441985265493322,0.0136685572426678,wave1,0.1747531452266149,0.5852859997008022,0.2201943779374163,0.1999705927863417,wave1,0.7202145168255245,0.9740991568009734,-0.7018252772947473,0.0656131488484181,wave1,0.1609417526462813,0.3393706801030232,-0.1270665306308113,0.3337686461393212,wave1,0.4354659302532115,0.5714892720847558
942,0.0656785750864421,0.4972731860576347,wave1,0.378508498957925,0.3029227304278128,0.3542416953534932,0.4663830657293677,wave1,0.1382226519021108,0.2928150897269526,1.205261782401726,0.152420960261655,wave1,0.2417619688503796,0.0820681570452788,1.1647646629362562,0.0581500883044059,wave1,0.1003826890329575,0.0300273862689053
943,-1.040644232560035,0.2752520099840068,wave1,-0.1808053950188946,-0.5265439691738074,0.2241660417419624,0.8546741969478266,wave1,0.6149393935794452,0.3243597176629205,-0.1521379023016312,0.2214138229132449,wave1,-0.1247965640380737,-0.2237456122713108,0.6725500074972345,0.4834547521939578,wave1,0.1908998154917993,-0.0892942277981485
944,-2.036435016683393,-0.8806365247576957,wave1,-0.938420618570358,-1.040506285569981,-2.4115883773541364,-0.2799719245034202,wave1,0.007580820152726,-0.1769750083997214,-0.9466973256842658,-0.3005106570240394,wave1,-0.215627584150394,-0.6298891323078302,0.5948409681942631,0.077374912337039,wave1,-0.1456553534291043,-0.4383102785534682
945,-0.4107425859531938,0.5021784914749508,wave1,0.2830924275137725,0.7018958359690783,-1.1469688539720806,0.036705010448172,wave1,0.0349023314932606,0.0482581412125999,0.4661629895887746,0.5537807298661199,wave1,0.3366395993225126,0.7915495078480059,0.8078727582678671,0.6292179727676782,wave1,0.5312076726346936,0.5638894652392908
947,-0.6301202246663054,0.3225753344917266,wave1,0.4346298627928866,0.4700123774796778,-0.992814118225023,0.3586302136750343,wave1,0.1461320231833256,0.2565467699455244,-0.344535525285393,0.1705721044804888,wave1,0.2443775021205662,0.2722970460514752,1.0077485821650418,0.0875081456170733,wave1,0.2638484352894662,0.1226054179943855
948,-1.4534115010641298,-0.5536401888402724,wave1,-0.8606965306245247,-0.5082349034052509,-0.069227069107529,0.1427612982208175,wave1,-0.0967158621918207,-0.0492170518237489,-0.8820003675063371,-0.6054037268629158,wave1,-0.9177916999272656,-0.5666797792399472,-0.0718350099097451,-0.5570899915334878,wave1,-0.7833520229514278,-0.5460351044784889
950,-3.205234625580138,-0.476346092699518,wave1,-0.4443535340920508,-0.8802195712776781,-1.7021580907769485,-0.1993058873783058,wave1,-0.2351691826295026,-0.09699074271693,-2.513233398843501,-0.078459742908078,wave1,-0.2626183223856582,-0.5089210377379241,-3.7807340548263904,0.0195630358280642,wave1,-0.0625544234581214,-0.2541375654292457
951,-1.872621728103845,-1.1480581308650086,wave1,-1.146912300523667,-0.516974002909673,1.4055095910926985,-0.5540963884828014,wave1,-0.4817584126596661,-0.009624187399952,-0.4824077744457539,-0.7406709521543293,wave1,-0.5705593782700578,-0.2655879411624096,-0.2002112333140086,-0.8297539511778073,wave1,-0.7968344647466993,-0.3350109575234236
952,-2.297300939451901,-1.1182259471337803,wave1,-1.0362936635225868,-0.6418201776980847,0.9297318524541388,-0.4616550787308282,wave1,-0.3227147116214228,-0.1286343031199688,-1.2574666400048844,-0.7077349801310966,wave1,-0.6688096369577399,-0.4918962557635358,-0.1278855054572248,-0.7432975047815428,wave1,-0.7387725762853828,-0.337524191632763
953,-2.2980771665474884,-0.6995936893057082,wave1,-0.9503731441219192,-1.2998336764818457,-1.8566133850162103,-0.5096022268195439,wave1,-0.536159047284053,-0.3406667143951185,-1.7520257362494922,-0.231847966316653,wave1,-0.6694214405035219,-0.9221630153774458,-2.7413998817282668,0.0339933282772056,wave1,-0.2863729695548626,-0.5021384180605238
954,-0.4979493220969924,-0.5925661977640666,wave1,-0.3624314950291163,-0.2954488861413731,0.1412022790532716,-0.3713726225332834,wave1,-0.6421920054611052,-0.2329547296165663,0.8848447409642581,-0.2770911418130519,wave1,-0.1382336808223145,-0.1948449135086916,1.1195352162459096,-0.1573490165966909,wave1,-0.0595007026557267,-0.1490236074344307
956,-0.3094026963206916,-0.3040713949539371,wave1,0.0696043933948455,0.3316433175072579,-1.8271992847758511,-0.1755617195764515,wave1,0.0081955656403936,0.140229585767233,-0.061111458746467,-0.2565186772166192,wave1,-0.136558598881918,0.1784555359451432,-0.4019645477077692,-0.3808278893836438,wave1,-0.1574057780998761,0.1897003732946196
957,-0.7686174586198637,0.4376704568594085,wave1,-0.0300877404291546,-0.224413523871539,-0.0995195328398296,0.299864564469552,wave1,-0.0581803947135178,-0.1409563577759022,0.39103443149915,0.2639104162980178,wave1,-0.0325753394311819,-0.209944571098876,-0.1469329171560504,0.3568474705158104,wave1,0.0185157185004784,-0.2812218584037751
958,0.6680668730956681,-0.0800606511238539,wave1,-0.0183544755375431,0.5429591920158527,1.5690102890553133,0.4321729787293273,wave1,0.3237726293446314,1.0366262459055156,0.5660976234523922,-0.154404554316818,wave1,-0.0880081012204166,0.1435255673391148,1.2137290726340508,-0.0323652889570421,wave1,0.1240487166048113,0.3928127230688748
960,0.4854009970521531,0.2101436393997047,wave1,0.7330845161083945,0.424658618799838,0.7680333811850564,0.0679666339333613,wave1,0.3354394720128726,0.0867430057403371,-0.0944845325805901,0.4898036893264581,wave1,0.7635553027692412,0.5148614749738207,-0.5065914794769446,0.5291999758363697,wave1,0.7414630010014114,0.2704273289010852
962,-0.3932338605077805,-0.2121716296532809,wave1,-0.3577496790273449,-0.785341037014218,0.2368895198768111,-0.2077808474354534,wave1,-0.4812749296827925,-0.5964064370214603,1.250968302977884,-0.2060328303952638,wave1,-0.0907318878294725,-0.5279540967105711,0.9876755947853544,0.1424918410861453,wave1,0.0651874901200986,-0.1037833378408578
963,-0.0930961248489263,-0.1044720708188284,wave1,-0.2586534886055545,0.1623588195631358,-0.1552790943073013,0.4587538636187598,wave1,0.169456325409373,0.4379750449977577,0.0091120797542,0.1877676158955343,wave1,0.0272629617258302,0.2786859228547447,0.8274920989268397,-0.1100090486386885,wave1,-0.0783821396412128,0.1294619103256725
964,-0.4864253506702393,0.3501496570696598,wave1,0.4335729393629746,0.3341155072374107,0.7816644832079237,0.3483193863792446,wave1,0.2562004727610438,0.2650613282549385,-0.139563143306776,0.2763895966418785,wave1,0.3813626020993963,0.2220668438929651,0.6542613375819601,0.6157879438242038,wave1,0.4844554566309381,0.4526750442395313
965,-0.5545341698564965,-0.4565740604920778,wave1,-0.5983439899879524,-0.5747824754861397,-1.3153109281916116,-0.2847375697176553,wave1,-0.4187934757769163,-0.0607251681927232,-0.2270818685901396,-0.3141859065268986,wave1,-0.2681273482337074,-0.401246652743461,-0.6894711431497582,-0.2986722019699862,wave1,-0.2929131353348965,-0.2613065903229289
966,1.5643127611531036,0.6792756868536207,wave1,0.5954116285038777,0.386837160485872,1.4123546806263434,0.6916568724415442,wave1,0.8309056081425366,0.5951353251988587,1.384184912118193,0.572827995057888,wave1,0.2753008436103267,0.233206807914618,1.054012717290305,0.4725988631442371,wave1,0.1610568534292547,-0.0510486501024942
967,-0.4480644011581841,-0.2999767185975477,wave1,-0.435678335608094,0.1756552236666215,-0.1347569678497937,-0.1972146034187059,wave1,-0.4427459835684821,0.0574763262633477,-2.903066040211802,0.0155976070070458,wave1,-0.0502843337032856,0.2157259989337678,-0.9518759417477308,-0.0715457384333234,wave1,-0.1763931631686507,0.1498899941759396
968,-0.3588903890316292,0.1615036261787663,wave1,0.3093886111054336,-0.4167386964549735,-0.3390735101635084,0.2478496955032838,wave1,0.1914487027007356,0.0947807140527148,-1.1584937732097715,0.3595992301631676,wave1,0.4257886765500697,0.0311672560022919,-1.4810027301799118,0.446779707509522,wave1,0.4773623242285315,0.0422699274283068
969,-0.7467160781399195,-0.0668967307251919,wave1,-0.1895320812800165,0.0930736795335229,0.2938830567370187,0.166707432645587,wave1,0.1990651475104092,0.32328926211227,-0.7501650250691432,-0.0548916385449527,wave1,-0.1602750845218039,0.0303346691114267,0.5794589662486779,0.4514489028402471,wave1,0.3960691790421635,0.4867475349350707
970,-0.5430497341821066,0.1427791627626442,wave1,0.1558123804697788,-0.2742301151739945,0.8492286673818064,0.4637127857119416,wave1,0.6583093778460063,0.3258443985242183,-0.9082998060858156,0.020022189781011,wave1,-0.1432130201128071,-0.0743028017933923,-0.0296050673559285,0.0611300061141669,wave1,0.0255831806571285,0.1068131686577982
971,0.3969104865174969,0.5742669713638819,wave1,0.4307336560832668,0.4777728119048103,0.6512196925028052,0.8046914593716668,wave1,0.7973404227349035,0.8026455702940936,1.4318937809322851,0.1677453204058052,wave1,0.0945181091841702,-0.0053362867895894,1.238163562503725,0.413574188859354,wave1,0.2901716833961032,0.3560948742825123
972,-0.5987753273697322,0.0062028554554263,wave1,-0.2581895296674086,0.317118250961433,-0.2199995208684238,0.411843752205363,wave1,0.0969569383343404,0.5050200609458355,0.9633278575513408,0.0406446083993896,wave1,-0.2029095206081251,0.4810830915393992,1.09294223389477,0.5151047049097169,wave1,0.134704659644223,0.7839961561864351
973,-0.1860187078599093,-0.0342704888493814,wave1,0.0192130731275239,0.0733154371589646,-1.2929995119391748,0.3267918354476453,wave1,0.554699086643808,0.6197219520669242,-0.1180947456988045,0.1349954400226518,wave1,0.2206105542223097,0.317277966557117,-0.9362195087049816,-0.1078003929965965,wave1,0.1833909500318988,0.1771334510684107
975,0.7514627537747104,1.1360487918290043,wave1,0.719165082132273,0.882050529942825,0.2665974495757549,0.3807850251718713,wave1,0.420257893709533,0.5036673130010866,0.6461571219443762,1.3476923308100297,wave1,0.788436549586731,1.0142508816626543,0.8543718096655508,1.3626304532780518,wave1,1.006941387557057,1.3001661271879743
979,0.0081989859818788,0.0793788498779179,wave1,-0.166201467457558,0.25463817668372,0.0461244910630475,0.0510354167928785,wave1,0.1710213147605555,0.1336453694391397,1.323414207278978,0.295398696315573,wave1,0.1914947924644694,0.6723249778364921,1.3741963153470609,-0.0272011691753261,wave1,0.0239592496421269,0.2855211530953502
981,1.424851575025854,0.3743675944089961,wave1,0.236630768615345,0.4680790776520167,0.520750289659167,0.1522073261499067,wave1,-0.1007394895025118,0.0781922768648589,0.5979203611119531,0.406530379901475,wave1,0.1472663496072377,0.5975829620854973,-0.6477842238640971,0.1928483082147412,wave1,-0.0359189475366468,0.3689712555489006
982,0.0906106533979615,0.1816407505407187,wave1,-0.045440153665494,0.6362585231844404,0.3960353939080465,0.1799142662864477,wave1,0.1228968239874608,0.4894422533941363,-0.7632167731057395,-0.0155959176843805,wave1,-0.1431612415140757,0.2967887845720082,-0.5329556606989173,-0.0297365903278582,wave1,-0.2408241663924578,0.1286506674156876
983,1.3666837220029768,0.0866948757965777,wave1,0.3932444680424138,0.4470168909685181,1.4111494494699757,-0.0965372735084506,wave1,-0.1728261418475041,-0.1332622238868044,1.2185086342658724,0.2641582413999256,wave1,0.4148240444684694,0.5973773307790562,0.5175857124239032,0.3224896796767696,wave1,0.2316002404133705,0.4777289514311112
984,-0.2154749953248069,0.4416699380791122,wave1,0.4573753782760041,0.4693573311858783,-0.7410652222858013,-0.0448227022592538,wave1,0.048788320886678,0.0584207541021596,1.070011011449095,0.5287270013282017,wave1,0.535783123905839,0.7009280541324723,1.438113506770053,0.374650973637544,wave1,0.4960358918573033,0.6944835111112788
985,1.0032766345775774,0.8614639898448997,wave1,0.6975570500569923,0.2846716680497001,-0.2586974061006223,0.78489991139926,wave1,0.6864986060622976,0.3713103409868902,0.6648448310232153,0.9213425747619328,wave1,0.8242577610515561,0.5482121786298885,0.0864839631014111,1.114620098193324,wave1,0.8935442270806431,0.5824562693094184
986,1.1884510651855715,0.7727444210035994,wave1,0.5349503818370769,0.8515446638509006,-0.0174223045231582,0.696523619001342,wave1,0.1963450174009409,0.5137119558413701,0.8617328380767669,0.6318413080971107,wave1,0.3975929267110577,0.6945659113751291,0.610211634111566,0.2701724444305591,wave1,-0.0293037460890816,0.0983410945063223
988,0.870159103632971,0.2874584468398597,wave1,0.237111414600073,-0.3765620986764406,0.0318550089060694,0.315503427021254,wave1,0.3895835868008146,0.6582802071694194,0.6145953723386446,0.3157417981022867,wave1,0.6445005294172723,-0.0707607647053236,1.0979711638472662,0.3246516928486825,wave1,0.5189685753556555,-0.0863458937977138
989,1.267299042914999,0.0215643532640963,wave1,0.1626884652394586,-0.5541417875224508,1.0124816275970197,0.3887877629035712,wave1,0.4217619385206124,-0.0194722492396199,1.4842464301275455,0.0066167742376228,wave1,0.075022943091948,-0.4647138849954102,1.5435082604958077,0.1775974690116418,wave1,0.1429190354342754,-0.3330104999253499
991,1.638316042264332,0.3955230594870931,wave1,0.3779847194326813,0.7889094193510309,0.2314483188014162,0.2345800979449035,wave1,0.136213869607976,0.2027306221004576,1.4512813458034717,0.112325702862438,wave1,0.1226204393665006,0.4405036309846211,0.9925434555550026,0.1328961000772884,wave1,-0.0327797402826179,0.0354441197652928
993,0.3823837034787108,0.7273879746611989,wave1,0.7239052298199733,0.6203150320778243,0.1597988434521725,0.3011447999928323,wave1,0.5981754244454267,0.5147812751053511,1.4593987001174826,1.003667737383095,wave1,0.6693201372640656,0.5184172100021087,1.007866702374583,0.5479855834134812,wave1,0.6061393425078663,0.4469720040289573
994,-1.2831598359790408,1.0410679432973975,wave1,1.0730171803455475,0.5857920453863319,-0.1238709396549095,0.7718942954438845,wave1,0.748162746099748,0.526919472895921,0.4839002924878263,0.9010722691487548,wave1,0.8515139571322403,0.63938994202163,0.5756929805032516,0.5727416407228808,wave1,0.4923114250512342,0.4095320597623778
997,0.7387472939659802,0.5351919006050923,wave1,0.7900147493674001,0.4755650389203196,0.4578548952706521,0.6075390801495808,wave1,0.691608498380293,0.6218596736384456,0.624315461015126,0.6292950677570528,wave1,0.7506057117667364,0.6696560242033331,1.478157786769292,0.6358322050069184,wave1,0.8425434699293729,0.7443320915755766
998,-1.0563774738024403,0.4148090717671298,wave1,0.555993813110166,0.17927643022083,-0.3674628353319685,0.5319999667944022,wave1,0.6388407882699298,0.382205488616004,-0.7919336538504256,0.499460034327204,wave1,0.4582045170379329,0.1628587781901558,-0.5206146096379101,0.5853918092545918,wave1,0.6065613735412061,0.2307563148331355
999,-0.615155797477509,-0.2877924932031737,wave1,-0.14387740800776,-0.1030996193972366,-0.7939947083135152,-0.2883966653065628,wave1,-0.3288686294786775,-0.1624797026044335,0.0614396057852376,0.1596044991768581,wave1,0.0328806090959685,0.1324392217108314,0.7999798242662006,0.3100403553048437,wave1,0.1331026777910154,0.2134489154665187
1000,0.4589501339023148,-0.4182825629270075,wave1,-0.5596317839620888,-0.0092878428316962,1.358206064477676,0.6104847755129975,wave1,0.1845071323308383,0.4849312102633819,0.2682131011815254,-0.336334695527842,wave1,-0.6158353228458809,-0.021035021508999,-0.0198154232827229,0.0805470059702923,wave1,-0.377506900794252,0.2424518155820844
1001,-0.6314423069505712,0.0408800467960668,wave1,0.2556078385670342,0.0652413880456916,-1.883573803343646,0.3109152279188278,wave1,0.2268490575380468,0.3533955264056203,1.0295625792481875,0.5706735705342392,wave1,0.7850747516673708,0.291883684814296,0.63287604134474,0.3618257718274802,wave1,0.3978591454167937,0.2303360407046031
1002,0.8973056243543697,0.5452239190883241,wave1,0.4152410860623488,0.2461633586086926,1.095838129199362,0.7045399589521555,wave1,0.6632443477759002,0.5377938580036172,-0.238399948948724,0.4786334584352512,wave1,0.3914385109919751,-0.0389321922457914,0.9969458255566116,0.6549501022441712,wave1,0.3980804927144076,0.0830066924167013
1003,-1.399474618052604,-0.4770883136735124,wave1,-0.2735383238974529,-0.8447195991397092,-0.0866574331757049,-0.1821680250759048,wave1,-0.1117601651584636,0.0117374497872901,-1.0141269031650224,-0.2280452750478213,wave1,-0.0082728555686777,-0.612833181009723,-0.8452567388452018,-0.2703454552729946,wave1,-0.066808632660649,-0.8245352670938487
1004,0.3891187209024315,-0.2083153168546327,wave1,-0.377153023969939,-0.4721714324816386,-0.6517509778593327,0.1068770230522755,wave1,-0.3103347931093991,-0.1410406018250163,0.1954658214380101,-0.0167105736905244,wave1,-0.1433377701022951,-0.1436661442006591,0.490666345338331,0.2260965939078946,wave1,0.1136756829405644,-0.2433259614530601
1005,-0.604893444858299,-0.638365659029392,wave1,-0.5599857322072797,-0.3974849975714483,1.1920779664141408,-0.1398477855536808,wave1,0.2497253682995142,0.3084348877090059,0.3279977882771358,-0.4119090604588023,wave1,-0.5804673375048754,-0.3472367358571251,1.1210951183978273,-0.3550448444165032,wave1,-0.3791384090963493,-0.2898829182503165
1006,0.0797951865981828,-0.5017092661415288,wave1,-0.0191442756830806,-0.7081667088663894,1.5346088182139237,0.1674381336974135,wave1,0.4429712377141135,-0.0830580215474803,-1.0615384016086955,-0.3618860343106604,wave1,-0.2412430542611201,-0.5964051316032635,-1.4623590750999536,-0.1480500597342877,wave1,-0.2766978641955187,-0.5900422500153044
1007,0.9835481013757168,-0.4219937757415144,wave1,-0.5136471787921983,-0.1634927914761166,0.1435161777586736,-0.2843921736293019,wave1,-0.0979504188827656,0.0424964263042905,0.3991277012440931,-0.1286285869372495,wave1,-0.4025007290611425,-0.0243503868488771,1.1303461117674969,-0.1784264007782555,wave1,-0.2460085491633661,-0.1473486261177843
1008,1.5060245327574393,0.3261053208148472,wave1,0.3807459426765196,-0.9317105965790048,0.5956983737593983,-0.2785510206483834,wave1,-0.0146583113064087,-0.5904755038418743,0.9788561326970264,0.6982718068532292,wave1,0.7849009941948526,-0.0951632814487157,0.9402473608022108,0.6781439429564903,wave1,0.7307233009809427,-0.0552364251626492
1009,-0.1079395605684355,-0.6022319602233821,wave1,-0.7287895937189715,-0.2686295118536395,-0.0028663340580891,-0.2131383635184146,wave1,0.0076944427974422,0.0257669190264727,0.5098924114373722,-1.013823674079883,wave1,-1.17651252570119,-0.6308675869729289,-0.1634598747226431,-0.9404259615497867,wave1,-1.0383473731249402,-0.6472559531372983
1010,1.6105577203112762,0.0184954625794111,wave1,0.056458126961991,0.4459678849597559,0.9676148168311712,0.3228399285812827,wave1,0.6484283199641877,0.6744374961462168,0.5740857749651755,-0.058253767408286,wave1,0.0188123594429602,0.3076356870227438,0.3484799858678407,-0.1147300476799345,wave1,0.0515547693813588,0.4895443894897599
1011,-0.4881279941885949,-0.2726071401604326,wave1,-0.3415333886582934,-0.1855394033502573,0.6496280532485933,0.4901665277350765,wave1,0.1624399196081559,0.7527784707567898,-0.7969951779028107,-0.2114721969015024,wave1,-0.2893170383607174,-0.2506869002044422,-1.8958292078550176,-0.0804176281525666,wave1,-0.2470315331374482,0.0360763611337468
1012,1.92812297077382,1.0073120031365934,wave1,0.9532667788127278,0.8396475561667254,1.7312367181499364,0.8884129393926627,wave1,0.6632543851143213,0.4242672858234215,1.037583977668485,0.8037770454244085,wave1,0.7579443452185767,0.6503300731610518,0.8344184007726877,0.537463806694981,wave1,0.4664373727309026,0.4594269735115115
1013,0.2252755499875422,0.02074048946894,wave1,-0.3933783549435463,-0.4227767755121414,0.7950213877342533,0.443359315026956,wave1,0.0967544934173435,0.3088543066045902,-0.828491640241833,0.1421406589234173,wave1,-0.2325556547127402,-0.2175847796562113,1.0111276722575702,0.1662631184491634,wave1,-0.1551247583124622,-0.124877665097262
1014,0.4668252382350476,0.5287112606934006,wave1,0.5681358606369105,0.8332678948231256,1.6176576393022006,0.721846230946104,wave1,0.7242075491174591,0.5323681951208286,-0.4710924983409075,0.4794947924668513,wave1,0.3899734449667675,0.6384868890977111,-0.4651158112605075,0.1492896121152629,wave1,0.2615986390401565,0.2933023529642051
1015,0.3674726056827822,-0.5222670610989522,wave1,-0.3949173777247929,-0.1063408028932928,0.7541682026553805,-0.5883850482712938,wave1,-0.8473807803553979,-0.4037195019208313,-0.0484923551244352,-0.1236333480967155,wave1,0.0404216169492097,0.2127893135746372,0.4251309164498458,-0.2313577598427686,wave1,-0.0842670624774787,0.168438152418545
1016,0.5323361277520701,-0.4168283796353313,wave1,-0.1223277653415966,-0.4278150090384067,-0.3773140377681442,0.284415149217293,wave1,0.1102664566697442,0.2554234841282923,0.7295524912339697,-0.2280310000336456,wave1,0.0003402885321133,-0.4351795439783013,0.2372593271527692,-0.1969921144853604,wave1,0.2291145836270872,-0.1314107498787512
1017,-0.0357127048651591,0.2699427516617378,wave1,0.5235105164225908,0.5068145615608053,-0.3671708348869682,0.0001956447145454,wave1,0.0757108251534699,0.2525163118368985,-0.590210688530731,0.2044538319025199,wave1,0.4373366406450937,0.3678336878255114,-0.2906982776636733,-0.0025222551513735,wave1,0.2059291538956992,0.2926553240992057
1018,0.6186539770806446,-0.0094859197431791,wave1,0.1416280887936771,-0.1329561876937184,0.9627463442512804,0.5580563662210405,wave1,0.5575599769523725,0.1341484628842131,-0.1870567090675827,-0.3432343854664353,wave1,-0.2449900491047899,-0.0113951561097035,-0.0634387902614253,-0.2491925157657818,wave1,-0.1702683185611961,-0.1172665298103669
1019,0.7491042071982086,0.1097319976126076,wave1,1.0133223938873006,1.0449203067428394,1.02814048753844,-0.0719597345029445,wave1,0.4925675877083637,0.454164528381985,1.0339466524118557,0.4435620359145988,wave1,0.8069823146651789,0.8589138788221704,0.922472500429,0.2375457090957807,wave1,0.5123536517020751,0.4311823857462863
1020,-0.7455523394798192,-0.6767272771870267,wave1,-0.0419098205632817,0.0024196530141851,0.7979846208476595,-0.0177971498770119,wave1,0.1851156186765798,-0.0809083020114691,-0.7343251421492132,-0.512455549546013,wave1,-0.0879509668523816,-0.0461708097194477,-1.316478435366138,-0.3178611936025325,wave1,-0.002823184901446,-0.0939864305133527
1021,-0.6021935761511346,-4.545274251466225e-05,wave1,-0.167758552180862,0.1943420854786675,0.8450143357917881,0.5129001534615723,wave1,0.4657486829238058,0.1029649065587972,-0.077678346406828,-0.1753901736130551,wave1,-0.370143345139524,-0.0775556741138484,0.3757476284371003,0.0206220638486681,wave1,-0.1009169051755218,0.0204671813037676
1022,-0.9334094746360342,-0.4426972864905996,wave1,-0.2013258785367249,0.3131433220354238,0.5152310338013099,-0.0336509061386475,wave1,0.0508347598080453,0.3222218692007049,-0.0318696428534243,-0.3085466567885155,wave1,-0.0858575958390124,0.2191280109668929,-0.4692044462071419,0.1755318702195818,wave1,0.1985257201876635,0.6363066921342868
1023,1.7982808856772872,0.6473939241454079,wave1,0.6903046895308398,0.6411512136694331,1.4597010756291486,0.6950219158262552,wave1,0.7280919027392307,0.7009179003138633,1.1338578413096128,0.6680997423014677,wave1,0.7276277597814739,0.2886913782158681,0.9753720766948528,0.8176060732646336,wave1,0.9694188985991664,0.4298281543775753
1024,0.7824009298784089,0.4743688508048651,wave1,0.4955777309863418,0.5357728498127854,-0.3693318376052267,0.3222281325185907,wave1,0.6158904811197226,0.7153847061473146,1.338898654296412,0.7387025558360438,wave1,0.5100084058234895,0.4673719997485126,1.2715731895715126,0.6531538993169983,wave1,0.568364960869661,0.7016542589677814
1025,-0.1820148794585721,-0.1281232401966183,wave1,-0.5110782650961385,-0.3217002050702666,0.1988731591187806,0.2112902586125544,wave1,0.0306774162273404,0.3293755519854069,-0.0186388987481816,-0.0496457048389398,wave1,-0.3907608179508275,-0.1962524948748834,-0.1637773884352746,-0.1371260300142065,wave1,-0.3650014013622287,-0.2706146051193285
1026,-0.3696495940483056,0.3680602357020275,wave1,0.0978007515234797,-0.1653841643779148,-0.8256652408840641,-0.0638848405161665,wave1,-0.2887456531118488,-0.3077858749174436,-0.1391885661364049,0.3658228648846681,wave1,0.3248211409536999,0.0869042775315157,0.3465794156926187,0.2154592882956847,wave1,0.1838011237027679,-0.0464623217411567
1027,-1.7168361774936671,-1.066982326754199,wave1,-0.6716029225261657,-0.6211776210830271,-1.677252610459161,-0.6265905229484379,wave1,-0.2386642434092787,0.0751940851382639,-0.6266970717090139,-0.8223493543846784,wave1,-0.3943344389302029,-0.0331671125620979,-0.7482270679608685,-0.3782295475330163,wave1,-0.4024904783551881,-0.1370416189034706
1028,0.8273751896198986,0.120425723629701,wave1,0.217858165790711,0.0329797048879125,1.7495879853668836,0.5591962104928541,wave1,0.5359027619738452,0.0778432091629481,1.1606462198242855,0.2496948975035203,wave1,0.245522891729602,0.1990473599135463,1.5467629682266806,0.6012935563681429,wave1,0.6561432523063245,0.4722059582927401
1029,-0.0225228010748773,0.7981668800192971,wave1,0.9248036555434008,1.156892035195718,0.1053925339806127,0.3146010887983799,wave1,0.1178372683461339,0.2350034290831031,-1.5701524860291314,0.6131732237097622,wave1,0.7343999071488982,0.865080848076478,-0.6205820597824435,0.1843149810496826,wave1,0.2358765498506857,0.3466014839487027
1030,0.2268175481144268,-0.1611303028805473,wave1,0.1754899245987462,-0.3622847869833232,-1.2362899854633502,-0.2925212056896182,wave1,0.1264956688376675,-0.4546721913740568,0.9205138817260744,0.1100201425913636,wave1,0.227752169860711,0.075219593433319,1.0051113848374074,0.2506704860583283,wave1,0.5198431503410338,0.2293796897388068
1032,0.0768517439068595,-0.2151919014388357,wave1,-0.5320481525645542,0.0101848834555584,1.6602185600103736,-0.0519676889898121,wave1,-0.2626920717292487,0.2129198680983242,0.5530449837010597,-0.1801400914418265,wave1,-0.3577377356139,0.0970549014441382,0.7668057750644963,-0.0161572339720414,wave1,0.0707683963565597,0.2116421328341275
1036,-0.0948266149320428,-0.3484309908390224,wave1,-0.4340329609359892,-0.8471423760466272,0.162835904033522,0.036559699886741,wave1,-0.0269495504565995,-0.2548386435585996,0.2601867887477316,0.3498218009894406,wave1,0.2586379029286744,-0.1650502242620393,-0.1757081913290891,0.1760800204355829,wave1,0.1877548568231871,-0.2834118001799138
1037,1.1129169193111004,0.4578778392889739,wave1,0.4664324626213185,0.2445604235920495,0.3672672164942686,0.2092402291036315,wave1,0.0621966792390362,-0.2196298023549432,0.6300255436893258,0.7193993525826496,wave1,0.6713921206336535,0.7809107664981496,0.619545705389042,0.7930389822610131,wave1,0.6071934835199517,0.5731617249640322
1038,0.2634216679753647,0.0846204673520365,wave1,-0.0244843491573576,-0.4234410231542316,0.3199144379031529,0.5615159580080595,wave1,0.2993611666452054,0.1547456398073823,0.5771338058507639,0.2516495047386608,wave1,0.3807597932579986,0.0755701684316604,0.9302473025272076,0.643486579155805,wave1,0.5175924588644399,0.4104985129141353
1039,-0.5800477076277563,0.5963319800648812,wave1,0.6279843106883705,0.4737661932504438,-0.706693452828806,0.2980476864360191,wave1,0.591891299360007,0.3364043529932603,-0.3637836766704747,0.497995271551389,wave1,0.4216649553285087,0.6081058916572519,-0.7924247811592436,0.2335031663357601,wave1,0.3590003795472484,0.3445552882095063
1040,1.8223146913908983,0.4904358395059629,wave1,0.2533839028483362,0.0346541526975194,-0.2704304719449656,0.1454898925877065,wave1,-0.1549738271893076,-0.3986196511481971,1.38396497657154,0.6566973257159104,wave1,0.3546871591880579,0.2512111580132371,0.8413932632538565,0.7245293724972446,wave1,0.4383277508555236,0.1705333969376576
1041,0.8945933181698569,0.6860821525928509,wave1,1.0441136865860876,1.2921136536666402,0.0466464591444871,0.1413957515907703,wave1,0.5546288673774106,0.4171525855013592,1.0682586662265103,0.7490544572740577,wave1,0.903640873357068,1.1582672901048667,0.4825281155356719,0.4111626693061491,wave1,0.7264622897900619,0.692275395273549
1044,-0.930458058750106,-0.201663152400515,wave1,-0.0807725558659668,-0.6461648981663635,-0.928787302163163,-0.5048622772101319,wave1,-0.3826857138831321,-0.7092526125885454,-0.2924641970795625,-0.2586119128554267,wave1,-0.1717641828824294,-0.5023573512782906,-1.4796667725430697,-0.3933626904003118,wave1,-0.451289152093882,-0.601692353932596
1045,0.942626841184786,0.566223055253789,wave1,0.3785124297158528,0.2463339485044553,0.6921191785058026,0.8592659486140055,wave1,0.6338528509210122,0.5670903853590035,1.0495096454161557,0.3888511855136856,wave1,0.3406883091011718,0.3074624425511132,-0.5268162429510198,0.1806228624432587,wave1,0.0426391471274533,0.2405153682734272
1046,-0.8988003866070626,-0.1634268409533068,wave1,0.0686489836053152,-0.1911901946224317,-0.9040779786459832,-0.1107517377748426,wave1,-0.1304112656973801,-0.2850903708317425,0.7101244117616881,0.2003510914530954,wave1,0.3932646125410152,0.3756455975089003,0.9713737020098456,0.2344671255983589,wave1,0.3588876017753676,0.4069640433847971
1047,0.0644383747980113,-0.2228713786016871,wave1,0.3388835778382264,-0.2655074671206183,-0.1018893316400334,-0.5350431526118626,wave1,-0.2870283682958496,-0.5277615627044039,0.3536500817691638,0.131230043192893,wave1,0.569575170077385,0.3377581586372009,0.95514862197629,0.0932623789683946,wave1,0.4440356770834675,0.1390078203996379
1048,0.4615006145336681,0.2527618374862195,wave1,0.1645991792319532,0.2479038057614078,-0.2160813714496662,0.2869692857214236,wave1,0.4841744746478735,0.323206573117172,-1.5028277162873762,-0.0540547791217742,wave1,0.2061625598146277,-0.0191879925492723,-1.2794946338905022,-0.1311913688366628,wave1,-0.0463465657458761,0.1248154624343666
1049,-0.1555095386295946,0.5560341261216277,wave1,0.2877933178967953,0.6732546948289642,1.0355003766421678,0.7518929355709638,wave1,0.4781131989443066,0.6753211634123042,0.1288165375529217,0.4119727915849025,wave1,0.161524085087513,0.5936774594173406,0.4527214313824645,0.2724094654762298,wave1,-0.0538627726140851,0.3518306599632487
1050,-0.9166970675055696,0.6268696129163582,wave1,0.1907545114964799,0.4543349261754525,-1.9988511518671663,0.5480300642141958,wave1,0.3439279496360192,0.8439492778658175,-0.3714555611765866,0.5884949755147466,wave1,0.1367763589839379,0.4569771130886346,-0.0177534304177177,0.4414556666197812,wave1,-0.0249402555338779,0.498771444740728
1051,0.4888899050386413,0.2452754686189393,wave1,-0.2903389026453109,0.2920609199331461,-0.4254702403469886,0.3374406282661106,wave1,0.0972056652717494,0.1073224211066907,0.9810963504938104,0.3283350682002759,wave1,-0.0454676715969635,0.5950551958215982,1.3486175906925175,0.1438633830592435,wave1,-0.1681943806011809,0.1940174039621065
1052,1.5006262824670895,-0.2791435374838626,wave1,0.1651119204093589,-0.1403466357029468,0.747903591685925,-0.0513742867485469,wave1,0.1857781183309457,0.0522380467546279,1.3654836801606487,0.1013602236880177,wave1,0.4728297079977406,0.2226747033817477,1.488310848972313,0.1874645499602007,wave1,0.7015449467472967,0.3997879397324246
1053,-0.6979993114904016,-0.5267224234820023,wave1,-0.3186209338381132,0.1081007005278138,0.2316102486846454,-0.1709472249125136,wave1,-0.0650012932954651,0.0583082525166112,-0.4584863165183205,-0.32899551516051,wave1,-0.176800406711643,-0.0117411350829209,-0.6561444154242363,-0.3910105594353283,wave1,-0.1626734579089527,-0.0737619472089713
1054,-0.6978660074855776,-0.0784209803489766,wave1,0.0364727629662189,0.0170046204520009,-1.461554013143182,0.578379109571417,wave1,0.7174296897772654,0.4807458478121333,-0.7661986003131697,-0.2039016222409841,wave1,0.1900608389652669,0.1273087692565786,-0.1990064452237208,-0.0828781339635499,wave1,0.4142320964493239,0.105478246422881
1055,-1.6705096437731626,-0.2609062663857775,wave1,-0.2368514654369715,-0.0168720232507209,0.1018739189010015,-0.1928173334160337,wave1,-0.4156440484498072,-0.3718353931827742,0.1605395878541142,-0.0485102477746828,wave1,0.0567408303069775,0.1349869100017641,0.1686610191315211,0.1218092182750699,wave1,0.0848172720155867,0.0337929808670295
1056,-0.2369538920527476,0.4946953982592412,wave1,0.4328924222917156,0.2138328803363971,0.9671309770399854,0.7837553900768841,wave1,0.7250067436916068,0.6191395391303491,-0.2279839152308154,0.4086259487689865,wave1,0.0902836968330731,-0.0763470166599795,0.8333422300902064,0.2512587997186344,wave1,0.3040310912559634,0.5526343310013644
1057,-0.953280269224821,0.4420662625788083,wave1,0.5994855990466117,-0.0117869465976336,-2.0440590316969502,0.0264964958477995,wave1,-0.1823837382947046,-0.0649632096226517,0.1093463354193539,0.6564766626172194,wave1,0.7211386962880038,0.3945138059731076,0.6426285780677543,0.4061799999807195,wave1,0.2402584736346186,0.1497649598217229
1058,0.9640857626604256,0.3067391015571095,wave1,0.1108439961156138,-0.1991973545232832,1.3469346627154486,1.0766067134853272,wave1,0.8384445213057816,0.7414830331537083,0.7957754610486247,0.3483721131923007,wave1,0.0726553627299608,-0.0370104645577438,1.0576343587113464,0.6863026765203606,wave1,0.4711458663834547,0.3548255448087217
1059,1.8591174243235784,0.0499406977948608,wave1,-0.1606927528312045,-0.3669868244052208,1.2024527130049187,0.6365358711729046,wave1,0.5753038458399604,0.4749825719662441,-0.0270978923568855,-0.2440881978604705,wave1,-0.4485144326496579,-0.5362299581136638,0.3882745347719827,-0.4228742015182583,wave1,-0.5443359870791467,-0.5522564891738733
1060,0.5649238657077967,0.2796846953879739,wave1,0.2265442694260948,-0.4551007072864985,0.8753580075059059,0.4230122373035423,wave1,0.6383600728614789,0.4454681247606713,0.0947325340390469,0.1851322234717678,wave1,0.3954049639461974,-0.0608384056612643,0.6522687421683477,0.2632360219774212,wave1,0.4737069409345822,-0.1722993104458514
1061,-3.259487119989752,-1.0843977904043651,wave1,-1.1236609787184275,-1.2144371231534896,0.9665901976222416,-0.3243432062557461,wave1,-0.2995035416299241,-0.4433598939393288,-2.2047523479584044,-0.4806051956488955,wave1,-0.3922570389211097,-0.74986122888139,-1.0425749367619506,-0.1604094400329216,wave1,-0.1551932530629684,-0.4534134877270954
1062,-0.2254661980562904,0.0508629616962037,wave1,-0.4641324971194007,0.0076807991524197,1.5885849119016269,0.0880052594968319,wave1,-0.7811866335303006,-0.3025370096362159,-0.6702367054906186,0.1826492797442562,wave1,-0.0946623353739478,-0.0209762108314536,-2.462000482723912,0.188508084827443,wave1,-0.2782868287482353,-0.2656295583963158
1063,-0.2716596308816557,-0.3889278454629017,wave1,-0.3549363424825138,-0.5822597578054682,0.7862981907238408,-0.3057929586766021,wave1,-0.304288099374719,-0.100651581102108,0.1520717734916355,0.0370760399937768,wave1,0.0061140898897507,-0.1351458006962473,0.4566758293420023,-0.1370482890335394,wave1,0.0321345053052586,-0.1734078307718794
1065,-1.1835128213206525,-0.6449919919195577,wave1,0.1352029540691144,-0.1853710746778625,-1.0199660014219665,-0.7124762528844888,wave1,-0.2965384935477322,-0.1190961397884591,0.1682871578451738,-0.2122126985733097,wave1,0.2327831737101291,0.1561541006008593,-0.2006619603810429,-0.3201959357418609,wave1,0.2147363895880482,0.0648989946719575
1067,1.1821860236534985,0.1650911609375174,wave1,0.0947917233362236,-0.2690429262183942,1.1332518209859217,-0.0883739903028992,wave1,-0.0289723212373254,-0.1062829620469856,0.3421518665113092,0.1421788391091333,wave1,-0.0815887086831516,-0.1471754375294959,-0.495653480411098,0.1161486493292983,wave1,-0.0740053931002537,-0.0493273058937004
1070,0.0551003757143236,0.5394840884377572,wave1,0.4889025707035459,0.3425725901619481,0.2629111122129928,-0.0926516044775871,wave1,0.0298062525525888,-0.1441912494985331,0.7772275798862748,0.4844427421752281,wave1,0.4533207748522556,0.2693003509588429,0.6259378018199802,0.2481562327724794,wave1,0.2665372295995257,0.2503517802377902
1071,-0.9571509123181072,-0.094619836322201,wave1,-0.249273292015995,0.4788444198720141,0.0706221113235686,-0.030817374614843,wave1,-0.0089965938190532,0.2297705261619698,-0.0438681558888129,0.2675215678265765,wave1,0.1512134047085538,0.7441122044871598,-1.3552629244501426,0.4400635510718839,wave1,0.3074050324129945,0.7823115990473254
1072,0.7956250893766137,0.1510887769562312,wave1,0.1558973221704989,0.4083623424402438,0.2807315639516974,-0.1049570701674618,wave1,-0.2591138094011458,0.0849394949361941,0.3806746422063953,0.1964395746743607,wave1,0.259366834231184,0.5589517557425356,0.2851936625899682,0.2375409981734041,wave1,0.1743886170783622,0.5017639189104562
1073,-0.9138297343873532,0.2073997936406204,wave1,0.1725919589757518,0.0695680066278696,0.4892542734446077,0.4230303155592261,wave1,0.49696964600578,0.472280739969781,-0.8966431476697897,0.0801868583149427,wave1,0.0435306664721977,0.0749252410858833,-0.3991435753567782,0.0086581413756404,wave1,0.1052019080888929,0.2887583805919717
1074,1.2168401134344584,0.1956196505244429,wave1,0.0650097943952903,-0.1234619496169728,0.6842464291198848,0.1027664205020493,wave1,0.1163807119250133,0.1222472771820963,1.2776824032202383,-0.1874648421278753,wave1,-0.0423243560156554,-0.0644176012342825,1.0463497234638155,-0.0497315731088122,wave1,0.1914322724658245,-0.0867390629085721
1075,1.0287775120039442,0.515039325973774,wave1,0.6558269557941667,0.404633607191772,0.1855335180023646,0.3222357616007827,wave1,0.5802771714742108,0.3808051329334569,0.8093948922322041,0.8454818410296828,wave1,1.1149344286706149,0.7713909968891725,0.4860071530296824,0.5559152674986142,wave1,0.9079581571700972,0.6434656536091677
1080,-0.4232234555348166,-0.4040561232785398,wave1,-0.0956030923268225,-0.0380388962968056,0.3978041251250441,-0.3075646207908664,wave1,-0.0022771594756183,0.4580229669657267,-0.5330365700198227,-0.0878575843750606,wave1,0.0085435841594978,-0.2473453674220636,-0.5348063768582154,-0.0142413166583476,wave1,-0.0349173573426852,0.1498869972446704
1082,-0.7277896509651709,-0.1151693046734745,wave1,-0.0571015171403119,-0.2150735957626504,-1.4832265258951267,0.098000006874432,wave1,-0.2935225567374417,-0.3855514873817327,-1.603452851721663,0.4027860640084268,wave1,0.6072053910231918,0.3571805867382893,-0.4683864052584466,0.2905574240704265,wave1,0.3083178501870312,0.1016113818541626
1083,1.190034884378314,1.266007392967015,wave1,1.1737243263930006,0.9211950634706034,0.5717918635632474,0.8868827376850543,wave1,0.9738201121925912,0.8821611804056992,1.1818093783643584,0.955686659841086,wave1,0.8458607956836504,0.7616842285164716,0.4868120327492919,1.164703806638257,wave1,1.0849077258811242,0.6800817539182854
1086,0.3572318329902944,0.0946039217016219,wave1,-0.4443365651160498,-0.6043203240189814,0.9116234299888322,-0.1094772680907231,wave1,-0.5169592144109433,-0.6955310659537913,0.3292029041679251,0.2947815560136531,wave1,-0.1356815602037146,-0.1019901582127993,0.8399045606903613,0.3053068829452712,wave1,0.1126541634798783,-0.2410058208559726
1087,0.1738726557656041,-0.0369545909014095,wave1,0.0147342821378455,0.2125738228577327,-0.0968819066862882,0.0416646194180185,wave1,0.0620999286802246,-0.0279560321321259,0.993073668700464,0.1041911241370083,wave1,0.2234149233494249,0.622582030624498,0.836720571491774,-0.083985788292713,wave1,0.0059094680201497,0.4716054258683795
1088,0.479570703776806,0.3876713092602164,wave1,0.3254493924029724,0.3624498134282616,1.1831542641763797,-0.3370781642588625,wave1,-0.3831259447925426,-0.2619419207551661,0.5894638745946836,0.1009526368558279,wave1,0.0954179880953866,0.4050939366299614,-0.0538849533508196,-0.1492035618060704,wave1,0.0382789534346917,0.1353508284125381
1089,-0.0530745722671911,-0.4761549779156551,wave1,-0.3262099114022121,0.1682649453914917,-1.394489211473538,-0.5047669044702725,wave1,-0.3388862765044846,-0.3073177533068612,0.7528226036281594,-0.3590271007916399,wave1,-0.2196663682370818,0.0631531708973081,0.8044165378532341,-0.4872997257791013,wave1,-0.3028298282384364,-0.1661736063299307
1090,1.5842967721376158,0.5568818586032382,wave1,0.5371066065637715,-0.2767895864968339,1.4402643961085004,0.4912787256745968,wave1,0.5542411000714355,0.4512843371122567,0.5804927200930732,0.2811767844439602,wave1,0.0938455824906484,-0.350998663957483,0.6213359832657792,-0.0473600332711213,wave1,-0.2423890966937688,-0.448728351566222
1093,-0.6975170523780928,0.1285828994215279,wave1,0.2978117135691651,0.1226502810074567,0.9832468650696043,0.4412362994512238,wave1,0.4197071473535687,0.5259133317306328,-0.354647829078072,0.0504251249987579,wave1,0.0587593612261524,0.0671812881907635,-0.6094799570228702,0.0569010014632277,wave1,0.1259762634994433,0.0352053759777658
1094,0.4412619076322718,0.2835011980657329,wave1,0.636152611162152,0.7270886186485099,0.2055482562204589,0.618682800907821,wave1,0.7504455190521718,0.8119972688306588,-1.009377776970351,0.1321563015285771,wave1,0.2846438298358118,0.159159298252779,-0.3531635101360755,-0.0796594821730909,wave1,0.1871574181397421,-0.0070402984753636
1095,-1.789737116454403,-0.9695058916500554,wave1,-0.4754398004576936,-0.7069134006415347,-0.6319148807342115,-0.0611465444411767,wave1,-0.1640041562369296,-0.0995627340350642,-2.033057764154764,-0.8004729225493166,wave1,-0.3766608512311862,-0.3987971875368257,-0.8972381044522534,-0.4915613097213879,wave1,-0.3595125583107735,-0.0821263766268786
1096,-0.4224443522851075,0.081586112997811,wave1,-0.071650202298106,0.0778075080519922,-0.4797167036213003,0.3117366915010282,wave1,0.2872006370301099,0.1967173074368906,0.8267825851027288,0.1788355641649316,wave1,-0.3161159029369725,0.0873874733588996,1.258353619296564,0.1060082945139538,wave1,-0.1057950827036496,-0.0206987926498601
1097,-2.2049150685261365,-0.0773812623206071,wave1,-0.0613690361829168,-0.1959775151038141,-0.1731027596418138,0.0820731764599682,wave1,0.151590756381768,0.0350682122572387,-0.4699667584857512,-0.2816617618089581,wave1,-0.3950658814492052,-0.297474877547305,-0.2783800750235761,-0.1953504362834945,wave1,-0.3222653000484086,-0.2574947201792015
1098,-1.000658832869627,0.048924947851811,wave1,-0.1965336266287769,-0.3735040310262894,-1.647537566172415,-0.6198306865699603,wave1,-0.8002874575757635,-0.5117794692219411,0.339215124195278,0.3674655835580608,wave1,-0.0139931920881764,0.1916554903771301,-0.1267179232996768,0.1252537710265372,wave1,-0.1998457101759879,-0.1567473946810745
1099,-0.3995234508648181,0.7839835087914071,wave1,0.7762111578864708,0.995208277018076,-0.066196776461232,0.4470948008460991,wave1,0.4299025975743817,0.5771887129083026,1.035381261191506,0.6188203390647238,wave1,0.7501228313750368,0.9799319494279588,0.928225283054498,0.6162856191667762,wave1,0.7040483605214908,0.7943943619287387
1100,0.8379545817921258,0.5170270145204903,wave1,0.6807785477334405,0.8477918698262941,-0.1084813437965739,0.1047274517335042,wave1,0.1425801798158595,0.4437656896123932,1.2080712982251605,0.5778643049630674,wave1,0.8612915431060315,0.940605115204488,0.6302170554936442,0.3444422150462747,wave1,0.5274868259275756,0.658876930639446
1101,-0.1284550521383972,-0.6853352259554668,wave1,-0.3201179773523857,-0.8110361828283501,-0.7402082543598856,-0.7632448768951154,wave1,-0.5011696990341403,-0.6368494451238091,0.9795669102878716,-0.3981106104823395,wave1,-0.1714829065901193,-0.238032871787867,0.9744198156337768,-0.3760797038300034,wave1,-0.2031672813459093,-0.1850360255608065
1102,-0.976022306692269,0.1840119456066564,wave1,0.2214787032021594,0.2601171667973494,-1.6970309371973258,-0.729799934277432,wave1,0.0789852674249174,0.041429388439653,0.0493842699498178,0.3452066283361877,wave1,0.1491817215143936,0.0914055859202186,-0.1580271732171048,0.1035026046717205,wave1,0.0650697115502457,0.0513574854879333
1104,0.2822026428747364,0.2166606959095005,wave1,0.0651662089782842,0.2684092693371076,1.0912904830083625,0.7626958400385657,wave1,0.6349312622795882,0.5459991981072041,0.703678648115653,0.2679678578240754,wave1,0.2276317864179031,0.6465316266117067,0.4374025325362077,0.3443713371109119,wave1,0.293180112847566,0.3977085068117665
1105,-0.5716421341544361,-0.6388084243200702,wave1,0.2441767724077919,-0.6264072729955594,-2.0335987513557106,-0.0823087534886084,wave1,0.1641364820567734,-0.217487004384157,-0.075559308807165,0.0565622243347121,wave1,0.3282236175879833,-0.0653678396009405,0.5824175759889744,0.0880524073132341,wave1,0.83133642971083,0.3371069612899006
1106,-0.7817505870083801,0.421666452023302,wave1,0.1073434893403559,0.4884438794639858,0.4311483901751925,0.3466310923153992,wave1,0.2278730927212726,0.3715951245975391,-0.9461278753839408,0.3040301715592648,wave1,0.0558199400612273,0.5023980598749997,-1.7171253699779134,0.2768559375026956,wave1,0.1996364137683536,0.6800453496934916
1107,-0.8369105342899411,0.2817240511217962,wave1,0.2404362184017818,-0.0408704729436117,-1.372436498660363,-0.3055597541328014,wave1,-0.1061444319803752,-0.4425568329110134,0.2451600487088647,0.3868682902376461,wave1,0.3924416966725244,0.2043890179224954,0.9558495623343408,0.4739428472729626,wave1,0.4379421670984161,0.1977254317168021
1112,-0.6040752049497438,-0.1282375639976904,wave1,-0.3274822073670382,-0.6675707111499618,0.6671377500483472,-1.1074504208901184,wave1,-0.35700226117428,-0.5779632265667609,-1.292244315986122,0.3047583368528931,wave1,-0.1636378032396646,-0.8340221265981396,0.2837905602878519,0.3333037382435814,wave1,0.1458993260692321,-0.5245081879022647
1113,-0.1846036478320183,-0.072381436832339,wave1,0.087076231548149,-0.1016167262792555,1.203060467945959,0.2854227423805482,wave1,0.5032117128523614,0.5350372855042704,-0.7604031175383618,-0.0637076970328188,wave1,-0.0155901309799804,-0.1015181465157966,-0.4407915267736152,-0.1619712620962746,wave1,0.1045556502673516,-0.1127382680645222
1114,0.5415565099441114,0.2287338755941081,wave1,0.1776850125330107,0.3652422330750882,1.0923426789933597,0.0276633841084029,wave1,0.0580949599316219,0.1308198180110099,0.2885683551248374,0.1617203465649773,wave1,0.3138800881353422,0.3849857236193207,0.5180615430713709,0.2718446507580418,wave1,0.327618934881539,0.35428861460535
1115,-1.0535373842733864,-0.413574827853592,wave1,-0.4348014540951079,-0.3559811445180338,0.7326457387493754,0.1369331135667337,wave1,0.0589151961281881,-0.1078872165176969,-1.0614593604168694,0.0108948167313409,wave1,0.0243474282882572,0.4569067450040902,-0.402371318917648,0.3728551339314888,wave1,0.16194456260038,0.3986157029600917
1116,-0.1917036511673257,-0.1399479146907105,wave1,0.1972270770716435,-0.8873971687900086,1.6019915834467786,0.2636467352164027,wave1,0.2807069172278253,0.1152421809486166,0.8844936035674941,-0.0512724128612598,wave1,0.262771826521893,-0.746127206673386,0.8335560781750614,0.0528676517904341,wave1,0.2086827467575213,-0.3256954796197647
1117,-0.3077832733449452,-0.4992749595878718,wave1,-0.3389000081714013,-1.3335303883818013,-0.077545686461922,-0.3629533114810335,wave1,-0.4301559862372364,-0.5102061781023481,1.3363436559152733,0.132700703929611,wave1,0.1155739613930501,-0.0500250129953449,1.3253964026774054,0.0552883482582983,wave1,0.1770323720475307,0.2982507143302731
1118,0.4531361535456419,0.3135161593032611,wave1,0.3751741126566443,-0.6608723049769387,0.9698496964947556,0.2545553736612833,wave1,0.3143154967776145,-0.0765117375462354,0.8731880757115635,0.3248661834631675,wave1,0.3339212413339371,0.0077894167139628,0.7161620945574726,0.3243633925773591,wave1,0.3976921504781741,0.1123131018960066
1119,-0.493138984006022,-0.273358802937284,wave1,0.3505113007448559,0.8052901278539679,-0.5571284273617871,0.4678604306023275,wave1,0.6215174234841587,0.7828755652890562,-0.384363156897292,-0.1622998773082844,wave1,0.3960832098701627,0.4805184320187703,-0.5588664580848292,-0.0597545163449164,wave1,0.3540464449463085,0.278289689161709
1120,0.1621415231575955,0.2161357663377703,wave1,0.0295565616112842,-0.1296699297843624,0.3258282715143195,0.2930421253213544,wave1,0.0738531955236325,0.2815418954383664,0.3268686790408797,0.1126896770018515,wave1,-0.2356194573509635,-0.2531517765076949,-0.4724800292658603,-0.0589323571377237,wave1,-0.1515029578586565,-0.3506107475291279
1123,-0.2790595053210132,0.1858997110758908,wave1,0.2404826134962798,-0.2092398656474088,-1.2393881935920557,0.7130692526291726,wave1,0.5183744736972611,0.3181001885734589,-0.7591335068013174,-0.0422915722196395,wave1,0.3495394342810203,-0.1170901447072683,-1.367724612216635,-0.0366988870192752,wave1,0.3976004415581498,-0.0587366973170273
1124,1.7454775755318117,1.003093521771489,wave1,1.1261635541369115,0.7313713552952121,0.7392833654844558,0.9647461883123272,wave1,0.927020755898967,0.7085182284637374,1.7264309873855532,0.6098611470917803,wave1,0.6820927373168739,0.4991302737855683,0.8040768484018423,0.4625276848834401,wave1,0.4246046126530947,0.0725371411556572
1130,-0.3432238753528629,-1.2424747464661003,wave1,-0.9826517439110424,-0.9916703529844296,0.2885402743293341,-0.9322391832415572,wave1,-1.0687687500329113,-0.7935608370694687,1.0365043761459385,-0.4926132138040669,wave1,-0.3511460090973731,-0.5202995593830078,1.4631154531085042,0.1002265132610432,wave1,-0.0574450851731248,-0.3970129024893508
1131,0.725086321939335,-1.1879910839657102,wave1,-0.9167394604239418,-1.5343817336589298,0.4585773111529642,-0.045970411314794,wave1,-0.3156562552712063,-0.4369206409346533,0.2074505415501471,-0.5172997575356847,wave1,-0.2335232861048014,-0.7051695008815252,-0.3020967281096755,-0.0680625450573528,wave1,-0.0448380189157919,-0.4015835265165068
1132,0.0269430644805171,0.0567118387237106,wave1,-0.2870229892142462,0.3371050124682766,-0.3855358650296215,-0.4155501116342978,wave1,-0.6984705010973461,-0.231909826467154,-1.3789238278903615,0.0518332282619841,wave1,-0.2405427343266987,0.3505345982081679,-1.23961295361901,-0.1787825363455475,wave1,-0.265666894662282,0.140385810242733
1133,-1.2459056412494096,-0.058316654950099,wave1,0.1358745875744258,0.4691261322431161,-2.173851852779752,0.5502106082246201,wave1,0.937701628657872,0.5521240295113599,-0.3196725078616578,0.0783404867173876,wave1,0.229255079933914,0.4630541069425048,-0.9661380248707822,0.0671540097850394,wave1,0.3243109637227413,0.5406039319799688
1134,0.3978988199950756,0.8508344709770443,wave1,0.6513141362665933,1.0331233971690046,0.9495910406210826,0.6823213418987377,wave1,0.5912542892070491,0.7295267503597991,0.6805095495534579,0.602065182625892,wave1,0.4315648094040683,0.6305352326304539,1.0054749977000967,0.2999476562428386,wave1,0.2904637150507739,0.4337574383206347
1135,-0.2156624496570088,0.667989323446017,wave1,0.7936803758439495,0.7616694378143261,0.5994572197635066,0.7726109917906887,wave1,0.6570925561789196,0.5781502183271063,1.136254268005632,0.5744740926412374,wave1,0.7475845099204063,0.4739955114477726,0.941774781376261,0.9251026116474744,wave1,0.9171410919888322,0.5870277711806647
1136,0.1732071384381883,-0.1392857684733766,wave1,-0.3858196330332641,-0.1576876472308659,0.6052939419243408,-0.4937372775455737,wave1,-0.4162674319810737,-0.4682604583943079,-0.3439278313515602,-0.0613879143523775,wave1,-0.2826199994791415,0.1203239513158657,0.0761290438167189,0.0552573741271152,wave1,-0.2205827001678994,0.2555248921326752
1138,-0.7257599624757557,0.0202242196032942,wave1,-0.552530450890256,-0.1123557330585576,-0.9377170552931486,-0.037281873877874,wave1,-0.7922719343292312,-0.0595915256218434,-1.7964987999568398,-0.1862909185474116,wave1,-0.5946601767470591,-0.317946501488633,-0.4405612671165145,-0.0367501730739832,wave1,-0.5443966667026392,-0.2320030163835831
1139,-0.547813738248035,-0.7185847515894297,wave1,-0.4721619623858291,-0.62161881586748,-0.7563542960401612,-0.106538995379709,wave1,0.1551110956054876,-0.0850523179499275,-0.6748540364751017,-0.3148389722844931,wave1,-0.2962955895251065,-0.2726885144328885,0.6156339824561269,-0.5427409063010369,wave1,-0.2316226130506893,-0.2581825055503166
1140,-0.2820709544657541,0.4333879889174403,wave1,0.6171532215862643,0.2266779338920341,0.5015074868123133,-0.0851236162672153,wave1,0.1136275392460586,-0.2257995672351689,-1.4718208320646635,0.3560418087245198,wave1,0.3285962712076075,-0.0005647397760007,-0.7433328804439019,-0.120154038639375,wave1,-0.1405625435507594,-0.4576702175086095
1141,1.191992377508388,0.6116559430244008,wave1,0.2328118283465892,0.5515187368416916,1.2718640180048932,0.6956299213503057,wave1,0.4538374572312351,0.4071370396970675,1.0303226804759409,0.6300867131209211,wave1,0.3539335472607725,0.4469589618996024,0.4741002031439117,0.468636288418863,wave1,0.2980409585587775,0.4003600804750409
1142,-0.922000241416098,-0.1953441761484171,wave1,-0.1071020834899925,-0.4814520727693341,-1.1686556244587492,-0.3878020858522824,wave1,-0.1696555317099397,-0.3046957658207812,-0.8414774848994776,-0.0174777712233968,wave1,0.165244072548335,-0.189202645919037,-0.9875786802324008,0.0174772709398845,wave1,0.1305317049435966,-0.2351200965555638
1144,-0.5412475506751658,0.0895715994174191,wave1,0.127044448211973,0.1299459033552032,1.1096944187848536,0.2555676995052491,wave1,0.6306820899808472,0.6882691996342267,-0.1153464531843635,0.1188824448688947,wave1,-0.0106613472512289,0.2724251203021297,0.7832697079367765,0.1220116065588078,wave1,0.200889345127326,0.4378415446159694
1146,0.3604766256721091,-0.0132379635380712,wave1,0.2131124018298535,0.0877201156064244,0.5512659784243047,0.2583803766147567,wave1,0.4057489024039415,0.4348734311255569,0.0777567710711682,0.1167920285124055,wave1,0.3471418214780497,0.3090717281855979,0.3140078387657216,0.3478410285089418,wave1,0.5287063561539546,0.2181185939385198
1147,1.88064103758681,0.0454489662325594,wave1,0.470900546283896,0.7390460481520902,0.4934650707685971,0.0209515785855378,wave1,0.2038973370282444,0.2679683176833283,1.5512154590413465,0.2103014411364245,wave1,0.3374995251340797,0.6127383022132107,1.1891914576454303,0.2392414643409265,wave1,0.4438277757310246,0.6033298649107498
1148,-1.157341318840494,-0.1038275461768278,wave1,0.1311837733360363,0.1846862588519828,-0.1651468633266665,-0.0219365686426259,wave1,0.2079433267458054,-0.0304630418098125,-2.459800979865436,0.1742908673506423,wave1,0.4035199266375556,0.2849256158205889,-0.7548647863892365,0.0033828558111492,wave1,0.3823206446499524,0.0903387917900623
1149,2.3063397118888886,0.757771246369205,wave1,0.8663066750107884,0.825243921051606,-0.4404605933048451,1.1840344025181433,wave1,1.2778447564616466,1.0837170847988835,0.3353156018707794,0.7395474035316696,wave1,0.7839821805267946,0.5136756176777311,0.6841744007637723,0.6268818207842167,wave1,0.7980138742981288,0.4104946383461249
1150,0.0384450359249577,0.7670841616608901,wave1,0.4990934142464098,-0.1499416163092362,0.0786695138219046,0.2518783255824226,wave1,0.0361216131998058,-0.2779967980730033,0.8006138129195364,0.9009996991492232,wave1,0.5582730792764912,-0.1639346499666898,0.8675910564217768,0.9491903278619946,wave1,0.7525653654849287,0.2943212913888535
1152,-0.0998373373110742,0.1700805770608981,wave1,0.2927326261705683,0.5195355568998314,-1.700994230054926,0.1620044020026287,wave1,-0.0852825014761873,0.0311885084347631,0.8602992922794124,0.4586207523862852,wave1,0.5648428333367229,0.5832023176902245,0.4709839747756278,0.1353612661874868,wave1,0.3928469567593167,0.4076468299404392
1155,-0.3433671033201281,-0.017775766134481,wave1,-0.3808953118327305,0.393210595220768,-0.7972842383346936,-0.1730236034214665,wave1,0.1334970850844909,0.1054566281413833,-0.0138328361863561,0.0156722033018686,wave1,-0.3946042517744418,0.5148375055445503,-0.7398658247068404,0.1484041944469645,wave1,-0.1382887683362316,0.3829396930528018
1160,1.131743556674807,0.6220646950351825,wave1,0.7326317908728874,0.5652741960451915,1.3451999320779462,0.2566826666301188,wave1,0.3900654975720884,0.1142879954113401,0.3124665517567658,0.4663086456006259,wave1,0.5055266777419595,0.480447643264826,0.0009458788860136,0.3486352508817413,wave1,0.2732594083171994,0.356380864039846
1161,0.2560797562386424,0.7116381098998872,wave1,0.5666040136679977,0.6500665241938339,-0.0773030705337332,0.4079496666445714,wave1,0.6290410684745602,0.6549855611230959,0.076366779921202,0.4697629499031601,wave1,0.377805882067703,0.3790040025650489,-0.3345766157148579,0.5355640122294979,wave1,0.4288347188586835,0.4379526806899881
1162,-1.218816714224886,-0.9857995575241498,wave1,-1.5200128193518203,-1.0440245182064405,0.09327285221283,-0.3517189606343835,wave1,-0.4473777982775631,-0.5041234456026702,-2.523828417705148,-1.0385589632492227,wave1,-1.2916522812050657,-0.906179552705848,-2.3963786936815534,-0.7883497724684383,wave1,-0.8037559474520353,-0.7270966045377736
1164,1.0957255824659702,0.2273447534554955,wave1,0.3356215121916146,-0.096841309620502,0.6767874372639726,-0.0072405944028934,wave1,0.0369740046968947,-0.2008796125255965,0.91801291384064,0.2378001672861833,wave1,0.3754409651684375,0.1271502761226372,0.6383308398964398,-0.2904058240095873,wave1,-0.0809900955053771,-0.4390127391319959
1165,1.2590686749808262,0.0455518874191265,wave1,0.2992752232549069,0.056626958920382,1.1659968135884766,0.3248915190493715,wave1,0.3910797451855163,0.0610446580378005,0.4958397375247419,-0.0002077966728165,wave1,0.1230044224084609,0.0303180010018139,0.167274015834743,-0.1303971377695302,wave1,0.0251292384018327,-0.219078795056946
1166,0.7951940178880871,-0.1956697936495401,wave1,0.0020192866862356,-0.5686675804788173,0.3015679743382701,0.518141283325761,wave1,0.4846013605774661,0.3036409258129127,0.712070303390053,0.1671198510853131,wave1,0.1278128541008445,-0.3337152261909779,0.4786904402463726,0.1815466469866993,wave1,0.3280958729313119,-0.3525252773026257
1167,0.5876355758487938,-0.1973537227851567,wave1,0.1175934260086672,-0.8010901389842409,-0.1338525113873033,-0.9161726448108488,wave1,-0.3068887712472541,-0.49318941013614,0.4388674568986569,0.2302298094098056,wave1,0.3940238317983418,-0.3676434304308886,0.4186512249851095,0.1743780425545788,wave1,0.1296191502808578,-0.6654021538358386
1168,0.7368655842372352,0.1195828469700572,wave1,0.2780637144662503,0.3469324009177066,-0.0793183219960922,-0.1026593357520364,wave1,0.114770894973049,-0.0502580653597739,0.2791690770775294,0.4417758126961428,wave1,0.4984350269201532,0.6180323794705112,-0.0793760879407495,0.4366472504241176,wave1,0.6647376106229301,0.6965605190950042
1169,0.1117184847508841,0.2367400433445674,wave1,0.2086261993242624,-0.0632101320479374,0.8155033553857575,-0.3515643964126962,wave1,0.2976436346729625,0.1806912552142785,0.2180914773863356,0.6248651813287871,wave1,0.4697531010450875,-0.1206924115181344,0.3920899003330456,0.2088971753453279,wave1,0.2594179862833266,-0.2685792199627461
1170,-0.7769090735715642,-0.8048820162983765,wave1,-0.6969350862694146,-0.9838106889651694,0.4820110273228675,-0.2152206430200737,wave1,-0.1709638597343655,-0.1629891032764844,0.2365750441342511,-0.2976715619962811,wave1,-0.1600496075529955,-0.555316852279182,-0.0929697943985272,-0.1359029672027796,wave1,-0.0583581228228362,-0.3151116857456111
1172,0.3615383086189901,-0.4136454691208193,wave1,-0.3435679144644314,-0.267424344674918,0.1335170143785272,-0.3941038851278581,wave1,-0.0438806365406098,-0.073960050277397,0.4719556010146108,-0.1438352852884403,wave1,-0.1757495667956911,-0.0863346325741442,0.2776836903416562,-0.0601867327171017,wave1,-0.0097660341626075,0.09046254391938
1174,-1.8803592697198352,-1.083619080307116,wave1,-1.5140449099657032,-0.5410393029800573,-0.5897276973003883,-0.3437747183854625,wave1,-0.8676374012339392,-0.4052753927952972,-1.4637592036430496,-0.455116544243981,wave1,-0.8300700570905517,-0.2526765004892464,-1.825203414135415,-0.4313584458186024,wave1,-0.6207933630425386,-0.1372416893966739
1175,0.4077856776211614,-0.1283356555942409,wave1,0.04064974926104,-0.1267567783917211,1.3588066660184568,0.0089223983217152,wave1,0.5356648868052494,0.5782363855679886,0.0421027764038113,-0.0989610585008045,wave1,-0.0809319637320966,-0.2236321925449564,0.6358881477397779,0.2618857382817653,wave1,0.2614090226893365,0.33917439583983
1176,-2.8255938061123533,-2.4299554142178468,wave1,-2.0657309121692218,-1.110883287464595,0.0073135105427224,-0.6795782255277645,wave1,-0.3021485056445503,0.1835729701093529,-1.4563883069485497,-1.602884016306443,wave1,-1.260464093130485,-0.4260075893432222,-1.2038659387001214,-1.1305745310797186,wave1,-1.0377674190230564,-0.2860561857910562
1177,2.068501966690051,0.068260277249238,wave1,0.4258177966431831,0.7559054192762591,0.2059407848195623,-0.0275397351083975,wave1,0.3603998320049372,0.5650554377788747,0.8888990359643586,0.1612842300279297,wave1,0.276524901692304,0.6003395409406068,0.6561974943677031,0.0144304828752809,wave1,0.1845942374404403,0.243917158058303
1179,0.7082047704715584,0.3839081188152637,wave1,0.6104197680219903,0.1241032280664513,-0.0095790887674142,0.5615543012917723,wave1,0.7684619843515066,0.3455100374404394,0.978819491377347,0.0842831295306694,wave1,0.4436543016962213,0.0102578162126065,0.9805466621455614,0.1089420858371631,wave1,0.2982897740338824,0.044643814482198
1180,-0.3099381482715125,0.2347800515969984,wave1,0.2013387277854641,-0.168374996982946,0.1813947951401276,0.253060121726046,wave1,-0.0209647552906668,-0.1405481614269643,0.2118018376379243,0.323922705624869,wave1,0.4788710915453718,-0.1341318553277164,0.7425318488618966,0.541224667169153,wave1,0.5297974507230916,0.3154745024194003
1183,0.5691526480327801,0.7662543459606013,wave1,0.7665929505447242,0.8730922193127053,-0.0381864402421109,0.5096055898869554,wave1,0.4981963509471674,0.3946348898044034,0.1545843905970951,0.8088140350166855,wave1,0.7423807118869759,0.6561249197014982,-0.1978973932122276,0.591344923725412,wave1,0.5192259770234968,0.5748574160333431
1185,0.957483770891698,0.4046642362647503,wave1,0.2966194155963135,0.4290044746269199,0.9237689536921576,0.301721155966248,wave1,0.500282083068341,0.1542849837286524,1.3978067973530002,0.35651043208147,wave1,0.2440128709168083,0.301841660596837,0.3140716151277687,0.3451482059312257,wave1,0.3261202072269323,0.2116381910840815
1186,0.2694688763243132,0.6356379487769785,wave1,0.5120906841392106,0.1867763534823863,-1.9898605545507544,0.186631817381746,wave1,0.2681641787604989,0.2364328909608009,-0.6260453026582081,0.4808535579217772,wave1,0.449941647763775,-0.0127283928061943,-1.2839748382000125,0.087893519427011,wave1,0.1079355694065432,-0.0234762933473246
1188,0.0985484420406523,-0.3197506461199442,wave1,-0.164063615959551,-0.0960790116703238,1.1769820209172477,0.0253363284881351,wave1,0.1321875021879428,0.1352032079875584,0.5017061318491568,-0.115665944464965,wave1,0.1373286107887434,-0.1539926718908761,0.0911802851043186,-0.1777882689631901,wave1,0.1327792659744616,-0.115902032562874
1189,0.2870785606323957,0.1860602310959991,wave1,0.527111432384491,0.1083967120755025,0.7078401220673014,-0.0031410693981366,wave1,0.2827345990147061,0.2180419522354439,-0.2812792244212733,-0.1091349257482803,wave1,0.2693033216725475,-0.0678095054689147,-0.4924199584081979,-0.334864112880301,wave1,0.0613860028252065,-0.1210566131495117
1190,0.6457438809008568,-0.3506118768662221,wave1,0.2398384833479814,-0.7323873002429822,-0.2741988311660314,-0.3249490672291621,wave1,-0.1089882259629939,-0.605563837236992,0.1187182077590537,-0.1410150236012393,wave1,0.2342112613607387,-0.6115072011348357,0.7641643467199255,-0.0163779672809898,wave1,0.0045215569576399,-0.4548210831173365
1191,0.255667185064839,0.0178352141736561,wave1,0.0702917536827658,0.4897599884793318,-1.143761307681627,-0.144581314119811,wave1,-0.2200880182887757,-0.0047280315566181,1.1827522148307574,0.046596777597783,wave1,0.1269816986432989,0.2758660233435978,0.623713811532966,-0.0502308706114749,wave1,-0.1091203243475154,0.2136464713067284
1192,-0.2286839686014563,-0.1237638435406378,wave1,0.1965261291470226,-0.2866918189754728,-0.0137540763070902,-0.3333331118415841,wave1,-0.1794515093360487,-0.6777411128090383,0.8493602325085247,0.3683222432182193,wave1,0.4194848960094334,0.092334191416804,0.3611241909901178,0.3664538168089365,wave1,0.2637185269381957,-0.2204299508102839
1193,1.344499065119709,0.6095026512898591,wave1,1.0471437055296835,0.9039960326262116,0.0298233158396233,0.8205718699209538,wave1,0.8632363334481848,0.8141095532704102,0.7161242540150247,0.5837516752276176,wave1,0.9170024115014414,0.9206733862929636,1.0167199314780837,0.6429054912008874,wave1,0.7073534104463186,0.8143769481943206
1194,-0.2466302491056975,-0.858539811025083,wave1,0.2579625328845445,0.2884720090324317,0.7870897853902954,0.3325673280225713,wave1,0.2457998004835818,0.5403640847341794,-0.9589199428433492,-0.6093171738185117,wave1,0.1233981898005141,0.0451407185719599,-0.3726986155029826,-0.7363867847568206,wave1,-0.2258864037815706,-0.0910156167936719
1195,-2.161496734946046,-0.3476167197474937,wave1,-0.0966031710196821,-0.4841161126696487,1.0099174933422264,0.003156716288359,wave1,0.1681158281811763,-0.0557403738881148,-1.5385709735437854,-0.0434059051408908,wave1,0.1040717202632539,-0.1573795305802872,-2.047290889387762,-0.2055186237620554,wave1,0.0767340788539123,-0.2490442547190876
1196,0.529894669815182,-0.1600995490646903,wave1,0.2375940363438586,0.3794533143022303,0.5496133038134965,0.1174177050840277,wave1,0.0535804196933331,0.0204032086785623,1.7377955821449105,0.1941579130233683,wave1,0.4492511666772529,0.6913805258763686,0.8660485271410985,0.3208064851112321,wave1,0.4470586862836087,0.7948616849097986
1198,0.8125021415531118,0.2839117598484548,wave1,-0.0593830324741182,0.1331472614749487,1.2005508727586804,0.1449711800780506,wave1,0.0488476088051883,0.1311783775499577,0.4504576572363017,0.6146527753765487,wave1,0.328840915588092,0.3030018330499895,0.4416065610692157,0.2432022640754208,wave1,0.11295597854477,0.3886684500287961
1199,0.6229751703675933,0.1547039585957521,wave1,-0.2083118083326258,0.4461443436894123,1.0389856992158633,0.5265758994847157,wave1,0.4101094790429823,0.67380152939034,0.3347680704257802,0.2336030657417114,wave1,-0.0492411489960413,0.4754806874325121,0.5870665491490834,0.2485284202147133,wave1,0.1527541256235121,0.6485091516251027
1200,-0.7149282330516681,0.3878945650756642,wave1,-0.0379301974871806,0.4984587701750995,-0.6482163767331321,0.2029650110230252,wave1,0.3208005324053211,0.5602810055846723,-1.5650468543085077,0.3304071819197044,wave1,0.1822243031788116,0.4068818338875554,-0.2669875586932882,0.0062238698443431,wave1,0.002402953124939,0.3544294792183274
1201,0.9004651442973526,0.120027692419425,wave1,0.5331581817239044,-0.2269871165274082,-0.6266338841414368,-0.0197743776571126,wave1,0.0164629102122675,-0.0608542908688098,-0.040913095731614,0.2710356762847765,wave1,0.4472035709310247,0.2682302871204842,-0.5947596515981853,0.125824080353627,wave1,0.2495078331447736,0.3821935065234383
1202,-1.4534496559413497,-0.4996461339508578,wave1,-0.0531670253961529,-0.2404368339217542,-0.0394371020935773,-0.3509333465121302,wave1,-0.0922808545100493,-0.221058141469195,-1.3262334231409407,-0.023214818248783,wave1,0.1073019199385696,0.3638400413543083,-2.1185186461853727,0.1302462051371948,wave1,0.4221885102597222,0.5808533955450561
1203,-0.082334052063955,-0.4235684936891557,wave1,-0.2876812378353155,-0.6577372206440826,0.001378587258656,-0.008274751996016,wave1,-0.3478153925751386,-0.3594023085079121,-0.7180014225413066,-0.1296165343383097,wave1,-0.2479241900640951,-0.7207664169877985,-1.2193678619588026,0.2382380722341497,wave1,0.1345854912755703,-0.1584395631400848
1204,-0.0457967215457269,0.1606745329101777,wave1,0.1553614317044569,0.6436088290556443,0.8978363203619606,0.57348516810064,wave1,0.4984316420148672,0.7104276438899243,0.0232348189613209,0.1906099238899011,wave1,0.2250970886470445,0.3866642259779417,0.249042682576783,0.2959760295096911,wave1,0.3081051032575161,0.4476428352617602
1205,-0.8446139893303263,-0.0435373249451447,wave1,0.4983786827501015,0.5187797849021156,0.58309007700706,-0.3119977785627212,wave1,0.1958173070102633,0.304410781473508,-0.4568335660313918,0.2493057130595508,wave1,0.5437969515196641,0.2196775170467042,0.3811965365773431,0.0940128811818129,wave1,0.3822754725886955,0.0519235126778271
1206,1.0588276578744498,-0.1601673389314886,wave1,-0.0660382364427891,-1.0711908653065496,0.634879502794634,-0.4716286055442007,wave1,-0.4394094596703277,-0.8446598942328005,0.9863579054969128,0.1872316518051611,wave1,0.2807001741834791,-0.3377158404771743,0.7970816037645951,-0.0656399943766529,wave1,0.1710016076730639,-0.366090143474885
1207,1.1605352636613122,0.6913940437981494,wave1,0.5104945405023771,0.2530929869550715,-0.6640658329433169,0.2194076768366064,wave1,-0.0716480550823412,-0.1262504679455365,1.8113960676338725,0.6900966513787803,wave1,0.8156873368488267,0.3553930866857469,1.7748296637457286,0.5259207136946694,wave1,0.6185059999283934,0.3472373707515893
1209,-2.364566342684771,-0.7252428994467062,wave1,-0.5567578563308286,-0.3543022343403272,1.1700529048548096,0.0339144677784746,wave1,0.2239805209765639,0.3394963681703122,-1.5779366209942212,-0.7165239259030494,wave1,-0.6264347565750819,-0.5565270583360742,-0.1005380118660664,-0.6224821809291256,wave1,-0.2271100018247852,-0.3871476570137367
1211,-2.5919298781197937,-0.3525894525136765,wave1,-0.403995578895213,-0.2874452797923184,-2.9732296221555146,-0.2886348642198695,wave1,-0.1825375782423504,0.1597813008173485,-2.209515189739749,-0.0181882231129122,wave1,-0.0312522714892462,0.0593049998637329,-1.223407861659029,0.1242902386193751,wave1,0.1332226105748954,0.0546966168888314
1212,-2.7925454590009435,-0.9818917419974578,wave1,-0.5076634379708782,-0.798319498253325,-2.1473784940433154,-0.9012195644780878,wave1,-0.3637872493666416,-0.3073083303267563,-1.7377483100979756,-0.8466675296062778,wave1,-0.335935554365746,-0.4644277060433517,-1.3889020914660255,-0.5848011837662317,wave1,-0.3428679830825536,-0.3681515217633953
1213,-1.5247334196651778,-0.578724696151167,wave1,-0.4457657029418922,-1.1293801465994642,1.1105005270737114,-0.5264830382562984,wave1,0.0066252734693015,-0.3529738901904768,-1.4863184501480202,-0.2227322906936882,wave1,-0.3263212332393513,-0.771307940979651,0.1002877086056918,-0.1838428001895965,wave1,-0.1490359847288974,-0.6921584901001786
1214,-0.7247670681026581,-0.4941748224558848,wave1,-0.1557428943262357,-0.4716561710950273,-1.5676277809491332,-0.0440942069961891,wave1,0.2124189788009689,0.0624494045987014,0.0584150000979474,-0.1470210959596627,wave1,0.1170273760124767,0.2454442919893582,-0.4314735115153151,-0.1400040789626216,wave1,0.2114511350765995,0.2311536851790565
1215,1.024939172446238,0.3363945503566481,wave1,0.4047650953439774,0.7539684126478248,1.195592013054519,0.1354109495224147,wave1,0.0671363979357226,0.1819969398120937,-0.0198362007776425,0.5395809578240043,wave1,0.7343610614356855,0.9028383539326128,0.6095557649663339,0.6693213403729507,wave1,0.8241255421946069,1.0378740914338398
1216,-0.1356210978861061,-0.6679628340406161,wave1,-0.105144055732562,-0.989844603835116,-1.401126980319727,-0.4543381207984325,wave1,-0.171126004673435,-0.6813601044507434,0.3634387810803758,-0.0414270619236923,wave1,0.3679139447900003,0.1402574068453165,0.6595991189715233,-0.2330494528174552,wave1,0.1649643400106756,0.0641781452256325
1217,-1.0148623622042074,0.2981340197983098,wave1,0.2195408423673011,0.2231880038042981,-2.3766110194357686,-0.3873074843499882,wave1,-0.3427780700978304,-0.4094871419208001,-0.3426056777971432,0.519425565755782,wave1,0.2922421822592589,0.2753692971317438,-0.3454013464185619,0.4177502417912349,wave1,0.345172505583915,0.3656811955773658
1218,-0.9011425633254356,-0.4069725681845244,wave1,-0.045386434312483,0.0152249114246973,0.021845552798987,0.0675687042306629,wave1,0.2247435102604289,0.485761760815443,-1.387533777802512,-0.3158215204885448,wave1,0.0999327382682899,0.1448900650922615,-0.8888144701160678,-0.1293724765439113,wave1,0.3655371477279773,0.2612009918046946
1219,-0.5962858760113271,-0.0885380467372116,wave1,-0.3936929969860467,-0.5257733674193563,-1.0737908409097965,-0.0848740006165886,wave1,-0.518995314765887,0.0311228187087766,0.4672373305318577,0.0145942921204673,wave1,-0.3356060843879997,-0.3319394155205313,0.1375766246331358,-0.186483202167533,wave1,-0.7362364773973936,-0.4729925874640638
1220,-0.9445415442191388,0.0138754886935312,wave1,-0.3025452697777597,-0.4062300458117194,-0.4509378839982764,-0.149440842635156,wave1,-0.3254759490696467,-0.480034314812649,-0.1933561794396198,0.3586659140208671,wave1,-0.0247531614100445,-0.0083546365049654,-0.4629996598854971,0.0479616952634582,wave1,-0.0887851462113778,-0.1459350088621525
1222,-2.709323607634084,-2.1417056251122153,wave1,-2.1969603291491167,-1.347665167401468,-2.222874839911182,-0.70485188255836,wave1,-0.851272801771943,-0.5263277462016754,-1.4575734052894145,-1.2168405168524734,wave1,-1.081625796612007,-0.4971829524254854,-0.7706785937626799,-0.4066710326089537,wave1,-0.3536485696400817,0.0209513692713694
1223,0.8779995020233129,-0.8812236113333014,wave1,-0.7188747824723085,-0.4617149562188836,1.0838830753355644,-0.5114154578866668,wave1,-0.514113852799579,-0.5905710415267289,0.517213846612414,-0.7355823308545264,wave1,-0.7008588070732964,-0.6611623597017435,0.6864966003235485,-0.6248654143590703,wave1,-0.4112062637852584,-0.6920883643909547
1225,-0.064484766076716,0.3652488431974585,wave1,0.603732443402657,-0.2775237118113043,1.6472314282132696,0.3628525394571573,wave1,0.5461455246454752,0.0093023268330996,-0.1135887803323598,0.6952303092490242,wave1,0.7519340184886665,0.2210975527385976,0.4646222977489183,0.5424167589703881,wave1,0.663488100555826,0.3184053353008998
1227,0.3392809885358195,-0.1517549976221726,wave1,0.1592081907392157,0.0440082285638394,-0.9718218902041608,0.0713844021529941,wave1,0.3729521277000152,0.3644651777610339,0.4072656762579285,-0.1341197882802063,wave1,0.0636798444371709,0.0197303214174746,-0.8905100031165174,-0.2765785050593696,wave1,0.0189020290404458,0.1114423661756918
1228,0.5006235994673445,0.1487931934118125,wave1,0.421535996578305,-0.3060973424210147,0.2036194298586821,0.6660446816372266,wave1,0.5774689933417437,0.7352655691719133,0.1478154160832666,0.2918194261151762,wave1,0.5902801964894396,-0.2314461280813332,-0.0310609693301315,0.0345064059668884,wave1,0.3421579872419577,-0.1261405207828479
1229,2.029874971019092,0.1930046703373134,wave1,-0.0154594032300909,0.0690348159821749,1.1922424791286967,0.0107729246809296,wave1,-0.0104648163503175,-0.0148473211491022,1.063335132381536,0.6183290781933708,wave1,0.2206748253313482,0.3703430986650244,1.1536478801694885,0.4752644974517883,wave1,0.2432325375300141,0.3612723362340948
1230,1.381922454113195,-0.0664645409215785,wave1,0.2431480646034245,0.1519382146415466,-0.1770190830315955,0.1423249990300672,wave1,0.3656604503296921,0.3013112888936866,0.7332613911848888,-0.1593522157158932,wave1,0.0337122148451786,0.0841539507715786,0.3115915565474553,-0.2006776391672362,wave1,0.2200049523432752,0.0371925024459046
1232,0.2946421932550848,0.1192708644599513,wave1,0.0460724642390895,0.6142916457664374,0.4261748973222444,0.0054730424241763,wave1,-0.0355423513493536,0.3130969458132399,0.3637636023574003,0.1768064004126282,wave1,-0.0246402195243124,0.4958842929029383,-0.2069543331465715,0.1531638861482596,wave1,-0.1493530238227631,0.3763684603803472
1233,0.9587122025002118,-0.1406665690449615,wave1,0.0003061874132461,-0.5047055138782623,-0.9167696691633486,0.124362633868881,wave1,-0.0145881236107041,0.0529927266949785,1.066319628442551,-0.0465911970393527,wave1,0.1482668387445904,-0.1160484844808791,0.51738891684423,-0.2442850477037973,wave1,-0.1738199111491812,-0.3328849309512564
1234,-0.760983299416328,-0.7697007161747589,wave1,-0.4925053811199351,-1.1986001561552897,0.6489705151546854,-0.6406572235343913,wave1,-0.3163785523340288,-0.4220789779415683,0.0771444424963293,-0.4706821410875488,wave1,-0.2283064246097801,-0.9812346071602563,1.4251784631903934,-0.0627846263593289,wave1,-0.061147864726346,-0.8466697143253298
1235,-0.3551059013292025,-0.3326336632746576,wave1,0.0968586047462942,-0.2754998162893616,-0.4418108856302916,-0.0402913960142927,wave1,0.1006265120532834,0.0707725317145699,1.0160409850016885,-0.0757056192231873,wave1,0.2737309197557984,0.080547614719918,1.009345053787796,0.0453348656573063,wave1,0.2775446871592928,0.0286207507044711
1237,2.138998580687031,0.326243104870513,wave1,-0.0260923706361486,-0.2802510096591342,-0.2374419234306828,0.5576318108386196,wave1,0.3257220024640537,0.4782152568477071,-0.3797362219683884,0.1567385137037849,wave1,-0.2172655228179805,-0.3572634509472074,-1.0373520029022132,0.2443732407044433,wave1,-0.2793762614320135,-0.1935244140471513
1238,-0.3293717157329842,0.1584128298372786,wave1,-0.5741335385940665,-0.3711323557627877,-0.6059394799802116,0.5408447730362602,wave1,0.224873380046632,0.2330674791546259,-1.0041110015442796,0.0400471696297023,wave1,-0.4823870487711346,-0.2877168136817867,-1.7951008578172225,0.6165235084589594,wave1,0.1044352069911706,-0.1468156459916983
1239,-1.0242685489541254,-0.223425361387145,wave1,-0.6656347414348198,-0.0717782816426713,0.3549032677209637,0.2801130640425229,wave1,-0.0968211644598153,0.3109424204503752,-1.3936658457269588,-0.4543295761556354,wave1,-0.8023994788199857,-0.4584763424856506,-2.4189592792274976,0.2626177889286283,wave1,-0.1980748993047471,0.1535921296832816
1240,-0.4264317243967094,-0.3584355668527272,wave1,-0.5869709039573847,-0.1751588842266367,0.4413227998612324,0.1345768630686588,wave1,0.3023594048898936,0.2587695787151958,-1.0045859165027564,-0.0774203518211906,wave1,-0.4773098152017765,-0.0091070651764753,-0.599165706281779,0.1167165990993552,wave1,-0.282716039149157,-0.1601606923946583
1241,-0.7280016820502258,-0.2981211588878709,wave1,-0.6802772745275356,-1.1313700434462737,0.438109012260555,0.0657365511459671,wave1,-0.3824478831765592,-0.4743504243145422,-0.1516520734910033,0.0039070608980624,wave1,-0.247707234407573,-0.3470090280348792,0.5798162288056126,-0.1414083490901284,wave1,-0.1275269099527242,-0.0487103206507896
1242,-0.903727768328636,-0.4038044453144616,wave1,-0.5176173404337316,-0.8976663569406826,-0.0482786882116922,-0.0756036604415516,wave1,-0.1452680807996741,-0.3883597821406951,-0.0867581859214027,0.1076298455306682,wave1,-0.1345962392447376,-0.4088880107213143,-0.0057666862509982,0.1414479454968419,wave1,-0.0613287788934569,-0.3655730907600825
1244,-0.8113812216293311,0.1220893666780551,wave1,-0.1108895207227524,-0.0317337439422724,-1.0829528644973456,0.2508740306831893,wave1,0.0856620157085097,0.1434125180750833,-0.1791028309342839,0.1010639826000463,wave1,0.0212082322262017,-0.2002102558114222,-1.402399590483548,-0.0617926097762304,wave1,0.0004025741234889,-0.2194598697091492
1245,-0.6140477518495757,-0.3562466268702242,wave1,0.0113823773367207,-0.4393663383628516,0.1444914531453718,0.5536495119530408,wave1,0.7232572291695923,0.2541586231552329,0.9051803784678232,-0.3524780470146995,wave1,0.1106018755770217,-0.2933397021940622,0.87298037768331,-0.1292611311795906,wave1,0.2995852460160624,-0.1650347036565465
1246,1.7210854792454084,-0.0932742960360264,wave1,0.0559961609743533,0.5810893973682649,1.5788680638874455,0.4784378297857742,wave1,0.8516879075503531,0.8068644531980879,0.94586344205259,-0.0931348283749537,wave1,-0.2183446998387281,0.159023944606939,0.7523446387143147,0.1118991796904522,wave1,0.082077405121687,0.4104075343708737
1247,0.3956991511632206,-0.4423814035310562,wave1,-0.5508503404439395,-0.3971333175689315,0.0029736727020746,-0.0900914992155645,wave1,-0.0583485903725864,-0.0739983416740583,0.8597571594706137,-0.1869688117736159,wave1,-0.3105291422764454,-0.2253117120724724,0.5615453799328056,-0.0348843611718704,wave1,-0.1830172963583759,-0.1529475038143018
1248,-0.4735011371849827,-0.150367661684704,wave1,-0.1419739465917628,-0.7690517471448564,0.1606330417069506,-0.2286813770990955,wave1,-0.4229015999827693,-0.7067196306156941,-0.6926403962951528,0.1323643798157528,wave1,0.0263507745363995,0.09557209202027,-0.8785005258007248,0.0342049040519427,wave1,-0.0297597475979658,-0.0249547265616028
1249,-1.577113170998996,-0.7150224792961559,wave1,-0.4178184444612345,-0.1688678933048324,-1.5855321260151252,-0.6177782133224123,wave1,-0.4421764933230092,-0.4912538570012963,-3.1834927787546268,-0.3630099268563497,wave1,-0.1074956158470507,0.0384709926481249,-2.5853343039585286,-0.1253791329922932,wave1,0.0551045549292786,0.2674430125611141
1250,1.6869073225884406,0.4237638962101999,wave1,0.6505433031895493,0.1938148694061126,0.4953101873940163,-0.0329180328641123,wave1,-0.1084071978097469,0.0026715863242583,1.0409448415208653,0.6415119434972374,wave1,0.5325653327210322,0.4707519623856486,-0.4356317884152961,0.3553766625988882,wave1,0.3639545332993735,0.3302135529712852
1251,-1.405250413949772,-0.5124218134735565,wave1,-0.7305133936590991,-0.2474259034763044,-0.6096029160718577,-0.0210821521917612,wave1,-0.0624487226614243,-0.3333886309255311,-0.7213494354695648,-0.2464278578045748,wave1,-0.477158297533572,0.1554146219042327,-1.200683819588476,-0.2617573886908908,wave1,-0.1827352925020471,0.2363171703341686
1252,-0.2477210508431368,0.5706319056988447,wave1,0.8058147526199295,0.8108668635216725,-2.1130226038595037,0.1650515474734875,wave1,0.3935441831469597,0.3761663663287189,0.4802043103922645,0.4818796691172895,wave1,0.6064585951652053,0.7766412376829035,0.7287284168063064,0.3296099850419813,wave1,0.6421759308170447,0.6383693466010119
1253,1.716334263205752,-0.0725999368648135,wave1,0.3494191313538972,0.1011400496300516,0.9980850975468564,0.214995133275903,wave1,0.269542777323674,0.0736021206702994,-0.6400692475376977,0.2070122276393136,wave1,0.5354429942361165,0.266948800804976,0.3823771793539622,-0.0092548247781501,wave1,0.338018571850363,0.3188753670306949
1254,1.3547797558381836,0.0601292323955064,wave1,0.2447915230110229,0.0264071730038197,1.318607033261815,0.0542713025396963,wave1,-0.0368901630589006,0.0109406992295566,1.1236327079055397,0.1248497492430215,wave1,0.3958214145636291,0.0872159577485351,0.901075172272082,0.0212140577882263,wave1,0.1918893884506679,0.0011741929321346
1255,-0.5990859303845579,0.0742327480393549,wave1,-0.387110765628581,-0.3400979338483438,-0.7910875034222352,-0.0708316336110512,wave1,-0.2402988965707315,-0.313600399944665,0.22930972345706,0.3171199927008449,wave1,0.0306890259440379,0.0589891662428593,0.8641956750819163,0.3111386976847133,wave1,-0.1251958232617956,0.040401992579473
1257,-2.4737311394664037,-0.2999267466049506,wave1,-0.1743037073341724,-0.4281731475484143,-0.0311058382241869,-0.8723185811425682,wave1,-0.5135629437274098,-0.4517682324255045,-0.9192758950924556,-0.150261024812113,wave1,-0.0342996643003541,-0.2998081809927322,-1.1666307209377684,-0.1897381518678251,wave1,-0.1011886288498792,-0.2481188705643626
1258,-0.8056592216415829,0.158330750393711,wave1,0.2314238199969529,0.0536929304157545,-1.7901434971681025,-0.460247522916434,wave1,-0.3724775004888436,0.037571987986174,-0.9339802580758594,0.4246498596337031,wave1,0.5846316982392274,0.3123859022698874,0.4515912770598358,0.6871776501441066,wave1,0.5346108068400958,0.3543606873673689
1264,0.206898610507958,-0.334864595723954,wave1,-0.1842276859526685,-0.7138063225807378,-0.1041195711608415,-0.2209313287432599,wave1,-0.5888555475200268,-0.8093672216484582,0.4150823687829715,0.1777752485586747,wave1,0.3177673143874227,0.1148624521752705,1.299625485785003,0.1479618479945586,wave1,-0.009023344427665,-0.2974626527318448
1266,-0.2660920390771964,0.3621456358022159,wave1,0.6338974523991714,0.836653069287961,0.7371179379379725,0.1698701805441196,wave1,0.6584815809667321,0.6037145714290455,-0.5116716267916497,0.5325928242116349,wave1,0.8071086819685431,0.8511872967490139,0.662187539413786,0.5265261431807815,wave1,0.864599566351016,0.5747049494522298
1267,-2.054404359825737,-0.8295121855170975,wave1,-0.3151488266000106,-1.5282232999064502,-1.8823579194384912,-0.1805193137033294,wave1,-0.0806062020345121,-0.177426070512384,-1.8060042522946271,-0.5858472221455104,wave1,-0.1528085585821784,-1.1623305725428843,-1.4607986016618697,-0.3513479852120879,wave1,-0.0836957273222459,-0.4818502814875688
1268,1.3096444857515237,0.6034413844997095,wave1,0.5796957936365126,0.7050381657494342,1.4029161736513904,0.5772145569302725,wave1,0.5910008943544602,0.7286079388612083,0.934107603596815,0.4216992937310266,wave1,0.1752167831124034,0.5570310633476947,1.45079914329323,0.495657865849552,wave1,0.2521789680764286,0.6025524165527889
1271,0.0158934384173169,-0.2857306362434006,wave1,-0.0102905132509736,0.284131820671329,0.4139234482314798,0.469981216449163,wave1,0.3142959923329289,0.5527158345202288,-0.7207911332332405,-0.087318270340868,wave1,0.1277012104967828,0.2633270213367652,-1.4660923944032649,-0.014335725698022,wave1,0.120820230537535,0.3471340909017267
1274,0.1354487654004687,0.1825813982713775,wave1,0.4206250066170809,0.2588005670221944,0.1954055898052796,0.2085589132836778,wave1,0.240546950205432,-0.0431855256722963,1.1748006563837428,0.3618271040850924,wave1,0.4645928849194161,0.4167040192693485,1.4562217945012423,0.5179790417282321,wave1,0.6157847356663405,0.4597317358291471
1275,-1.0356878346869394,-0.2852593713781561,wave1,0.0197862218295039,-0.4329973219379894,-1.5037112248474176,-0.0129769712590295,wave1,-0.1803625674659794,-0.3204337364012872,0.0925941958504008,0.6482152700304479,wave1,0.3851242445152288,0.0979826108240177,0.0650155456113549,0.6345492469554946,wave1,0.8817151566617679,0.5761310768674531
1276,-0.2100379994915183,-0.3822825881543701,wave1,-0.5225255929234467,0.0680790199418357,-1.736817396007153,-0.9207405232967644,wave1,-0.957624771452293,-0.0591918319614135,-0.1430830067592476,-0.1185891770808054,wave1,-0.068066844426563,0.0629573890423331,0.5181211275724228,-0.2122392307159409,wave1,0.089076048662541,0.0902349469751664
1277,0.159548571172058,0.4679318707624991,wave1,0.2319463017852743,0.0393356643390583,0.9305190654783312,0.9063607537997308,wave1,0.9869669317680446,0.6543538028854189,0.7387742098062698,0.3965504682373961,wave1,0.1826178301470309,-0.1272164787108145,1.0968312594125798,0.5337623378111085,wave1,0.3667386931750316,0.2452737567410901
1278,0.4170583845638381,-0.2034053540647979,wave1,-0.7513396031261328,-0.1981108835048224,-1.78153570997428,-0.2732877686642607,wave1,-0.3712913300252161,-0.0044939808817983,0.6896718597481366,-0.3115400917622541,wave1,-0.5786146539756722,-0.3370001233591537,0.2314619501091023,0.2463787653420951,wave1,-0.0779686413505053,0.2584855312992175
1280,1.2369448575300068,0.1044700124800634,wave1,-0.1634075197672431,-0.3150529938046522,0.8662219094581814,0.2245182659250356,wave1,0.2548825975789032,-0.1014537883767133,1.1021940904726462,0.1246745900538414,wave1,-0.1075447587943353,-0.2564792010472608,0.1056833274698466,0.0896007636998205,wave1,0.0220027929338288,-0.266959145365775
1281,-0.2341102680502967,0.1922577558045479,wave1,-0.1637537526262003,-0.708920508059637,-0.5605209881777674,0.0394497265665098,wave1,0.0822826519621576,-0.1262735451431994,-0.8418309944858186,0.0721219255742265,wave1,-0.1225961023990731,-0.434580989288549,-0.951455301264946,0.219048700926643,wave1,0.2824440846314442,-0.2151996161181675
1282,0.550495286569642,-0.006209814903396,wave1,0.5055475172312858,0.1510292255371417,0.4252373495730925,0.5965730111765468,wave1,0.4939112173728033,0.4271715868635521,0.7681724286297074,0.0209672241243948,wave1,0.4888468588907947,0.0813793501841121,1.0486687631404137,0.1401016995069502,wave1,0.3826177452112281,0.2174304893526777
1283,0.9197399466309086,0.2250284841481307,wave1,0.6455681960463695,-0.046952167975099,0.5678708336073491,0.5302914550914468,wave1,0.6166786637031128,0.3658060134589225,0.7137853753683118,0.0173445353786003,wave1,0.4323007334931412,-0.112289722036176,-0.391021214868735,0.0666775458744552,wave1,0.3951890072535167,-0.0920221233969229
1284,0.5960449777606972,0.3299363924237193,wave1,0.6680611734574295,0.3425432266920276,1.1234633117810795,0.414793963981821,wave1,0.3446574387308536,0.3510859480078747,1.198228852665458,0.1870389387248724,wave1,0.2568747675933675,0.1541071444480605,1.328865747131853,0.2671116768561875,wave1,0.279243430919368,0.2308563750791551
1285,-0.0168887943112853,0.1499094151130009,wave1,-0.1470314663268355,-0.1497707061481255,-0.1530495119217777,0.1415756441806477,wave1,0.0061031905890736,0.069784623817114,-0.0727866170179471,0.2928197870499015,wave1,0.0071937632259034,0.0553709370755545,0.2121317309497243,0.1881424092364337,wave1,-0.022448078566326,0.0228618180411351
1286,-0.0393732765577188,-1.3298127482029358,wave1,-0.9410899046849346,-0.9481917568827936,-0.7897364629571687,-0.0508547521771561,wave1,-0.2485426081161897,-0.3692298637578707,-0.0174686313227282,-1.10703365930003,wave1,-0.7196103299422357,-0.7023439678595534,0.9372258513551996,-0.8186077811508117,wave1,-0.6255676922100162,-0.603687299489565
1288,1.243589680244252,0.9418316730131412,wave1,0.9950937642577335,0.3041715209485864,0.0137640430156094,0.2306468305662101,wave1,0.2738996960954409,-0.3067947845069989,0.973373992898488,0.7516084197278401,wave1,0.8888307342729982,0.5126281805764306,1.044567298522301,0.6056414293934363,wave1,0.6020079971237707,0.2828787374679958
1290,0.0586121845619456,-0.2112573512664664,wave1,0.099145994981137,-0.0750732871170063,0.97209717649224,0.6118639084406017,wave1,0.4986735358751202,0.402779699634036,0.2572240463035879,-0.1239274872651257,wave1,0.1730999553991519,0.2134688269380533,0.2636162322814269,-0.0920959382254146,wave1,0.206735367273109,0.0792962444128081
1291,-0.6573957734191025,0.2458100709660464,wave1,0.2249179713567364,-0.1730430921339651,1.4342916299495423,0.2224636013202896,wave1,0.5088149661553614,0.136557431504291,0.1798731256464299,0.6703513492857139,wave1,0.5881122633936552,0.3267415809591344,1.182187603156756,0.6438879690681466,wave1,0.7588427441242863,0.4331251747969569
1292,-0.4983210559774373,0.2528542344126887,wave1,-0.4528014103886468,0.2715855560150351,-0.3610249572988447,0.1908798422765675,wave1,-0.1791993630233691,0.0070786688801952,-2.010110655482508,0.2761410642474832,wave1,-0.0744324343984056,0.4951165155164821,-2.6994479520806243,0.276581212113037,wave1,-0.0234389654904659,0.3718356778402877
1293,-1.0644423573026685,0.0930796652225331,wave1,0.0350596117330141,-0.5620441247172276,0.2567467570996566,0.5475878323116254,wave1,0.6156482167626138,0.452111319659934,-1.2944639912298912,0.1933800351120824,wave1,-0.013029607781354,-0.1348124315809766,-0.127303893530886,0.2227915938445722,wave1,0.2940385525836846,0.067598679712332
1294,-0.2857314513316797,-0.0795181950938246,wave1,0.0238288106228574,-0.0593960652990281,0.9376228002363188,0.3545684419406938,wave1,0.3485599263405881,0.2130530088248616,-0.1245597927782734,0.2587374828089032,wave1,0.3194637197390939,0.2791966055452432,0.2785888672047591,-0.0078992866928885,wave1,0.0399651512802333,-0.0945919634884363
1295,0.0321502445195013,-0.0750277840012483,wave1,0.0824705512853141,0.1383318601659935,-1.386504568107459,-0.1447845127322621,wave1,-0.0578555697688482,0.0996218959873854,1.149859378017028,-0.0057057155043251,wave1,0.1007405266555417,0.2173692678556776,0.4168450980041131,0.1417695006174153,wave1,0.3481316357763944,0.3457841395480165
1297,1.0077692066528368,1.1450301816582862,wave1,0.9915614816315176,0.5403236016221327,0.9832974637076144,0.963788728715468,wave1,0.8938363854869702,0.7312553168570401,-1.0536665520776425,1.012251558306975,wave1,0.7515546064589895,0.2115840550933974,-0.9303206678146227,0.9041628018904736,wave1,0.7341287571743007,0.2708863335927436
1298,-2.3587885805457223,-2.3932848638495434,wave1,-1.6393627648480955,-1.6493614396355094,-2.3678975764881227,-1.0914581232371845,wave1,-0.7857376199624206,-0.5904600720606519,-1.2416566302110996,-1.34098321187719,wave1,-0.920099951783608,-0.740607785636155,-0.7747929287301256,-0.7411030789750179,wave1,-0.571726182035678,-0.1275301583504253
1299,-0.4753014301027503,0.284868695148945,wave1,0.1212680073458485,0.3242321495088034,-2.21528572359917,0.5419050847215843,wave1,0.0473076453592824,0.1271461005881118,-0.5178930848524689,0.4843764929657677,wave1,0.2959218168254589,0.3972403023900359,-1.0358900376028075,0.5727582691078913,wave1,0.3335967055250041,0.1869957270299508
1302,-1.7512396349338224,-1.188504867910461,wave1,-1.384145078244455,-1.31906522411609,-1.1304418289556084,-0.4615522083219158,wave1,-0.4261114547720822,-0.2587111160389098,-1.1392358351644425,-0.5918604865484479,wave1,-0.8103972022929941,-0.5624490755766131,-0.6565982569305672,-0.2100167020736454,wave1,-0.4028961572493924,-0.3443915274842211
1304,1.2078412368637168,0.1195929761530161,wave1,0.1603358556869154,-0.0655487251622504,0.415003060862887,0.6040606108548123,wave1,0.5797448687087636,0.7220273445339924,0.9386057478025432,0.1023002258718359,wave1,0.1285177287428593,-0.0662156619289637,1.255799967385571,0.0748344734681715,wave1,0.1298316996522756,0.0284034255339135
1305,0.7561744209132066,0.6489557246335664,wave1,0.4499687150785716,0.2986915431570072,1.0793177027090146,0.9772027940543676,wave1,0.843407864104659,0.7566086771038845,0.6113614982128649,0.5350045582211134,wave1,0.3814968736734713,0.1936330735772028,0.5789033826724057,0.6029007863143582,wave1,0.4514856235443726,0.1116788086735073
1308,-0.1662226462894442,-1.386266981819776,wave1,-2.117755709754513,-0.3498618973434229,1.357435022967787,-0.7200387365574931,wave1,-0.8889972260947304,-0.2794958034194393,-0.7168272361197913,-0.8114545578231047,wave1,-1.4550823492793412,-0.1665383155662276,0.3781397902582001,-0.4140983503357163,wave1,-1.0235031519946738,-0.2053674426049909
1309,-1.3066281978972891,-1.23551137079106,wave1,-1.3353334399154484,-0.4448464497805382,0.7187018711890119,0.1525736042848237,wave1,0.0083703591841021,0.3696332490490549,-0.6600734614750078,-0.5877627959661853,wave1,-1.063469423378762,0.0341628151558077,-1.0882741315588815,-0.5322813356240752,wave1,-0.7243510713651704,-0.0342646138702489
1310,-0.1242557726219232,0.7140779374299224,wave1,0.8544799437820452,0.7704183266781357,-2.263450202789769,0.4707014192140124,wave1,0.7178921932129914,0.4088082236148271,0.1048538823680874,0.828382974468143,wave1,1.0361749965711755,0.8961361107815495,0.9158424613375444,0.6300574802213661,wave1,0.7167806238382513,0.7965413142484299
1311,0.5305565789536109,-0.1354746237190831,wave1,-0.2189475719507874,-0.4163207698701099,1.4306869283182646,0.2877582649138773,wave1,0.4082077094071962,0.2424629543632593,-0.2021811873556036,0.4269566365944562,wave1,0.2382760000540699,0.0688872184735441,-0.9918825682537844,0.5865452804990454,wave1,0.1688918761834834,0.2836272589077459
1312,1.8013488930745802,0.7110902743565362,wave1,0.9644885981523448,0.9755690423042704,0.9307778850860016,0.548469588334226,wave1,0.448457623611742,0.3214917982079507,0.974446505418898,0.7381248291982467,wave1,1.076971641567978,1.1012154554851918,0.2598028639488651,0.7074131624833726,wave1,1.0225488507154974,0.9147735265564444
1313,0.6136660517451201,0.6552563541439873,wave1,0.2669047076724069,0.2443074498482385,-1.2078943005233604,0.2628026398213694,wave1,0.3672925128529263,0.525236805444123,0.4017182363041723,0.2557808370031255,wave1,-0.057177915269925,-0.0033250638176314,-0.3747284396619035,0.1791301096728857,wave1,-0.1575134025521899,0.0661635309370579
1314,-0.9558389620956164,-0.1126961532821035,wave1,-0.242958963246795,0.0205316564158817,0.8919740439887607,0.4248901278317125,wave1,0.3394316097595056,0.4098390830612806,-1.402490892141501,-0.2691846519030444,wave1,-0.3131706440381488,-0.0296928140189177,-0.1773741325677527,-0.0456952323157828,wave1,-0.1485439606129181,0.0023010226030769
1315,-1.4741571446054464,-0.777040240405783,wave1,-0.8463298237837742,-0.775253284411735,-1.949971166033442,-0.4088587929499985,wave1,-0.4986972997472922,0.0842025728686639,-0.7343554876677792,-0.2411636313212588,wave1,-0.389890647939603,-0.1030428535145298,-1.750644423374703,-0.132812316279303,wave1,0.007411347094287,-0.2314219733759558
1316,-0.9441508970784552,-0.3952568076887006,wave1,-0.1262924670971403,-0.4479185046916192,0.4775171307647997,0.4287190158479629,wave1,0.7142768488826506,0.6317504483250648,-0.2389297619845474,-0.3789974007941585,wave1,-0.1852227713825433,-0.6267839646652422,-1.7533224148177875,0.1844154824705064,wave1,0.4153250985019021,-0.3704412978320064
1317,-0.1599769030007211,0.3338503654008697,wave1,0.1884700417328633,0.2482784457219502,-0.83835104809413,-0.125879387487048,wave1,-0.3238259608389557,-0.0495086657548498,0.9252969666925396,0.2828047317696331,wave1,0.1313828833441344,0.1096240849694407,0.3267692186451797,0.1432880552281492,wave1,0.0767366587109492,-0.00172811298237
1318,-1.6087984284062036,0.0279650566914402,wave1,-0.7614525798532916,-1.0298096843108613,-0.1476976047224736,-0.1317489767735508,wave1,-0.7171245185298497,-0.186696269237541,-0.0651785224429931,0.1379806616289455,wave1,-0.082717366742088,-0.5231166313147227,-1.183850143997666,0.0763788596331366,wave1,0.0612614489360034,-0.0860223697838012
1319,0.0777064079286176,-0.8986536136351573,wave1,-0.9809871045910454,-1.634107545556628,-1.9942516573613531,-0.4793190715249185,wave1,-0.7933804453721478,-0.8296832153974607,-1.8849689971741024,-0.7288015964647443,wave1,-0.7849919214481351,-1.403350894839346,-0.9633638166538786,-0.6800392552860393,wave1,-0.7483982636980944,-1.1704027333419988
1320,-1.2604905320046589,-0.5213547771508509,wave1,-0.0798997866792712,-0.5393367512895733,-0.4208438018754289,0.3407096606480517,wave1,0.4599497932428096,0.2170458437554772,-0.4066381143517379,-0.0724028101842024,wave1,0.1418013515377321,-0.0534664568571165,-0.5768185879038135,0.3459817130797534,wave1,0.6097179894963846,-0.0982409587123008
1322,-0.0060739302234373,0.2593065528318727,wave1,0.027255693603863,-0.0558392736089841,-0.2429223789780012,0.0057762128018333,wave1,0.0729205804148799,0.0552964080340644,-0.719266872200796,0.4860439272747461,wave1,0.1922078891701122,0.2146174458230259,-0.0488127040862733,0.4581178211524099,wave1,0.2924608672257351,0.2530360758927308
1324,1.7639233166913493,0.1122229969317774,wave1,0.3777808835032232,0.4592575032033876,1.343981877092495,0.4684517270199153,wave1,0.6540033081999836,0.9185939212849732,-0.3778637572986002,0.4200413449696936,wave1,0.4047727377523011,0.1758463838157653,0.3289636146689639,0.3193701956184181,wave1,0.4849145860548108,0.1846099813975122
1325,1.1117503907558632,0.9444173395697816,wave1,0.4114265089960625,1.0219716587681684,0.8710306408815989,0.7656423910370808,wave1,0.2583455967033178,0.445706934513789,1.7848740264481835,0.735644054999879,wave1,0.4112930987131417,0.8645998276644268,1.5042448623859273,0.6486887203082836,wave1,0.4132496602363077,0.896542507603574
1326,0.9757995041647016,-0.6981576155763229,wave1,-0.0149909600658453,0.0747299003066213,0.532088080008087,-0.4310914569045216,wave1,-0.2327926663587098,-0.1568557716196572,1.3666474831057265,-0.357242691556053,wave1,0.2499940688244401,0.1672901159336974,1.391171888099778,-0.1235006651592137,wave1,0.1306868500480661,-0.0816489542401094
1327,-0.0891058186550663,0.174491077904068,wave1,-0.1102778357462004,0.2574977127215356,0.1060138252159328,0.7026930082698977,wave1,0.258421188578823,0.4519028719732585,0.8223834645428297,0.1555766310857762,wave1,-0.0098376529189876,0.3250916953722071,0.0318567586978874,0.2084366902748318,wave1,0.0275883446081044,0.1668553149449101
1328,0.8843630482251642,0.5331584695671183,wave1,0.4019197716892266,-0.0589690213636235,0.6280346921195483,0.1910463289057111,wave1,0.2587203519893584,0.0656534782684414,-0.0759851419898094,0.7050789292855664,wave1,0.559034513585497,0.3657829802977208,-0.161232067701677,0.7046025196817326,wave1,0.5149724132810424,0.3293779691776367
1330,-1.0026779547809863,-0.3262237879383007,wave1,0.0810946563990753,-0.5498393639733181,-1.70720231860819,-0.1902049063988231,wave1,0.015376631628889,-0.4157138525917574,0.6267855289908228,0.1307783711219878,wave1,0.5134317132009916,-0.0082708514488037,0.5275019293720498,0.1459218510268486,wave1,0.3476806922178915,-0.0608730611978728
1331,-0.1154839355881813,0.0009055235795161,wave1,-0.1116937823027099,-1.4459679740072255,-0.4824277130106054,0.0078129278173765,wave1,-0.3095428228096214,-1.0773999368396758,1.057558205794887,0.4882572710459232,wave1,0.386215826255343,-0.5473551821898852,0.940974406633164,0.6155304070143395,wave1,0.5142565880959415,-0.0545249449716787
1332,-1.7240927588851431,-0.003747839125036,wave1,-0.0298883017785356,0.0064397365292636,-1.5916782161446217,0.4286232248371582,wave1,0.4778434194383796,0.91462441660366,-0.1405870757996696,0.1180997658038124,wave1,-0.1584771848612137,0.0264889331670269,-0.1724617608004378,0.5016546876760294,wave1,0.0981345874631577,0.4805025709468583
1334,0.20304442882829,0.1862115614835731,wave1,-0.1114247822307179,0.2606826465864316,0.635411638945145,-0.1216815909353385,wave1,-0.14793821874416,-0.2418346326795633,0.7733397652470001,0.3427554055631014,wave1,0.2197301439562517,0.5343240895591472,1.2608953739339674,0.360412257080749,wave1,0.200500456708618,0.3760682372515763
1336,-0.8756952360309074,-1.007859615828413,wave1,-0.3258407926108724,-0.5024234020259724,0.5949820740421505,-0.6174163640360759,wave1,-0.3277390500312296,-0.5407585890222459,0.3166041881213257,-1.088660179557882,wave1,-0.1877300979794205,-0.3992418438676466,-0.156947144967804,-1.0377433121784956,wave1,-0.466495944706944,-0.5129023021238092
1339,-0.2746930390905737,-0.2745514296067457,wave1,-0.1674973338187475,0.1716229033143743,0.6577660660102265,0.050133376833375,wave1,-0.1641276368653014,0.0223825115162444,0.5895888441547785,-0.101285264862975,wave1,-0.1674461644431485,0.1934640868819509,0.8418836393525417,-0.1855767349751254,wave1,-0.4155974634236271,-0.1185006572453653
1340,-0.0593887276378563,0.786624496559349,wave1,0.8051683974374102,0.6334001880013571,0.6710676190072398,0.8051089047475228,wave1,0.8399576840830458,0.5337362715983192,-0.6619960115643255,0.6204525863453989,wave1,0.5213217038257827,0.4939607724451023,-2.5398897239382254,0.3181660600982531,wave1,0.1967249184519718,0.3539856304650731
1341,-0.4554023443824587,0.0602489670642885,wave1,-0.0061291834204746,0.5464252707030373,-0.505734032718496,0.2358696074732442,wave1,0.3794924124033496,0.525220361676972,-0.977257325333296,0.1628734803404843,wave1,0.0545203659577018,0.7537349039885093,-0.5016337933372371,0.2633672209197737,wave1,0.1879057242819897,0.8437231373410419
1344,0.4604986277139273,0.336839192668086,wave1,0.1461619470151951,-0.2358114869825416,1.323478219684152,0.7911865940723475,wave1,0.6301115237461672,0.4993353774079487,1.529807964926648,0.4972643040670859,wave1,0.4374794505172372,0.0287950683109639,1.3981405005424032,0.4497923348842976,wave1,0.4203532633469873,0.1561645511140557
1346,0.1416843035279325,0.0505069476438508,wave1,0.132128416993881,0.6515935043376873,-0.8342419736347202,-0.1955094243334004,wave1,-0.1900300659849568,0.3960920289759818,0.0153801576290531,0.02778323945523,wave1,0.2013524134849283,0.4397772910754585,-0.8931918753289513,-0.0759552050257859,wave1,-0.0175063825581307,0.2761819314955873
1347,-0.2190219491333962,0.2440907620030528,wave1,0.0137903753329136,0.0196522333637065,1.179983065954988,0.3327671372836045,wave1,0.245892525406377,0.4109800310744105,0.1951282868204187,0.1652378034551211,wave1,0.0812865794950423,-0.2490544829187599,-0.0550092997564521,0.0734029354859151,wave1,0.0996256440749649,-0.1067533479959177
1348,0.5544652197822294,0.2766151129088698,wave1,0.7407755668897429,0.747953486328468,0.5738339377034183,0.1532879628458021,wave1,0.3650429274026197,0.4183659312720647,1.2142677189856577,0.2858159293857534,wave1,0.6917652634593245,0.8083668515162812,1.250298797989878,-0.1827716410523923,wave1,0.3042329194640385,0.3589758882947103
1350,1.3230940116818504,0.5431785174088646,wave1,0.5694637882762461,0.7148470186756188,-0.0387577080496556,0.2092584043944985,wave1,0.3140257924313188,0.5165458730897874,1.5411085903931578,0.2685355788951338,wave1,0.2994460165987689,0.4553381769918314,0.364715483236701,0.0428970628954399,wave1,0.0853140218826657,0.2112254614681159
1351,0.00974812468391,-0.6174090340863643,wave1,-0.6378212491588346,-0.5337939192735117,-1.1937956483962884,-0.3490120954999844,wave1,-0.0707590558876276,0.0945708088803343,0.6425740783374762,-0.207254936649557,wave1,-0.458857075599351,-0.244602847482777,0.7855066215194481,0.1293750104257353,wave1,0.1235180017876901,-0.072057039197349
1353,-0.1722165628279452,-0.2261799529704693,wave1,0.0706632079712594,0.321987999195596,-0.8442846545642568,0.2356011428122946,wave1,0.330743786428753,0.581408604127226,0.0751555746057451,-0.2334544596825878,wave1,0.1604637372385393,0.10304103526435,-0.6115115230140444,-0.3930194132941809,wave1,0.0440136561102666,-0.026654139908115
1354,-0.1327218855617683,-0.5793015800340813,wave1,-0.4432348641672954,-0.3898525868141282,0.4947943795803266,-0.0746792697058895,wave1,0.0503194926308545,0.1014140262264995,-0.6336136169749127,-0.2008431143272212,wave1,-0.17745074673061,-0.3198982932424415,-0.773709037223384,-0.2559646379780397,wave1,-0.1657724691919355,-0.3286289096552792
1355,-0.7965788676281271,-0.0695528452760938,wave1,-0.8001567472094866,-0.2827190916702347,-0.0585611387676469,0.1471177413498374,wave1,-0.0270909597569193,0.1721156294491554,-1.1072877710672009,0.0741545044573884,wave1,-0.6343791594791547,-0.11879108676256,-2.513881937286021,0.1640489837119796,wave1,-0.2820148990836845,-0.0341004165008941
1356,-0.0668608410632535,0.3955650744425596,wave1,0.2694554671094944,0.59468442839405,0.9529288615138806,0.5741969451292335,wave1,0.5278188260931607,0.2682429193526265,-0.704923987114941,0.1367670359350556,wave1,0.1003762425788696,0.5435468654739979,-0.3380259616265922,-0.0706320695339414,wave1,-0.0880118691135364,0.1914215782108616
1357,-0.8837255228249377,-0.0335051713475968,wave1,0.0481966281502757,0.3711919249872242,-1.046698453739596,0.225717960019202,wave1,0.2934235247842369,0.6413115303991546,-0.8283121324418271,0.0714895325159363,wave1,0.2629772942145321,0.1696771812266084,-2.150356117260629,-0.0109007041090508,wave1,0.3022155665184042,0.0403046504532139
1358,-0.1335469235421131,-0.3787651561290264,wave1,0.0744753993416675,-0.3012026777410266,0.5282643014854508,-8.028888065281237e-05,wave1,0.309288663395951,0.1633583301533439,-0.3064777629241116,-0.0881850167933284,wave1,0.4029093246100297,-0.0788621753560954,0.4160310915098737,0.0203902719682754,wave1,0.425925760769045,-0.0321049294563015
1359,-0.9726702467725048,-0.2219625246307068,wave1,-0.4048839414872809,0.0057925729268468,0.4244920855453206,0.4036726115291149,wave1,0.419793657988033,0.4115553344803369,-1.184949887024324,-0.5050061302246618,wave1,-0.2634490698914125,0.0514420310317584,-0.9893907350819624,-0.2456183164730197,wave1,-0.2269265146338273,0.1290183918215328
1360,0.0862126973459212,-0.3696931986247729,wave1,0.0758656450678336,-0.0083603182682638,1.3295651958348382,0.3703333325716373,wave1,0.6048310397187393,0.7575072541246084,-0.0143793385689597,-0.0854554885579828,wave1,0.4863236852769923,-0.0378115183603402,0.8397156793089001,-0.025218273468195,wave1,0.5049835671161945,0.1628371121955368
1361,-0.2964838822090338,-0.2836024115663962,wave1,-0.1594567037742456,0.2035171267375513,-0.703944523594879,-0.1310364562078577,wave1,-0.1491300052956955,0.630678230096413,0.0861872324233875,0.0030513844229214,wave1,-0.0153020241887828,0.2344978525997943,-1.640791417611999,-0.0373686230361831,wave1,0.0076772133762521,0.2333463415210614
1362,1.294753914154563,0.363367761142422,wave1,0.3938479210367267,0.1853263528265405,1.58031953752582,0.8065829579880837,wave1,0.5157463088432768,0.4767980880625262,1.6608128484845033,0.6684556585356427,wave1,0.5713897844671518,0.4988651020070793,1.1510006549912486,0.6380610416750524,wave1,0.4654749017563185,0.2921565369746181
1363,-0.8651437891314963,-0.4206936890224944,wave1,-0.1693692509094193,-0.7365534738597177,0.3181776909196449,0.5364207598047552,wave1,0.580465109709484,0.1915837131684101,-0.2030903819324651,0.0061652914820895,wave1,0.2023807804129738,0.1134482195985437,-0.2279789332303581,0.0655656557751545,wave1,0.1912850420692523,0.2707092044535671
1365,-1.1290104768720826,-0.3545177776513575,wave1,-0.3370515445910627,-0.236485042783743,-1.9784233727583296,-0.5413500952792925,wave1,-0.6459009274013638,-0.4018214363719368,-0.7628649526830746,-0.354836924113992,wave1,-0.2566826845816042,-0.1750857738078937,-1.6783547801533527,-0.1264001526773353,wave1,-0.0935772771675468,-0.0377645223427854
1366,0.2361248237367773,-0.0046886127540917,wave1,-0.0155009043348264,-0.4312772229737072,-0.7842685809678729,0.2266905780193211,wave1,0.3567555788618046,-0.1592003622054167,0.4619488788667114,0.1551341253892229,wave1,-0.071870223744054,0.0925463154383927,0.1161171694268854,0.1711114966098531,wave1,0.2461803750060586,0.0212453556826336
1368,-0.57987107913416,0.0029706553889412,wave1,-0.3201665865188592,-0.5546517330408611,0.6752719195857507,0.1530699839805849,wave1,0.0777087137086831,0.0319976091979095,-0.0750533217658412,-0.0932209810184188,wave1,-0.1662243527535361,-0.3572818819126195,-0.3932166219865962,-0.1519032284676945,wave1,-0.3036075808694144,-0.2043191546316173
1369,-2.112215520597176,-1.2274112426907895,wave1,-1.3658035017563686,-1.1088045239914908,-1.0583118082559155,-0.5620538993818529,wave1,-0.8300521656237889,-0.4887826110608391,-2.1859217047653123,-0.5768259955464562,wave1,-1.0090925396596475,-0.4645417872573713,-3.2995131161884452,-0.2716077642714802,wave1,-0.805428373679883,-0.3818119074525676
1370,0.8260773060372075,-0.2152503365286635,wave1,-0.3829765914760907,-0.3126038084312774,-0.4623916045339653,0.132639251915712,wave1,-0.0211765561653076,0.0604933275886225,1.055919792934078,-0.1693808564793,wave1,-0.5154174989667981,-0.096860497923034,-0.5202330694759295,-0.0963183738265374,wave1,-0.6988859249365178,-0.3183272057779995
1388,1.005905529101003,1.0635379438922166,wave2,0.7179124696996535,0.5012917017854259,1.2468048233282452,1.0989594344900817,wave2,1.0388981396722945,0.7959840654487461,0.0321401056653119,0.7044938226508164,wave2,0.2832586790753792,0.2018516541184623,-0.1950959018248884,0.631297706209301,wave2,0.4347609325763806,0.3262912865941507
1389,-1.4364349268408836,0.4742268613745002,wave2,0.0781254541917617,0.4552987929516934,-2.351823051503106,0.0013774083547933,wave2,-0.1303505342334955,0.2781278393272256,-0.0396379608704761,0.3155594388192443,wave2,-0.0011034147779939,0.4852369007584339,0.9565292039193096,0.3060337907803862,wave2,-0.0366058385403951,0.4381443275474565
1390,-0.4146558664371161,0.7461517985132438,wave2,0.2064329198004952,0.6008858712200786,1.4023248560719688,0.9779295144821034,wave2,0.4285249259388866,1.0365237682818444,-1.0904050673932468,0.4799183561928306,wave2,-0.0143862433935486,0.5173420242475435,-2.597201460511767,0.2594370086418247,wave2,-0.0822285277242005,0.244128058523497
1391,0.1731620923334803,0.1447258707828551,wave2,-0.126900064722333,-0.4295905108154472,-0.3283453309416909,0.0501696555098615,wave2,-0.3018578508905721,-0.1478285032415652,1.065691685751903,0.0098266772991685,wave2,-0.192188396744431,-0.3656422123858075,1.4356841137463472,-0.0705257515304423,wave2,-0.2738616557957792,-0.2484640837553922
1392,-0.5121738614410692,0.3013695231775697,wave2,0.357823173421375,0.1152006272583163,0.2139366406100137,0.1477935485592457,wave2,0.2254735595631164,0.2864235361864381,-1.2437325665098735,-0.0419058046254902,wave2,0.0458933139380864,-0.1267312202317719,-0.0234866458229796,-0.2875667469832046,wave2,-0.2070083544401866,-0.1474463219241251
1393,-1.1607256366737222,-0.0637076517916166,wave2,-0.0401012936500699,-0.0875453605145102,-0.4649418590778309,-0.317997543286055,wave2,-0.0829360802234476,-0.3260468576194829,-1.0126395040399183,0.2369062215472002,wave2,0.3173232744360559,0.1810504225848988,-1.8033909353516933,0.12765985191452,wave2,-0.0038277578753638,-0.1470179472625583
1394,0.337197273109782,0.2177550232188663,wave2,0.6152119705922763,0.3494888086771728,0.1364350832795826,0.216514657312282,wave2,0.1738390871377317,0.1982123305957928,0.463363578644319,0.0791204379979457,wave2,0.1386509972766247,0.0688034468217828,0.4221907401816844,0.0714655287461908,wave2,-0.0836593533874892,-0.2065211244614458
1395,-0.4700640283158295,-0.3609975930543583,wave2,-0.6767642786093773,-0.2876099518561039,0.2178324011097925,-0.160170295958667,wave2,-0.2014227323983923,-0.1343975275632682,0.3212751315302515,-0.1244812064828781,wave2,-0.1038031993203163,0.2855810926780506,0.6230152191637994,-0.2453747082170213,wave2,0.1369551678466992,0.3421099145371485
1396,0.6979188205246644,-0.222524004500533,wave2,-0.4447203178142616,-0.0943619609913961,-0.1543654279305006,-0.151774034716332,wave2,-0.340110522838822,-0.3529735184236852,0.987015923383426,-0.0589643874977886,wave2,-0.155355367150524,0.4070696121020044,1.0584208163762148,-0.0053716487080879,wave2,0.0007471637315616,0.4394981482241981
1397,-1.738916445381803,0.6098209669992971,wave2,-0.0759889047619153,-0.1066716025788783,1.5043744974512725,0.3802405815616396,wave2,0.1495389119086356,-0.0071791322520413,0.7904983537184407,0.2934063958259487,wave2,-0.1273350680985208,-0.1708355419144418,1.447733706640563,0.2903476340537825,wave2,-0.0497059612863468,-0.0602668555554921
1398,0.0943982818689001,0.2331957978257621,wave2,0.2091003747532225,-0.0595623068835553,-0.9108475629338952,0.0845662443000376,wave2,0.1282192810752254,-0.0171212107680225,0.5352563947820134,0.0306811374155532,wave2,0.016700905755808,-0.2179297072882494,-0.3897408786557621,-0.0114232026598476,wave2,0.0411512885817778,-0.1103026695295795
1399,1.3202202889514112,0.0310726945792279,wave2,0.5575253793949342,0.1176641931565245,0.1030790407175683,-0.020184129281121,wave2,0.4112146749203197,0.1324503897447945,0.6257474208906764,0.1115858263031126,wave2,0.4921033522666886,0.106295254819958,1.1880730916510756,0.2282878022403498,wave2,0.5109168224717491,0.3791378446805116
1400,1.3861154095775954,0.7214550626455853,wave2,0.7638581598713072,0.8052877120547661,1.558698145871039,0.282629521418261,wave2,0.2342119158660525,0.4680389062359356,1.2229370471054877,0.2083071117961867,wave2,0.1583498860842704,0.0708190257665687,0.8064063733977042,0.0550943132651792,wave2,0.0321706300147101,0.0205650815633845
1403,0.4369753756547512,0.1370005473847111,wave2,0.1471012882258486,0.4442574224486817,0.2302970374487006,-0.0821275230004943,wave2,-0.32417344923148,-0.0708381496938903,-0.1418452635616175,0.3586599627329573,wave2,0.2125138197894608,0.4962890007829725,0.6096676495814792,0.5323270899200613,wave2,0.4037519538418862,0.7565869701453335
1404,0.831170320546692,0.1932387424435087,wave2,0.4790744216604337,0.2595354790764206,1.0738812989627733,-0.1449478082544225,wave2,-0.2142530606235094,-0.15449198521694,0.3719389285703346,0.2793460460693343,wave2,0.7350333165650417,0.2691301055641933,0.2194791507682123,0.2585225672206372,wave2,0.6455802497150627,0.1713907102315767
1405,0.7860262458534075,0.7273773267979751,wave2,0.5735663144929775,0.6041639207823115,0.6564414647510153,0.3853820954299323,wave2,0.2676492622555209,0.2123366352216273,0.8413230252049604,0.863698271261274,wave2,0.8208842137270966,0.7703929722186926,0.8649445186216237,0.4585651136142968,wave2,0.5195485646481087,0.40942851739046
1407,-1.1624514174273402,-0.0772035883734822,wave2,-0.2658713439665261,-0.2082883908934563,-1.119343849282544,-0.0836965242648429,wave2,-0.2519706870455761,-0.0646100605301703,-0.4857485090218476,0.1421223076359019,wave2,-0.0164433621041319,0.1504529412284541,-1.0970821867175216,-0.1046533458985596,wave2,-0.1739281055923778,0.0873697768175041
1408,0.4526697990056575,0.4423529508943553,wave2,0.3327464389138939,0.7328465053808428,1.4961849582208613,0.6158036158707076,wave2,0.6043227142296501,0.7159258780997801,0.2190027096221953,0.2823529990762711,wave2,0.0012656724835778,0.3179704934507118,0.30355121589386,0.2195362964809227,wave2,-0.0654245828413108,0.2517850754436468
1409,-0.578316030404303,0.4471338727434713,wave2,0.4499102755419977,0.673625363611853,-1.4095240622577128,0.4845688651539941,wave2,0.0791313045836052,0.0751076605213798,-1.072464446147317,-0.020652348445955,wave2,0.0710540197565718,0.2667021589712897,0.0642939104903444,0.0863097998476532,wave2,0.0511043936656337,-0.0740036706644892
1410,2.8759367686175223,0.7353016277793358,wave2,0.4098594750728503,0.7455577006136282,1.7360991651295667,0.4795834199879745,wave2,0.609012691848462,0.6488242126376118,1.42045923696524,0.5626097620632058,wave2,0.2048751440973572,0.4505993151475531,1.5937616844620155,0.1724705170062318,wave2,0.0228969766253987,0.2057300405466017
1414,-1.4479903752892318,-1.2125976505532483,wave2,-1.0125372177853311,-0.3466032323403585,-3.1056941348154576,-0.9374771653880352,wave2,-1.206673396704805,-0.7445983993548696,-2.340092187487533,-0.9788973655736644,wave2,-0.7557637646181139,-0.1330518874371231,-1.4999694407739057,-0.626476191039252,wave2,-0.5252443802493965,-0.0555164264354839
1415,0.4316207928960966,0.7008800585904091,wave2,0.8316390516273677,0.2643636666930575,0.6059105910708392,0.2315263376278115,wave2,0.417169560473101,0.3562860223251211,-1.412222257987906,0.6334810455060256,wave2,0.6318408358921925,0.0161030680353986,0.2256909432278265,0.6250174864461051,wave2,0.7258238570181124,0.220576153858661
1416,-0.2864263859819063,0.2094619989870907,wave2,-0.0201418885071087,0.4244761768179022,0.7900281861439075,0.7816143080828347,wave2,0.5759055871893343,0.867922506364578,0.3221426545106974,-0.2064216432349962,wave2,-0.5018602010196745,0.1684110089503442,0.6590032434191523,-0.2998125075435585,wave2,-0.6447972431529201,0.311337197584613
1417,0.4081616037864337,0.3548054344717548,wave2,-0.4972165736741982,0.0029319724746836,1.137482572157798,-0.3403712761402855,wave2,-0.589218473746628,-0.2992400071155785,0.6398154838253663,0.3300784656788986,wave2,-0.3055137026754522,0.0445397011874384,1.2184823026076623,0.3944696774017354,wave2,-0.1501672200844971,0.2290930113198749
1418,2.21245328147043,1.0018501453498287,wave2,1.102398162787721,1.1511082891484363,1.198604372695587,0.7477523078651414,wave2,0.8671431856317409,1.0063512315170555,1.0451651646256,0.6875354591110237,wave2,0.7134926475479657,0.7829264115188932,0.3961114059366335,0.588132216114913,wave2,0.5222909308234169,0.5318582157395899
1419,1.2979696851708675,0.4986373456965822,wave2,0.7631869174556731,0.6489511932091359,0.930745503964956,0.1852241841035048,wave2,0.1376430191827237,0.1099589179199901,1.4419236154570585,0.5907308344231822,wave2,0.653734953184342,0.5495180184097931,1.0730272125167974,0.3910299487128936,wave2,0.4751165510215433,0.4654654845514229
1420,0.1295757240917899,0.593065052868843,wave2,0.532584373124614,0.7075217255166615,-0.8538886744284694,0.8354480693598033,wave2,0.604031803208733,1.0209278568818707,-0.2030390153140978,0.5208921717910212,wave2,0.2542654833245613,0.9918949395147306,0.1448254202339772,0.8446088421337081,wave2,0.3326175824547367,1.1491408011883255
1421,-0.8367014005310115,-0.7995366031886222,wave2,-0.6363496354287004,-0.1967096872069726,-0.1715131635128584,-0.617541971661526,wave2,-0.5972507909148885,-0.7255703351364313,-2.571374789676558,-0.7811704645513802,wave2,-0.4512986984073757,-0.2147096217420963,-1.8895591879367857,-0.6679271088060926,wave2,-0.5640944268747491,-0.2766440321026912
1422,1.175126647081052,-0.0208808188547959,wave2,-0.5201552698181686,0.2113542252084812,1.1802794047640826,-0.6821659594249849,wave2,-0.6797601224861014,-0.2405601790990903,0.4527487622688032,0.3501649187210909,wave2,-0.0234916358860195,0.5149041233746974,-0.3417814209584796,0.0787546650446593,wave2,-0.3513814323238029,0.0447501034630936
1423,-0.2981561077930731,0.3762358178072347,wave2,-0.3092740161585627,-0.4409227062330649,-2.854500887232292,-0.5334440332329897,wave2,-0.8221793157069655,-0.6071466407169239,-0.1226157796354771,0.294666955557564,wave2,-0.1787117490384058,-0.1652929032655037,0.0962146515654775,0.0931679381776812,wave2,-0.2759715036374465,-0.0298814146629288
1424,-0.1095251066635132,0.0846449545664056,wave2,0.2793071770019149,0.8509650413423111,-1.3617590702280071,-0.3746826609080833,wave2,-0.0239513712960328,0.2912146388378938,-0.0730534071576224,0.0705707151326848,wave2,0.1985505539898484,0.5817700401375776,0.0787259434984272,-0.0570137839609619,wave2,0.2192321961599206,0.4102174231108892
1425,-0.7047037198106558,-0.1400650125667657,wave2,-0.2313994364398479,0.3636987195219934,-0.267326073365626,0.1558876063043015,wave2,0.1218861169059961,0.2261052669861796,-0.891449427855484,-0.3145863247286969,wave2,0.1640476857251945,0.3376088286194681,0.1249459452449788,0.0676379470864217,wave2,0.2909243996737123,0.193631971219475
1426,-0.2416953757084309,-0.1293513148820719,wave2,-0.4362604456892118,-0.6590661391558392,-1.5389684227395402,0.1566140938139276,wave2,-0.1377149060490786,-0.0428898093644488,-1.7158236907957611,-0.8173050081182681,wave2,-1.2048542680243766,-0.8891042635112322,-0.7334384484015092,-0.9095993480864824,wave2,-1.341994131280463,-0.8046392601460037
1427,0.2309879243128979,0.3070633193550365,wave2,0.4474715880893289,0.0945453047385629,0.7920693922933881,0.3289385210089908,wave2,0.4595101526932452,0.1774983478601461,1.1986944039650795,0.1545006287751695,wave2,0.4900679468560505,0.2899344511463166,1.0243414849295676,0.0294965366740793,wave2,0.2095494180674961,0.0564895657479009
1428,0.7537332671034198,0.5325125166768523,wave2,0.1698454197378598,0.2696530841070494,0.2888487209376122,0.317214422779918,wave2,0.2088992402783889,0.4019194545027318,-0.1075823324676228,0.3758395858549919,wave2,-0.0066936559185617,0.1130134269104734,0.5972650838180467,0.1367835120751239,wave2,0.036963542438094,0.0334094933090782
1430,0.8798172589249256,0.5401266467815555,wave2,0.608228273473393,1.00685226530536,1.426602013488097,0.5941346774685154,wave2,0.7855226980771381,0.99195654774584,-0.5217957197564428,0.3273818498091489,wave2,0.3570428423508415,0.5481326639113622,-0.6868066838590896,0.3285154886342983,wave2,0.2277203342135211,0.6202847329464106
1431,0.0850682766342799,-0.0383948743350572,wave2,0.0961516123062395,-0.214557920050425,-2.635352850815076,-0.0779412924641267,wave2,-0.0925768098753079,-0.2052878753179219,0.3792419208861106,-0.2896248544695672,wave2,-0.2051586160081255,-0.6132241386996202,-0.0083844402812779,-0.4534507821761711,wave2,-0.3096370633192236,-0.418984376976355
1432,0.7160125106312475,0.1832073959925784,wave2,0.3216752258968836,0.346465499909139,-2.1347134604761147,-0.0238893963624224,wave2,-0.1454980050729526,0.1143405674603315,0.2739369341209555,0.2879464482385405,wave2,0.3808416567650134,0.5295443287303814,0.1838271572950551,0.2970512050724445,wave2,0.3640398969047824,0.557235440184566
1433,0.4205946559440644,0.5517070115016973,wave2,0.1636385679997469,-0.0267568201258563,0.555613232699823,-0.0047368619575746,wave2,-0.0775938756020125,-0.3809416135849434,-1.193837996392626,0.3558708420317644,wave2,0.0490785338931945,-0.0489315468280639,-0.4887558097551453,0.4818340497446096,wave2,0.2952505665608791,0.1161143365621406
1434,0.2156344167620538,0.1711636441836694,wave2,0.2224018078322465,0.6167075323555018,0.4847826050270969,0.2527527535359932,wave2,0.3879473530264601,0.3818349649295234,-0.0427576644102112,-0.0874233637627266,wave2,-0.0236950771158531,0.3452086071731177,0.6689814729865747,-0.1570693374168,wave2,0.0211730864918499,-0.0267417731377598
1435,-0.0322908099837154,0.1929393558870884,wave2,0.010220703493821,-0.2048279396831314,-0.2092919704345177,-0.2082518731864677,wave2,-0.1306797946036373,-0.0616231136358504,1.3560871340339082,0.1196672209256643,wave2,0.2766169667796822,0.0437916875640682,1.2907384262501655,0.2045268967006978,wave2,0.4128212320007521,0.0991553949847495
1436,2.145393615943142,0.4910390530774526,wave2,0.3833062435491527,0.5866305463272428,0.1044601367153245,0.0403072510188797,wave2,0.1107112194674746,0.2898306446379606,1.3167550876282297,0.580031673345375,wave2,0.4304636725743382,0.5528976738240787,0.9365137861961907,0.6557216997593294,wave2,0.3062319834477219,0.6847737975280945
1437,1.3322674730062376,0.6509097587944965,wave2,0.5682827354601319,0.6074612606701368,1.2754991590721914,0.7821590340720073,wave2,0.5522627536541969,0.6394001301777748,1.3500390243071638,0.514797169108153,wave2,0.405872314459482,0.5833446235070641,0.7289642069223229,0.5719732206437526,wave2,0.3976327448947488,0.6291008130096399
1438,0.8776337685593698,0.6220820133597527,wave2,0.1494814465359786,0.0031734117096027,-0.3688192197533543,0.4878669047075641,wave2,-0.0051052592083224,-0.0477341732088876,0.3509626746859798,0.4081924829350318,wave2,-6.083071250251315e-05,-0.1268926740530311,0.35357637633529,0.2852163056114642,wave2,-0.001524873005331,-0.1054164907650161
1439,-0.69351914022318,-0.2761887458105074,wave2,-0.4944445002367308,-0.2197077700620417,0.1441428803064803,0.1870625551094038,wave2,0.1503869233230874,0.2009359753231039,-3.3321979178113934,-0.3935178525157472,wave2,-0.6562912020571054,-0.4193604382218134,-1.605742687972521,-0.7836416408275376,wave2,-0.8757939112049243,-0.6912734488525035
1440,-0.5105011933503928,0.5375324855201322,wave2,0.1543711514084016,0.5527843192117134,-0.8940270655762087,-0.0326006123981807,wave2,-0.233403044004363,-0.1050828218691888,0.1056241959971274,0.5167753606919439,wave2,0.2444533700060009,0.3658890324894845,0.9907479705973694,0.4705832352095208,wave2,0.223291842421074,0.351332285345976
1441,1.3730761635033135,0.8102031710796893,wave2,0.9119323989306294,0.5420383565891826,0.1999171569495929,0.6165474848576364,wave2,0.4870590596525899,0.391817486321504,0.7412353364737179,0.6165584783978255,wave2,0.656842604133735,0.2568320598614009,0.3391598437892825,0.737352525713884,wave2,0.6555921184551226,0.4397406439356311
1442,0.8164868266649661,-0.0352179030761821,wave2,-0.2489835725097964,0.38972316936808,0.2159293633955527,0.0754409249841552,wave2,-0.214687021087456,0.4694355694205543,0.7605405441639378,-0.0132509553061458,wave2,-0.0586183052191108,0.1132248215305394,0.1611991843291844,-0.0121868427729214,wave2,-0.0318048714219049,0.1291712871731825
1443,0.9338028624222962,0.034694591873609,wave2,0.1697897660235436,-0.0304468140538725,0.5972980598961266,-0.0079135580646707,wave2,-0.1950725175779806,-0.0479990049898884,1.4348819823171857,-0.1492198247836119,wave2,0.1087321510185587,0.0085350347943524,0.7266894982318104,-0.1819260286847125,wave2,-0.1111162695532982,-0.2118098486746084
1444,-0.5177859937635586,0.7200967198135246,wave2,0.5712033762216882,0.2434057167140677,-2.689996688614646,0.6094001125834756,wave2,0.4141268375853626,0.330115979520827,-0.5433878251458136,0.5732990356805141,wave2,0.3895787381804405,-0.0668558372504475,-1.26251901753909,0.3121469104720767,wave2,0.1843930384919213,-0.0529703037171785
1445,-0.5704395889992818,-0.0553354982507767,wave2,0.3306162453215944,0.2009198591218146,-0.8458915793975685,-0.2399721176891991,wave2,-0.3771748075376266,-0.1819519941441432,-1.7946141653659895,0.4216672685543379,wave2,0.6550757449244047,0.5756788011174683,-0.5837591552044037,0.2540081247746997,wave2,0.1752034261861235,0.3521507090528222
1448,0.5216114781689332,0.5553719943327509,wave2,0.2282795685862,0.3898037642463148,-0.068396755850724,0.4975262900279136,wave2,0.0382979464407837,0.2644314496253315,0.2774784180493088,0.2748175614260782,wave2,0.1998912375323801,0.3332491010718296,-0.5075359468104516,0.4323212802055214,wave2,0.1972042780777415,0.2700390526317165
1449,0.5744281466085401,0.2669587337748356,wave2,0.2225576317074848,0.5812055741312865,1.1120833648352584,0.3267401284292703,wave2,0.4576573483720776,0.547702683395634,-0.0825610040232937,-0.0425412179772206,wave2,-0.2537137608408293,0.003298020682297,-0.4675351216562456,-0.0225069361005031,wave2,-0.1964257279951397,-0.0439514819943864
1450,0.101912548173631,0.9843125343858448,wave2,0.686499326183341,0.3410322323816761,-1.73595880355151,0.443543661394389,wave2,0.4850773330815969,0.4210350971847343,0.0115733202844329,1.0808838019653084,wave2,1.0443673681682295,0.6342937633666155,1.021232814627574,0.7560778207565728,wave2,0.730296485048803,0.5469434598867258
1451,1.126731258841828,1.3531056845590224,wave2,0.9755034839106064,0.5424284279710536,1.2010476029929096,0.2290771859703433,wave2,0.1690275246663954,-0.2666107241112203,0.3225396398871204,1.1700891643108429,wave2,0.8631969022013568,0.2823051573990999,1.0029261637052902,0.7717420417849211,wave2,0.8598987908873427,0.4189333570667518
1452,0.7066526136386958,0.6011349516777755,wave2,0.0988600773265184,0.6333166069501133,1.0870845217938043,-0.2934208203607933,wave2,-0.4657461504604403,0.0878581443103048,0.649281239298561,0.6822858552500775,wave2,0.2567212454969917,0.5614062766963119,0.6431951002165952,0.783254232521002,wave2,0.2013663966386675,0.6698215540415441
1453,0.8594046796642626,0.147568690475323,wave2,-0.2973263527767356,-0.1486640352654051,-0.0104502443823246,-0.3774001247357605,wave2,-0.6683442683556389,-0.4712691047298478,-0.6375918134258091,0.0276379985924821,wave2,-0.2575768061557755,-0.191955710251525,-1.4020587760968366,-0.0602065129480635,wave2,-0.2298698081093602,-0.1778093297679355
1455,2.2561047059388533,0.6826586603277893,wave2,0.6593481359979867,0.4774252824067124,1.6522246273578416,0.2711506018750997,wave2,0.3255567100674088,0.0601041491933902,1.617572849722169,0.6095227521183271,wave2,0.6100402323750489,0.5570810919091784,1.1826682761537446,0.6394985360459549,wave2,0.6860691503834024,0.765877545681724
1456,0.5974647998570572,-0.2316071005509608,wave2,0.0201586206639809,-0.5366661013241987,-0.0898173603581771,-0.348051604280523,wave2,-0.5479686182922217,-0.3251888114933672,0.7512756151928103,0.032043570985907,wave2,0.2622914125811688,-0.5840116712077112,0.4717502524673662,-0.0903412631991305,wave2,0.1850125769851862,-0.2705796472216883
1457,-0.4840265582308958,0.8474188919515999,wave2,0.7160946850372008,0.5469465496800305,-1.929824165999431,0.2669020082343601,wave2,0.1095750793623143,0.3475599913444734,1.2391314076945863,0.8218850150848367,wave2,0.951220446981303,0.616965864518306,1.1304210440675388,0.6472322285055585,wave2,0.8124691757643141,0.6985337723040173
1458,-1.8840271134611428,-0.6300892354718561,wave2,-0.8434574754545925,-0.7841681176982149,-1.9054256168122412,-0.914263218194786,wave2,-1.167620865978802,-0.8373807437376912,0.1333286028633253,-0.1517615338870146,wave2,-0.4778980937984478,-0.478768028997214,0.0271004088642476,-0.3390683523816954,wave2,-0.7559569088320214,-0.6251589728431973
1459,-1.779766404502571,-0.0324216844400433,wave2,-0.0475067545183882,-0.2729999742577356,-1.1981152968145747,-0.0748856912491442,wave2,-0.0316510863332331,-0.3757957524270554,-1.5946228464919745,-0.2500569406726922,wave2,-0.2907717027694192,-0.5337486499140411,-3.0431203622465355,0.0724704122502815,wave2,0.2397273521411227,-0.1204884610663503
1460,-1.3054650404839327,0.3145188465999615,wave2,0.1555783433077888,-0.2884019423266577,0.4951036755891762,0.5766156997233369,wave2,0.4233685337436674,0.1846353985608138,-1.9594925764962956,0.0209477871743901,wave2,-0.2151473900589036,-0.2799543119536747,-1.089083683655917,0.1301113011416769,wave2,-0.0948374622827609,-0.1205485389176165
1461,0.6192840810643979,0.2221963905825608,wave2,0.3408276421463454,0.059651165156854,0.630809013371279,0.3144412584224313,wave2,-0.0375458631425839,0.3292406633191461,0.7195999948926086,0.0723195844196509,wave2,0.2834162953094841,0.1578821536293449,0.6196252166954148,-0.0403340365977682,wave2,0.0058894460837251,-0.1031858963970708
1462,1.1351465321635674,0.516079143412244,wave2,0.7253627214707203,0.497683380735465,-0.0061238397675804,0.2639201502554908,wave2,0.1985357964218765,0.1335725159227401,0.7936443598982307,0.6721359550811863,wave2,0.6399204814140493,0.5822495511064767,0.5492409975716892,0.4724630749219831,wave2,0.6350979157928158,0.5694750233936277
1463,1.4501367634960776,0.3872687581624443,wave2,0.3589922319872991,0.1702477251848229,1.3014861059620653,0.2456203683871516,wave2,0.4197121290069843,0.1913764961649433,0.7720226714215936,0.1380741263710227,wave2,0.3246418487707806,0.0520245770471174,0.933117530806296,-0.0918186396555554,wave2,0.1621946981991439,-0.1085792850602377
1464,0.9735082149027472,0.1561031804078949,wave2,-0.4438506899714809,0.4991885516179792,-0.7561673777487715,-0.2497263223774637,wave2,-0.4821789998221253,0.1991489338181553,0.1617145990195991,0.2697587112468611,wave2,-0.0943290102310931,0.6405662604740183,-0.7206978855798192,0.3032089277798278,wave2,0.1148477987661583,0.5321532446701274
1465,-0.7172032889703533,0.1737370481051339,wave2,0.4037949675470644,0.0656741498593713,-0.7110046945559588,-0.3622078526001333,wave2,0.1550841060796348,-0.0899537450429224,-0.7835639145676261,0.1439623085688077,wave2,0.3783449228460289,-0.0643114035458471,-1.3558963710397045,0.1048169355003327,wave2,0.3693742344621453,0.0408233816883161
1466,0.1292294662148163,0.5104025403583847,wave2,0.1524162171890721,-0.0091061839539574,0.6282379418750837,0.5866230645835391,wave2,0.5864149863525203,0.5298697550855713,-0.905338838953484,0.0881154085580537,wave2,-0.3161421304512766,-0.3507717521514175,-1.227545145285221,0.1877788576332816,wave2,-0.1096143380921866,-0.3228725890268057
1467,0.5133361707243619,0.3233917812921536,wave2,-0.1080345225643664,0.3640210775518393,-1.1297348053214828,-0.2411353905409639,wave2,-0.3386616065138352,-0.0959088225137088,-0.1653031577440662,0.3705769317100527,wave2,0.1765554578628239,0.5776615830059131,0.0727307895271136,0.249364491829151,wave2,0.1669538868486445,0.3653092763910192
1468,0.104820965096099,0.171611955011415,wave2,0.1857299555054845,-0.3906123409086552,0.8487385172427588,-0.3616607348837104,wave2,-0.258216742307972,-0.6371797356584668,0.5642190370942737,0.2651100171126335,wave2,0.2520501097778254,0.1259063773890156,-0.0802492464997551,0.5897759537798852,wave2,0.5143033458907817,0.4413925793193397
1469,-0.9655589185020104,0.0685276800738354,wave2,-0.193544063617145,-1.0564008267933271,-0.717156595018577,0.0602030953085603,wave2,-0.312733073119144,-0.2909870761262711,-1.543502516187946,0.452052884089314,wave2,0.3351333740675014,-0.2290295338607849,-1.2428693052106103,0.51224885871178,wave2,0.2695283242414739,-0.0466268470584564
1470,0.8986962049771696,0.5834273266508267,wave2,0.4474587146238429,0.1986471686545652,0.8262839596500859,0.6295486342462218,wave2,0.7065143914344512,0.5990198540545679,0.7125787164907774,0.4754175811042995,wave2,0.2192079081840177,0.0294317022599699,0.8275052841985577,0.3559377257695467,wave2,0.1735935402255332,-0.0251777504889484
1471,1.2288472565506685,0.1867417409818965,wave2,0.6267258429864218,0.8641066017964432,0.1288716605105795,0.1466911015527379,wave2,0.4704000915447506,0.4508774109564317,0.2517020567713964,0.0805295103189251,wave2,0.2692675230563072,0.5271282242355229,-0.4358220856148636,-0.0377616326285806,wave2,0.2338598484142094,0.2898595498123116
1472,0.2109503275958199,-0.4291843870154672,wave2,-0.6927618738756973,-1.115757254203179,-0.2864250659694111,-0.4264757422509397,wave2,-0.783434442350841,-0.7119467949106801,-1.305023813025278,-0.205988848157525,wave2,-0.3937877063478668,-0.5580900120824428,-0.269808267312226,-0.259477781229099,wave2,-0.435864050979969,-0.6272298537485729
1473,-0.057560871812192,0.376650575773477,wave2,0.6506261584619235,0.8051482619776382,0.9925197914064766,0.1440462938471773,wave2,0.4140628664736814,0.2072412242681303,1.2883970073826445,0.32435039276384,wave2,0.4786120797191664,0.6788273914045186,0.8301218894760152,0.3450831164982096,wave2,0.5559540099731063,0.8321144179600309
1474,-0.7653435426570704,0.4186665001931178,wave2,0.2335888166779753,-0.3978216399247258,1.1245352256334793,0.4298560660747252,wave2,0.1305692378082907,0.0515691051198312,-0.7133005268577514,0.3831167905818635,wave2,0.0791414347764807,-0.4164047879902723,-1.0273478140516632,0.3662996015717832,wave2,0.0661185063809277,-0.468760222896901
1475,1.9836190983860424,0.8122947666577565,wave2,0.8802892557158515,0.8721780848790326,0.7865773742146424,0.2127669282545197,wave2,0.0599952182217928,0.0332733922647876,1.1008296787563905,0.7401560109572494,wave2,0.8432773497676169,0.8731068021733372,0.9640138103913236,0.6841977863081273,wave2,0.7295519931306172,0.8296267264352554
1476,0.9641596942217202,0.3499780603402531,wave2,0.0003937425848363,-0.1929623976884988,-0.1092917794172194,-0.1302594544548276,wave2,-0.3196436008718426,-0.0527442242865019,0.4880276351502394,0.4388484391131149,wave2,0.3728024854004705,-0.1533589646011632,-0.3199953919721194,0.0461366628038671,wave2,-0.016518937829951,-0.4883558044261273
1477,-0.053689860209821,0.4871458860376907,wave2,0.4248018312959551,0.5469459933571366,-1.6101860421923688,0.0287987270074685,wave2,0.2515407328319692,0.2572813232436894,0.8783096394593839,0.356910027064145,wave2,0.4204807289419514,0.3340615105243645,1.1261793156001263,0.011480385728546,wave2,0.2954275305874211,0.137278771587287
1479,0.5746663317160478,0.5062002305478752,wave2,1.0387565541685082,0.575312831822719,0.7013709350869287,0.3212463368596906,wave2,0.6400373670216227,0.3091155457748783,1.1513373658702533,0.3367488001450398,wave2,0.7069351188924828,0.6212983299861776,-0.9497132358907778,0.1361046190031574,wave2,0.4308499285598055,0.2707615945414654
1481,-0.4562775408362524,-0.5281006780254476,wave2,-0.3303957938561543,-0.7499684891549125,-1.16056828378691,-0.3625529476277505,wave2,-0.1653203507214544,-0.490387042934322,-1.3880501169706774,-0.2671789889461931,wave2,0.0698669520724133,-0.5207374006140697,0.0206874331050204,-0.1181644046284585,wave2,0.1685636447042159,-0.1943337170292066
1483,2.303708686002948,0.6053867343369139,wave2,0.5882623154437814,0.6523494448519542,1.5166292043978613,0.5588304650608746,wave2,0.8276065867144431,0.9114904620738646,1.6020281265315428,0.1907720099263052,wave2,0.1650810787495792,0.2766940039801772,1.1844672233697466,0.0656880546605395,wave2,0.0847382795802588,0.3986092777225717
1484,1.6584100627068432,0.6388392388327668,wave2,0.5366952271857426,0.699846769929592,-2.2134380619066425,0.0485997885617981,wave2,0.0546125101112464,0.1971750812459414,0.3607196721976299,0.4280706242064559,wave2,0.5677649449199668,0.6209731106145694,0.3952918973202619,0.1085509737609538,wave2,0.1173966690799038,0.3947835244473552
1485,-0.7805013229523443,0.225838312568861,wave2,-0.0366536240665826,-0.3424974192232888,-0.1945772215873689,-0.2191155793886479,wave2,-0.4259717943236991,-0.5192062323295608,0.4014423937601976,-0.0524488519292781,wave2,-0.1782297210823417,-0.5146035141963886,0.1346377926491978,-0.0776782820396832,wave2,-0.262889577313067,-0.3118258059481746
1486,0.3174818457857861,0.1789509806088596,wave2,0.5501139713104151,0.5842191488425719,1.167577172531603,0.3376251424658193,wave2,0.3798062206706111,0.5811527129995021,0.2118132229364681,0.0329817721246742,wave2,0.3433245053859289,0.4011686325271902,0.2620237308650253,0.0446124509257352,wave2,0.2623542422842062,0.1869790391348042
1487,0.213671647086592,0.6720396064271548,wave2,0.4964935031641289,-0.1214139564296676,1.4001579656756755,0.1023906075947441,wave2,-0.2260730397593476,-0.1091312972816761,-0.3966304851987705,0.4439303301619913,wave2,0.3616343277747765,0.0582278004222208,-0.2610194189603127,0.6049818642504943,wave2,0.472892473154808,0.3412466698993838
1488,-0.001460491391542,0.3467693267763372,wave2,-0.1434355741446618,0.482694495341073,-0.6088642477094773,0.2430675511979079,wave2,-0.1669309493625721,0.2730866429548804,0.2549750628910968,0.1813173820688464,wave2,-0.367415409007051,0.3286667038545997,-1.100543785467364,0.1723296732916353,wave2,-0.1654528523981828,0.1415610753754511
1489,1.4576581408989957,0.6221455832479827,wave2,0.6475320001021398,0.1052556207539645,1.5968192220305693,0.6666426774927339,wave2,0.8452660213809695,0.5430230774321885,0.3640412474618611,0.5699393783779034,wave2,0.5538244537845314,0.3298307921802028,0.6048324586769206,0.2312373240053578,wave2,0.3533476720002997,0.0910478054211659
1491,0.1917109945188245,0.1215489245891037,wave2,0.8138184841937584,-0.2143797462118066,0.2523303698400022,-0.2494765512725465,wave2,0.2952971333814369,-0.4479025643376888,-0.4727834569473896,0.1653214219842127,wave2,0.8997228693621764,0.1159811794900511,-0.5181369159425084,0.0875036776106212,wave2,0.686950461006369,0.1669627208637138
1492,0.8837309625854883,0.5130204325707401,wave2,0.5703376239257563,0.7002089525379298,-1.1504037152749689,0.2258221976487435,wave2,-0.1536933577828589,0.3546875941044649,-2.371041269244389,0.3213664091836221,wave2,0.5327986472899673,0.5519901735190278,-0.6865297841692303,0.2046843253567386,wave2,0.1845604741014396,0.3571160281297673
1493,0.0256166674815195,0.5060817512603009,wave2,0.1130602850730146,-0.0095090125081005,-0.0922067955598745,0.0885007762132201,wave2,-0.1280703851252855,-0.1744241238343482,1.2765963791234942,0.5140429061345564,wave2,0.1767124115399674,0.2233858932217407,1.336315098046209,0.538302304889426,wave2,0.0195192656578848,0.0690321916298644
1494,1.0337336026663158,0.38950070011574,wave2,0.2402518216962612,0.7194483443866364,0.2846090076188865,0.8288575233738422,wave2,0.3473968872073092,0.9152855631487786,0.2177520081871908,0.1704781800464624,wave2,0.1535547033825179,0.3851511491851444,0.2417269112390475,0.2638552685225012,wave2,0.1651009811165945,0.2573683371406857
1495,1.1209561966779462,0.3598643674736275,wave2,0.2601021406776835,-0.1811991799002448,0.6816067883474523,0.0123925659380477,wave2,-0.2264205196347064,-0.7223489176082367,1.0980689481850543,0.4202750010232251,wave2,0.4492882796222458,0.170451154622416,1.3244696016971975,0.3500622270950576,wave2,0.4463371586237999,0.0294612561598927
1496,0.8258511409964328,0.686453550024698,wave2,0.7220292451480517,0.6882664266123748,1.5383384581164476,0.2198864938701863,wave2,0.3075808171318259,0.3432845509920956,0.7884268096858645,0.592239775391929,wave2,0.6271853317299804,0.5105693173318947,1.1138694319911473,0.4138399476859956,wave2,0.451960142895606,0.3452625844948839
1498,1.6951526333837357,-0.3056633414404461,wave2,-0.3169186126788021,0.093051085872982,0.6910267448071648,-0.4295823458796857,wave2,-0.6060799521685194,-0.5103383126167009,1.0932856697477242,-0.0611429561649171,wave2,-0.0424232478225357,0.015021580724018,0.3224821159772652,-0.1684624770936672,wave2,-0.1449678896178522,0.1712056584532407
1499,0.5875786276263294,0.8481081000092163,wave2,0.8382771029623526,0.815088699983062,1.1978469348394416,0.4248690620384652,wave2,0.3895212733985178,0.5523264162156014,0.6078715217795233,0.4954028825453848,wave2,0.678061439263239,0.4079973614279771,0.2528267353669776,0.0501074798744299,wave2,0.2369887286209605,0.0322500478985404
1500,0.5036525910521575,0.7980778409282037,wave2,0.7201113823478726,0.654687022468464,0.214055770837367,0.8120215889482387,wave2,0.7659935486034288,0.6956348112485005,-0.0454427024272654,0.7606997678167334,wave2,0.7103355450643706,0.6266297122212058,0.0063243943642669,0.8256628202095552,wave2,0.774850242222957,0.9149755787484642
1501,0.2494804853907596,0.7751936596669831,wave2,0.8323133238164582,0.3561800231112992,0.6605817941264472,0.179150125396323,wave2,0.4090321123225098,0.2723166445324936,0.4337677596111632,0.8503397895711374,wave2,1.0417326642861355,0.3036649799839711,1.1099989331035298,0.5564536093466902,wave2,0.6168896298412311,0.2927495176083389
1504,0.8610561941660411,0.5391182258687794,wave2,0.3705969050110935,1.0943344375780495,0.9612643848685576,0.619088412835787,wave2,0.427744571432104,0.9896054519008112,-0.3382264227703325,0.0279368095773048,wave2,0.1938159387373922,0.6916361831024095,-0.2801189422571634,0.0441074878140365,wave2,0.1071020280144877,0.6441717497995704
1507,0.3542847802290998,0.5798845371072616,wave2,0.6707039850772403,0.3760022315931022,-0.5085961498475796,0.6563850205903918,wave2,0.8577981994005595,0.6963344247405816,0.5915505607492964,0.4645041927790826,wave2,0.4708594377962288,0.3695836083237757,1.0162837757497658,0.4130575908323756,wave2,0.5204430718274823,0.5292209916528846
1508,-0.6662904856450579,0.1726719218734849,wave2,0.353428226310347,0.7009005649716702,0.1951803603489879,0.1241304936317528,wave2,-0.03370153586981,0.2363311458596952,0.4700894473262235,0.3791908497219952,wave2,0.7230910516568442,0.5836935010952325,1.4328248952636808,0.6370212074267053,wave2,0.5265910037096176,0.6572235492910797
1509,0.5301915787983856,0.8354252371721338,wave2,0.6979195659746522,0.2258796107027953,-0.3835984993039691,0.1690824799967267,wave2,0.428295123414216,-0.0748612026201844,-0.0913633472013619,0.8188015223354396,wave2,0.7746056548358581,0.511092226134832,0.4358618449817179,0.506367249618536,wave2,0.6114169952989815,0.2252263516283882
1510,0.0904529791585502,0.0021866382760338,wave2,-0.0881138563613772,0.125994594503362,-1.0651184465580186,-0.1942258617968204,wave2,-0.1447150454849941,-0.1564919668513291,-0.3749258093768309,-0.1820902825884384,wave2,-0.2245009859509691,0.1222684525560112,0.3353303680863823,0.0881402903225069,wave2,-0.1516048956037387,0.1625120651760941
1511,0.7790888710079581,0.7359336739072235,wave2,0.9927594717929518,0.7524765597791352,0.9111907698238692,-0.0190538540736069,wave2,0.288811073119573,0.1097420358825536,-0.4741978954573985,0.600058450389067,wave2,0.8560728931466278,0.6535468398899534,-0.3993531865865741,0.4411178827889576,wave2,0.6930196666878786,0.5051016112802039
1512,0.3150248236826607,0.9753128331397908,wave2,1.000706868602804,1.030292620659644,-0.274312716156773,0.0838687271712883,wave2,0.0399117220669089,0.020723205846433,0.9122962785885796,1.1280232178905032,wave2,1.1431302135407213,1.0828508345614145,0.6105655164221009,0.7020226985696455,wave2,0.615174862071905,0.6441407298721454
1513,0.2310994492189213,0.132488815444177,wave2,-0.2942792112763586,-0.020379807161682,-1.4705766944350622,0.1977483075174881,wave2,-0.1126455471244685,0.3864153220605599,-0.7824939045458583,-0.0508861396735313,wave2,-0.3203994064807154,-0.0006155636608528,0.4640543347685164,0.1304404342896531,wave2,-0.0435773957976876,0.1796480109967254
1514,0.5363616167484812,0.4578778366308085,wave2,0.2012005331438731,0.597800801299603,1.3179265328012093,0.6048455331772109,wave2,0.100384564095187,0.2771703103492999,0.6418210019111756,0.2112746052915054,wave2,0.0325364964629114,0.4953638472445915,0.900845997584169,0.145789112345635,wave2,0.2016275194838001,0.580138555483073
1515,0.1475821652208062,0.2691819727309417,wave2,0.3943076284472195,0.038971472338694,0.9366400617939338,0.1914106905342647,wave2,0.223054201216303,0.0486098497468452,-0.7251476208346626,0.1336247430184144,wave2,0.3722314441908131,0.0678277836069048,-0.1261528625993921,0.1916621567872004,wave2,0.1249876851055423,-0.0329737502147261
1516,0.7914489801093071,0.8878930423040279,wave2,0.6380858146829467,0.6078140188473564,0.9901070751903184,0.637734732880721,wave2,0.5695619371253069,0.5833019627569103,1.3712164388523331,0.3326395982768045,wave2,0.2293833591729731,0.5222154788701617,2.0199589457227622,0.3250556159701542,wave2,0.2671559527409201,0.7236569767045172
1517,0.0067787717861515,0.139849514163266,wave2,0.2172727832272851,0.4924472999494065,-0.4428671183991715,0.3439182494029742,wave2,0.3472729376039667,0.3649651475718483,0.8921092668198064,-0.1623828085207895,wave2,0.0858399633289991,0.2696051584861428,-0.062478300226268,-0.0958694673654695,wave2,0.1073271197561344,0.1497052289696848
1518,0.5937221550591493,0.4839495788801278,wave2,0.3622913118612092,0.8972426244885461,0.9210141043472976,0.5950282205069646,wave2,0.7860187990125611,0.7110460595542676,0.2802138370191485,0.316925988787376,wave2,0.4473618378392651,0.4296962351965173,0.4451239697704655,0.1713166719985226,wave2,0.5500238663049558,0.2543499739110131
1519,0.7961138531353927,0.9518945858534162,wave2,0.6401798769080274,0.656214972218776,1.4519212124401093,0.7581015805842006,wave2,0.6905327315625529,0.6270523919666857,-0.0953317318934373,0.827512952240871,wave2,0.5729846439903966,0.6932608543829571,-0.7469024467832158,0.5264213140423378,wave2,0.3706375111890713,0.5012206147190511
1520,0.6920883254756152,0.3984004509572854,wave2,0.4494856218369882,0.7269153986113492,1.2667275261685111,0.3032318231663167,wave2,0.0817157820343728,0.0338939743923103,1.143007362425475,0.4566293697608098,wave2,0.4194469819831891,0.9185882516383916,1.3096771593792012,0.0535598473619453,wave2,0.1528744137019296,0.4062693331750803
1521,0.5848101142373119,0.5517174748709035,wave2,0.4677017512507366,0.6954969011765524,0.9173462295124892,0.4618411654523777,wave2,0.2801574470003531,0.3911751702180348,0.4799294877983538,0.3751466020271105,wave2,0.3957147344182398,0.5134163312128098,0.9072104822525712,0.2201102898769139,wave2,0.1483709174323663,0.2150985905284387
1522,-0.4298569403954153,0.2567885918256638,wave2,-1.0341150326437738,0.6123224647979222,0.8458818254011785,0.6181487705811048,wave2,-0.1605689627275208,0.1249735244442376,-0.0746400737005227,0.0037350068782204,wave2,-0.7485119110793844,0.4042225360868342,-0.7537727232438025,0.0411607938785086,wave2,-0.5988408805788438,0.0449343202972073
1523,0.6132692971336807,0.4732908657048242,wave2,0.6244645062792298,0.7380165373000729,1.388834663572547,0.6449530340023442,wave2,0.4777249228413431,0.7048804936613222,0.63647744184035,0.367477554598748,wave2,0.358193921064866,0.2942686610464974,0.4909589736302188,0.2075393280632352,wave2,0.009107523703867,0.042689086972364
1524,-0.577860322973468,0.2886863323388038,wave2,-0.0394660647330433,-0.3921572424794513,-0.7985339273639166,-0.2219522943091005,wave2,-0.217365243676264,-0.8438141507897701,-1.366611892011575,0.2830859782588536,wave2,-0.0862023867336704,-0.0990200254846542,-2.0424161019047977,0.3459424418198952,wave2,0.0961281864037356,-0.1541712996913543
1525,-0.4107542567963226,0.2163964503580606,wave2,0.1620164222077642,0.2693617207519292,0.4638013491976641,0.3569197054781479,wave2,0.1620271872750676,0.3915646088769389,-0.4095547924841183,-0.0734173762389082,wave2,-0.0890911287028178,0.069100992002581,-0.3179672673032007,0.0631873142647377,wave2,0.0434057714243384,0.0892553622540227
1526,-0.8652172503014722,-0.0906729788704119,wave2,-0.6802448923667805,-0.549335689058926,-0.1437693034186639,-0.328518022347235,wave2,-0.565334644216239,-0.4118961199548403,-0.5735148896887502,0.1663836398079919,wave2,-0.1078241170184964,0.0303111051702612,-1.9604958998606177,-0.280135412307046,wave2,-0.4997909852441654,-0.2293100888972167
1527,0.8545683046805548,0.1737529523024021,wave2,0.3628168362126849,0.1414152742465639,0.5194977732041167,-0.0651174061598576,wave2,-0.5374916466464814,-0.5112459211565548,1.1358885551660098,0.1148934982579089,wave2,0.2952066288875067,0.1810542822786697,-0.0432067118658657,0.0060653375350286,wave2,-0.0952854639129553,-0.1551568877045631
1530,1.0167577240535637,0.5724736495658655,wave2,0.8688692925452335,0.5298237821343386,1.4103888803675575,0.2981642768825261,wave2,0.8856608043878871,0.9233466373718784,0.4621332958235887,0.6567311607136538,wave2,0.6553997679395874,0.3605727752384698,1.0298141351327057,0.408454198348941,wave2,0.4968431789568813,0.3122387284195705
1531,0.2753520294129071,0.3489104645252761,wave2,0.2616902892939747,0.1642693375512176,-1.1636372524003773,-0.2099663902214978,wave2,-0.4324728912868152,-0.5270404160496485,0.8603867252985246,0.3876127431204915,wave2,0.4024658551455825,0.3657091445628194,-0.1665311249940827,0.0560136407310375,wave2,0.1122295849875868,0.0403270805154186
1534,-1.464810035912388,0.1217916533103049,wave2,0.193299219757733,0.3993764329024962,-2.149327330798925,0.0551912345719645,wave2,0.3256056436587295,0.3698641602422927,-1.0442627562422873,0.0478169880477659,wave2,0.08279614774594,0.4954082797060204,-0.1210238722950139,-0.0968337528889157,wave2,0.0510887527186177,0.3088931204851485
1535,0.0002869919840617,0.2980940801123579,wave2,-0.0561314765846736,0.0854617479363843,0.7439850533983101,0.0560926210496397,wave2,-0.2020690493598369,0.3132666732727807,-0.864185261882079,0.1102257468162001,wave2,-0.2434129390488407,-0.0621758015056315,0.3166429135621664,0.0049420477392961,wave2,-0.3964759172036328,0.0456554768228872
1537,1.5278063256980148,0.7201782217348129,wave2,0.1938484944099183,0.8354091164683162,1.3015358780037405,0.879700036817189,wave2,0.4417017736297586,0.8509683036391475,0.6964040690919285,0.568327452217403,wave2,0.2504830806490538,0.5495337936795198,-0.3886893859260015,0.4845823117302287,wave2,0.1538753462149785,0.3757981506105822
1538,1.25375533764665,0.5871111167475385,wave2,0.5763178751728826,0.0447845946264693,1.837355805441539,0.5015726412480113,wave2,0.4423194509739285,0.3074909923646716,1.360764220265327,0.2163269751793204,wave2,0.2948590446034957,-0.22378038970544,1.1465757207796858,0.2321297358892465,wave2,0.1494237433374255,-0.1580148039875027
1540,1.4645578655874305,0.0618822458802732,wave2,0.1377023707185518,0.3424025367072678,-0.1733505256331946,-0.0451666112261853,wave2,0.1225465917231612,0.0174015499247944,0.7574739189659284,0.4175397627570929,wave2,0.4561280379007504,0.6099647732247722,0.945347413423517,0.5317344776384105,wave2,0.6636496049389626,0.603602311181713
1542,0.6805156078117582,0.0586335432747708,wave2,0.4083238369654145,0.4144640690072094,0.2020619770567905,0.2102312030991602,wave2,0.3495678991597513,0.4812818558889213,-0.3560115434740327,0.1160715045479094,wave2,0.1297148676208794,0.3952086437787718,0.6250274705862326,0.134344532125935,wave2,0.0953772617200617,0.3082157929176717
1543,-0.9778689604661116,0.3486997323080321,wave2,0.3252780267969277,-0.0915894514550581,-0.7508147540924814,0.3290908031693167,wave2,0.0174942887925837,0.0634108614415498,-0.7997479377901167,0.3042667639477822,wave2,0.1727220532417856,0.0110922250613285,-0.1993994111295167,0.1675443149246792,wave2,0.1071526080899941,0.0023303820542223
1544,1.131708924888953,0.613155243873097,wave2,0.294232129437147,-0.1299013808426516,1.0946043655054878,0.9915770472698708,wave2,0.3650260632518739,0.3711873214863718,1.3737909720493595,0.1930410758558872,wave2,0.0056061616641008,-0.2741363802179802,0.5440773298669908,-0.0739312522421591,wave2,-0.2857497816637471,-0.3602589804656043
1545,0.1788999787924491,0.490154386436378,wave2,-0.1154050665511001,0.1845032535971698,-0.3883260992673491,0.2781214889765082,wave2,-0.1946808020604069,0.0141061948059535,0.175865553799907,0.4397618640378368,wave2,0.0487951869123163,0.2776357449641106,-0.1949089885937954,0.1920981663331077,wave2,-0.0215798236234939,0.1108662667837639
1546,0.816272733655236,0.2872715473151932,wave2,0.0678173471620731,0.3555988288727389,0.0154566199829164,0.0086216390259394,wave2,0.093675400188677,0.3634175346656763,0.8555547169264118,0.4286521506239346,wave2,0.2397810758218052,0.2746295295750366,1.0087718954503753,0.1848000508399926,wave2,0.1261074381743426,0.2152929578403303
1549,-0.6845800261045831,0.1036241563741269,wave2,-0.1080602076776409,0.8082211185340955,0.8796299555111892,-0.0702220149430248,wave2,-0.2176266166669678,-0.1165229506945269,-1.305815706377928,0.1265970048941892,wave2,0.0190700630558673,0.6623548182043867,-1.1247101308433731,0.178794174411374,wave2,0.184331174526385,0.4272465866663911
1550,-0.1557563142854716,0.5210943039371227,wave2,0.776338437146991,0.8745594202649962,-1.1309378648366009,0.2020323219484368,wave2,0.053778817004181,0.404119166221081,-0.3100934841379808,0.7112702896870461,wave2,0.9124669504319616,1.0064384662650303,-3.1198731634317243,0.6169334389603963,wave2,0.5715269909499331,0.7530822106220482
1552,-1.3467481225042754,-0.1228016143612116,wave2,0.0071925631764764,-0.1678731757014917,-0.2680697257525514,-0.4268165785966671,wave2,-0.5497676931440405,-0.4882552574320709,-1.2686119774095754,0.2069749423031183,wave2,0.2157972457468283,0.4474935818619342,-2.7037510131781968,0.0779925627112313,wave2,-0.0229131956800904,0.2216120237814579
1553,-0.4345968651882683,-0.1052420730214906,wave2,-0.2782094952063736,0.2615140412205519,0.5550041894137445,-0.1746291221488354,wave2,-0.3318368479925144,0.1164274454181368,-0.2235181103744341,-0.2640424275553389,wave2,-0.294136825179621,0.162964664129343,0.7588792941053657,-0.2878225935453283,wave2,-0.3218444849072984,0.1709490502333931
1554,0.52895339975078,0.1706647613267509,wave2,-0.0255379731250959,-0.061607277206257,0.3619282529966446,-0.108243700744699,wave2,-0.2327063775771356,-0.239285905552693,-1.2840517212583211,-0.0072134591650017,wave2,-0.0934164680737945,-0.0272262352412422,-0.830965193461043,-0.1288220934018721,wave2,-0.1700244385892336,-0.025721632288216
1555,0.2328306213195262,0.533270546447242,wave2,0.2770424644510636,0.4640561216322942,0.287502751955464,0.5729735495712402,wave2,0.5630428438797854,0.6754370340388371,0.1482347663205844,0.2877258393148442,wave2,-0.0275392970081512,0.1800847572686,0.7095278665732088,0.0272743050729119,wave2,-0.0376724770590352,0.252725244696835
1556,1.2892389922264664,0.2685243012458467,wave2,0.4259409528421587,0.4643103509010151,0.6318791338984905,0.0566367790067161,wave2,0.2233088253567574,0.3050596716522347,1.3264086842498877,0.3032137782570504,wave2,0.5001687382083378,0.4354816704109771,0.2855996873504964,-0.0301619896972958,wave2,0.1157808446030007,0.2531487618098008
1557,0.2227109486039548,0.1781078897997248,wave2,-0.2565532384453353,0.190399116202276,-0.1867394534469693,0.274665984316977,wave2,0.1730817064416618,0.5858500399099822,-0.7123910925127489,0.2178190207780608,wave2,-0.1421743387588898,-0.0159274639653028,-0.0395309165159077,-0.0192460394024435,wave2,-0.1787283219171193,0.0281548942975983
1558,2.2983032502360934,1.17762327962472,wave2,1.4808369491582845,1.0035884345873027,1.3957272609208893,0.7390660855543651,wave2,0.9337259811876644,0.9416342149043456,0.9774307898631214,0.7379077286047265,wave2,1.0111747631893442,0.5391026481253464,1.6516864787069068,0.6463773203560325,wave2,0.8468720983347601,0.552916317527356
1559,-0.3383052573115131,0.3442246543057123,wave2,0.05844318672509,0.2652931544379204,0.7257002105444373,0.041821248254243,wave2,-0.0818502017479168,-0.1032165350652429,0.4754603425926902,0.4552657599091035,wave2,0.0795225184115363,0.4458262982087392,0.9076536395171696,0.4394950906273814,wave2,0.3257212793400285,0.6635944409340845
1560,2.56712504137986,0.5698567147739722,wave2,0.5615347579277219,0.912748071501822,1.0107446536809412,0.2580939459690046,wave2,0.5513188721138667,0.5447933496669077,1.3548294700989505,0.5642120130251173,wave2,0.4308393348168303,0.7071432457496635,0.4424237818807316,0.500873053234331,wave2,0.627324888718617,0.7223145563417551
1561,-3.0125058414820067,0.1542091902576774,wave2,0.008348592506687,-0.2923085087015713,-1.4286406706344896,0.0425101596755492,wave2,-0.2761464188755189,-0.2170022469442329,-0.974156008627957,-0.1095150916893041,wave2,-0.1723686900475201,-0.3946707740645077,-0.2264610616111536,0.1723947939916502,wave2,-0.1487148241643839,-0.3632114971462915
1562,-0.0310160032197732,0.2653677166810047,wave2,-0.0835084847153351,0.0361959076774556,-1.9629163490716983,0.4495784740956612,wave2,-0.0859004693671785,0.1451775297997057,-0.0123329390208902,0.2098903941937512,wave2,0.2814421125442879,0.0820583766928769,-0.7484231572580257,0.191084867405105,wave2,0.1839441724719502,-0.0122639957205162
1563,1.203500320883659,0.7341720064169106,wave2,0.3916402907286365,0.6115579820963717,0.1004217628626128,0.7380194725431051,wave2,0.54281915891469,0.832168208052491,1.678199949401087,0.6266956038700892,wave2,0.4311751596669083,0.4179626568846467,1.5455671421788992,0.3496167039439409,wave2,0.3125181921489467,0.2879932221772628
1565,-0.602280892980977,0.1284357626295049,wave2,-0.2749599293122027,-0.1059663363799074,-0.8597607535770335,0.3513848102104986,wave2,0.2003505183679457,0.3339539843491845,-0.4220473117587104,0.1096500239081684,wave2,-0.3668103591469814,0.039280942987563,-0.1131723963847348,-0.1760835089733122,wave2,-0.5298631047766179,-0.0704711333231694
1566,-0.1619488505652451,0.2268241005944542,wave2,0.1694129806596636,0.2219625875494224,0.4236398540442413,-0.2169077006937461,wave2,-0.3110456152093577,0.1709338087472898,-0.5641540499123981,-0.0805990890749351,wave2,-0.0557102570910673,-0.2342665068877326,-0.1735173636479277,-0.1542628817013455,wave2,-0.1684458603961151,-0.17333738320482
1567,3.0192343299680022,1.1920214566511156,wave2,1.131930552346858,0.8799360753239851,1.1793141889033207,0.8120534065089822,wave2,0.8364867004617715,0.8190463866468987,0.6062541042651736,1.0705548253586947,wave2,0.8951777022802366,0.8879830601299029,0.4195521127012883,1.0652456745242769,wave2,1.0841949220853864,0.9081308413214132
1568,-0.4699199831928983,-0.9526514167873028,wave2,0.1464666142271595,-0.0987743064052657,-0.7600302239610824,-0.5639654453713088,wave2,-0.0628924094935912,0.145082335408158,-0.4641391091283595,-0.7438842491686153,wave2,0.1390334321729199,-0.0206194725102812,-0.2366556014137334,-0.6689240111104492,wave2,0.0564368019719235,0.1361418179778643
1569,-0.6594391013550596,-0.1179785438668017,wave2,0.3903358633194718,0.3509681229476116,-1.2828664037118784,-0.1423517692238225,wave2,-0.0943180823281428,0.0974933585941069,1.1502617253654532,-0.1429571769398927,wave2,0.5812420683166118,0.2628331627788068,0.9141572786088348,-0.0519154962571676,wave2,0.4170920583764873,0.2331593394808851
1570,1.3149380429921045,0.8667387711777041,wave2,0.7086643339870795,0.6830699703155263,1.5029429081887122,0.650001045785829,wave2,0.8499603483539042,0.6256259842425145,0.4785634531171368,0.4683083253487917,wave2,0.3409064957757454,0.2392162764488633,-0.5413757135029753,0.4117471132774105,wave2,0.1024424822391528,0.0251213019494075
1571,0.5158934202632173,0.5047559273365656,wave2,0.4745733742335902,0.6993409355836859,0.5378285484330407,0.5758210681956126,wave2,0.4582254205150011,0.580979000080033,0.4441558536744346,0.2963820569370908,wave2,0.3707825793350915,0.5806203272545821,0.4927193284380407,0.2886952607192751,wave2,0.4106130293790618,0.5443062621035554
1572,1.786659674935504,0.7118246918073581,wave2,0.4681146731798482,0.2022731255825407,1.7486785751315588,0.617628628595829,wave2,0.678875229618896,0.6923523509290317,1.445700600925404,0.226222370749212,wave2,-0.0029101467524271,-0.1682754013276749,0.9135535630812988,0.0107118157363469,wave2,-0.0631326031360149,-0.147531193196421
1574,-0.592904662958994,0.5184131714624907,wave2,0.2025671283957106,0.5492891862138949,0.726226374762867,0.4925671429219851,wave2,0.16665216512849,0.3990652187265837,-1.8146527904888712,0.5057169945240031,wave2,0.244903293255183,0.4419301748470942,-0.4918725498633573,0.2998110645452122,wave2,0.1369116604261554,0.1987675157931189
1575,-0.178790533655138,0.4098617428680784,wave2,0.1215517101601917,0.7548855207988434,-1.2267882160874848,-0.6413143888206059,wave2,-0.2932472849740084,0.2996642396877966,0.2691220659202771,0.3941259430008491,wave2,0.0574968078697412,0.4169515575737604,0.750787970168633,0.3885675470884767,wave2,0.1832599841302687,0.3384308548296831
1576,0.0135940674262063,-0.3984173243176614,wave2,0.0454605761385802,-0.1383086679717671,1.502253097256908,0.0815692656031847,wave2,0.2196668009628712,0.2083122656818541,0.567555590138439,-0.4016566575020168,wave2,0.1813493633543607,-0.1038067620462376,0.2681407109987614,-0.1279520090065046,wave2,0.2342610988418355,-0.0425402703419123
1577,0.0716628862967078,0.184985877691477,wave2,-0.1872878742620622,-0.1629746070663777,0.702810696271678,-0.2334100572707882,wave2,-0.0725181061388533,-0.1229447120194562,0.1860778116043369,0.1395485894271989,wave2,-0.0013240384056715,0.1256452937880144,-0.9769466592015152,-0.0498534752159353,wave2,0.0524646699679752,-0.0832050772623361
1578,0.5423024488057411,0.8283410878671731,wave2,0.6180102496795197,0.51553308675176,-0.9089174494241036,-0.0229662956177247,wave2,0.073930738781943,0.086009395316811,-0.3922330882442318,0.7520984181820624,wave2,0.6468583499842827,0.703568942084492,0.0424696835791269,0.4136065440380169,wave2,0.466968173719687,0.4906177644387574
1579,0.8944558885701517,0.7194806895937442,wave2,1.0493961500331448,0.3457922736439851,-1.0695693781750486,0.4172709655452857,wave2,0.2234044531843158,-0.0315860766907727,0.40793472823375,0.7847887025394255,wave2,1.255562531890427,0.3799875093970749,-0.3085758152753571,0.5914666162332919,wave2,0.9646145413062364,0.4141918686097562
1580,-0.7971199089667862,0.2392991161870949,wave2,0.4476585640385893,-0.5111315095652174,-0.1634123379583987,-0.1282007802409677,wave2,0.0396444797880219,-0.1776596885496248,-0.2973979171923166,0.2058588544392596,wave2,0.4580769432923113,-0.0561011004025366,-0.0479594484043765,0.2178893405875146,wave2,0.4553832558855974,-0.0740929008955118
1581,-0.591876081506189,0.0272951055569992,wave2,-0.0715597668488943,0.0931887084675189,0.4777401760170325,0.0001368668238455,wave2,0.0529711714130449,0.2616612551821333,-0.850396101190351,-0.1948402325024073,wave2,-0.338221990531819,-0.1522396586096862,-1.1282542887104592,-0.2984515236410311,wave2,-0.2059136536914466,-0.1078096560457325
1582,-0.4175503512869007,-0.0151476861350361,wave2,0.0790446345882118,-0.0781436878758135,-0.259664508764229,0.2303034237042576,wave2,-0.2676839188822453,0.3104351692758138,0.4298302012361173,-0.2626486487754671,wave2,0.0339442313687011,0.0160842072926973,-0.4305253739996247,-0.1112608811820662,wave2,-0.0758308754900155,0.0306731017665543
1583,-2.4667590965382873,-0.3915287657490172,wave2,-0.2230989494225512,-0.3510122064266912,-1.7115201316860509,-0.1695518585956246,wave2,0.1445018303203706,-0.272561584798622,-2.11163188163608,0.0234664897997546,wave2,0.2617809116264664,0.1957952183208703,-2.2884072670161384,0.0767654591115662,wave2,0.5702004924630867,0.2274389936492446
1584,1.5507922890865236,0.4061794443209416,wave2,0.5336569389106542,0.5332059414715977,1.4465039144850178,0.0408400691933898,wave2,-0.1804319825666787,0.0198413919042423,1.2310368866611916,0.4104771967206412,wave2,0.4338375361560779,0.5902692202066323,1.0539956358762024,0.4736010101672095,wave2,0.5101735856577422,0.7225870895504424
1587,-2.4732972939037507,-0.1788626487909721,wave2,0.14689134039426,0.1224688618998648,0.5531010260676804,-0.3022085372666927,wave2,-0.564120185106479,-0.5962509298334564,-2.752274958917691,-0.3546939237898875,wave2,0.1691370831495277,0.0566189440885404,0.3612261542786346,0.0213612281836675,wave2,0.4539926347268389,0.2056511099645582
1588,0.6712656018612952,1.0092196075207376,wave2,1.0877668912743013,0.7057761914880398,0.804281104373258,0.8284768533348346,wave2,1.165502508878676,0.5524303959473182,0.806532870270206,0.7395900843012603,wave2,0.8513875306347395,0.4981717325867366,0.5497462386430705,0.5088245605812193,wave2,0.4755676171351729,0.3648785528459511
1589,0.69807064562807,0.911599988870534,wave2,0.724226535206763,1.1831124802251158,0.5623826959715017,0.1109857642213,wave2,0.0508200105071662,0.3915978149853348,0.6293163527270543,0.8704389006014285,wave2,0.7568164584316109,0.9155408797244874,0.1600172764271911,0.638615371131094,wave2,0.753678560242705,0.598211351549871
1590,-1.1184186101668985,-0.1117287258103032,wave2,-0.3777883353044728,0.0689850993421687,-1.2866240635589044,-0.1112428673847216,wave2,-0.3874701303059722,0.0179147669799308,-0.9845110191699176,0.1262401088645742,wave2,-0.0132059629424101,0.2787706160566404,-1.7027385557352566,-0.0486252820811708,wave2,-0.2578679298794771,0.0376576964762452
1592,0.762117285557258,0.581382904651341,wave2,-0.0334129484702265,0.3427100491018358,-1.4728989097672924,0.6439784995240547,wave2,0.306640994112755,0.3910644246209203,0.8118048175750828,0.2948811115121604,wave2,-0.207805125656754,-0.0820819815704453,0.9630387660494608,0.2748881644965365,wave2,-0.0670913382973831,0.0295805446681337
1593,0.6489221046063912,0.947837160320566,wave2,0.6281280532560003,0.4069163552769073,0.332650627806439,0.5391843122961077,wave2,0.5052043354405051,0.5554279834777862,0.6430831797554122,0.4940020352304558,wave2,0.1600714892107794,0.327464942577588,0.3637238345420894,0.1221304433327249,wave2,-0.1135180274163391,0.2738279320984021
1594,0.1391261995800211,0.6692962258223649,wave2,0.4488539884828895,0.2886972622033958,1.2787484591750955,0.8423386426656791,wave2,0.4944303681080906,0.5011406442740332,0.1612886813675464,0.2898162545800963,wave2,0.1498496896644136,0.1657712986408167,0.5712514572221047,0.138758915220391,wave2,-0.0137103642230874,-0.0221957947717444
1595,1.003391035706943,0.2865549812106289,wave2,0.2539717098093104,0.2399199985727702,0.9742604663214096,0.1219275570868996,wave2,0.065903662920506,-0.0478553348670476,0.7090128004378234,0.2806168026718246,wave2,0.3629846762836023,0.3974845619592043,0.1005113430503652,0.1737092640333321,wave2,0.3023864672702768,0.2389974122473978
1596,-1.1775589135268143,0.1850453022405154,wave2,0.1582718301530037,-0.0868533194560083,-0.2719178869010547,-0.345178165846955,wave2,-0.4212989893864378,-0.6318564082012803,-0.3952689951118339,0.4022489797021987,wave2,0.4552682827395896,0.4024795664979089,0.1826902463809748,0.3928513069098186,wave2,0.464820434998315,0.1729226261919699
1598,-1.6651993633645938,-0.2879420373865082,wave2,-0.6216200515146362,-0.0589817621934152,-1.1372985270470524,-0.1032812308486663,wave2,-0.3616348297166771,0.0767756542754902,-1.6652117991191222,-0.1392504632164246,wave2,-0.5621156253206242,0.0663601591415371,-1.2448859216364967,0.1261955109136704,wave2,-0.2098720056724176,0.149832328311409
1599,-2.2020004869924352,-0.6717623164499591,wave2,-1.0806992077499962,-1.8944061340293503,-0.2437730441038487,-0.4976274017180184,wave2,-0.3963273072366191,-1.0464123679347417,-0.0575154908466175,-0.8004203175193687,wave2,-1.0207502066159275,-1.618230519661621,0.0118579041554518,-0.7039121054642066,wave2,-0.8453136017177241,-1.3248855047439756
1600,-0.3965471035733456,0.7482854302786017,wave2,0.8966903182626247,0.6410034225897672,1.4208096101282992,0.6015477296098619,wave2,0.9415596827694356,0.6671189787072587,1.2059357864203526,0.5608371951341103,wave2,0.6844208259341488,0.2105766212604997,1.0530610536120375,0.3375026329303096,wave2,0.6369846524471753,0.3370705013421567
1602,0.8821166364832678,-0.0488991063252293,wave2,0.1057787503013265,0.4044802451634679,-0.5216910879561844,0.0173933733186331,wave2,-0.0921226562117798,0.2592111031921833,0.1672175653459353,0.0373851219389813,wave2,0.3231597296687012,0.6236748068362661,-0.4801418835704477,0.2224362521333672,wave2,0.4512207636123775,0.7423452013902891
1604,0.4389818013302627,0.3804917703462322,wave2,-0.0274539707141769,0.0297812300337922,0.4782432014023273,0.6747095710982436,wave2,0.212213124866673,0.3598401771081894,-0.2737068322875932,0.2251459724501647,wave2,-0.0205953501515834,0.0531392917321227,0.6035728915488608,0.4259762087008961,wave2,0.2620193253385326,0.172551212411861
1605,-0.8415726092295636,0.5445841731504726,wave2,0.4889726154427345,-0.3837715437129545,0.5034812044334467,0.74276440353092,wave2,0.6044205584953488,0.0736752159904328,-1.122218783964008,0.2233707771974654,wave2,0.1071699399044822,-0.5407188738845506,-0.0527655877182977,0.2932661292995527,wave2,0.2619964013283885,-0.0941530008515872
1607,0.3400470888465376,0.6386111511780519,wave2,0.552191798710604,0.3494922472795152,0.9668455960446066,0.4655441897721268,wave2,0.6267863370431557,0.7507344382276613,0.558339257017225,0.4548023835869702,wave2,0.290454340660177,-2.6560973221401163e-05,0.4669404353746258,0.290626405036919,wave2,0.0710909759825092,-0.0254663541865723
1608,-0.5686761775192753,0.1425273992949103,wave2,0.1882496757077256,0.4726685241273456,1.0014688260214688,-0.010666915931925,wave2,0.1289909676352238,0.465982230568025,-0.3944041337655164,0.0983188489090073,wave2,0.1011704828619203,0.2949513061533885,-1.1396220999663016,-0.1174683917123805,wave2,-0.0013913642870867,0.0048416522693844
1609,-0.2727194709656332,0.4218604954319127,wave2,0.8434182657947942,-0.1557200689334938,1.3964841314802297,0.5165690020048732,wave2,0.7952525446284082,0.1972638789090717,0.2922629253663447,0.4514025301945878,wave2,0.628432156116016,-0.1141351008977624,0.6504038527864922,0.5620154428937028,wave2,0.6145553205324061,0.0805407385256309
1610,0.0568125227804472,0.4212092363733735,wave2,0.3910776004491567,0.0856691814793131,1.34510653084844,0.0598180899986349,wave2,-0.135006307989846,0.006085015656337,0.6230703748261723,0.7402876554078089,wave2,0.705252608942062,0.3331861940762951,0.4143279158259697,0.4757559136276091,wave2,0.4215305209939855,0.0984226467272089
1611,1.3199288519115768,1.1667246070567767,wave2,0.9205639437611576,0.777927918225088,-0.1750229685867239,0.2319812536148542,wave2,0.2752053282930569,0.2869155587289009,0.7021191331285591,1.0732107922519631,wave2,0.9352558757164136,0.8939208808070108,0.7923148414602047,0.8062715537111623,wave2,0.8788406869320377,0.8265922374610887
1612,-0.0500767988444799,-0.096572810214139,wave2,0.3488856101311239,0.4316774030350112,0.5498000380897615,-0.4515535930540064,wave2,-0.1452321468620114,0.0090782180549364,-0.4521869936073441,0.0446288355246048,wave2,0.5027670065257813,0.1388165500028838,-1.678362796495129,-0.0398361254267146,wave2,0.3257731807161635,-0.0896182354422966
1614,-0.2992391872431642,-0.2552137335179503,wave2,0.2045748368407474,0.2308760406323942,0.3862863612907722,-0.0635949060008758,wave2,0.2912776890578294,0.1943038247983608,-1.5937154134480385,-0.0961545812558248,wave2,0.1285589909667058,0.3737519218829498,-2.591332185960898,-0.1463185659019675,wave2,0.2854706179766085,0.2935263002260119
1615,0.6638650300556507,0.114715683613217,wave2,0.4856312083410432,0.1735035164123872,0.8503853575713696,0.4225584419394761,wave2,0.6038464034895243,0.5863000876782327,0.601061527330876,0.0908904951216761,wave2,0.4996550241580432,0.2840643474912842,0.90476114693192,0.0625778108774864,wave2,0.4239910942734867,0.4129669878423828
1616,1.0797475407264867,0.7204085392804251,wave2,0.7090771173137065,0.8390292504963153,1.1456719324914564,0.5281436354108657,wave2,0.5399590380754491,0.7260604865446068,0.610528958562483,0.5773910684927926,wave2,0.5786024458451581,0.5498408069310051,1.033610715786396,0.1731269162801288,wave2,0.2346991763051383,0.5932440489680068
1618,0.4823239911496534,0.7250147646462399,wave2,0.6103627174089352,0.4708331901945648,0.7179562795097154,0.3637183869140394,wave2,0.3712873284732736,0.6604215544172578,-0.0371966103632556,0.4267685822353532,wave2,0.3923566006970881,0.2581929994361661,-0.1883088792844854,0.2793207925999951,wave2,0.3246498070461249,0.3409941160297748
1619,1.1505087942895955,0.1088056379263684,wave2,0.5429146381092349,0.6952704142127684,0.5701482423462393,-0.1254477548951693,wave2,0.0286890348074941,0.1649786504417378,0.1571174549255511,-0.0194202331329607,wave2,0.3892099863402646,0.5710921725616264,0.6062997170576588,-0.0568777795765963,wave2,0.1410699529394014,0.5110340723264198
1621,0.8746570708813574,0.937614689222436,wave2,0.8692223550958413,0.6490103739905737,-0.0013923117169524,0.7232546801771678,wave2,0.9412187549785922,0.9478566519342227,-0.6320508101898854,0.6350587524090384,wave2,0.604792308630547,0.2549430887594067,-0.2963433461591317,0.4488562076022518,wave2,0.333421535764672,0.2084104997605472
1622,-0.1546479156453335,-0.4387152407929839,wave2,-0.4562720455640061,-0.0592912134215102,-0.6155294225193968,-0.6001772233095961,wave2,-0.4809495172687859,-0.0207830532437429,0.610627691351926,-0.396864574573601,wave2,-0.3629089045628202,0.0174025190098324,-0.3798057745657394,-0.6685486674478455,wave2,-0.7980040572010757,-0.0924666157966852
1623,1.1907742097242833,0.5410347857229292,wave2,0.68869932387683,0.5270044112670549,0.627606272511383,0.4286719198676763,wave2,0.5484995291422106,0.5842907388614087,0.5050890759132255,-0.1405404236450119,wave2,-0.0499339813487155,-0.1355149445851131,-0.1084477627064271,-0.1830464552273915,wave2,-0.0904477964153273,-0.2064601348410338
1624,1.1332460433536964,0.9548645615407532,wave2,1.056961960726729,0.4902226207435509,1.3227163837157003,0.3552996325689439,wave2,0.3458819937206243,0.0232489051571853,1.3921354144248184,0.9280662656425036,wave2,1.045961236594409,0.6147238044259818,1.2264228089114195,0.6136312478595721,wave2,0.5393148197160417,0.3422827483852616
1625,0.8137405917383402,0.3125860161253189,wave2,-0.0372964595663769,0.2635168483807257,0.8651362180884516,0.4268915753228821,wave2,0.2772309519495919,0.0964184297169898,0.8072542497305392,0.1393038860351482,wave2,-0.0091672207302704,0.1424906009376568,0.2041296142118168,-0.0562120417486867,wave2,-0.3667435136593538,-0.1693976267009277
1626,1.1774780684727624,0.9863863318947236,wave2,0.963300674619432,0.8771269952050984,1.4773925138916448,0.7687189919255148,wave2,0.9204922963749772,0.6562278640458836,1.73282578684328,0.7048807805235467,wave2,0.6561797887638451,0.5981344942641863,1.437992110949648,0.520640737413644,wave2,0.3857671751070269,0.4262588560306452
1627,0.0064241748306927,0.1096784892809838,wave2,-0.0648228254802831,0.2979623667941595,0.9118755449587074,0.309019512214205,wave2,0.2944640803591185,0.5531721798943088,1.046503929254342,-0.1890216818619069,wave2,-0.2428695946953091,0.2523024834453894,0.8482913857250532,-0.3522001880655075,wave2,-0.1343176173836032,0.0369790275911764
1629,0.3577269673509832,-0.4510882982823352,wave2,-0.3424020446346842,-0.7841958220242291,0.3705212385554736,-0.0737642833650036,wave2,0.0820835665424231,-0.0033295952504048,0.4354029964743033,-0.3874130961520555,wave2,-0.1369449455727451,-0.4801127592262668,-0.6935780269041092,-0.4275874583860833,wave2,-0.1351532584352447,-0.283071423223897
1631,0.0249451287104297,0.2262858764793223,wave2,0.5207259913141971,0.503749315263359,0.4740863066323391,0.0842241079854653,wave2,0.1823326828702685,0.2727488301799927,0.4528291161525443,0.4003590642991791,wave2,0.5308958437637207,0.4267750718409203,0.7349999548016238,0.4118417568782376,wave2,0.1811322638933575,0.3455705004509467
1632,0.7318360302844874,0.8411100243570706,wave2,0.979958825497698,0.4454253072776981,0.2527605235855445,0.4443293583865513,wave2,0.2714092455671189,0.1602716877445922,0.9484807129949728,0.8517204627562028,wave2,1.1094949626637869,0.58129284488641,1.0220261290548642,0.779051461151209,wave2,1.00201705788003,0.6797726690463411
1633,0.4474777500709408,0.1857725318674261,wave2,0.0435234810340499,0.7049436707174004,0.5389388260970316,-0.1217809807849135,wave2,-0.3275638465132244,-0.0594842681374276,0.4871958260918095,0.2229262196238622,wave2,0.2290225215365277,0.8195330221875222,0.6707577591491725,0.2160210748136427,wave2,0.1053148666363869,0.6895399916424662
1634,0.7257935969112009,0.0961071446095931,wave2,0.231496124232009,-0.0929491066327186,1.1821283396216968,-0.199407686279379,wave2,-0.0597612901708268,-0.4752174286281048,-0.1534730400382526,0.0452006903047267,wave2,-0.0350205018775081,-0.0325137427117178,-0.3832321638684494,-0.0367165939586061,wave2,-0.1613268919230891,-0.1875855960653242
1636,-0.4755541265109769,0.2695482687498427,wave2,0.1763600425066154,0.0364314946566479,-0.4442556212982193,0.1032005477646813,wave2,0.0033446369353309,-0.0540885617826742,0.1159115780456717,0.3551418815034998,wave2,0.2554503788888979,0.0878997547578955,-1.0367712389100374,0.2946635740257165,wave2,0.1750259308203888,-0.02015207002973
1637,0.749528158203966,-0.0399402414897722,wave2,0.148854046766675,-0.0432932919580335,0.673660842177858,-0.66695381441199,wave2,-0.5234292052474145,-0.3884030114584902,0.8870385475236904,-0.1440509851887464,wave2,-0.1636068459632395,-0.1116858655338227,0.3628908990034858,-0.1305965208047434,wave2,0.0354892951492576,-0.0449085870921707
1638,-2.7413108185027624,-0.1948710189457285,wave2,-0.370782757190498,-0.3758398085424139,-2.697902559705391,-0.2456508290273678,wave2,-0.7584836444757694,-0.6054294641920486,-0.0191915228967155,0.1304588875736191,wave2,-0.1224405171732269,-0.0188122723182345,-0.8348214030600106,0.2669224747661989,wave2,0.0984014488694665,0.1777676498358938
1641,0.6106484443897545,0.4159163047322778,wave2,0.0109817085916739,-0.1238658279813731,-0.0233372598199858,-0.1489540913633538,wave2,-0.3038918577888225,-0.648333681043743,1.51853811557732,0.6303459889166969,wave2,0.1962833399786958,0.1022347712022655,1.7211941808750753,0.6534159700297337,wave2,0.4967097747123161,0.4182721052274871
1642,-0.0321546188171215,0.5282686530667695,wave2,0.3362955237668086,0.3316829812793676,0.3093612375184216,0.5524821761791104,wave2,0.6642090785434932,0.418264964458929,-0.7872596211385138,0.4055696583652083,wave2,0.228007015614131,0.2844241767216803,-0.5613348857064224,0.0936085408971089,wave2,0.2180532490587658,0.0040217500933854
1643,-0.1536785706247566,-0.3862117321658194,wave2,-0.4813462716787393,-0.0554828347973042,-1.9098989133710609,-0.5458589215944953,wave2,-0.6616576528266314,-0.0770017627190022,0.0642995756637113,-0.1223128094738663,wave2,-0.2267949476554662,0.2919024419351885,0.387400324269448,0.358194808517929,wave2,0.2165584380462942,0.7292739309031128
1644,-0.9424265514562854,-0.1805884102195678,wave2,-0.3043518269942247,-0.7190989477741097,-1.3300182015564197,0.0452909382874086,wave2,0.1102008270488615,-0.9100911878559758,-1.8636730656111855,-0.0431007555240714,wave2,-0.106700294578925,-0.2422592427145164,-1.3730387258817045,0.0338500951341294,wave2,0.0540979338075546,-0.4059996789959881
1646,1.154091780042185,0.3754831940045704,wave2,0.3294352792882196,0.0399937322642094,1.7857426780832228,0.273276468051884,wave2,0.1921585305527369,0.0744451311661644,0.7994256901331324,0.3979166349340646,wave2,0.4882543113452915,0.1628890099329305,0.6523452685771386,0.4656414206053303,wave2,0.4048227508933357,0.35381895492131
1647,0.4639187022513674,0.1691662300548355,wave2,0.2498397888432981,0.1612855936929536,0.0340967370792282,0.383643375632417,wave2,0.2562210489809874,0.657512772739541,0.1050244583855183,0.1400077417260931,wave2,0.3088957530485884,0.315366093225112,0.7273191261012724,0.5017360867445757,wave2,0.5825602054403785,0.598162068756797
1649,-0.5836234826222664,0.1839880498000994,wave2,0.5191856824895029,0.3556556591780349,0.449614342023972,0.446066131835612,wave2,0.5010164195140481,0.4199366931386212,-0.1913991223088701,-0.1174648211994042,wave2,0.0391087891553982,0.0674831403011164,-0.1559337267192921,-0.2686067205466584,wave2,0.0888610532013136,0.0041070435446068
1650,-0.2339812392444403,0.0536228363128743,wave2,0.0364120238197172,0.04499104716729,-0.4475867743864123,-0.21200888116285,wave2,-0.2045492254519894,-0.3653205250915461,-1.9903176644831069,-0.0300998966693788,wave2,-0.0434412931257768,-0.0048625758153424,0.2589024019286133,0.0576279615897208,wave2,-0.0150876210488091,0.1970735881107423
1651,-0.0202351187548924,0.5876090842982227,wave2,0.629503648529592,0.2543849223817975,0.419894659175627,0.5252590731938755,wave2,0.5140885500554302,0.6214127571785069,-0.2386923584967855,0.1915470616746274,wave2,0.3643642277253976,-0.1103447279486559,-1.403855681870141,-0.0075461929732615,wave2,0.1531578591289516,-0.21040514527484
1654,0.6674022383281056,-0.0579500767624012,wave2,0.0983395625505587,-0.0768922149068509,0.9463657697900826,-0.1641448949522426,wave2,-0.0116314350978738,-0.2819564456322501,0.0493081163198352,-0.1956714227791919,wave2,-0.072475412150616,-0.1898826874219125,0.8342508890451139,-0.034933561679756,wave2,-0.071909010885224,-0.137541245040527
1655,0.5679861170048824,0.1187277619199111,wave2,0.4606366774648089,0.2850107182670045,1.0768660708612132,0.3479236981073944,wave2,0.6018303907589645,0.5294632859282099,1.144428736878454,-0.0254477911351599,wave2,0.38667529840724,0.2947672113294096,1.2571583424993793,-0.0390532890644946,wave2,0.1126841933978672,-0.0500784706674553
1656,1.2620853179983758,0.2284739922673175,wave2,0.8328559816488952,0.8093082387392376,0.5787126647929254,0.3545562068269619,wave2,0.6924438718573187,0.5249961765792954,1.1540020815802368,0.1734117979739748,wave2,0.8063157572135353,0.5169094535574912,0.8874078503078578,0.0397578890568796,wave2,0.5067023364154611,0.3207630495319816
1657,-0.9790342624142072,-0.0052534731203259,wave2,-0.1792819779531436,-0.4460490461275495,-0.3823456686855035,-0.5566397613305121,wave2,-0.1259319623914163,-0.5160607425689787,0.4918098100393794,0.3018759874088523,wave2,0.170256946996611,-0.2397966157659577,0.9251993093927564,0.3949155971006753,wave2,0.3343420066312,-0.1256785410245807
1658,0.9040216191906068,0.6041920204540281,wave2,0.7607344776759839,0.3247503990132383,0.8120106323106917,0.378198464655364,wave2,0.2347374254768361,0.2035772791175618,1.153800964020419,0.6639110697534232,wave2,0.795353533910705,0.2672163393251323,0.96898007370088,0.7478109190726482,wave2,0.7939838765917476,0.4568396864275393
1660,0.2221408653025218,0.0314390961117201,wave2,0.048649617939279,-0.5745895894471231,0.9055100482317554,0.4480979603046149,wave2,0.2487056065194142,0.1189617581770348,0.2305386132545959,0.1552021058944439,wave2,0.1222759709626286,-0.3591339923993688,1.2058883956271,0.2505074034889444,wave2,0.2945341168791425,-0.273622228212706
1661,-0.1787984387416825,-0.4181159577454683,wave2,-0.3326859459308355,0.0529570959628953,-1.636003262740253,-0.2844995701275206,wave2,0.0492597732386057,0.035263163977977,-0.5411826535606633,0.0317590387548973,wave2,-0.0309984854905803,0.4538586072201808,0.167924713559882,0.0449646002682812,wave2,0.0214616034124409,0.1860827616917345
1662,0.2531197712481546,-0.5292345278488781,wave2,-0.155000479602398,-0.0489263085246185,-1.7575675204567556,-0.5601251724525966,wave2,-0.3694538871249107,-0.5635598445605432,-0.6555804327785412,-0.0178947970013394,wave2,0.2314065359488279,0.5218905994068936,-2.9958897712591077,-0.0941365168326773,wave2,0.0264407431178103,0.2555852567685464
1663,1.9430839869595915,0.5183573943887183,wave2,-0.1163283920851789,-0.5322083125137345,1.1989100221808349,0.390589604902094,wave2,0.3144257839609823,-0.1120567706823791,0.8621454806583422,0.173475876223061,wave2,-0.1185823399392096,-0.7375643758011261,0.3133767607169928,0.0864082751626035,wave2,0.0074919867199431,-0.6798293217261232
1665,-1.158193111846202,-0.8115352982463884,wave2,-0.2978226939565076,-0.2059269648006199,-1.5100602535845773,-0.4757940371820255,wave2,-0.0498206243126544,-0.0251996508150793,0.0015053904408073,-0.3872256527452372,wave2,-0.1789526036996889,0.4355967001280176,0.6294607068080871,-0.161848938149914,wave2,0.0534403543815443,0.2326876035377677
1666,-0.6791024847256245,-0.4976517935303226,wave2,-0.2943354935950433,-0.5009445967342776,-2.4081972049689093,-0.6676442093627593,wave2,-0.0548194874699827,-0.3473268445698587,-1.4460039658027557,-0.0097216766862675,wave2,-0.2246804736004863,-0.2513902559812104,-1.581265079129896,-0.2599567448830294,wave2,-0.4465467533058117,-0.4703486198836063
1667,-0.1766369374807948,-0.6282212762992287,wave2,-1.0064099189157996,-0.024884120736929,-0.516853545256644,-0.3672160584033488,wave2,-0.7533353316022726,0.0642685588013272,-2.74579657036824,-0.2380116696617411,wave2,-0.7295776935022629,0.1610986956782738,-0.8529905929139151,-0.0541487654124101,wave2,-0.6040702724571979,0.0555684996031272
1668,0.676432148789469,-0.0169190058314137,wave2,0.1736238442374742,0.4601661489350093,-1.2877655597633098,-0.0730593948221711,wave2,0.377219681583774,0.4726533967789024,0.2050214627231187,0.1319118884046972,wave2,0.2782178410464466,0.3786407041760247,-0.0501267791420899,0.1126951101907266,wave2,0.3258892326736536,0.5328324822744491
1669,0.6393727956244238,0.3171721495131172,wave2,0.6107677362365171,0.2477128787593572,-0.1957135090653844,0.6126348334928671,wave2,0.6113972366627389,0.6947392455356063,0.9608741837729684,0.3610139031152496,wave2,0.6189469667740461,0.106818244448253,1.514423624215944,0.2138031045428345,wave2,0.467926708069646,0.058834211646798
1670,0.5465394268378717,0.1943791017763421,wave2,0.3181232023012992,-0.1008342991500086,-0.4081845624619354,-0.0874312055151003,wave2,-0.0071974633955422,-0.1948975039264013,1.191506712333613,0.6993280765182444,wave2,0.5564462352613038,0.4528909343750664,1.009894121843113,0.6140306923458949,wave2,0.6985634190456138,0.4312944033566599
1671,0.4331636519294221,-0.1803889703341203,wave2,-0.3979192986671211,-0.7206168529924999,-2.513976123966968,-0.4014220553422265,wave2,-0.8152472540737792,-0.5077434907434615,-0.8872993494710724,0.3617602324575351,wave2,0.3400249134660738,0.055832694961545,0.2215144751095425,0.3749841036564677,wave2,0.4197441895782171,0.2446282677483114
1672,2.1014121574481743,0.8666232945010575,wave2,0.7741437209095707,0.5048812999395214,1.0314832356656274,0.4672466695532129,wave2,0.4951504144607799,0.3689489647694322,1.809316955933851,0.7950215464294753,wave2,0.754911876911475,0.5858745949216108,1.8129733969409936,0.5445495964857018,wave2,0.5857864339568716,0.3284986337679477
1673,0.9449694793688588,0.7664097274508017,wave2,0.2880581962973805,0.2698707078922409,1.495456482625751,0.2694439277778948,wave2,0.3457702763009567,0.0705721343694962,0.8282226216440457,0.4098084451559755,wave2,0.1493186381767656,0.4041164160675675,0.6164556065314832,0.3597406943772209,wave2,0.1574615537499401,0.1831413522789707
1674,-1.0885704518241102,-0.9175354172581948,wave2,-0.954297123213154,-1.1403416913999265,-1.4319659907315996,-0.3725018768147001,wave2,-0.4922517884058797,-0.5861826569633921,-0.3759291765927193,-1.150550964981656,wave2,-1.043985593221336,-1.199439337671405,-0.3980281578813815,-0.6480301230813416,wave2,-0.6808170894478717,-0.6483528770570693
1676,-0.0557551354552067,0.7451963463737976,wave2,0.3099409622304194,0.1373534630748829,-0.3888458773752177,0.1746649233650105,wave2,-0.2586946119174517,0.0979522759698937,-0.648986819437422,0.7699467162611866,wave2,0.248548529410699,0.235252105290275,-1.8851499567385932,0.7414492330113982,wave2,0.0812706074991471,0.3688090532804537
1677,0.0898487753849755,0.4441204806429395,wave2,0.4213029176727665,0.0936936089082953,-0.3168790072318385,0.8331240023746722,wave2,0.5497493288078004,0.2730064945051951,0.2993519262830992,0.0679215587806109,wave2,-0.0827757384456967,-0.074624316889716,0.1723940192640254,0.1521269513728852,wave2,-0.1265403831920425,-0.1136825517681489
1678,0.5064017004772173,-0.0671649960829263,wave2,-0.5054100530955128,-0.92360606424366,-0.5764975787562706,-0.4988023002542545,wave2,-0.4884166402239069,-0.8821313222860485,0.3349858231114181,0.0812954231752367,wave2,-0.1863431532619694,-0.2405176866860594,0.1671321570449419,0.0805770776101377,wave2,-0.1248819366087486,-0.2314370319413346
1681,-0.2213646514489793,-0.3970751241925854,wave2,-0.4199567777918813,-0.3041025843363079,-1.7681271889536558,-0.661549893543524,wave2,-0.7577937846987917,-0.7803903291112544,0.9844625137788804,-0.1050024911945733,wave2,0.0201894397207861,-0.1045004272212895,1.2399710033144349,-0.1169537284720746,wave2,-0.0557155636546976,0.0805755168417473
1682,0.2913885469477865,0.2994759910464002,wave2,0.235455699623456,0.2166885268251053,0.719625241321934,0.1328734294175884,wave2,0.1794652763675539,0.2143254927511366,-1.827121609719684,0.5858539879676701,wave2,0.4675802924709753,0.574455477826914,0.2124143417267875,0.7166334748378028,wave2,0.4688932453809739,0.5918475431891866
1683,0.7957826216834545,0.8585662179476441,wave2,0.8185730592521359,0.530304446552551,0.364928444417994,1.119535379930579,wave2,0.7024894671019974,0.4796753696461886,1.772196555655356,0.5253500816407347,wave2,0.7533309936886105,0.452098860660702,0.8241014549013624,0.5000576459992446,wave2,0.5830558916248297,0.4095484993690349
1684,-1.0001216368786554,0.1057836228742239,wave2,0.0034895475971361,-0.5818665626811894,-2.8766090324146947,0.1940146728868412,wave2,0.2776102364218069,-0.1625577617836564,0.122402734735481,0.3493807955411869,wave2,0.2128220800666949,-0.4012979594015367,0.1835820932456483,0.7138704132200826,wave2,0.5568516170940683,-0.5039234209312067
1687,0.5998751675122106,0.523268524634164,wave2,0.3775792664970279,0.3086461495092143,-1.343118648682353,-0.1534289043112573,wave2,-0.0819734378134691,-0.0879988265699043,0.791904472935116,0.5258838749616885,wave2,0.0390632669965558,-0.0253296413262813,0.3693155379226676,0.277225585240802,wave2,0.098848025981855,0.0136850573584438
1688,0.1765892238417664,-0.1632924295125133,wave2,-0.1867346695978342,-1.2687764296734807,-0.3138061001448457,-0.0092077481536008,wave2,-0.3320040221859601,-0.5869219763373721,1.0376729425716034,-0.1329206917911916,wave2,-0.3124349429834051,-0.551161139856079,0.7888778797891033,0.1073701631518121,wave2,-0.2432189198106698,-0.3242110603970863
1689,-1.214545956567622,-0.4883469616277942,wave2,-0.0007265880790479,-0.4570221109600911,1.552557150771588,-0.0939645961695048,wave2,0.3668149790673267,0.053264417076918,-0.9307450057859084,-0.5772020064154684,wave2,-0.1879562235578777,-0.5268324482134936,0.2123639812553222,-0.4903537844169808,wave2,0.0935904848817862,-0.544144159064066
1691,-0.7964504781335177,-0.2919283423054213,wave2,-0.3222786584307227,0.1260060757294372,-0.4666092257275233,-0.4421106954902045,wave2,-0.2608200170296171,0.0288502570443807,0.4000851150513852,-0.0038799347188474,wave2,-0.2378801042821556,0.2395148341518111,0.5880175883905203,0.1418483788752066,wave2,0.1960759038858482,0.4156914516546898
1692,0.3389975843952993,0.0051423102312717,wave2,-0.6475898441091539,-1.344192634944793,-0.4622640378844216,-0.3178898786393453,wave2,-0.1316273382363619,-0.2125666132373624,1.0550316078997826,0.3377951224373656,wave2,-0.2733596691767628,-0.6979382461558647,0.4623442309345531,-0.2734055859038785,wave2,-0.441772341344908,-0.6381593723108047
1693,1.036123990000109,0.1960295644846204,wave2,0.2307223862096619,0.1025014130308583,0.5086300569513421,0.3181618847057499,wave2,0.3947000786886288,0.1406069557706937,0.653332748082893,0.0142538422456037,wave2,0.0478357638876822,-0.1852807817552271,-0.5899463393250367,0.1231935826793555,wave2,0.281461627773528,-0.164769684917859
1694,1.3369926690513008,0.0491550308976904,wave2,0.4519823929587696,0.3875876176397446,0.5855313035931944,0.1090102963385268,wave2,0.2846922241038057,0.2086497580642061,0.3323728741425365,0.1747807398395756,wave2,0.1344487493000913,0.1941598555169862,0.4340347059511105,0.2279692653079719,wave2,0.1846089918877074,0.1559717917492307
1695,0.2693196642094954,0.50256364038674,wave2,0.2037646642495558,0.2098935080975414,1.1689822914327528,0.5170850202188235,wave2,0.3594369599095948,0.4190523889731403,0.6778116041871403,0.2410569244678178,wave2,-0.0824431494990252,0.0961136690011965,-0.0844142880938911,-0.0097564232252039,wave2,-0.2314436875077213,-0.0389189965634012
1696,-0.3773813973307018,-0.0143825946939064,wave2,0.0599768575663002,-0.0441407689594917,-1.204689171616432,0.3778628107955524,wave2,0.2856406694930467,0.1588863205647355,-0.3793382862631967,0.1226178930881671,wave2,0.103805640894645,0.1233370565797586,-0.8584232292238247,0.3011412083427448,wave2,0.423588295726372,0.3498148261320085
1697,-0.5768879775082246,-0.7455763101102009,wave2,-0.959374391774273,-1.2907770228994413,0.4567482110876322,-0.1459302534569015,wave2,-0.2759959544731871,-0.1928369519240553,-2.1947906129032804,-0.3139557702945448,wave2,-0.4618456688600465,-0.6886429632249673,-0.3518103238362015,-0.1866823459301324,wave2,-0.3907681105110675,-0.4397352773093869
1698,-0.4034903650209321,0.5907836921828815,wave2,0.3037775732267309,0.1911342614467057,-2.267986412019631,0.9877623576665018,wave2,0.6196037924781361,0.6288680240692632,-0.401959701181358,0.6174142247572785,wave2,0.170237137573006,-0.0965425501890562,0.3153392382834054,0.7841881677486994,wave2,0.340604284641311,0.1297125549990455
1699,1.2389757057481556,0.3435506717264047,wave2,0.3950205386857215,0.1911643598421291,0.859315175651911,0.1285577825132851,wave2,0.1426129989671865,8.48238688435643e-05,0.2599431060815994,0.4421821412436653,wave2,0.4832078122157719,0.4847563632292428,0.8649798410205817,0.5752187310577218,wave2,0.4179479420216559,0.5864823786127665
1700,0.3106244371214364,-0.0358145415455364,wave2,0.6340545706611473,0.1825520701966001,0.6247517401685575,0.2022256852553706,wave2,0.4267701126181334,0.5267913779417329,1.1158228874848686,0.3069870356848819,wave2,0.7852905621733045,0.4940040587511646,0.7791109200988031,0.2993908397970912,wave2,0.7154496982998393,0.6074325731627499
1701,-1.205805982800542,-0.1802056678579293,wave2,-0.5932739142510113,-0.3130623147254008,0.4206557142073927,-0.336823117885132,wave2,-0.1904845861870268,0.0068184912672017,-0.1353382540668456,0.1632082168000762,wave2,-0.1564150983501239,-0.1188331941878949,-0.2296646414202905,0.195259809862248,wave2,0.0095458541663582,0.2034822787304762
1702,-0.0564808718716553,0.2855790192986107,wave2,0.2927307719539926,0.3305395982267993,-0.7823307266330533,0.3879245566487412,wave2,0.5691951329995191,0.5536409198585956,0.6984935167375751,0.47311840163585,wave2,0.35029435038303,0.4027494347594369,0.5503142421995512,0.6674423684090374,wave2,0.6908441057562906,0.6596220613344377
1703,-0.1386346278337309,0.8070180403429388,wave2,0.488886813980393,-0.1646129355286201,0.4643345946216116,-0.0911700062172835,wave2,-0.2930576425356439,-0.7627580909246308,0.3871822452080507,0.8728603432412181,wave2,0.4991077012329488,0.3961855661025957,0.4421941206205319,0.8151326128135903,wave2,0.5280661073779074,0.2809160757620863
1704,-1.0283609826374238,-0.0328859547942308,wave2,0.2460075793379339,0.1085836452480595,-1.4479697534240463,0.0673440888435408,wave2,0.1176149699397322,0.1424303076620323,-0.9578287892291562,0.1886777171876639,wave2,0.1633841850086508,0.1288217524917689,-0.8555375765207653,0.1340564054505058,wave2,0.5061783645004789,0.2687311932424508
1705,1.5164727881169917,0.5101829190565292,wave2,0.7270298482523605,0.5403400212981333,1.3873149159009854,0.9367036439310524,wave2,0.837747165056685,0.7775602694914223,0.6898966166412729,0.5649008040844918,wave2,0.8286875350851943,0.4555239129595942,1.02644019256455,0.5505798823885121,wave2,0.836606576823611,0.6585146284861559
1706,-0.2921455655737696,-0.189170735727008,wave2,-0.4772588508565643,-0.4528245356671556,1.5510316303257,0.3845833093667652,wave2,0.0610759771029072,0.3259152427613605,-0.0400216333618921,0.0072642683134602,wave2,-0.2853497586438818,-0.121011433333438,-0.2710687585816119,0.0740648116057588,wave2,-0.2028295462836188,-0.134001925090622
1707,-0.7482756636167102,-0.4463404307116052,wave2,-0.3053087951946178,-0.3425648337848468,0.5540687993825267,-0.1068503184974105,wave2,0.3241220695506814,-0.0950751630955923,-0.0483368310494496,-0.4181893302032836,wave2,-0.4401902246803554,-0.3722544978448966,-1.26292547430334,-0.6071169660018295,wave2,-0.3961031779335413,-0.3808729963845944
1708,0.7331031601912148,0.2456287193269823,wave2,-0.4900343690877298,0.2085558850170614,0.9992570609942526,0.5589631002940266,wave2,0.1300022899717737,0.5606890015960463,0.3807011820060437,0.3544220869031667,wave2,-0.51365106830029,0.201649047542521,-0.3431608915324844,0.300905823407313,wave2,-0.453920044982335,0.126312864028198
1709,0.2053118957101143,0.1330614091890511,wave2,0.0431161707669751,0.1036819722788893,0.2298432524867067,-0.3146010452368559,wave2,-0.3795211473106124,-0.2190623004056975,0.4628553956150399,0.6795159433341111,wave2,0.4651452072471795,0.6219431108410407,1.168177820012782,0.6378065367274025,wave2,0.3628651409585234,0.4466850600989313
1710,1.7252531699707478,0.907930570403737,wave2,1.155596770200916,0.9676853263303546,1.7980272497828578,0.5302914935231167,wave2,0.9296220213868218,0.5795133222719238,1.0882265229263834,0.7365121077264208,wave2,1.0369442826653992,0.752155329076,1.1810477916022564,0.6425122624354581,wave2,0.8658821751755691,0.7994632807288323
1711,0.5386325156060426,0.2905618543887658,wave2,0.7381744347116421,0.5981780238284804,-1.2865376742270718,-0.0834167144456841,wave2,0.0395036635567036,0.2438003750033797,0.9297015270867902,0.5008544201182757,wave2,0.9982092780836233,0.9221279769265576,0.9718619976105396,0.2736295916809766,wave2,0.8242301155870376,0.5769706773595876
1712,-0.6884618027268482,-0.4549079225178047,wave2,0.0866513421677486,0.0272712831606907,-2.6762967270239693,0.2763506473048145,wave2,0.4610676160157991,0.7064029189481897,-2.3579707243339714,-0.4503959917576334,wave2,-0.037970209979347,-0.2305027216966164,-2.152384821700844,-0.0810007725158349,wave2,0.0721132140559509,0.0453712443325787
1713,0.6867998475939922,-0.8346663826743732,wave2,-0.7402064738770904,-0.2297948237481237,0.3611238024397814,0.2243213865778481,wave2,0.0826181969880304,0.1454534236371314,0.2785021936400115,-0.9070767252760784,wave2,-0.6986078836091407,-0.3335185546657866,-0.3077872293682011,-0.699763732974982,wave2,-0.5128742025721396,-0.4597885337553871
1714,-0.1208161842024859,-0.049591032332104,wave2,0.3043827578484435,0.3079583624992352,-0.8306358519957325,0.0537380010277883,wave2,0.4627729904106361,0.5561293663373827,1.038997755995169,0.0707219732235656,wave2,0.3690025297243112,0.5744114504803718,1.130073097388924,0.1430275469521214,wave2,0.3267228330904977,0.5835951612832347
1715,0.5240617670431965,-0.190741563913088,wave2,-0.0465339162568974,0.3883540548292836,0.5946505657979957,0.5006098937889432,wave2,0.6616530280585953,0.4994580184217674,0.8924810115433618,0.0640883347395973,wave2,-0.0388422346268226,0.2291708669425078,1.0562745885189395,0.3349000408933183,wave2,0.4280777410948371,0.2155210894766602
1716,0.3911366818362784,-0.0919070412762885,wave2,0.3054118838892838,0.0311491889276829,1.1256407923933816,0.2041535949078332,wave2,0.4362937611179103,0.3303289797970341,-0.2373838215130992,0.0682999824429307,wave2,0.4357349198214845,0.1745764199558369,0.3545682372938085,0.3107302640280798,wave2,0.3364240561550229,0.079705469987553
1717,0.0368138787301765,0.0318724023193355,wave2,-0.1707299464971159,-0.004981977049506,0.7616776957110406,0.2544540342113589,wave2,0.217779236465838,0.2208865845381898,0.2485940746669528,0.0607253654983306,wave2,-0.1561558954693948,0.0284574014181495,0.2303269651083999,0.374166963817762,wave2,0.3422093183280343,0.4176791221411593
1718,2.4253647840681887,0.4077932960560857,wave2,0.5781972194487404,0.338994523378505,0.9229810091898928,0.8113929754106748,wave2,0.5789460994937052,0.3444574357065895,1.6554083146335752,0.4319892314640948,wave2,0.4704709499693004,0.0800067870926862,1.6335883817768106,0.5843371661839295,wave2,0.7531366828022633,0.3380857296477671
1719,-0.2531105995787694,0.3630897478459212,wave2,0.095910382392383,-0.3244302964819381,0.4399201676555384,0.2834850271032021,wave2,0.0362145454200213,-0.0359711859053324,-0.3247020573743099,0.5731621915943708,wave2,0.293801155666346,-0.2843793801105747,0.9131656983502744,0.4508609973064089,wave2,0.207286065888851,-0.2881609860880579
1721,0.7379066551365046,0.9326390476474018,wave2,0.3836414372003347,0.7828823311291353,1.205466144195929,0.8651397618817502,wave2,0.7279056005533104,0.754799796992212,0.5302571487378616,0.6238369386838369,wave2,0.0470591113942444,0.3657927871376016,0.2015887489106534,0.6392085576588201,wave2,0.0775076882288133,0.3395993990735798
1722,0.082475322654595,-0.431389681612407,wave2,0.0957290004193553,0.268095728874407,-1.3282859522228814,0.0365226257384767,wave2,0.2250493277535694,0.1944172804082611,0.9921607943354892,-0.2438262926355789,wave2,0.0741160480263196,0.343648382342802,0.3985230281818178,-0.1726049208823474,wave2,0.019271591476289,0.1246078442077402
1723,0.9024871177867476,0.2876193215913709,wave2,0.3980036725003153,0.5457765121969838,1.506277442356508,0.6176129560130423,wave2,0.890556065241551,0.5787758009061008,0.1500789109090434,0.2399029015014375,wave2,0.1168475258224284,0.2389920566180634,0.601386306976637,0.4659652856725236,wave2,0.4616403166232485,0.3998437875309162
1724,-0.2953424931781384,0.0449021368804127,wave2,0.0642288504114749,0.2402947958504757,0.6904328680412471,-0.0212549654841469,wave2,0.0550992224710242,-0.0608312162344726,0.25727499086332,0.1745630408751717,wave2,0.0518038319600813,0.3421535622083569,-0.668612472663122,0.3739709023082548,wave2,0.2739268351285006,0.2924200413299608
1725,-2.7585926916147887,-0.9500423933566472,wave2,-1.1356417159614738,-0.6607313018608161,-2.1226048420008623,-0.4172624822792075,wave2,-0.6654630763794567,-0.3502097478333577,-0.6169281253954765,-0.7201610861695509,wave2,-0.510796600623393,-0.2310061837825221,-0.1656843919988928,-0.3982606895551273,wave2,-0.1718035235260067,-0.2970107004859534
1727,-0.5536198786212255,0.3456093204018209,wave2,0.1013269013333852,0.124438210261532,-0.6896490744509837,0.7027832001052667,wave2,0.6293399084924807,0.5267444396982035,-1.0721335815576531,0.185122807827851,wave2,-0.0319774284271112,0.3157230063291967,0.1401981600323667,0.2070043011099143,wave2,0.305305640709741,0.3233484313042112
1728,1.829386979799177,0.7887568544224199,wave2,0.5850085835533088,0.8403466611942514,-0.2256301402521599,0.1825715513513564,wave2,0.0722824731810347,0.2468475555046869,0.2258055621306185,0.6796600299667648,wave2,0.5139081088396196,0.6815081847378945,0.3442650562895625,0.184307737995173,wave2,0.162166347825039,0.3019237221501312
1729,0.5385004006138123,0.7281380511850861,wave2,1.1164052205242851,0.5674869433186533,0.2061972431270813,0.5623058461826704,wave2,0.5657716827140034,0.610090678969712,-0.0622901176300351,0.6078217883501058,wave2,1.0388101480365732,0.4680655413716048,0.5145263088357614,0.1787211775717869,wave2,0.5053582527145681,-0.0085512464534507
1730,-1.121886557034392,-0.0736212675302587,wave2,-0.7206021270777734,-0.1684810750885144,-0.3423550435600132,-0.6145896138813369,wave2,-0.6178402914351686,-0.2943683369400456,0.0116991723719888,0.3943499572540065,wave2,-0.1864640132494,0.1717951295308536,-1.352883299910275,0.1812069901613832,wave2,-0.0657844047166945,0.2327747434293627
1731,1.2045561834406593,0.718490354246164,wave2,0.3793401139167307,0.5993445151324224,-1.685410708366217,0.3925304045745456,wave2,0.0184015240576641,0.0204272827793342,0.7517148218795342,0.5733155658032019,wave2,0.4068844313986053,0.4784622380147538,-0.3674827533649283,0.4746866072626956,wave2,0.1583487699261214,0.2067421975573398
1732,-0.7825706409065706,0.2281744474041684,wave2,-0.1594695727812389,-0.0727213167942837,-0.7167969991104788,0.5339882818190578,wave2,0.1865822232342968,0.0965867416056465,-0.2701660565252174,0.0611592780107816,wave2,-0.2977016735195594,-0.4073334543282338,0.206444449149178,-0.2447140063817651,wave2,-0.5435596602030951,-0.6096325041168594
1734,1.0195277523470587,0.0367418539087263,wave2,-0.4142259108546768,0.1964434288678458,1.506183131432701,0.1200136375934408,wave2,-0.2508303575359867,0.1375092026997642,0.7322782967356459,-0.2876885685140424,wave2,-0.4753719578200643,-0.019397609044631,0.8113087760824241,-0.2783703924723339,wave2,-0.3549677558329258,-0.1049349912037951
1735,0.9044451528339308,0.1317967971789999,wave2,0.5881963835875197,0.2937438377655053,0.8433471973498055,0.0241803840295867,wave2,0.1690920104213301,0.1219236788380581,0.7568200291588927,-0.2764485378235016,wave2,0.2278385622607456,0.0506810337277569,0.2384998968837228,-0.6052118303346048,wave2,0.0132797779670101,-0.1376798419846388
1736,-0.6431482295916284,-0.3253499447704255,wave2,-0.1467191471571394,-0.0182457747486393,1.6847367181399495,-0.1575396652763394,wave2,-0.2651302978512129,-0.2406511648611375,-0.1994443078106351,-0.2863662149050325,wave2,-0.0941396107671832,0.1847202288973743,-0.6298925549887611,-0.1916917432068466,wave2,-0.0335241120239485,0.1676601823007463
1737,0.5723366202295971,1.087488699870048,wave2,1.0296779584596236,1.0023434247460283,1.372834263635363,0.9299595953854378,wave2,1.1218496586605509,0.8665766652847886,0.2397901084614002,0.7552862259305677,wave2,0.5150906974925678,0.5258642243832592,0.5836096535247143,0.7908426388722729,wave2,0.4975139230766978,0.5479516462901963
1738,-0.0379559649331479,0.4052459866822131,wave2,0.4508653391397721,0.2587906929694812,0.5196370303127927,-0.0438377238480953,wave2,-0.0295830470825035,-0.0960541826586152,0.337343316051224,0.3590710212755106,wave2,0.3686190824696729,0.5083747459400472,0.3556796490785251,0.420874206022491,wave2,0.4908943712189684,0.4965799562491746
1739,1.870862724481616,0.6546553471751129,wave2,1.032625866756667,1.0304975533385818,1.387085474814682,0.4026068322014562,wave2,0.4856487643468909,0.6119417700674812,1.223183780766467,0.8458918496864909,wave2,1.0920249015825716,0.9197387078400808,-0.709907807836414,0.5554002650907474,wave2,0.7051288934714278,0.7701086964257954
1740,0.1240741627019204,0.0013101580074261,wave2,0.0221333842322735,-0.3674243852418069,1.315248369905068,0.2969972777737788,wave2,0.6012068516910976,0.3605257759683833,-0.0444357865842198,-0.2715070659295919,wave2,-0.1839338243937198,-0.5734040776774474,-0.0125533705781705,-0.2392786280636545,wave2,-0.221479180694236,-0.4978369585582478
1741,0.0296213554476308,0.6296289068524208,wave2,0.685390326071184,0.7380965474630516,1.6843084089705136,0.6929060313235906,wave2,0.7180667635259983,0.8564295445163506,1.4522171917324904,0.2512940562790551,wave2,0.3034021339086841,0.3585104274199937,1.8803018796712947,0.2755602866808204,wave2,0.3003544681686292,0.3839259686958129
1742,1.763637244355076,1.1472992972427276,wave2,0.8745127547360658,0.0511836063986819,0.5352628268721088,0.6736839985450407,wave2,0.6364960967200466,0.1336367437142158,1.337959536519722,0.8679028457451543,wave2,0.6773228196361694,0.4492975985922145,0.8221686652682316,0.7303906481275982,wave2,0.6381400452475768,0.5228342670139218
1744,-0.1488554529997751,-0.3249153894257579,wave2,-0.2347509944739572,0.0295667913319535,-0.6626341002515218,0.3592440016245515,wave2,0.1530351465434414,0.5753433786016573,-0.7447929839976334,-0.230665999327073,wave2,-0.1860454512111529,0.1754971513266758,0.1123489905742098,0.1059662535019999,wave2,0.071681267182897,0.343759608050136
1745,1.5518971797130288,-0.0351528341218436,wave2,-0.1210922392792879,0.1754910214268177,0.8550176392068911,0.1275987607789208,wave2,0.0638400153919691,0.0529281161132486,0.5131549859663507,0.1095042770460434,wave2,-0.0199192929636795,0.5250003439359154,0.4876145631233785,0.2864296543878772,wave2,0.2866596283177567,0.5001041726207003
1746,-1.0508939363448038,-0.1363237261507546,wave2,-0.7510626206713948,-0.3975147615109402,-0.3163200613670423,0.3698279144808016,wave2,-0.2486528259754834,-0.1077213162571144,0.1697728438946561,0.2975667648253883,wave2,-0.0504152315862882,-0.1645961254210151,0.0465518411710459,0.5398512780042947,wave2,0.1627078042454973,0.0334203793105997
1747,1.0463490103487274,0.2306543701875927,wave2,-0.1106368159252959,-0.2385412084177394,-1.0955313007997467,0.0213534066284517,wave2,-0.1485669840464738,-0.2637092881538496,0.3158925946011574,0.405754803375782,wave2,0.0823715174202726,-0.0698919892583922,-0.9633532005228626,0.2393581558418028,wave2,-0.0578176105335596,-0.1893070478001778
1748,0.4091517195039568,0.8378924489362347,wave2,0.8075003363514488,0.9083580952868048,1.2191389148135674,0.7300643414618904,wave2,0.5122705013840485,0.6684187377848927,0.727658971426571,0.7124434745926584,wave2,0.6737256749454101,0.7120685773137327,0.4922437206508608,0.685973031696055,wave2,0.6151863405452157,0.6162841899477979
1749,0.4987569041656174,0.2982235788103868,wave2,0.1064396363772015,-0.0275272870477785,0.2376200489586881,0.0584405036626347,wave2,-0.013277243516014,0.0693609885364026,-0.7638866527056465,0.2105272743960464,wave2,0.1912593243116044,-0.0907227427601305,-0.8213649435570847,0.0923107264572148,wave2,0.1313193278283055,-0.0637275307384744
1750,0.1679140027396758,0.4070242146542639,wave2,0.4713717676379487,0.0686060730821651,0.8314127452709814,0.6317963320066963,wave2,0.726374066839642,0.623660493094924,-0.3051375160463628,0.0698591684402216,wave2,0.2926571245660152,-0.0552864877862699,-0.1224438037210331,0.2736787026383742,wave2,0.4150099142078909,0.1557642206976781
1751,-1.6748692537843346,-0.3954057755943858,wave2,-0.4106032659110061,-0.93023982773781,-3.1409034282992723,-0.471153378868448,wave2,-0.3350103043206324,-0.4474752921279533,-1.4373974978938129,-0.3142419427407021,wave2,-0.1882873595842429,-0.6242078459147,-1.5490289420094046,-0.3443229004035084,wave2,-0.0738311732253713,-0.5885288314361741
1752,0.3328250501114578,-0.0110723105223065,wave2,0.2110912932260316,0.4129743292653534,0.6549724936509771,0.1949322820393159,wave2,0.454336874242775,0.5420903519260428,0.4086297234813467,0.1005913051832563,wave2,0.1883368755578882,0.4559426078216499,1.0246223338238925,0.520344451089805,wave2,0.7555592810117207,0.8279340641308799
1754,-0.0700849090901723,0.2334480559283855,wave2,-0.2041319959246776,0.568351729022702,0.613738676438573,0.3992283117366446,wave2,0.2733451102371054,0.4424051276428382,-0.2876717894500497,0.3150100064934468,wave2,-0.0871531830312773,0.4766373823878208,-0.3086228291655143,0.1127590868821429,wave2,-0.1132354666950136,0.1417530600521016
1755,0.5545749144728006,0.2979902707670099,wave2,0.0037188602897064,-0.3731674764252612,-0.7187550548653151,-0.1596412523954596,wave2,-0.0161864281704849,-0.1101327160490818,-0.4669927245476891,0.3709224481216154,wave2,-0.0054498941362451,-0.3749747653646397,-1.3782884972080789,0.2372935026428603,wave2,0.1075024773758616,-0.2955087154441017
1756,-0.4674643672317475,0.8292704217877693,wave2,0.2326812263397584,0.3206448657806677,0.5474930727009555,0.5055780505666105,wave2,0.314402903233461,0.2196623284514489,-0.8420316866718939,0.6155604803637522,wave2,0.1308735991907479,0.5411462924306618,-0.4488410794166133,0.6708109605240292,wave2,0.2445928343166518,0.472282283982021
1757,0.969615468866412,-0.8720680635905389,wave2,-1.0473808054061464,-0.4805910516135829,-1.042893302363095,-1.259653686770359,wave2,-1.2808907394913875,-0.7813984237152822,0.9421451545359636,-0.6069273593935995,wave2,-0.7110567889573551,-0.4504691826145446,1.1736933696512728,-0.4237483323811916,wave2,-0.4089596368000018,-0.2862313729796439
1758,0.3832205830484797,-0.2603949653198043,wave2,-0.162040297376514,-0.3699504297465676,-0.047624236393104,-0.6896575547609047,wave2,-0.491636466978834,-0.521302068200665,1.177714232520834,0.2636158475010057,wave2,0.4894183620742358,0.1150516859979179,1.2275427758260735,0.2279072455438312,wave2,0.5112153461367349,0.3313413840471081
1759,-2.0277082474631483,-0.5009217176920344,wave2,-0.7841760658048711,-0.6706165864221278,-1.300592989558989,0.0436615024890132,wave2,0.0806404861709912,0.4162181069137203,-0.7972201874094946,0.0362641763945346,wave2,-0.5644808059651085,-0.2049603762357359,-1.498622528733924,0.2259326926852627,wave2,-0.6263151400276286,-0.3345633027400864
1760,0.1579716106968975,0.2521601270098357,wave2,0.0675318048103126,-0.4983163283293004,-0.283091170402772,0.3027272940389328,wave2,0.3253595069727445,0.242165137071674,-0.8721558221551498,0.3897231122024823,wave2,0.0615466401966989,-0.2586500193781297,-0.2332716530656904,0.3499494930216151,wave2,0.0366121804976335,-0.3082252222709064
1761,-0.4864329011153687,0.1866380546312909,wave2,0.4381842648901779,0.5677190539134949,0.1212877905379541,0.0341527980525659,wave2,0.1312595838063459,0.4215161701036773,-0.9349555594547556,0.0977598518478657,wave2,0.2415757077654559,0.4775065517216232,-2.8491390225136297,0.1520410217924629,wave2,0.2215332698551247,0.5409124209090702
1762,2.1215382288656373,1.1359423156931303,wave2,0.7693892338068626,0.4916224712938244,0.9798145693587074,0.9698563109773402,wave2,1.1403581016753972,0.5370928845774234,1.67291425385577,1.0299574447142956,wave2,0.6092866988361522,0.3277557957776286,1.1754207707433395,0.9267193570248768,wave2,0.4226534932641007,0.1335096056553416
1763,-2.143657069122341,-0.0031560822397151,wave2,-0.4036228440824461,-0.0054251796215127,0.0179441094565206,0.3529018019353986,wave2,0.0599255216521363,0.5306819824994933,-1.3762321713910677,-0.2927973270427107,wave2,-0.5556673893615083,-0.4083914668701801,-0.5723089193887472,-0.2335732358797682,wave2,-0.3764110252134743,-0.264247608660021
1764,-0.3245074874914395,-0.4925140180158196,wave2,0.1367429307154808,-0.8222469499915779,-0.4438705973481158,-0.7498547594930169,wave2,-0.2161156035212617,-0.4025928123388598,0.1713675892587056,-0.3108096370306503,wave2,0.3963801758110716,-0.1828984220887703,1.0124207921493382,-0.6306730610148836,wave2,0.3434806059930216,-0.2232283043940452
1765,0.0622360702706831,-0.4680979614347933,wave2,0.2149968542509321,-0.0646079052941255,-1.456091698745081,-0.1627302221997686,wave2,0.1529072834885942,0.1265174167121068,-0.1230765518954591,-0.2503921301689858,wave2,0.1789944123656603,0.1264026559087023,0.0453637839709855,-0.1869035255919187,wave2,0.0906049428363534,0.0444497899907491
1766,0.6159440445853542,-0.1341411537361279,wave2,-0.0993325216964953,-0.3376779322673906,-0.43646268386115,-0.0099680365416335,wave2,-0.0461059115433536,-0.3455273046653487,0.5050907208888957,0.2350096900266634,wave2,0.2182580351834933,0.1853014452449664,0.3596185546394324,0.0725893351378654,wave2,0.1519034940143002,0.1990270530670954
1767,1.0188569111111494,0.1317989718166836,wave2,0.1454387357909234,-0.2831310943853047,0.6151343270804359,0.2457830842035919,wave2,0.3582790750176801,0.101368612231981,1.0327195456368006,0.1466538679413038,wave2,0.163253246200637,0.0315740682223268,1.0266269735016862,0.1267578209276451,wave2,0.1842947520369634,-0.2563191521707127
1768,-0.5467893557793102,0.0315727735691604,wave2,-0.1188505405732343,-0.0206874604519273,-0.4358121136974707,-0.712568012704881,wave2,-0.1404619663792881,0.1953930901884069,-0.0373522393912609,0.303268141288403,wave2,0.3156656657562224,0.3035626935964914,-0.6493534764859181,0.2447043167605999,wave2,0.2557109268740496,0.2071863363468349
1769,-0.0367659380437658,0.2170685572787631,wave2,0.3823319106638478,0.2865150172600128,-0.537105517249635,-0.2781355914621199,wave2,-0.1368835562802379,-0.2709156065749645,0.9211292081335644,0.5936670921746305,wave2,0.7066906991281388,0.7178378350875956,0.0921476299329631,0.4832511090218273,wave2,0.572075447204537,0.5167565420550352
1770,-1.1390997488777297,0.0628236579075778,wave2,-0.2140113157280752,-0.9218318584054572,0.545504248365804,0.5611846486779895,wave2,0.2879595362829592,-0.0292562182655409,0.4565632811068303,0.2381475839223689,wave2,0.017691788355159,-0.4970777568890617,-0.3737600114378753,0.3912982848349281,wave2,0.338367100372544,-0.1033635363688042
1771,-0.2433450294344923,-0.2291334228185506,wave2,-0.5824015072259117,0.4560217084189608,0.1206641761196818,-0.3815616793480445,wave2,-0.5281040310015603,-0.2003583242299238,0.6345668530099456,-0.078630171338778,wave2,-0.4360318718004186,0.4415881212751353,0.7814985594953436,-0.1673177490840283,wave2,-0.4865424130773084,0.152855565822938
1772,0.9613848865437254,-0.273499991106884,wave2,0.0758075824598381,0.701854960060875,-0.6007601576016325,-0.256396158574104,wave2,-0.1631748834926266,0.0999661510244364,1.4165894201841485,-0.0034569714929749,wave2,0.3786628233160293,0.9265278790154284,1.5103859204044578,0.2897471189379232,wave2,0.542537223161411,0.9822018724082472
1773,1.0223478669951434,-0.4215787940093971,wave2,0.309473606566832,-0.0677266667999521,0.1467234573474332,-0.3465331507801076,wave2,0.068926272723515,-0.3082476129691881,1.2271361768093605,-0.0568136728749501,wave2,0.5051428731517447,0.2328622464032606,1.3379655750857595,0.2454668047627561,wave2,0.6620935038391955,0.3573564146423924
1774,1.6488634130876292,0.4874035784711483,wave2,0.3968602058942552,0.1942001779199365,1.105959097936151,0.4553691237998019,wave2,0.3995837793999961,0.5209592136765713,0.6765971777021876,0.2012279844629481,wave2,0.1766416151894609,-0.3497251547019016,0.6221760883723307,-0.0079390544630562,wave2,-0.015082761799682,-0.3699243444354403
1775,-0.2090429742380601,0.0785993052086106,wave2,0.0904690121808677,0.0369042359851381,0.2366550758069107,-0.4362165914989936,wave2,0.1058181873489646,-0.4096745927204014,0.0320080387988207,0.1726609188457314,wave2,0.1046397401422826,0.3880525169888175,0.4684981618400217,0.1616312094966025,wave2,0.2813659751808086,0.1553813198147592
1776,0.8556755992080055,0.5993936528858748,wave2,0.4732132877348047,0.2239687122457461,0.3531721079927515,0.1109170247759177,wave2,0.153826621468182,-0.1824575446037013,0.8493396917725146,0.730130311824861,wave2,0.5397297902312621,0.4672892900585292,0.6949492932243145,0.3560510867218106,wave2,0.2392523464402401,-0.0390453538246736
1777,0.9013524805650042,0.5287242169570003,wave2,0.4387646509667604,-0.0461566102948713,0.7603539001840482,0.4394346882185842,wave2,0.6704425450443328,0.2426642805184924,0.8038924088126829,0.5927301023169267,wave2,0.4225437651201085,0.3225904685869147,0.952462620929365,0.7466987845303902,wave2,0.6009529727932804,0.3156856194238336
1778,-1.8485681662802411,-0.0900799283018931,wave2,-0.2081878084143558,-0.8361601471469047,-1.5037926669933026,-0.795440403786837,wave2,-0.6338694021701885,-1.2179655449755744,-3.5624117660175454,0.0467051100085618,wave2,-0.2381095004810329,-0.9141690243547218,-2.5900751574197325,-0.1258634456181013,wave2,-0.3338465445488041,-0.8816185656355091
1780,1.7196159288464918,0.3002154650145729,wave2,0.718269286959133,0.6333910826299427,0.6615664312003741,0.6416215328540771,wave2,0.618640287763546,0.6210134442995416,1.8157468522739508,0.2614839888203846,wave2,0.5521457617257768,0.3687683397672956,1.1842523510759833,0.0942048576126448,wave2,0.0866071246491371,0.2329048839559306
1783,1.6931498672284475,0.6477120479229492,wave2,0.1794437308589682,-0.0416810216450829,0.8734738180708836,0.6682135494192023,wave2,0.5910515804175782,0.5334002241104181,1.2765409258171263,0.4275993700394698,wave2,0.0495961494751553,-0.0810878797499123,0.993214419795566,0.324234255409404,wave2,0.1194092260356751,-0.0929471808560227
1784,-0.3712030291635798,-0.6651523218496254,wave2,-0.7951606632225261,-0.8602607958636763,-0.0396631922967135,-0.5960583962198562,wave2,-0.6917771063020388,-0.8683152922849384,0.9481164390382218,-0.4355848142991307,wave2,-0.5637041132346541,-0.4196322391853173,0.3155516902734286,-0.2032758835243559,wave2,-0.3762083115024794,-0.1854330097757083
1785,-1.2742494568213156,0.1112432830991829,wave2,0.0156543603287888,-0.4677137864642675,0.9261252999091972,0.4669361975882499,wave2,0.4099611385347256,0.2640917890177495,-0.1850405763181085,0.1256375742813172,wave2,-0.0172286885521067,-0.3022919434220853,0.3764395611620421,0.1169282164270332,wave2,0.2663614157968505,-0.0405041507822128
1786,0.0666929768516629,-0.3434271158542659,wave2,0.1093139429790461,-0.2268660587946671,-0.2055533031559212,-0.650579754326148,wave2,-0.2188912970498304,-0.5501220354501359,0.240515174972843,-0.1967538590717767,wave2,-0.0116802161997606,-0.0234765035182455,-0.7998803865127257,-0.1975953884208974,wave2,-0.2233056703197573,-0.4387669876323965
1787,-0.9829259446331888,-0.3236612594870165,wave2,-0.56521350329429,-0.7462217801778503,0.2629048824821943,-0.2837573809690892,wave2,-0.0612843080335814,-0.3138995382372433,-1.960061515139134,-0.2986721420443533,wave2,-0.6056450621431424,-0.6172623540834277,-0.2131820380250568,-0.1755282110320472,wave2,-0.3486343160158335,-0.5500740149066482
1788,-0.1275639079823174,-0.1124330117066225,wave2,-0.8513469282661328,-0.9774029306462708,-0.7667213456557317,0.478965606288376,wave2,0.1801069946290505,0.0464085092125627,-1.4755788848999616,-0.0355218574193616,wave2,-0.4424786990988798,-0.485626951570713,-0.453957784495438,0.1393108246378335,wave2,-0.1878058086276773,-0.2763065197467941
1789,0.6722202274522856,0.1259729926436035,wave2,0.233131134367386,0.2187404234727863,0.0096172929404265,0.4172064436597785,wave2,0.4303016814261503,0.628326956975248,1.556039672588519,0.1109091840412371,wave2,0.2346218976124684,0.2979006557080578,1.238478815549763,0.291859609381257,wave2,0.3243493198537507,0.2627045398108282
1790,-0.2136239658816069,0.091545371163227,wave2,0.1168974795189758,0.4000275522713243,0.5718717420741568,0.3578477184381685,wave2,0.446306707548378,0.3328441888574835,-0.6580592099529474,-0.1767720584002228,wave2,-0.1638404491854144,0.0483952103822586,-0.8777417974173756,-0.2175058968660431,wave2,-0.2611708043944917,-0.1654858384164045
1791,0.6138942283462591,0.1361546770301469,wave2,0.3177847616456781,0.0983434350018161,-0.1605983004250909,-0.079243749371789,wave2,0.0378423327479118,-0.1766154239361101,0.5792048837255508,0.4331946969552211,wave2,0.5121662969733645,0.1937667363616701,1.2422744631608682,0.2634185276120641,wave2,0.4265011261886676,0.1605398683027716
1792,-1.0592971249857643,-0.504839568314901,wave2,-0.8780366891046025,-0.7620479645570692,-2.199996739641157,-0.1360951145704023,wave2,-0.1345589218918215,0.0109460190915353,-2.766421884756717,-0.5341837988965055,wave2,-0.6295629486301899,-0.6504887971349484,-1.334666719354002,-0.5196012838355525,wave2,-0.7916179242533884,-0.8611800807281588
1793,-0.7931783795488655,0.0882022746062385,wave2,0.2244909047796222,0.0731052301337564,1.3281523914009086,0.2136796927918924,wave2,0.2999837158332477,0.3140608165182457,-1.8592217312969168,-0.1606285440447661,wave2,0.010881009579494,-0.0574959766283531,-2.1942264748619245,0.0813906334287432,wave2,0.0553917922612959,0.1284343096303116
1794,1.9742702605862483,0.1496583502274571,wave2,0.9014336593589842,1.0653039650013874,1.3443769029522863,0.59665003468296,wave2,0.7591414979599374,0.9809044617325204,1.583244018537704,0.1980818040182456,wave2,0.5095539931363702,0.6703799268481279,1.2225789293643516,0.1870996278397438,wave2,0.446057728404171,0.4928228085268312
1795,-0.8148202483654775,0.3551657500924838,wave2,-0.073815308657305,0.2251239118167525,0.447859064512943,-0.0029025073677577,wave2,-0.299634573335898,-0.079031788357009,0.0637728158206429,0.4690833584063169,wave2,0.4680986233466015,0.7239347599078543,-0.0315405120896849,0.6692657894237503,wave2,0.6252612742554403,0.9652911131090516
1796,0.4227387549578935,-0.8007334474862382,wave2,-0.095383107622663,-1.261275315460315,1.6107406263840107,-0.4778133342588915,wave2,0.1455212793720695,-0.5015930198151537,-0.1048156042635539,-0.6728084517620478,wave2,-0.3261334126845108,-0.9742438569490608,0.6505449044688186,-0.3558384686724154,wave2,0.0594286600474096,-0.3427583390712501
1800,0.8147452172031411,-0.3708691675313451,wave2,-0.2009855725766236,0.2325889074045068,0.6617142682877133,0.19095895707957,wave2,0.2646173958240898,0.3471921251925098,0.8835074419063748,-0.3716717064019399,wave2,-0.1958407685690339,-0.0167169405771361,0.94677696770137,-0.0998622518816293,wave2,0.0973555157273872,0.3961495860027043
1801,-0.4423919651543835,-0.3514001076606035,wave2,-0.3750127106266774,-0.199482792520294,0.570333049891497,-0.6124218556676333,wave2,-0.2215044420695096,-0.7086478439789732,-1.6029212232551813,-0.0669699385303189,wave2,-0.1675043789043057,0.0037522368930923,-1.0032485109963758,0.0889896438209745,wave2,0.2378390483373738,0.1981389229418675
1802,0.575881545392138,-0.0766290514021958,wave2,-0.0131201987788029,0.370389056962574,0.244041783907307,0.3544477451835498,wave2,0.6314544936673866,0.8354131262221202,-0.0896626701330504,-0.1885560844810452,wave2,-0.3358515827736548,0.0208416504916682,0.2870450302140858,-0.1409899585811207,wave2,-0.0901642197615661,0.1617213448983496
1803,-0.368716618871146,0.2313461690295981,wave2,0.5810862787837792,0.2529664525574773,1.6038492431531295,0.4268136373368207,wave2,0.5159387629550882,0.6199290617296938,-0.7455502977086225,-0.1421516274086827,wave2,0.1343784760380375,-0.0508716632363246,-1.6630271751082388,-0.3377369762078767,wave2,-0.0413383699751704,-0.3321782067742126
1805,1.2618973311977315,-0.1788428200978264,wave2,0.6838282304309073,0.5967086877722609,1.5796610407196696,0.181887178921235,wave2,0.5232259264380301,0.4556619373178547,1.1774061003441725,-0.4641649495068337,wave2,0.634642412244293,0.2500082815122778,0.579406889680102,-0.3173361739866491,wave2,0.6074243743645883,0.2934975258936272
1806,-0.2212782394516662,0.1161441727000411,wave2,0.8908947242717136,0.4219213807594451,0.0826477147784433,0.4163960847338901,wave2,1.0025948537697993,0.6041768332837159,-0.1722966930535866,-0.3300097654610501,wave2,0.3178452571699832,0.1823630203788813,0.991976293178028,-0.1009857078028052,wave2,0.4212071102864466,0.2408754124047979
1807,0.7257437537478361,0.2626544411479905,wave2,0.1827901809598966,0.0912006921906218,1.1587678522006428,0.6607120999166869,wave2,0.6563375588988756,0.3933225421188642,1.0154548475196332,-0.0586266402112385,wave2,-0.0569544555965668,-0.2576475550278241,1.081135047487762,0.0572497580901784,wave2,0.0156092084803588,-0.0915511959448917
1808,-0.3717707569121819,-0.7422838660396571,wave2,-0.5529395555226329,-1.4216475080820703,-0.1566724468099975,-0.680932090054664,wave2,-0.5001860108073002,-0.8057523449548483,0.2336071823839269,-0.2471399439929362,wave2,-0.183111204722626,-0.4435652974130317,0.8847143127955027,-0.124788688068647,wave2,0.061058831439678,-0.4059267916346001
1809,0.0048197896720591,-0.6028374082756249,wave2,-0.335933978226604,-0.458175948597042,0.5907107368906191,-0.1254068006124928,wave2,0.1156866920195998,0.0630255197294833,-0.7455924111654468,-0.2244199362412038,wave2,-0.5228647110608438,-0.0848553776642448,-1.0032788093275262,-0.293469582470489,wave2,-0.4015318582187229,-0.0610249423738248
1810,1.068943401302041,0.2550170340565323,wave2,0.7389433906364578,0.3052941681727725,0.761317167441426,-0.0474932846990424,wave2,0.5326550797602406,0.5294580943440591,0.6255222127438808,0.2051268923439571,wave2,0.5822635241835388,0.0273088405554638,0.3080064920136401,0.2600317114269754,wave2,0.7309659991773059,0.193354569318368
1811,0.1292203571157489,0.1694362896606662,wave2,0.5004071067346745,0.6982226762811723,-0.4744508243005931,-0.8204789530885228,wave2,-0.2316521331847365,-0.4852001770130507,1.1708800983440464,0.5098642748224436,wave2,0.4279983341956034,0.8484314285585974,1.0196997366265308,0.3265016218982463,wave2,0.1793807892293545,0.4683794445673995
1812,-0.4607445466244869,0.2485340470202381,wave2,-0.0047448629355533,-0.1237034222619195,-0.5830481578778896,-0.0458186696429481,wave2,-0.2154303807610571,-0.1248750211462048,1.1368117078862885,0.5339639775618756,wave2,0.4182012203207963,-0.0572737795527478,-1.750392207220642,0.303142607011523,wave2,0.1108318821038704,-0.1569457433250623
1813,0.688204558968665,0.3459747662136703,wave2,0.5022516701986808,-0.009243403787404,0.6408418440003378,0.4074897602779415,wave2,0.4247021866502574,0.1790508587643104,0.0615107357599082,0.2536490266316968,wave2,0.511227959079936,0.0592800779582523,-0.473998666711668,0.3302762723162605,wave2,0.4920007381835293,0.2031310790454327
1814,-0.0355849510322753,0.2916830430552499,wave2,0.0466313148655039,0.5974325491830212,0.1172264876972569,0.4702285117100726,wave2,0.2459189455514221,0.6606078300248663,-0.6288751542085473,0.0798909285824739,wave2,-0.1487954850942168,0.1970212943306155,-0.047702850584336,-0.2617900574512201,wave2,-0.302961277088721,-0.2257081238525654
1815,0.8123730479975474,-0.1114579683448142,wave2,0.6316118516955349,0.0241860375570346,0.5814977362861047,0.3387482192505191,wave2,0.6114621131441853,-0.0265952371678588,0.9489246849980946,-0.1204783976786405,wave2,0.5690576403110885,0.1837013660644442,0.9250511442509848,0.1177526988307647,wave2,0.6842448684893664,0.1530795739873199
1816,0.4908241927792622,0.0606719617830531,wave2,-0.5381500185366523,-0.3868520632300212,1.267470791856976,0.0535701370682716,wave2,-0.4403270560748845,-0.1916329133390045,0.290858586149494,0.1641670342571503,wave2,-0.3402214326063376,-0.1627527211454903,0.9108257387194326,0.215919787239855,wave2,-0.29646776934108,-0.2858966094152447
1817,-2.2343839830377425,-0.6055766435710459,wave2,-0.1668629343599588,-0.1729402881908268,-1.294250162453729,-0.2654926180228126,wave2,0.026592616145418,0.1423210120616448,-2.354487988705663,-0.388056788414868,wave2,-0.3254143061576038,-0.4176064593969764,-1.215805403004856,-0.5635791213943342,wave2,-0.271125588488742,-0.5400888700072495
1819,1.2526003215934238,0.3422436220444489,wave2,0.1123824907471016,-0.1288508397333958,1.1673639238693465,-0.0686804399086001,wave2,-0.0226677633833841,0.0441980629128645,1.222854490795213,0.144993034435198,wave2,0.1746577943283548,-0.0616451079082264,0.3968689273593612,-0.1887479355151372,wave2,-0.0347021869835702,-0.1806993875746499
1820,-0.5439732970637333,-0.9086150362276452,wave2,0.077696389317218,0.0354969688555999,0.2383678200251332,-0.1951337918701323,wave2,-0.2291100498705907,-0.0113208589967586,-0.2824848103398377,-0.671562379046249,wave2,0.1762834108826954,0.1056875512410153,-0.1008038415175707,-0.7157270390130718,wave2,0.002120478024261,-0.1750121170607418
1821,-0.5875468600605025,0.0652405281713861,wave2,0.4325694490939813,0.0687840924644105,0.9082924458939348,-0.2020524481604515,wave2,-0.2011435374053696,-0.5205385643460878,-0.1760574668759009,0.2218345346262131,wave2,0.4516328042469976,0.1623157604016546,-1.2253284219459348,0.0494820669414825,wave2,0.1660198250311261,0.0336565749372309
1822,0.2177413779038853,0.6769282182859646,wave2,0.61708182582302,0.7349299704256693,0.2911021280472772,0.3708263921119006,wave2,0.2492708037957134,0.280299707035067,0.783951040237683,0.4960642234851017,wave2,0.4550104298254106,0.6865544523202766,0.9446917094951894,0.2334788642176524,wave2,-0.0845285336726972,0.3324488011976841
1823,1.4474314924922895,0.3481956269825843,wave2,0.4611411652960222,0.2985570941201931,0.6603458233012792,-0.1680432610619937,wave2,-0.5443662420009718,-0.0658593619341454,0.079431005725427,0.5178128143377971,wave2,0.6020811099368444,0.4370225749965481,-0.4394511409293083,0.6228876639519184,wave2,0.5562608887970849,0.5115001926299506
1824,0.0377374831503951,0.5178068956454451,wave2,0.1921297016162428,0.1843294795566845,0.7063643392582051,0.1304920094050604,wave2,-0.0301631161627905,0.060376762940418,-0.1997523553097733,0.46776970822702,wave2,0.2328117921293729,0.4028220941671583,0.6001423602492783,0.3593413517944468,wave2,0.3785612939294809,0.5064867126108703
1825,1.166211535793369,0.1431742011055701,wave2,0.5822170875178241,0.3823463589702052,1.1019032701477582,-0.2897365835824395,wave2,0.0673347412173115,-0.2168726806157102,0.6081541554872283,6.814165612656353e-05,wave2,0.4165817568312997,0.1511428637226552,-0.9134295261737332,-0.1442251669244248,wave2,0.1843186824368868,0.0503388839957034
1826,0.4478500097092756,0.3702205724552272,wave2,0.2926166458134542,0.7453136584873541,0.4760824202729215,0.5059135203221254,wave2,0.1829595235994623,0.569524205069095,-0.1261897542288191,0.5209990482994435,wave2,0.2839206489440509,0.8933352901690792,-0.9287800450280324,0.5056226308203939,wave2,0.3844111279046296,0.897755991476322
1828,0.6566940639256852,0.3814610482726768,wave2,0.339081282387681,0.2523084506071278,0.8842999715881575,0.5862684232083779,wave2,0.5786354106932274,0.5592099906943695,0.1378403832068125,0.0156020259796931,wave2,-0.0885174133600681,-0.1729756233769459,0.7974528144131106,0.1989345850005061,wave2,0.0726078590748628,0.0749336943784841
1829,-1.6088677312418551,-0.0593220708066886,wave2,-0.3854739723443383,-0.2300951709335341,-2.0171459235076385,-0.2777315007921171,wave2,-0.335464398402942,-0.1657579772515468,-1.4681802141930644,-0.1384970765387684,wave2,-0.3772745600948975,-0.2853645726773935,-0.7651836084967772,-0.2026209399524364,wave2,-0.3928931886905725,-0.1319362079257238
1830,-0.6405427421766999,0.1242847871791907,wave2,0.1912766986876113,0.3952700780247851,-1.73985807193384,-0.6009761346147782,wave2,-0.4188652470621972,-0.332258961869845,-0.4445546804029455,0.2737545808495987,wave2,0.4262752116957731,0.4602808015941024,-0.6635864632240273,0.1553954314014807,wave2,0.1824349262027085,0.2060081701482734
1831,1.7637890223249983,0.605304208338699,wave2,0.4389503249899564,0.448074097514171,-0.1593681070419887,0.3069881986710906,wave2,-0.000237882542808,0.2376981805000174,1.6284045220743484,0.4345437787421662,wave2,0.5070651844916905,0.6275099453653576,1.2876230816998355,0.4795492630545508,wave2,0.4832292738867199,0.4723093272458241
1832,1.440515841161333,0.924817966213795,wave2,0.5024359361779835,0.6439668772487381,0.7093107411122157,0.1584482922917094,wave2,0.075507402864388,-0.0635826965389996,1.0884591268716812,0.9660767957319398,wave2,0.7071794792622415,0.9324593470706726,-0.0503549294131612,0.7199693435512066,wave2,0.5384236407059554,0.642173072230028
1833,0.8375297356484717,0.0341236511434068,wave2,-0.1297454282489287,-0.0438622969865576,1.1287431996238024,-0.2842740631967331,wave2,-0.2023167350827472,-0.3627170797918202,0.6174120526215144,0.2527431550351921,wave2,0.2889626261124218,0.1033721648909928,-0.5383089410302051,0.0756688924156658,wave2,-0.0083934453536141,0.0111274737234829
1835,-0.9256894078420402,-0.2840700239775633,wave2,-0.3171803020885164,-0.8754876210997966,-0.0573376747427283,-0.0056192276401507,wave2,-0.0306996455539854,-0.4032836916280893,-0.2431121640290431,-0.313070164918856,wave2,-0.4629376300131497,-0.6747941181092457,0.8586405809211258,-0.2015922475706725,wave2,-0.2464525631506643,-0.5940239618920325
1836,0.1808638415124028,-0.3049627752303268,wave2,-0.4121118523896681,-0.0138025981721074,-1.5682417892661216,0.1952405854398222,wave2,-0.2384411668910873,0.2510166821359088,0.0311035993758242,0.0545741878620755,wave2,-0.1434108925359465,0.2664110609469381,-0.4171132404224619,-0.059398682428557,wave2,-0.3038705685747374,-0.0259463057250095
1837,2.1490554175733467,0.4047242604441186,wave2,0.3335462687693216,0.047200770127421,0.0939085798075757,0.0990829793332359,wave2,0.2189518992165529,0.3001203395438421,1.288939196550996,0.4942001306677948,wave2,0.4848022469780699,0.242463475415023,0.3132993914371051,0.3011238292285586,wave2,0.2874139599574413,-0.0449641372841794
1838,0.2642563247608699,0.5236098754385732,wave2,0.5264010544714521,0.7725907288342455,0.9090283055976304,0.6293187027971281,wave2,0.5922124964776954,0.7706665302688998,0.95232758420287,0.2333635912632907,wave2,0.2147634073592478,0.337357970344146,0.5525147376247236,-0.1668192544811243,wave2,-0.1322586388936212,0.0110205565031324
1839,-0.1647495691045405,0.0936605543780262,wave2,-0.2849110156245922,-0.9398112322448168,-1.313391127456654,0.2419128452202105,wave2,-0.1705533254644241,-0.1913523487248468,0.2939986287354334,0.2359957611946977,wave2,-0.0524657863832708,-0.4888707756339988,-0.7039426531865861,0.4119876793571863,wave2,0.0304962407130719,0.0396973845785559
1840,-1.3107614297966517,0.2353316260965663,wave2,0.1470332120801709,0.6210206253839139,-0.905861541134472,0.0675243210732805,wave2,-0.2671362699793143,0.1262471465975445,0.0855914741250315,0.3317221957317701,wave2,0.1189934978595416,0.5178685868586606,-0.4988658273169312,0.2700169096841481,wave2,-0.0876666941979812,0.2796324536742413
1841,-0.5204432841045624,-0.1913228636844681,wave2,0.3522152438564718,-0.5339667301843514,0.0973881332951295,-0.1191822674785259,wave2,0.3807839221369908,-0.0179198260740549,0.5436113287427766,0.203346172724171,wave2,0.8023077084088293,0.1850251143822512,0.7861074826301043,0.1684282598803324,wave2,0.5180112875990317,0.0503356805678323
1842,0.8372527018216198,0.1811861445524254,wave2,0.1564776143332471,-0.4856388673353331,1.327332231693074,-0.3583530611346075,wave2,-0.2825359876024789,-0.1577797810087899,-1.99764640884463,0.1413355744652565,wave2,0.0774820908174939,-0.3148738223796309,0.0802221791518926,0.0869021352167985,wave2,0.0948933061407673,-0.0677452050517177
1843,0.3738050931977736,0.0516232685211697,wave2,-0.0177806509692926,0.1391848040360239,0.9475003950566104,0.2562251363980167,wave2,0.2537758120488612,0.368971553038275,0.1638734104246869,0.1440938461815094,wave2,-0.0056614347441935,0.0452304929182879,0.8298115075837496,0.1446487014114374,wave2,-0.038506003915971,-0.2398439605621286
1844,-0.0564605997795744,-0.0165607589598772,wave2,0.2761530581761757,-0.0340128112850739,-2.047123557090614,-0.5010009420383976,wave2,0.0663577090905958,-0.1837494498497094,0.7972797751102828,0.1650043692957352,wave2,0.4801525532949322,-0.171381471675666,-1.1254951646529348,-0.0784534270510884,wave2,0.3553601041826932,-0.0978341862997829
1845,2.241093307614176,0.3616095541867314,wave2,0.0868855082581105,0.5934829184662045,-0.3284010581112728,0.369046496498211,wave2,0.3702978790105482,0.7351682076538193,0.9443844365440088,0.4798578399714532,wave2,0.0738533453850063,0.4232184337829856,1.4701315657679803,0.3968277780291034,wave2,0.6185051857400694,0.4857539441996819
1847,0.1158672089215993,-0.0227985923251721,wave2,-0.5951420539506385,0.2862940442852888,-0.6915444723419918,0.2974602802844011,wave2,-0.4676501984592303,0.0325288487360251,-1.1197279166690133,0.1830692707161099,wave2,-0.4090026747433495,0.3014256614625668,-2.9656204222787412,0.2624855236460486,wave2,-0.2833372089598218,0.3673168771458277
1850,0.2533790901178672,0.026464349870551,wave2,-0.0338437470882229,-0.0929396676808154,-1.4181769266664743,0.2934121040028462,wave2,-0.233806886079687,-0.1745824617616361,-0.4516960771724564,-0.1396654319860537,wave2,0.0985079700216313,-0.1138651293037404,-0.807606798895068,-0.0207656201244585,wave2,0.0947541655502732,0.1244644710470417
1851,-0.9047737246552454,0.1950560159249681,wave2,0.1214415463201259,-0.2134007013348395,0.6153854674814,0.3261778910239432,wave2,0.4822489401742265,0.3240926344740595,-1.1344559320946797,0.1501567428193368,wave2,-0.0826767056936261,-0.2344530320111391,-0.2383630834073602,0.1339880211557025,wave2,0.0769966872227607,-0.1801453635223149
1852,0.1311603287691532,-0.054787455204075,wave2,-0.3670142985387583,-0.2509532043601572,-0.6178342064939121,-0.111407692444126,wave2,0.2049787923422996,-0.0378786499277759,1.164072920082051,0.0756549530315698,wave2,0.0016691832009844,0.0225618097272067,1.387144904748527,0.2353502935892347,wave2,0.0487980666463459,-0.0698857088395072
1853,-0.297242318406868,0.1917160052271993,wave2,0.2052979614309242,-0.2143572739166754,-0.6366894444372198,0.4751967748068435,wave2,0.4139274772933663,0.1824498454561607,0.1164592689486049,0.1711665462002536,wave2,0.1262153150205729,-0.0454782822355794,0.1932380488098486,0.1800420990439267,wave2,0.1659129160169468,-0.1301509694629849
1854,0.1533548795464684,0.3767991919362954,wave2,0.5697639696768397,0.4137091517590234,-0.0702527995313235,-0.0839383083261668,wave2,0.1468640402150478,-0.1602938488537064,0.7327769854051802,0.6575358537767088,wave2,0.8462169504869445,0.5134322580707559,1.441801307929944,0.7403940622957209,wave2,0.8092958080331526,0.674200360243893
1855,-0.4431699240196826,0.5623617653889279,wave2,0.6862183916904447,1.0659356462532354,-2.443972492823002,-0.1315075787930293,wave2,0.0439213101116646,0.2094912704189366,0.0657824154328178,0.740373150144594,wave2,0.791584799810614,1.0441723528799929,0.6249174341617345,0.3772161277333491,wave2,0.622287297968173,0.9343564093891056
1856,1.7868604025480814,0.6485464144503634,wave2,0.8785942644083202,0.9381958627131356,0.8321115795494124,-0.0251452977213622,wave2,0.3652609165399132,0.1374407759699678,1.3021391634933346,0.7454337399726755,wave2,0.7204781052394306,1.02699168466655,1.4343218865188636,0.3904554373973986,wave2,0.5920940123302164,0.6984395900888695
1857,-0.1260935741829096,0.4152291636867,wave2,0.2136133561647579,-0.1487124755919502,0.6597113927733823,0.4318399877053581,wave2,0.5746152561925394,0.7859735617659488,0.2512552147939728,0.2610539542019715,wave2,-0.20715123429641,-0.5198611274074999,0.6084365974088772,0.354181284953086,wave2,-0.0744567723553229,-0.4849738210603132
1858,-1.636731681074075,0.2393399515130878,wave2,-0.0938368138783414,0.0907352624965776,-0.6584007363313186,0.1844263274364919,wave2,-0.1714534533344553,-0.0934784303021065,-2.6352785445810354,0.0437711384897381,wave2,-0.2694725631848969,0.029814607355719,-1.4088950376866174,-0.0149059144876559,wave2,-0.1668756493898841,0.1448477850373915
1859,1.8322612620119865,0.5568047437055959,wave2,0.5563705117521089,0.2043778897330392,1.425401048666624,-0.0133292001906306,wave2,-0.1002216601891829,-0.0474374228611644,0.9770239631178848,0.5483402974867767,wave2,0.5676187663754498,0.4038614934227996,1.2263954922533278,0.5814525302206169,wave2,0.4878988874611743,0.4511095705446917
1860,1.4712545030803377,0.6501991355715835,wave2,0.9732644580568944,0.404468500649553,1.7423301701092373,0.085650186893637,wave2,0.4438444598005582,0.161948372274115,1.4581831439196065,0.6283386976275451,wave2,0.8646219617347539,0.4048859495092698,1.0436035491254425,0.5832910159687605,wave2,0.7277745287704356,0.5860316382234911
1861,0.8802743870643384,0.1845704040161533,wave2,0.3731499869685497,-0.0368084384490114,0.6282399525521919,0.4392610793314867,wave2,0.7321578027996097,0.4159025886892292,0.32414940942087,0.0896008734052678,wave2,0.1893577876235113,0.2820297165565699,0.4730837710998551,0.0629322140753407,wave2,0.0953932107594555,-0.0576809230591874
1862,0.2850360341629128,-0.7699749314872608,wave2,-0.1074034194191007,-0.3960887027583968,-1.6759920389260292,-0.5986130761253254,wave2,-0.4441338976337419,-0.3495389368246417,0.270045887631385,-0.2509765717531702,wave2,0.2707569024350449,0.2562363911411973,0.4123932117936869,-0.0112985185522957,wave2,0.5057520021569881,0.4976625693658656
1863,1.20577042174895,0.2023198917937931,wave2,0.3600705820155356,0.1425428513473172,0.4319250580813378,0.3181166677828803,wave2,0.1398688794128578,0.139584115017516,0.5349757940635677,-0.0242834432727387,wave2,0.338483651835366,0.0372344569161018,0.588224808272326,0.177587766466871,wave2,0.4311852295463108,0.0752677593298731
1864,0.8349173963137877,0.0115840451551318,wave2,-0.9317747089075226,-0.1172801872840494,-0.2835845600987861,0.1480014173159697,wave2,-0.2865123288560237,0.2173748881984641,0.4915330767193296,-0.0142532104123743,wave2,-0.8373860248056745,0.197447338189315,0.7320804757273103,0.1881757174156133,wave2,-0.3821188674768612,0.2141463088203758
1865,-0.6994243921041646,-0.595469418266594,wave2,-0.2610543384045385,-0.7487863677872604,0.054038162271174,-0.0345262813461806,wave2,-0.0078363253137152,0.1497492414331462,-0.7336661470499054,-0.4550207628846023,wave2,-0.1948262505268034,-0.8072333970927943,-1.6972549929725598,0.0394429469954543,wave2,0.0786493137412543,-0.2704764202265263
1866,1.048627112024111,0.4816641209456751,wave2,0.4716083318366917,-0.404954966188094,-0.2081861995732901,-0.1648222456123718,wave2,-0.0644024531105431,-0.3741128002183433,0.4853539030950377,0.713304772236693,wave2,0.665668900410685,0.3872200334392188,0.8408507300124402,0.621908761511415,wave2,0.6975632695449668,0.3928971795508408
1868,0.0217955628035636,0.9578751293886127,wave2,0.6326739824736181,0.3640714644741356,0.9049676828995274,0.7375416760662876,wave2,0.6896170059015301,0.587089488794684,0.4880128236488215,0.5856291974478822,wave2,0.4459988286084473,0.4061209325711112,1.054439276435891,0.4896077374703965,wave2,0.44786156708142,0.3262053801378622
1869,-0.1205725018065165,-0.0955208549090265,wave2,0.0516521506387779,-0.256439600303292,0.8744133138060766,0.1681806866112931,wave2,0.3928939922736885,-0.1402324176096563,0.2429579502864316,0.0424582090139686,wave2,-0.0693297572982496,-0.1102717019821291,0.8290281831108118,0.1645519925743937,wave2,0.2491012224161988,0.0361851558300526
1870,-0.0853867077326353,-0.108293224291363,wave2,0.1256297493512552,-0.0374660347209965,0.1238952683411848,-0.1830548781714901,wave2,-0.1658940586232998,-0.2889746884263512,-0.0679360423686236,-0.0908775690602216,wave2,0.1843188145841974,0.4044265235033644,0.4373407202238116,0.0242755626976347,wave2,0.1904156657083981,0.2833538135010449
1871,0.3717335651082982,-0.2074774718021028,wave2,0.0665347929040287,0.1718651723217774,0.901000283318464,-0.7338246931725689,wave2,-0.5376525868257169,-0.4034144293755375,0.6730210020672328,0.0278567091768726,wave2,0.4798186078044915,0.313628524123557,1.1760167977777023,-0.1305529501642687,wave2,0.17817519586333,0.1820448482609649
1874,-0.0599015238228133,0.1744891859893025,wave3,0.1911425809807263,-0.1267779030551223,-1.8534974107222113,0.2959351620750894,wave3,-0.0047721159870248,0.2348221375331562,0.1780028144946746,0.1394825857172946,wave3,0.0937204421649892,0.0708762538339405,0.6908119007790473,0.3177330806456465,wave3,0.0686461756604942,0.1352127846423857
1875,0.7460121219887209,-0.1779187236812385,wave3,-0.1586659406363466,-0.3079404485478432,0.0971154741884113,-0.6509555696732727,wave3,-0.3798813935317744,-0.3558844237960747,0.7111529467464628,0.1020971951768897,wave3,0.0189217250541083,-0.1514219349496489,0.102947497931547,0.0212350801436328,wave3,-0.2785959107588828,-0.2482797136182509
1878,0.6890977606165337,0.3250849303272551,wave3,0.0931220632635474,0.4289224700464924,0.6158538534161702,-0.0385619895324795,wave3,-0.4723016172053023,0.4345838486206026,1.1331179783915122,0.4709687021654479,wave3,0.3844247844231149,0.4545143591287416,0.0719314086582267,0.2749139954325889,wave3,0.0866884770222616,0.3825942741273745
1879,1.253664150672642,0.9004684305716082,wave3,1.0444137505285016,1.228125205333927,-1.4887933005488256,0.7741603970344095,wave3,0.943448263379492,0.917472284953332,0.5629676078128318,0.5924988680191202,wave3,0.7902790533341063,0.8113367457365047,-0.3694840004105057,0.450184144565262,wave3,0.5319157950543024,0.7058023472013891
1880,-0.3306552288185287,-0.1067669746709567,wave3,0.330982373944201,-0.0154782431394906,-0.9067430028007504,-0.2875039050994203,wave3,-0.2381878427303867,-0.3932783312355119,0.6179585479816884,0.0352817632914603,wave3,0.3710302829637769,0.2029815035832406,1.1683882681189135,0.0770057738203705,wave3,0.0764967066202898,-0.1682300217261324
1881,0.1700841845372664,0.2322947139393139,wave3,0.1898352761057293,0.3863633895596337,-0.5088782283307307,0.3671988697291031,wave3,0.3855034848400964,0.3497421749943559,1.2692105593197611,-0.1791146591677377,wave3,-0.0830986527885356,0.0375560490938068,0.9574644324935748,-0.0447966577944339,wave3,-0.066868356709446,0.0598155829856822
1882,0.7399684228130305,0.3004427837055754,wave3,0.5015084565316998,0.0102110628667162,-0.4680422960682446,-0.0384212138732782,wave3,-0.0672095867190054,-0.4135957025786334,0.6469041730785158,0.3440928824584753,wave3,0.6308955548696878,0.2894419385531129,1.0939117524051356,0.1931300559741083,wave3,0.6236447120110794,0.3111360454225104
1883,-0.0352373986584354,-0.1227639724088822,wave3,-0.3700239577506186,0.2275398708140041,0.2182380290699968,0.0025501845428572,wave3,-0.0846352455451713,0.5536739017832564,-0.1900753597574841,-0.2322173712703956,wave3,-0.5046583762189506,-0.0904942873336387,0.3126123863059934,-0.2240423288909309,wave3,-0.296007085972895,-0.0438146889063665
1884,1.813322308159718,0.8497652340185713,wave3,0.9231959689172649,0.7790484778794844,-0.1391546254199095,0.345679314779832,wave3,0.3859334420152618,0.1711211528004623,1.2996779002134478,0.9142149510132612,wave3,0.9723963668396056,0.784659799274488,0.9572815975638216,0.867759024884616,wave3,0.7999579519498025,0.4169146900506993
1887,1.1158419292709885,0.7192657444900807,wave3,1.032716438577879,0.6582953813581707,0.8055055566689595,0.3246651448779984,wave3,0.4369717707080731,0.4256219684641262,0.9891063922710884,0.5493177395344525,wave3,0.6820206882027188,0.4912984050461449,0.930178412013333,0.1619304103214295,wave3,0.1637101604014014,0.0291666009537386
1888,0.923685008066465,0.7250604669724301,wave3,0.8844352374006288,0.4787672765416224,1.3222485052665691,0.7908649957993883,wave3,0.611926864793896,0.6452700163962701,0.2332170834985483,0.5322475976724058,wave3,0.6645436211702141,0.2074305019721499,0.2129605968767404,0.3236559560955675,wave3,0.3657568254711031,0.0904825613812251
1889,-0.1886939560095883,0.883998615661941,wave3,0.3531044906668601,1.2684471940138329,0.7076955367537623,0.6073773989282047,wave3,0.3469303129056387,1.0139482581582189,-0.5307013821709835,0.4652388464663409,wave3,0.263587177210414,0.8933043193347047,0.379105936257626,0.2458090554558348,wave3,0.0557789773628391,0.7786337237062647
1890,1.33404569382525,0.7775499865874127,wave3,0.2856751033380225,0.3998891512646136,0.0253427996737738,0.736105951427334,wave3,0.6826530882279944,0.6021553180032262,1.2452724043314634,0.6042700721020843,wave3,0.0528895785902766,0.6171886223941306,1.313261313417046,0.5324688716765341,wave3,0.1255948575120128,0.3602756083466126
1891,-0.2280618570251162,0.1664489392924242,wave3,-0.1888396132706509,0.5548550837564008,-0.9902048167373134,-0.0987537979996182,wave3,-0.4102738517015036,-0.0937214754222446,-0.5504797697323839,-0.0201593645621118,wave3,-0.3581391111282277,0.3173331146599251,0.5655653553112158,0.0354258760106723,wave3,-0.2660473411270253,0.0967636371204999
1892,1.062962473176017,0.7386592851039584,wave3,0.5534265514853205,0.8031814524451266,1.650878382161051,0.9585417998242258,wave3,0.7465127539212841,0.9935327208582678,1.018819234398321,0.4122685459889531,wave3,0.2934520662368948,0.5266739746808592,0.9953926534783624,0.4727566401902362,wave3,0.2660091155681975,0.4227134581549444
1893,1.6810844520668702,-0.165669303204055,wave3,-0.0598891172572333,-0.0154278435146362,0.234654013719437,0.3366171183383168,wave3,0.2597202871506257,0.1923905547233002,0.8450262901797175,-0.222046137546112,wave3,-0.04352701508897,-0.1109833409780958,-0.2287866002733123,-0.1328438993707662,wave3,-0.0201575462331177,-0.238884379806101
1894,0.4929678316315384,0.3382093640586032,wave3,0.4432663358065767,-0.2561917800987725,-0.0903665812733869,0.1598531769064521,wave3,0.2686472271033135,-0.1207871951171659,0.4522614157570371,0.2097098000586635,wave3,0.1027339388177347,-0.2218545558611876,0.0556124576108469,-0.144735908445298,wave3,-0.2144034642932971,-0.302188484005892
1895,0.2459194508206581,0.4783911921920354,wave3,0.231350382975275,0.2432811743700105,0.9150378154634304,0.397606115429777,wave3,0.1680940775688855,0.2670939889921881,0.6489018848832607,0.4642316424057856,wave3,0.2115567931508838,0.2714514486549676,1.250553269060554,0.1117522617974028,wave3,-0.050712710484536,0.1605177132177976
1896,-0.3678776543205376,0.2986998761935937,wave3,0.4867288747401592,0.2501640671356284,-0.5204823051671589,0.5647651228194475,wave3,0.9251024883372948,0.4535502976734689,0.2130072469780687,0.1608621861872793,wave3,0.1575915877840231,0.0995541808027226,0.810375944596773,-0.0659470324201022,wave3,0.1568356683450454,-0.0490457702519379
1897,-0.7014594467366732,0.5902188279299962,wave3,0.358310866419727,0.253340261056417,0.908781808003404,0.6175322417528917,wave3,0.3308208382206992,0.5247646917157436,-1.7298054001527747,0.3817066553853346,wave3,0.2309813847492098,0.0407723494369171,-3.10649532994217,0.4252301602086356,wave3,0.2354570383241671,0.2657594871022998
1898,0.3102342963598988,0.3896446339950712,wave3,0.2634043673422415,0.3457695519783241,-0.0263576402657948,0.3046558924410862,wave3,0.1220796255576392,0.2699160092240018,-0.1320367568882343,0.1705309097209063,wave3,0.0848486058544771,0.1213836904358579,0.1204396964512379,0.3257292414449816,wave3,0.2527964835775668,0.2070757326511468
1899,-1.0535303186932243,0.2983071429326633,wave3,-0.2134294758283195,0.1192015194705704,-0.8090596702228774,0.3806524774840532,wave3,0.0493161926781251,0.3464169081359123,-0.4008007949718757,0.2327529974509429,wave3,-0.3448961133022626,0.1439191746314724,-0.1273322663511125,0.3449368729317091,wave3,-0.068273707421291,0.4333583534189625
1900,0.9290901955299234,1.2284508324714132,wave3,0.8957843968870365,0.732788854505015,-0.4008568813809074,0.4253280629902667,wave3,0.3367789098019007,0.1502153827931081,0.682835215005254,0.9491695552886078,wave3,0.8520554549132883,0.8260392720381483,0.4106737982203864,0.8360365219574301,wave3,0.6915628725680171,0.6056530378404766
1901,1.5626872397825051,0.8642532886468586,wave3,0.7186175010478788,0.7160171939229527,1.4364897231728992,0.6685986205169092,wave3,0.752682336980977,0.993232423751946,0.4897958179785469,0.7418108066717909,wave3,0.6888985735100667,0.7186513276444569,-0.6176484797083818,0.4964255095105166,wave3,0.4169689653305791,0.59142606684065
1902,-0.5280323075410809,0.3353026899574494,wave3,0.7801402627797667,0.7256205858295237,-0.3475284115824598,0.1163573538652751,wave3,0.3466037583850054,0.2433338786740346,0.7359109781082687,0.3929794669832013,wave3,0.6461442487519239,0.5949566404689667,0.4300362783580015,0.2713552162038425,wave3,0.5701851651931488,0.4612857443726298
1903,-0.7841274769087188,0.1947801766541377,wave3,-0.2402405150865245,-0.1910965126875003,1.355109508848589,-0.0728564076565518,wave3,0.0920818099101796,0.0878034669023053,-0.9913182144846574,0.0321465001589127,wave3,-0.4868846171968352,-0.3109044508921957,-1.1755909518897296,-0.1354923630604078,wave3,-0.3699398518067652,-0.3752693575662308
1904,1.3549680304218308,0.5884111330942403,wave3,0.4634459564623934,0.7616764811708605,0.3059704528584074,0.1155830710369936,wave3,0.081901705026413,0.3569706900861873,1.5608692718689288,0.553358427868467,wave3,0.6273104070454875,0.6929137054511346,0.3034254013442714,0.4779509848901918,wave3,0.5876210790647173,0.7160134315160026
1905,0.4819821665961615,0.3033171552145908,wave3,-0.032384331699403,0.503636853260526,1.242571135790472,0.4650520251594527,wave3,0.1230657983326612,0.2891089067546488,0.8542473903472916,0.2366090486378907,wave3,-0.0199979745824823,0.4234945667348525,0.8459945156194617,0.2795272330223536,wave3,0.0329423001077263,0.290251356382598
1906,1.6403823667560924,1.391589844854967,wave3,1.2036546643312165,0.6464171782701325,1.2478309747219407,0.9652241654647024,wave3,0.8813446730670065,0.7923674888030767,0.7158574053513711,1.0600833004574564,wave3,0.8660017912952508,0.6198581614849566,0.2343106512647874,1.0027055336406,wave3,0.996644150292874,0.6597038341426334
1907,0.6149907606271567,0.7697910444006952,wave3,0.2727143193599226,0.0984429292844688,0.7834400217427269,0.0003095730564774,wave3,-0.3590004772362443,-0.4017085745932429,1.0262930110570474,1.018341954380063,wave3,0.6073407869913104,0.6780868187224235,1.117294199035986,0.4963737733910335,wave3,0.127513860133582,0.3812691686646169
1908,1.014093734877637,0.0952762308510748,wave3,0.1720936409764486,-0.2121135835652974,-1.5065158201810591,-0.2760180116482078,wave3,-0.3380395657433275,-0.6951116518606395,0.6822987425126098,0.2163949366104279,wave3,0.3686524929237914,0.0307513718305342,0.1676500653398637,0.0724059682478829,wave3,0.2472699288619119,-0.283489431602702
1909,1.5389055140768113,0.2573103780699708,wave3,0.3882160715683249,0.2718048098785433,1.420672521541242,0.0224951789521052,wave3,-0.1195208643974528,-0.0555686805441988,0.9194580056904732,0.2202367061656732,wave3,0.5182245671490772,0.3793654727938259,0.4636390235109318,0.4126969561137538,wave3,0.5860242368691523,0.3939370702963342
1910,1.182791459612894,1.1792701683130948,wave3,0.855975480431975,0.6857998836963564,0.8251099753425338,1.169187200804056,wave3,1.4020347670662403,0.8704915999467482,0.5507494644741031,0.8980316733655304,wave3,0.7679111583749326,0.8551502799221326,-0.109477605932662,0.6865402577764365,wave3,0.6435054010937956,0.7799817388895484
1911,0.5788342609304776,0.7209254514487156,wave3,0.5440018688692816,0.7322809712498364,1.0388325143009167,0.240004275000969,wave3,0.5140588740455954,0.6145111107265859,-0.9205302193820414,0.531945519036645,wave3,0.3932507435414257,0.5152284046982377,0.4196271756072539,0.4565380444972192,wave3,0.3564359042216661,0.3752543663766253
1912,0.403569943664331,0.3124059338225393,wave3,-0.0438676833540836,-0.1261403159802285,-0.7873645624658436,-0.0043131635776383,wave3,-0.1272866449141982,0.0788697508546705,-0.8915189927830516,0.0629248209560459,wave3,-0.1867534031749983,-0.1285762735075223,-0.3029081984522553,0.0666352933884301,wave3,-0.3736991168695512,0.0801843809041095
1913,1.954315823872269,0.5199389233796547,wave3,0.4434438728214385,0.5448742197133467,1.2416310653377625,0.4688879352413582,wave3,0.3264843351425921,0.5619489554712374,1.5186027139984537,0.2415450043039994,wave3,0.2076689723854899,0.317624159210203,1.9065775518270427,0.3260074870198107,wave3,0.2873820171047606,0.2617363557871311
1914,-0.9484728672325714,0.1344589220668512,wave3,-0.0649391808869817,0.444863732935624,-1.7471908523179491,0.007386376282787,wave3,-0.4318639108908355,-0.1393389086912613,-0.7177582064747163,0.3090305078914274,wave3,0.1559850543780619,0.55096730665137,-2.0669677914067073,0.1180783610677499,wave3,-0.1422429766052962,0.3098855535562766
1915,-1.3456668609192275,0.5926450561687928,wave3,0.5592072674183299,0.96345531526099,1.3154739651477731,0.3998798267917252,wave3,0.3053967581887598,0.4619715040267089,1.1099015326621091,0.59573342924857,wave3,0.6872778646882681,0.7265089165979134,1.338907411732512,0.6232674862310329,wave3,0.4726155694042034,0.3879544395823412
1916,1.1439636671578222,1.1312238079475772,wave3,0.3604288999512568,1.0327487684949093,0.1288889679694709,0.3729615942691708,wave3,0.3405540674086316,0.4792373288566374,0.1847935619993286,1.11549059493509,wave3,0.5897941125759042,1.0948514973268448,-2.0652261018724323,0.8500844511533655,wave3,0.6035495568259414,0.912257027190424
1917,-2.216318164336585,-0.0419623857346325,wave3,-0.1016790379018997,0.3668866699631956,-0.9641163807655112,-0.3815604757086479,wave3,-0.5635156079911186,-0.2009477258325267,-1.191050046198216,0.3358371382780424,wave3,0.0910167262779347,0.4698367517391671,0.5036035605336171,0.3865759940450458,wave3,0.1881219178498384,0.371636346885312
1919,0.4956974650923086,0.0110446159406132,wave3,0.0224259188911646,-0.2398851838450686,1.1302952820267615,-0.109296680487871,wave3,-0.0116305077004286,-0.2189551448598772,0.7171229553349384,0.0068964328331756,wave3,0.121241351227073,-0.1434027582248248,-0.3321943121498169,-0.1871218283319687,wave3,-0.1210907687054217,-0.3159433641846917
1920,-0.4130806241588795,-0.4968060508011889,wave3,-0.4522487568686535,-0.6104158976947818,-0.3747542066357661,-0.1723169917604816,wave3,-0.3824208252248473,-0.3102754666096068,0.1939978869066871,-0.5355077813826786,wave3,-0.5722984785488366,-0.6095309874549273,0.6099862914046903,-0.2311026910162003,wave3,-0.4138565655052925,-0.6577202643842913
1921,-0.6319661505835603,-0.1537839054595902,wave3,-0.1299092245222199,-0.5342591590959938,-0.4188692293662386,-0.2462614769871098,wave3,-0.287356649696056,-0.3432766015613882,-0.4227565648408329,0.117438101140101,wave3,0.3450221411005415,0.1812557846913541,-1.1575372972623048,-0.255732787535203,wave3,-0.0152603681935225,-0.2284769986847071
1922,-0.1142422238570329,0.0364166451027805,wave3,0.0051645381808023,0.4238597504117907,0.0982663558070606,-0.28687952624293,wave3,-0.2615624176241917,-0.2631869526703299,-0.6749811413198892,0.1310977958885532,wave3,0.1758914774353647,0.348076865220119,-1.0654502074304515,0.1231434712511999,wave3,0.0323629663987653,0.1090889059068417
1923,0.3542046604006265,0.7282722397861368,wave3,0.5532631654838869,0.4111568907412763,-0.7035196249538068,0.0381222645935377,wave3,0.0484138344577691,0.1467551321220899,-0.5045319901436609,0.6570424490177108,wave3,0.571277976728089,0.5436443217019232,-0.2223836499265563,0.2933803173064125,wave3,0.3884965164065076,0.3284208431928727
1924,1.356009578833411,0.4323588251595929,wave3,0.6595242382887729,0.4751168401063048,1.3286096294706524,0.6078566996715709,wave3,0.918797779003941,0.5959990226153735,0.9349728071766462,0.2624416280282832,wave3,0.3465023129218284,0.1785025554124945,1.2141729201683475,0.2276789371727113,wave3,0.3973260212593213,0.2326405224994826
1925,0.177746418923581,0.1943835428551317,wave3,0.1842506728080661,0.7539615541584559,0.0080433498930508,0.1405523986316734,wave3,0.1298266884390688,0.2741179753605958,0.495124201545234,0.4360308726597134,wave3,0.3714436308683823,0.998441542761056,-0.6682646887088448,0.5211936596406733,wave3,0.3773419194660489,0.7230181574254696
1926,0.8485574094167067,0.5273977903177389,wave3,0.549960951617662,-0.1150549171449983,0.6286193548701,0.1327741088440168,wave3,0.4480562641447396,-0.0161386944354684,1.262879311786427,0.4358939225937791,wave3,0.2642008875494436,0.0853210469440329,1.0605457493588162,0.2174476611669743,wave3,0.1121732753040974,-0.3074245726426113
1927,1.3229275399778997,1.0335911095881816,wave3,0.9371782960640695,0.6546472730091257,-0.0914430024539576,0.904456872467005,wave3,0.8780888007773235,0.5901174673173171,1.9521211826607217,0.8397116582925767,wave3,0.7322591090586411,0.4212886149495606,1.3195057413952769,0.6188179899960383,wave3,0.5457345153986232,0.2561697329481335
1928,0.5230354246796213,0.3918477480269438,wave3,0.6841480903567656,0.2300323836270563,0.7101909558647326,0.051809901367946,wave3,0.3576056824276898,0.1110919394080309,0.8790798891449558,0.5482294212764819,wave3,0.6996592039394541,0.2766183373870102,1.1776724408892985,0.2390269907437056,wave3,0.3774257320214901,-0.0506587458572506
1929,2.54653614764161,0.4633460986846676,wave3,0.8488075578732639,0.8712365478083957,1.1913913135931735,0.6711966110560521,wave3,0.5309293843399296,0.8340346316950127,0.8617085432867189,0.322949833888169,wave3,0.7127815560953777,0.6061937577021118,-0.2114060356598008,0.2614811586854343,wave3,0.502195951792125,0.3551277543151053
1930,0.5247492451321879,0.7322351341454314,wave3,1.001984631200242,1.133697512527596,0.6212426165365308,0.3011022229687836,wave3,0.6873894976966923,0.7306073674276905,1.2215302108794972,0.7116623023157266,wave3,0.7814234162056993,0.9409590821463504,1.4292018132439122,0.2381811073733643,wave3,0.3966426352127404,0.547056204781338
1931,-0.6181997528060119,0.4691236187237146,wave3,-0.2021546309253343,-0.1001783364382289,-0.614965976901146,0.4032617522001382,wave3,0.3262322017797472,0.5902118476710636,-0.19184426759679,0.3872663034386091,wave3,-0.5144879892082187,-0.1316062111399246,0.6317132027674736,0.1096507803768037,wave3,-0.7123535343236554,-0.1293296128825868
1932,2.510694625769544,1.5016699635114836,wave3,1.4653158148494798,1.280063481658205,1.5061467108309867,1.1248897589463596,wave3,1.1024599511075412,1.101403103497825,1.2335213541198498,1.0325094834230764,wave3,1.0096590968658612,0.6626716999293091,1.515342607003291,1.001661440875801,wave3,0.8113952614870507,0.5101546665370992
1933,0.4050618193159535,0.6050901592034474,wave3,0.7349671698066444,0.1405996157079569,-0.6984019740065808,0.6816265455796242,wave3,0.6445960781676185,0.2101836465863384,0.6186827132371145,0.3156371730521997,wave3,0.2224112101581435,-0.0007110316701762,0.0977474929151259,0.2602078914388287,wave3,-0.1036234275455864,-0.3250095641828793
1934,0.2592182512730953,0.5530413289330989,wave3,0.95493416656625,-0.0615889668374491,-1.2992830230496153,-0.0327623768732259,wave3,0.1572958635746588,-0.3094189375913876,-0.1665056905138167,0.4919124933305946,wave3,1.0222164950190755,0.1923944267589984,0.0117818549296394,0.1948629106478127,wave3,0.565963535422957,-0.0147361884930284
1935,1.4897507264013916,0.2152362397156215,wave3,0.0909822086153182,0.4373669899008057,0.8851930983869959,0.0433443581949761,wave3,-0.1366938178288772,-0.0083866969056347,1.0498277692042766,0.2299942861347966,wave3,0.297218451951775,0.7423178849432016,0.5715660611131091,0.0812941723156009,wave3,0.1960867996077538,0.4427321951798987
1937,-0.4850014315184524,0.2710915181543494,wave3,-0.117135112622241,0.1122798932383561,0.4713884218101761,-0.1390809939917541,wave3,-0.0820161507223447,0.0605782979788989,-0.2901706528195692,0.2517927437348916,wave3,0.0076624954382199,0.1470307615854688,0.3614050318235415,0.035567468181293,wave3,-0.1589953828580884,0.030233130766183
1939,1.24279382423597,0.7026009757469023,wave3,1.1341266606148386,1.1581666804342068,1.0649195806430536,0.0715275619634807,wave3,0.4162655800659447,0.4146265344484496,0.859805410438223,0.6210569016468476,wave3,1.2134138363357891,1.0787995518004196,0.91255133217382,0.4421845444455038,wave3,0.8360911230737978,0.9168078355090148
1940,0.4425497811711312,-0.4204658620286485,wave3,-0.5071054478581263,-0.3035156084213963,0.0855978831556265,-0.3972982167624734,wave3,-0.5311426704668407,-0.4304403457407169,-1.3441691502813873,-0.3059578105211969,wave3,-0.1469274171622276,0.2137271377165549,-2.445538546304554,-0.2063819900290623,wave3,-0.0422828482293883,-0.0896676623686759
1941,0.6134811850121163,0.8661821085320369,wave3,0.4064803229235458,0.7068290158198343,0.4369755742370971,0.5904105085541813,wave3,0.4872747988390986,0.484325209615184,0.7361312130495342,0.1207805396300886,wave3,-0.2439823509705104,0.1143658153543935,-0.6802878907233267,-0.0424915447227213,wave3,-0.2289108234627989,0.2028384569402591
1942,-0.0330583509371687,0.5838381106672257,wave3,0.1624455495481869,0.6912559323168845,0.0001971855721339,0.4902527767015523,wave3,0.5372741512327681,0.5272712105393516,0.3821669279888682,0.4005250683957088,wave3,-0.1840042441623453,0.1463197447791405,-0.5961876565261462,0.3194373751311049,wave3,-0.1087685753073978,0.0758483527453498
1943,-1.6971033957576194,-0.9228390355812852,wave3,-1.080908384694304,-1.1504919608641493,-0.2187697901577104,-0.696385360252711,wave3,-1.1477105748351462,-0.8340143515246461,-2.2909850650188495,-0.9638648518435065,wave3,-0.91383987104981,-0.8534088539167345,-0.5841986779713817,-0.7224990874145348,wave3,-0.5788015299431569,-0.5127542325491895
1944,0.3566024198754566,-0.3377638535398009,wave3,0.4250651261406677,0.6291252136803962,0.8214178827391571,0.1380983553921937,wave3,0.6101823876242456,0.4281444211243035,0.4213790467746001,-0.3068062340923856,wave3,0.1562456683317913,0.4622880220111031,0.4903731910844295,-0.3100575582763275,wave3,0.0764097029532545,0.3556820246336366
1945,2.652754630471134,0.8891062403415262,wave3,0.6030883340786946,0.7359760567781475,1.8911869032443536,0.6401441704804602,wave3,0.6122184619609903,0.8849583301573962,1.3268966879735176,0.369823187280016,wave3,0.1469485524452444,0.3241370688644965,0.2435151551771139,0.2125852172152494,wave3,0.1360252984062396,0.292697649156031
1946,1.0595692690589444,0.6538204078203811,wave3,0.973979393622006,0.7622851017379779,0.009961961877007,0.544271931071183,wave3,0.6333459470252847,0.7531159185900527,0.5237237447008725,0.5349413983797177,wave3,0.8806555186626285,0.5390411007588932,0.2863157478298889,0.4863443352619873,wave3,0.6516504365744956,0.6630315370254011
1947,1.3804319199744337,0.6057182018694278,wave3,0.300752610522589,0.3350002300377532,0.4336386582587236,-0.0278616090458161,wave3,0.1104579314145315,0.1417319622143988,1.1470305095148854,0.5249429738150994,wave3,0.2947334992230702,0.1698854010098868,0.3896512738083606,0.2310765914636586,wave3,0.0822587712066557,-0.18840207504668
1949,-0.0218670440653595,0.150313346052211,wave3,-0.5608683136678203,-0.0155102924349073,-0.5457410528560988,-0.347984833731207,wave3,-0.4270201200107468,0.0405725602168756,0.2326634376064188,0.1915602723908936,wave3,-0.350356183676091,-0.1731902390778631,0.1926938069167473,-0.0878696442786935,wave3,-0.676447098618132,-0.2645938182362753
1950,0.5361638213910767,0.2953155392604238,wave3,-0.2832921343634447,0.0925987879844409,-0.1499791090453587,-0.2650304081163797,wave3,-0.3569834642481249,-0.2686013383671493,0.7689895474868469,0.4558040748048161,wave3,0.1951136113088093,0.3010148856495814,0.8493612539022919,0.1346004249037168,wave3,0.0302431869678166,0.4225839258411706
1951,1.5684763296355584,0.7792529198907179,wave3,0.744218862509368,0.8399564469203122,1.666154441509553,0.6066699688816755,wave3,0.82016245416516,0.9119053517357792,1.4093815307551705,0.4973006900552824,wave3,0.3875790475753499,0.3481591177232835,1.455907125468423,0.3420773989430702,wave3,0.3134616284502661,0.512844540778722
