,wave1,wave1,wave1,wave1,wave1,wave1,wave1,wave1,wave1,wave1,wave1,wave1,wave1,wave1,wave1,wave1,wave1,wave1,wave1,wave1,wave2,wave2,wave2,wave2,wave2,wave2,wave2,wave2,wave2,wave2,wave2,wave2,wave2,wave2,wave2,wave2,wave2,wave2,wave2,wave2
,language,language,language,language,language,memory,memory,memory,memory,memory,executive_function,executive_function,executive_function,executive_function,executive_function,speed,speed,speed,speed,speed,language,language,language,language,language,memory,memory,memory,memory,memory,executive_function,executive_function,executive_function,executive_function,executive_function,speed,speed,speed,speed,speed
,target,cookieTheft,wave,picnicScene,journaling,target,cookieTheft,wave,picnicScene,journaling,target,cookieTheft,wave,picnicScene,journaling,target,cookieTheft,wave,picnicScene,journaling,target,cookieTheft,wave,picnicScene,journaling,target,cookieTheft,wave,picnicScene,journaling,target,cookieTheft,wave,picnicScene,journaling,target,cookieTheft,wave,picnicScene,journaling
sample_name_longitudinal,,,,,,,,,,,,,,,,,,,,,,,,,,,,,,,,,,,,,,,,
01d1fdfc3a,-0.0926768347018185,-0.110648922501451,wave1,0.1660519785357554,0.1118558552592459,0.3275170415149918,0.47781109047343,wave1,0.7797220081663494,0.5718012882730594,-0.8052226368361949,0.1387948052630776,wave1,0.1777510720736723,0.001789858006689,-0.6889018989645508,0.4323871224121837,wave1,0.416903140259503,0.2523773736572495,-0.6884618027268482,-0.4549079225178047,wave2,0.0866513421677486,0.0272712831606907,-2.6762967270239693,0.2763506473048145,wave2,0.4610676160157991,0.7064029189481897,-2.3579707243339714,-0.4503959917576334,wave2,-0.037970209979347,-0.2305027216966164,-2.152384821700844,-0.0810007725158349,wave2,0.0721132140559509,0.0453712443325787
0367083668,1.1244009817362226,0.5273996396044176,wave1,0.3933071139779904,-0.050182028372822,0.1849612764562636,0.5140176946332153,wave1,0.419189141333828,0.4960347293780325,1.3716042788474947,0.7728457498573298,wave1,0.6290779549060059,0.2652431593461242,1.5593196682301913,0.7577475432300074,wave1,0.4157131159162586,0.6464524666891087,2.241093307614176,0.3616095541867314,wave2,0.0868855082581105,0.5934829184662045,-0.3284010581112728,0.369046496498211,wave2,0.3702978790105482,0.7351682076538193,0.9443844365440088,0.4798578399714532,wave2,0.0738533453850063,0.4232184337829856,1.4701315657679803,0.3968277780291034,wave2,0.6185051857400694,0.4857539441996819
048eb2a01e,0.8945933181698569,0.6860821525928509,wave1,1.0441136865860876,1.2921136536666402,0.0466464591444871,0.1413957515907703,wave1,0.5546288673774106,0.4171525855013592,1.0682586662265103,0.7490544572740577,wave1,0.903640873357068,1.1582672901048667,0.4825281155356719,0.4111626693061491,wave1,0.7264622897900619,0.692275395273549,0.3174818457857861,0.1789509806088596,wave2,0.5501139713104151,0.5842191488425719,1.167577172531603,0.3376251424658193,wave2,0.3798062206706111,0.5811527129995021,0.2118132229364681,0.0329817721246742,wave2,0.3433245053859289,0.4011686325271902,0.2620237308650253,0.0446124509257352,wave2,0.2623542422842062,0.1869790391348042
049af4901b,0.9835481013757168,-0.4219937757415144,wave1,-0.5136471787921983,-0.1634927914761166,0.1435161777586736,-0.2843921736293019,wave1,-0.0979504188827656,0.0424964263042905,0.3991277012440931,-0.1286285869372495,wave1,-0.4025007290611425,-0.0243503868488771,1.1303461117674969,-0.1784264007782555,wave1,-0.2460085491633661,-0.1473486261177843,0.8349173963137877,0.0115840451551318,wave2,-0.9317747089075226,-0.1172801872840494,-0.2835845600987861,0.1480014173159697,wave2,-0.2865123288560237,0.2173748881984641,0.4915330767193296,-0.0142532104123743,wave2,-0.8373860248056745,0.197447338189315,0.7320804757273103,0.1881757174156133,wave2,-0.3821188674768612,0.2141463088203758
04d9f72ef8,0.5887009286154449,-0.0606669008152749,wave1,-0.2707999564959926,-0.4722648380293723,-0.4154599897013635,0.3225075727204634,wave1,0.1428922057453041,0.1611774800702599,-0.0741938883862771,-0.1193173605891775,wave1,-0.2874647353984043,0.1011735132878945,0.1586122740354188,-0.0969781774375157,wave1,-0.2389867225371626,0.0853621384100687,-0.1488554529997751,-0.3249153894257579,wave2,-0.2347509944739572,0.0295667913319535,-0.6626341002515218,0.3592440016245515,wave2,0.1530351465434414,0.5753433786016573,-0.7447929839976334,-0.230665999327073,wave2,-0.1860454512111529,0.1754971513266758,0.1123489905742098,0.1059662535019999,wave2,0.071681267182897,0.343759608050136
05bac3f500,1.0186308574730842,-0.1842709906134003,wave1,0.0467833516010103,0.2853383521164114,0.0346085984495266,0.3809520080121027,wave1,0.2978296073923938,0.0038833137098204,0.9528228752953178,0.2774235277974714,wave1,0.2918655839273182,0.4911248539452637,0.1222317933573492,0.3461326172904783,wave1,0.34172639491183,0.2735592267022292,0.8375297356484717,0.0341236511434068,wave2,-0.1297454282489287,-0.0438622969865576,1.1287431996238024,-0.2842740631967331,wave2,-0.2023167350827472,-0.3627170797918202,0.6174120526215144,0.2527431550351921,wave2,0.2889626261124218,0.1033721648909928,-0.5383089410302051,0.0756688924156658,wave2,-0.0083934453536141,0.0111274737234829
05d32e31a6,-0.8208325928872522,0.3863583788465714,wave1,0.6066362346439438,0.6776459840666114,-0.5603022743409272,0.4421904436134647,wave1,0.2297598309065036,0.7085182253679441,-1.125078598609495,0.1743843888468494,wave1,0.3603728062656091,0.3723850168178584,-0.811234172933683,0.2695717104229497,wave1,0.1862152956569128,0.2358788491216258,-0.578316030404303,0.4471338727434713,wave2,0.4499102755419977,0.673625363611853,-1.4095240622577128,0.4845688651539941,wave2,0.0791313045836052,0.0751076605213798,-1.072464446147317,-0.020652348445955,wave2,0.0710540197565718,0.2667021589712897,0.0642939104903444,0.0863097998476532,wave2,0.0511043936656337,-0.0740036706644892
066311bdf1,-1.2956976945301577,-0.9004424830476749,wave1,-0.256936767458616,-1.05414040839935,-2.1375296081193538,-0.1600227391928652,wave1,0.0895574598573816,-0.2481564362260671,-0.4591438463000826,-0.593215965944311,wave1,-0.0645652714387031,-0.7295173311248568,0.3365989971746341,-0.4251164566922844,wave1,0.0196235063256319,-0.3553321232002181,-1.158193111846202,-0.8115352982463884,wave2,-0.2978226939565076,-0.2059269648006199,-1.5100602535845773,-0.4757940371820255,wave2,-0.0498206243126544,-0.0251996508150793,0.0015053904408073,-0.3872256527452372,wave2,-0.1789526036996889,0.4355967001280176,0.6294607068080871,-0.161848938149914,wave2,0.0534403543815443,0.2326876035377677
076f1bf703,0.4846460339576645,-0.0415574281564432,wave1,-0.222249269797063,0.4300855120207725,-1.0085846867226074,-0.3077815042873439,wave1,-0.2237426827938826,-0.1495772934093528,-0.0416943764341352,-0.0412366414827156,wave1,0.0451434570535556,0.4170767069012615,-0.4566050136973412,-0.1253309630482682,wave1,-0.0344786243095254,0.2380351687880954,0.5974647998570572,-0.2316071005509608,wave2,0.0201586206639809,-0.5366661013241987,-0.0898173603581771,-0.348051604280523,wave2,-0.5479686182922217,-0.3251888114933672,0.7512756151928103,0.032043570985907,wave2,0.2622914125811688,-0.5840116712077112,0.4717502524673662,-0.0903412631991305,wave2,0.1850125769851862,-0.2705796472216883
07e1d0ceec,0.2870785606323957,0.1860602310959991,wave1,0.527111432384491,0.1083967120755025,0.7078401220673014,-0.0031410693981366,wave1,0.2827345990147061,0.2180419522354439,-0.2812792244212733,-0.1091349257482803,wave1,0.2693033216725475,-0.0678095054689147,-0.4924199584081979,-0.334864112880301,wave1,0.0613860028252065,-0.1210566131495117,0.2693196642094954,0.50256364038674,wave2,0.2037646642495558,0.2098935080975414,1.1689822914327528,0.5170850202188235,wave2,0.3594369599095948,0.4190523889731403,0.6778116041871403,0.2410569244678178,wave2,-0.0824431494990252,0.0961136690011965,-0.0844142880938911,-0.0097564232252039,wave2,-0.2314436875077213,-0.0389189965634012
07eaef0ed0,0.0321502445195013,-0.0750277840012483,wave1,0.0824705512853141,0.1383318601659935,-1.386504568107459,-0.1447845127322621,wave1,-0.0578555697688482,0.0996218959873854,1.149859378017028,-0.0057057155043251,wave1,0.1007405266555417,0.2173692678556776,0.4168450980041131,0.1417695006174153,wave1,0.3481316357763944,0.3457841395480165,-1.6748692537843346,-0.3954057755943858,wave2,-0.4106032659110061,-0.93023982773781,-3.1409034282992723,-0.471153378868448,wave2,-0.3350103043206324,-0.4474752921279533,-1.4373974978938129,-0.3142419427407021,wave2,-0.1882873595842429,-0.6242078459147,-1.5490289420094046,-0.3443229004035084,wave2,-0.0738311732253713,-0.5885288314361741
08cf21485f,-0.5177759656994178,-0.2019691310862035,wave1,-0.2194309521853823,-0.0972604350273191,0.5487122205923896,0.266261685551319,wave1,0.0469362044590614,0.0681093264906086,0.0797353653897877,-0.078194554696049,wave1,-0.1681260374746053,-0.1353331377163825,0.1305187005965567,-0.0312758910559987,wave1,-0.037689677640651,-0.0771831411597237,0.4908241927792622,0.0606719617830531,wave2,-0.5381500185366523,-0.3868520632300212,1.267470791856976,0.0535701370682716,wave2,-0.4403270560748845,-0.1916329133390045,0.290858586149494,0.1641670342571503,wave2,-0.3402214326063376,-0.1627527211454903,0.9108257387194326,0.215919787239855,wave2,-0.29646776934108,-0.2858966094152447
08f855a78e,2.090375759724631,0.3625769535828174,wave1,0.1159973665577851,-0.0057345774076975,-0.3513609273837668,0.158246042424006,wave1,-0.1274365726110243,-0.0038365837364678,0.9058492282706412,0.5744048844045315,wave1,0.4887503121502565,0.2560077622341075,0.77282855777843,0.7576616000327461,wave1,0.4453532056831115,0.5231096443236225,1.4645578655874305,0.0618822458802732,wave2,0.1377023707185518,0.3424025367072678,-0.1733505256331946,-0.0451666112261853,wave2,0.1225465917231612,0.0174015499247944,0.7574739189659284,0.4175397627570929,wave2,0.4561280379007504,0.6099647732247722,0.945347413423517,0.5317344776384105,wave2,0.6636496049389626,0.603602311181713
09078398df,1.2053318468015517,0.5847525858341664,wave1,1.3112263479134492,0.9331829960754106,0.4317320008931888,0.7189026017525493,wave1,1.2979321615872277,1.1488649840673533,0.3712589464934701,0.3604242274345612,wave1,0.922759233077756,0.5109052551876536,0.494223471992167,0.3912335426800619,wave1,0.8614637880852127,0.342847889693016,0.5723366202295971,1.087488699870048,wave2,1.0296779584596236,1.0023434247460283,1.372834263635363,0.9299595953854378,wave2,1.1218496586605509,0.8665766652847886,0.2397901084614002,0.7552862259305677,wave2,0.5150906974925678,0.5258642243832592,0.5836096535247143,0.7908426388722729,wave2,0.4975139230766978,0.5479516462901963
0a0eba5eff,1.3147527897825488,0.7032304289520981,wave1,0.088102356571053,-0.1232896697236001,-0.9726616310643424,0.0989380985037864,wave1,0.0944076116071159,0.1063293153745417,0.460089071744309,0.9251841155809784,wave1,0.4049643438265651,0.1148647964627511,-0.1756016746787108,0.2875385326267113,wave1,0.0302572332992814,-0.099104963202361,0.9641596942217202,0.3499780603402531,wave2,0.0003937425848363,-0.1929623976884988,-0.1092917794172194,-0.1302594544548276,wave2,-0.3196436008718426,-0.0527442242865019,0.4880276351502394,0.4388484391131149,wave2,0.3728024854004705,-0.1533589646011632,-0.3199953919721194,0.0461366628038671,wave2,-0.016518937829951,-0.4883558044261273
0bf0088beb,1.7871273954791145,0.6637320262168351,wave1,0.5002082882606069,0.8810298028659747,1.0332105782959922,0.0840001916196193,wave1,-0.2751585702729402,-0.0307912612027214,1.216464101731166,0.9681376060843654,wave1,0.6631631401328675,1.163424567205771,0.3364329301680221,0.5642029475234592,wave1,0.2271381763195844,0.98647839462955,1.440515841161333,0.924817966213795,wave2,0.5024359361779835,0.6439668772487381,0.7093107411122157,0.1584482922917094,wave2,0.075507402864388,-0.0635826965389996,1.0884591268716812,0.9660767957319398,wave2,0.7071794792622415,0.9324593470706726,-0.0503549294131612,0.7199693435512066,wave2,0.5384236407059554,0.642173072230028
0c964e30af,0.0302383923907384,0.4414287269608936,wave1,0.2274928668807205,0.5636056694600413,-1.3030708519096823,0.0128614114410195,wave1,0.0491869496033571,0.2674554056205097,0.5175876269232927,0.6203659918096943,wave1,0.2529579031691708,0.614802375352895,1.0664639245449568,0.3756985047188092,wave1,0.0730168506293078,0.5818755072462545,-1.4364349268408836,0.4742268613745002,wave2,0.0781254541917617,0.4552987929516934,-2.351823051503106,0.0013774083547933,wave2,-0.1303505342334955,0.2781278393272256,-0.0396379608704761,0.3155594388192443,wave2,-0.0011034147779939,0.4852369007584339,0.9565292039193096,0.3060337907803862,wave2,-0.0366058385403951,0.4381443275474565
0e1914fc1f,1.6869073225884406,0.4237638962101999,wave1,0.6505433031895493,0.1938148694061126,0.4953101873940163,-0.0329180328641123,wave1,-0.1084071978097469,0.0026715863242583,1.0409448415208653,0.6415119434972374,wave1,0.5325653327210322,0.4707519623856486,-0.4356317884152961,0.3553766625988882,wave1,0.3639545332993735,0.3302135529712852,2.1490554175733467,0.4047242604441186,wave2,0.3335462687693216,0.047200770127421,0.0939085798075757,0.0990829793332359,wave2,0.2189518992165529,0.3001203395438421,1.288939196550996,0.4942001306677948,wave2,0.4848022469780699,0.242463475415023,0.3132993914371051,0.3011238292285586,wave2,0.2874139599574413,-0.0449641372841794
0e36b22961,0.949494128344849,0.299168790606541,wave1,0.3625514848722546,0.4492319240130196,0.0791321099480298,0.05195441539464,wave1,-0.1139990211624601,0.0166335879987282,1.7721379211924382,0.4613362312851372,wave1,0.5895684162008095,0.7271607307668664,1.6112138142870662,0.6319303367979914,wave1,0.564110212139806,0.7366106476818719,0.6106484443897545,0.4159163047322778,wave2,0.0109817085916739,-0.1238658279813731,-0.0233372598199858,-0.1489540913633538,wave2,-0.3038918577888225,-0.648333681043743,1.51853811557732,0.6303459889166969,wave2,0.1962833399786958,0.1022347712022655,1.7211941808750753,0.6534159700297337,wave2,0.4967097747123161,0.4182721052274871
0f2ea47017,1.3101812219851483,0.2787419020508959,wave1,0.7221603307273678,0.4869015536834693,0.3769800079891195,0.1231137611584831,wave1,0.1336586337596312,0.1070585859966379,1.1804625610918582,0.3831746367537195,wave1,0.9349171251303546,0.5128967253487097,1.5221378785962048,0.1658664525345817,wave1,0.4186986496496417,0.2973799108139615,1.7868604025480814,0.6485464144503634,wave2,0.8785942644083202,0.9381958627131356,0.8321115795494124,-0.0251452977213622,wave2,0.3652609165399132,0.1374407759699678,1.3021391634933346,0.7454337399726755,wave2,0.7204781052394306,1.02699168466655,1.4343218865188636,0.3904554373973986,wave2,0.5920940123302164,0.6984395900888695
106c0c24ab,1.9556646331997072,0.7279664754598127,wave1,0.6394634496696132,0.3338173734991305,0.8000030472828137,0.5082456135063407,wave1,0.6892601351671808,0.3731923900459402,1.2697681841745168,0.8063128315538509,wave1,0.7934377429145779,0.3086506277859203,1.1750990677122564,0.3635414011797727,wave1,0.4052095111931804,-0.0773356648692486,2.1215382288656373,1.1359423156931303,wave2,0.7693892338068626,0.4916224712938244,0.9798145693587074,0.9698563109773402,wave2,1.1403581016753972,0.5370928845774234,1.67291425385577,1.0299574447142956,wave2,0.6092866988361522,0.3277557957776286,1.1754207707433395,0.9267193570248768,wave2,0.4226534932641007,0.1335096056553416
110198db66,1.1821860236534985,0.1650911609375174,wave1,0.0947917233362236,-0.2690429262183942,1.1332518209859217,-0.0883739903028992,wave1,-0.0289723212373254,-0.1062829620469856,0.3421518665113092,0.1421788391091333,wave1,-0.0815887086831516,-0.1471754375294959,-0.495653480411098,0.1161486493292983,wave1,-0.0740053931002537,-0.0493273058937004,0.8372527018216198,0.1811861445524254,wave2,0.1564776143332471,-0.4856388673353331,1.327332231693074,-0.3583530611346075,wave2,-0.2825359876024789,-0.1577797810087899,-1.99764640884463,0.1413355744652565,wave2,0.0774820908174939,-0.3148738223796309,0.0802221791518926,0.0869021352167985,wave2,0.0948933061407673,-0.0677452050517177
125da42099,-0.8575555460526478,0.4975559223954198,wave1,0.2392660368626638,0.4248593151303574,-0.4251039819123543,0.0001502758780302,wave1,0.0857473942009678,0.2324319717545018,0.5964425866062212,0.2760912462234459,wave1,0.1111181467218338,0.3765066600727842,1.2523165914024297,-0.0080965218297276,wave1,-0.2427353944068936,-0.0127463404420457,-0.053689860209821,0.4871458860376907,wave2,0.4248018312959551,0.5469459933571366,-1.6101860421923688,0.0287987270074685,wave2,0.2515407328319692,0.2572813232436894,0.8783096394593839,0.356910027064145,wave2,0.4204807289419514,0.3340615105243645,1.1261793156001263,0.011480385728546,wave2,0.2954275305874211,0.137278771587287
1315ecfc57,0.9004651442973526,0.120027692419425,wave1,0.5331581817239044,-0.2269871165274082,-0.6266338841414368,-0.0197743776571126,wave1,0.0164629102122675,-0.0608542908688098,-0.040913095731614,0.2710356762847765,wave1,0.4472035709310247,0.2682302871204842,-0.5947596515981853,0.125824080353627,wave1,0.2495078331447736,0.3821935065234383,0.8821166364832678,-0.0488991063252293,wave2,0.1057787503013265,0.4044802451634679,-0.5216910879561844,0.0173933733186331,wave2,-0.0921226562117798,0.2592111031921833,0.1672175653459353,0.0373851219389813,wave2,0.3231597296687012,0.6236748068362661,-0.4801418835704477,0.2224362521333672,wave2,0.4512207636123775,0.7423452013902891
13a4a6c29c,,,,,,,,,,,,,,,,,,,,,2.145393615943142,0.4910390530774526,wave2,0.3833062435491527,0.5866305463272428,0.1044601367153245,0.0403072510188797,wave2,0.1107112194674746,0.2898306446379606,1.3167550876282297,0.580031673345375,wave2,0.4304636725743382,0.5528976738240787,0.9365137861961907,0.6557216997593294,wave2,0.3062319834477219,0.6847737975280945
13b6d98318,0.4639526866271057,-0.170192948445365,wave1,-0.4724637443532273,-0.7340235828241362,0.0108814571269726,-0.4008585975153156,wave1,-0.4829364233732975,-0.6390438872846851,-0.1197165371170411,0.114902891889325,wave1,-0.0257550310870636,-0.1430080652796407,-0.3537407940707651,0.2021498238334276,wave1,-0.061122338193757,-0.1033319242849763,-0.4423919651543835,-0.3514001076606035,wave2,-0.3750127106266774,-0.199482792520294,0.570333049891497,-0.6124218556676333,wave2,-0.2215044420695096,-0.7086478439789732,-1.6029212232551813,-0.0669699385303189,wave2,-0.1675043789043057,0.0037522368930923,-1.0032485109963758,0.0889896438209745,wave2,0.2378390483373738,0.1981389229418675
14a4bfe8ec,-1.7719644924392828,-0.0080782659939799,wave1,-0.3431112214939382,-2.0776893384624433,-0.8130676928420301,-0.2373998213336028,wave1,-0.3200744823730082,-0.7703441316973754,-0.1801597801016499,0.4937438401387231,wave1,0.150471443042649,-1.031043954020039,-0.8663830430911814,0.5199054686061467,wave1,0.1753473455507416,-0.5957954642405708,0.4331636519294221,-0.1803889703341203,wave2,-0.3979192986671211,-0.7206168529924999,-2.513976123966968,-0.4014220553422265,wave2,-0.8152472540737792,-0.5077434907434615,-0.8872993494710724,0.3617602324575351,wave2,0.3400249134660738,0.055832694961545,0.2215144751095425,0.3749841036564677,wave2,0.4197441895782171,0.2446282677483114
14f56ec180,,,,,,,,,,,,,,,,,,,,,0.1808638415124028,-0.3049627752303268,wave2,-0.4121118523896681,-0.0138025981721074,-1.5682417892661216,0.1952405854398222,wave2,-0.2384411668910873,0.2510166821359088,0.0311035993758242,0.0545741878620755,wave2,-0.1434108925359465,0.2664110609469381,-0.4171132404224619,-0.059398682428557,wave2,-0.3038705685747374,-0.0259463057250095
1547e2dad3,0.5770193520974203,0.5445672538974011,wave1,0.7950115172528474,-0.0127542517910104,-0.3058282780459641,0.6136182192562005,wave1,0.3271771849288574,0.3072728644167104,0.4738837802440292,0.3417711835509338,wave1,0.3985147758258304,-0.0362013343241598,0.7556982042155738,0.3251543265820108,wave1,0.3075733920838669,0.0892540317794329,0.337197273109782,0.2177550232188663,wave2,0.6152119705922763,0.3494888086771728,0.1364350832795826,0.216514657312282,wave2,0.1738390871377317,0.1982123305957928,0.463363578644319,0.0791204379979457,wave2,0.1386509972766247,0.0688034468217828,0.4221907401816844,0.0714655287461908,wave2,-0.0836593533874892,-0.2065211244614458
158bd7a026,1.405278403386756,0.657973130558503,wave1,0.6542640087568443,0.4136671383023589,1.2356288623633118,0.3343434710372595,wave1,0.3369274907949542,0.1933201756350651,0.556588990463131,0.8199629194655735,wave1,0.893620223395805,0.8350806065949012,0.1783039258965938,0.7579379819142198,wave1,0.926538320373874,0.7325160763502945,1.154091780042185,0.3754831940045704,wave2,0.3294352792882196,0.0399937322642094,1.7857426780832228,0.273276468051884,wave2,0.1921585305527369,0.0744451311661644,0.7994256901331324,0.3979166349340646,wave2,0.4882543113452915,0.1628890099329305,0.6523452685771386,0.4656414206053303,wave2,0.4048227508933357,0.35381895492131
18a3e0861e,1.6103637100873638,-0.1446067110685605,wave1,0.0260192103541609,0.1495507309653447,0.2048820029930175,-0.1484522421571565,wave1,-0.2418596021911769,-0.2356761621009833,0.6673630061392578,0.0099645704952062,wave1,0.3580648082326987,0.4597703552262113,0.6149783607800497,-0.0116334029200978,wave1,0.2035519469076786,0.1543933104825742,0.8556755992080055,0.5993936528858748,wave2,0.4732132877348047,0.2239687122457461,0.3531721079927515,0.1109170247759177,wave2,0.153826621468182,-0.1824575446037013,0.8493396917725146,0.730130311824861,wave2,0.5397297902312621,0.4672892900585292,0.6949492932243145,0.3560510867218106,wave2,0.2392523464402401,-0.0390453538246736
18d5d50aeb,,,,,,,,,,,,,,,,,,,,,-0.7825706409065706,0.2281744474041684,wave2,-0.1594695727812389,-0.0727213167942837,-0.7167969991104788,0.5339882818190578,wave2,0.1865822232342968,0.0965867416056465,-0.2701660565252174,0.0611592780107816,wave2,-0.2977016735195594,-0.4073334543282338,0.206444449149178,-0.2447140063817651,wave2,-0.5435596602030951,-0.6096325041168594
1929df0c2a,-0.4864253506702393,0.3501496570696598,wave1,0.4335729393629746,0.3341155072374107,0.7816644832079237,0.3483193863792446,wave1,0.2562004727610438,0.2650613282549385,-0.139563143306776,0.2763895966418785,wave1,0.3813626020993963,0.2220668438929651,0.6542613375819601,0.6157879438242038,wave1,0.4844554566309381,0.4526750442395313,-0.1205725018065165,-0.0955208549090265,wave2,0.0516521506387779,-0.256439600303292,0.8744133138060766,0.1681806866112931,wave2,0.3928939922736885,-0.1402324176096563,0.2429579502864316,0.0424582090139686,wave2,-0.0693297572982496,-0.1102717019821291,0.8290281831108118,0.1645519925743937,wave2,0.2491012224161988,0.0361851558300526
1977873683,0.2849333143416663,0.0882244771065601,wave1,0.0836063179633064,-0.3896135368041455,-0.1939913240299297,0.5144993941055729,wave1,0.6658663014416812,0.5141976477517001,1.0956217136743134,0.198430735936504,wave1,0.0574154494981017,-0.1040347227420038,1.1402918484141755,0.1959669598466412,wave1,0.1773089246971803,-0.0932932815612151,0.6393727956244238,0.3171721495131172,wave2,0.6107677362365171,0.2477128787593572,-0.1957135090653844,0.6126348334928671,wave2,0.6113972366627389,0.6947392455356063,0.9608741837729684,0.3610139031152496,wave2,0.6189469667740461,0.106818244448253,1.514423624215944,0.2138031045428345,wave2,0.467926708069646,0.058834211646798
1a123be90f,1.3268521470433166,0.50241997168242,wave1,0.3195036558372832,0.1128169532754079,0.0029643519865792,0.3894079721542909,wave1,0.2614436003138702,-0.1225844603478754,0.1002563588281116,0.7785005146893396,wave1,0.4943458769879358,0.4808544108544625,0.0229251700366749,0.7655754526267495,wave1,0.4634924662168003,0.3380385209670984,-0.7971199089667862,0.2392991161870949,wave2,0.4476585640385893,-0.5111315095652174,-0.1634123379583987,-0.1282007802409677,wave2,0.0396444797880219,-0.1776596885496248,-0.2973979171923166,0.2058588544392596,wave2,0.4580769432923113,-0.0561011004025366,-0.0479594484043765,0.2178893405875146,wave2,0.4553832558855974,-0.0740929008955118
1a6d52576b,1.5263629317589715,0.4392136608808898,wave1,0.368725165290684,0.6784357435736663,-0.5938219008638341,-0.1019757356309312,wave1,-0.2516660419791074,0.2076265559351839,0.3641932953460985,0.6557160199540528,wave1,0.3804857589431158,0.5076755361098442,-0.3608981447278037,0.5082282032363037,wave1,0.2527381612422466,0.4696857493706492,0.7160125106312475,0.1832073959925784,wave2,0.3216752258968836,0.346465499909139,-2.1347134604761147,-0.0238893963624224,wave2,-0.1454980050729526,0.1143405674603315,0.2739369341209555,0.2879464482385405,wave2,0.3808416567650134,0.5295443287303814,0.1838271572950551,0.2970512050724445,wave2,0.3640398969047824,0.557235440184566
1a8f50b7eb,0.7567696340733142,-0.2555490306143413,wave1,0.0979823223426541,0.2120662087765528,0.861836603692779,0.3412392620262561,wave1,0.4788229978726646,0.3867785812193558,0.7268523017419799,-0.5331554385481738,wave1,0.01469376945028,0.2186928129995247,0.2315913859706644,-0.2002033558814933,wave1,0.2000175181186256,0.2856092576961271,0.082475322654595,-0.431389681612407,wave2,0.0957290004193553,0.268095728874407,-1.3282859522228814,0.0365226257384767,wave2,0.2250493277535694,0.1944172804082611,0.9921607943354892,-0.2438262926355789,wave2,0.0741160480263196,0.343648382342802,0.3985230281818178,-0.1726049208823474,wave2,0.019271591476289,0.1246078442077402
1d96124c67,-0.0763679567744198,0.0540154573420321,wave1,-0.1710380858392544,-0.0851607362143671,-2.292905753925822,-0.1700243422810139,wave1,-0.2896188395967329,-0.0158488960322404,0.1648412895102608,0.296998742637653,wave1,0.0048777205422838,0.2023526089695748,-0.4438214697314612,-0.0369425744080177,wave1,-0.3590813658118028,-0.0707234467109078,1.0463490103487274,0.2306543701875927,wave2,-0.1106368159252959,-0.2385412084177394,-1.0955313007997467,0.0213534066284517,wave2,-0.1485669840464738,-0.2637092881538496,0.3158925946011574,0.405754803375782,wave2,0.0823715174202726,-0.0698919892583922,-0.9633532005228626,0.2393581558418028,wave2,-0.0578176105335596,-0.1893070478001778
1eea866019,-0.3467189616959218,-0.3271397262986251,wave1,-0.4710571732227735,-0.1907779857783655,0.5097121378272902,-0.1204940733384587,wave1,0.1168828530343466,0.147714089496683,-0.3501681960211632,-0.4456894137876122,wave1,-0.3931713590005377,-0.1899583116951178,-0.1190826512963037,-0.3092640753130421,wave1,-0.2865834438264166,-0.2293180659303349,0.0622360702706831,-0.4680979614347933,wave2,0.2149968542509321,-0.0646079052941255,-1.456091698745081,-0.1627302221997686,wave2,0.1529072834885942,0.1265174167121068,-0.1230765518954591,-0.2503921301689858,wave2,0.1789944123656603,0.1264026559087023,0.0453637839709855,-0.1869035255919187,wave2,0.0906049428363534,0.0444497899907491
214481121a,0.272975489929833,0.2488731543362639,wave1,0.4509870626875507,-0.2749985347772172,-0.0458928980705197,0.0068030549293141,wave1,-0.2366226185126061,-0.4659429937577553,0.489037192588811,0.5719985544312778,wave1,0.5077231934638868,0.0708035862350111,0.5018597918363737,0.5164477441393659,wave1,0.4164365467477781,0.2582053269801289,1.048627112024111,0.4816641209456751,wave2,0.4716083318366917,-0.404954966188094,-0.2081861995732901,-0.1648222456123718,wave2,-0.0644024531105431,-0.3741128002183433,0.4853539030950377,0.713304772236693,wave2,0.665668900410685,0.3872200334392188,0.8408507300124402,0.621908761511415,wave2,0.6975632695449668,0.3928971795508408
21738c468f,0.4039817294007368,0.5018287726881163,wave1,0.363883994365596,-0.0844376072396682,0.8781820270032413,0.397870753705665,wave1,0.367726759768446,0.3395797078837396,0.389497289369733,0.5001865262492771,wave1,0.4213542246079103,-0.0183538295034512,0.8613350792334241,0.3676946036325403,wave1,0.4083636575233706,0.1948375124809851,1.7637890223249983,0.605304208338699,wave2,0.4389503249899564,0.448074097514171,-0.1593681070419887,0.3069881986710906,wave2,-0.000237882542808,0.2376981805000174,1.6284045220743484,0.4345437787421662,wave2,0.5070651844916905,0.6275099453653576,1.2876230816998355,0.4795492630545508,wave2,0.4832292738867199,0.4723093272458241
21a6bd76f6,-0.4742687682065599,-1.0924670511822283,wave1,-1.346113166133483,-0.91110287246481,-0.2499207198118788,-1.4163171118944429,wave1,-1.727856144500497,-1.3054638927132918,0.106875167863484,-0.3967992594980249,wave1,-0.7851773189270888,-0.5509742378641169,-0.6441574200628701,-0.1314296534017324,wave1,-0.2164485908421091,-0.2229158222009215,0.969615468866412,-0.8720680635905389,wave2,-1.0473808054061464,-0.4805910516135829,-1.042893302363095,-1.259653686770359,wave2,-1.2808907394913875,-0.7813984237152822,0.9421451545359636,-0.6069273593935995,wave2,-0.7110567889573551,-0.4504691826145446,1.1736933696512728,-0.4237483323811916,wave2,-0.4089596368000018,-0.2862313729796439
21b1d1e07c,-0.5151494027701606,0.6268381214721905,wave1,0.2596720756863562,0.6735643819712183,-0.1322316251980967,0.9500276828548684,wave1,0.7817567301686467,0.9024305666213676,-0.2854596902568856,0.2903351367362429,wave1,-0.1211428151467221,0.2907491855238827,0.3971381621268747,0.3213592586296374,wave1,-0.3046316384144179,0.2592766532416183,-0.2864263859819063,0.2094619989870907,wave2,-0.0201418885071087,0.4244761768179022,0.7900281861439075,0.7816143080828347,wave2,0.5759055871893343,0.867922506364578,0.3221426545106974,-0.2064216432349962,wave2,-0.5018602010196745,0.1684110089503442,0.6590032434191523,-0.2998125075435585,wave2,-0.6447972431529201,0.311337197584613
222b102abb,0.0184854112598926,0.2660341143668714,wave1,0.4022066210349764,0.4749834085220081,1.04671845801036,0.186218962761967,wave1,0.3714570939079757,0.3406835994375721,-1.4668222012554113,0.4161601230370748,wave1,0.4737165146043001,0.4055406047091807,-0.6852759132618079,0.171744825644137,wave1,0.2196352282740165,0.2036530189761399,-0.2953424931781384,0.0449021368804127,wave2,0.0642288504114749,0.2402947958504757,0.6904328680412471,-0.0212549654841469,wave2,0.0550992224710242,-0.0608312162344726,0.25727499086332,0.1745630408751717,wave2,0.0518038319600813,0.3421535622083569,-0.668612472663122,0.3739709023082548,wave2,0.2739268351285006,0.2924200413299608
24273afb08,-1.0462062716763028,-0.2511725282630346,wave1,-0.9623896712758508,-0.2214070861416797,-3.075974700706919,-0.9524542788804866,wave1,-0.7478399805532678,-0.2543548866889544,-1.330788562392204,0.2114154125741254,wave1,-0.3426458967751553,0.0522387752158743,-1.6802098176732445,0.1400905939174269,wave1,-0.2119013834468296,0.1372069716645961,-0.6791024847256245,-0.4976517935303226,wave2,-0.2943354935950433,-0.5009445967342776,-2.4081972049689093,-0.6676442093627593,wave2,-0.0548194874699827,-0.3473268445698587,-1.4460039658027557,-0.0097216766862675,wave2,-0.2246804736004863,-0.2513902559812104,-1.581265079129896,-0.2599567448830294,wave2,-0.4465467533058117,-0.4703486198836063
244c7693bd,-1.1767455638319582,0.2336420638852951,wave1,-0.0181994164632943,0.2228211914965434,-1.6950488152526693,-0.1723617224371305,wave1,-0.0656327893937001,-0.1316169405424179,0.2025292249368452,0.1348207754582315,wave1,0.2088376354777425,0.3998843818796435,-0.2946166005165148,-0.0226784547926744,wave1,-0.0791726610543873,-0.0668591199351688,-1.3107614297966517,0.2353316260965663,wave2,0.1470332120801709,0.6210206253839139,-0.905861541134472,0.0675243210732805,wave2,-0.2671362699793143,0.1262471465975445,0.0855914741250315,0.3317221957317701,wave2,0.1189934978595416,0.5178685868586606,-0.4988658273169312,0.2700169096841481,wave2,-0.0876666941979812,0.2796324536742413
251e10401a,-1.678560601100203,0.0199328909315459,wave1,-0.1150069062498502,0.6213409528363592,-0.6378450973024277,-0.205352509294908,wave1,-0.1504316609548883,-0.053967817330875,-0.1496051231233601,0.2594770815723903,wave1,0.1245748832657446,0.4263432135973166,-2.388364210188495,0.159866428182181,wave1,0.2396252744193649,0.3698931563252677,-2.4667590965382873,-0.3915287657490172,wave2,-0.2230989494225512,-0.3510122064266912,-1.7115201316860509,-0.1695518585956246,wave2,0.1445018303203706,-0.272561584798622,-2.11163188163608,0.0234664897997546,wave2,0.2617809116264664,0.1957952183208703,-2.2884072670161384,0.0767654591115662,wave2,0.5702004924630867,0.2274389936492446
25afe4be50,-0.5422737991536697,-0.4819607249056534,wave1,-0.707944062496755,-0.3738863543131485,-0.5546784958555965,0.2549784697060908,wave1,-0.0691836053216863,0.2393794519339871,-0.5204313166389247,-0.5896604431368038,wave1,-0.8853200761380595,-0.6311194318392137,-0.352109467641102,-0.7294332559937845,wave1,-1.1728726719733793,-0.9054412142850258,-0.9829259446331888,-0.3236612594870165,wave2,-0.56521350329429,-0.7462217801778503,0.2629048824821943,-0.2837573809690892,wave2,-0.0612843080335814,-0.3138995382372433,-1.960061515139134,-0.2986721420443533,wave2,-0.6056450621431424,-0.6172623540834277,-0.2131820380250568,-0.1755282110320472,wave2,-0.3486343160158335,-0.5500740149066482
25f591c064,0.1275136977426567,0.103097869742033,wave1,-0.100890125843946,0.2652768560326382,-0.0208416004634395,0.0262085840151609,wave1,-0.2288848849110543,0.1967079576200048,0.9049319425661132,0.1443194592620532,wave1,0.0342849955838541,0.3138549260189022,-0.2931249522626943,0.0189727102216302,wave1,-0.0526185136617493,0.0586632945318679,0.8164868266649661,-0.0352179030761821,wave2,-0.2489835725097964,0.38972316936808,0.2159293633955527,0.0754409249841552,wave2,-0.214687021087456,0.4694355694205543,0.7605405441639378,-0.0132509553061458,wave2,-0.0586183052191108,0.1132248215305394,0.1611991843291844,-0.0121868427729214,wave2,-0.0318048714219049,0.1291712871731825
270b97fed4,1.2271463309379849,0.0040128940964225,wave1,0.6059922373681723,-0.3056685347442709,-0.0686793321857424,0.1897825614703674,wave1,0.122435835655611,0.0516474865977454,1.4144369468593545,0.004578124479746,wave1,0.5192724031192602,0.2530348725740783,0.423216603087088,0.0254939856898871,wave1,0.3785887977326322,0.1104788442382546,1.763637244355076,1.1472992972427276,wave2,0.8745127547360658,0.0511836063986819,0.5352628268721088,0.6736839985450407,wave2,0.6364960967200466,0.1336367437142158,1.337959536519722,0.8679028457451543,wave2,0.6773228196361694,0.4492975985922145,0.8221686652682316,0.7303906481275982,wave2,0.6381400452475768,0.5228342670139218
275e7b7712,0.5840179508399318,0.7319169715851241,wave1,-0.5739326135691594,-0.0460309675683665,-0.0501894249357846,0.6638341582987008,wave1,0.0409017164042557,0.5026222733128431,1.0463061306072967,0.6705424797293995,wave1,-0.5861194390168565,0.0800462378017993,1.0344198911213145,0.6695853011315142,wave1,-0.2526107791736786,0.0973057941884,1.0188569111111494,0.1317989718166836,wave2,0.1454387357909234,-0.2831310943853047,0.6151343270804359,0.2457830842035919,wave2,0.3582790750176801,0.101368612231981,1.0327195456368006,0.1466538679413038,wave2,0.163253246200637,0.0315740682223268,1.0266269735016862,0.1267578209276451,wave2,0.1842947520369634,-0.2563191521707127
28dd281fa3,-0.71363176878574,-0.5435686566080138,wave1,-0.5945377667073224,-0.2030048258582044,-0.6846526403754889,-0.0083567339043419,wave1,-0.1426719720215123,-0.0184244400889557,-0.11393341732799,-0.3331611049006431,wave1,-0.0625276097439762,0.2071127832950055,-0.5500954857406546,-0.2602973575625475,wave1,-0.2099747246221955,-0.2091539240818889,-0.5467893557793102,0.0315727735691604,wave2,-0.1188505405732343,-0.0206874604519273,-0.4358121136974707,-0.712568012704881,wave2,-0.1404619663792881,0.1953930901884069,-0.0373522393912609,0.303268141288403,wave2,0.3156656657562224,0.3035626935964914,-0.6493534764859181,0.2447043167605999,wave2,0.2557109268740496,0.2071863363468349
29b3027525,-0.0357127048651591,0.2699427516617378,wave1,0.5235105164225908,0.5068145615608053,-0.3671708348869682,0.0001956447145454,wave1,0.0757108251534699,0.2525163118368985,-0.590210688530731,0.2044538319025199,wave1,0.4373366406450937,0.3678336878255114,-0.2906982776636733,-0.0025222551513735,wave1,0.2059291538956992,0.2926553240992057,0.4987569041656174,0.2982235788103868,wave2,0.1064396363772015,-0.0275272870477785,0.2376200489586881,0.0584405036626347,wave2,-0.013277243516014,0.0693609885364026,-0.7638866527056465,0.2105272743960464,wave2,0.1912593243116044,-0.0907227427601305,-0.8213649435570847,0.0923107264572148,wave2,0.1313193278283055,-0.0637275307384744
2a530c5a6f,0.5828308323431934,0.7602139453016656,wave1,0.4503814449276366,0.8622957630408004,-0.952046307975416,0.0907651911630749,wave1,0.0837944786594242,0.2701354235801863,0.9968097514248588,0.5522623501314221,wave1,0.4003405578595294,0.6238346988720294,0.5732520541250961,0.2943650026348438,wave1,0.1870757851626313,0.4710946710269014,0.5998751675122106,0.523268524634164,wave2,0.3775792664970279,0.3086461495092143,-1.343118648682353,-0.1534289043112573,wave2,-0.0819734378134691,-0.0879988265699043,0.791904472935116,0.5258838749616885,wave2,0.0390632669965558,-0.0253296413262813,0.3693155379226676,0.277225585240802,wave2,0.098848025981855,0.0136850573584438
2bf7c51737,0.9737981894115912,0.592721438493224,wave1,0.2266448793422903,0.8865695829448486,-0.5780902799996737,0.3899118779189725,wave1,0.1265734645718546,0.0114693523291899,0.9367492797361602,0.4780579344723793,wave1,0.0346452974862959,0.9163214289963478,0.7874060404491551,0.2213478053569662,wave1,-0.090914542972011,0.4830086372146494,1.6584100627068432,0.6388392388327668,wave2,0.5366952271857426,0.699846769929592,-2.2134380619066425,0.0485997885617981,wave2,0.0546125101112464,0.1971750812459414,0.3607196721976299,0.4280706242064559,wave2,0.5677649449199668,0.6209731106145694,0.3952918973202619,0.1085509737609538,wave2,0.1173966690799038,0.3947835244473552
2e2a161848,0.2891856750797143,0.2788605262590662,wave1,-0.0044497659181639,0.0241211133631069,0.087220507700545,-0.0861567607573556,wave1,-0.4294844786898277,-0.2787273320524996,1.393176595532103,0.685658212551542,wave1,0.3758939361082307,0.411827247806302,1.3795683758545223,0.7101161142091731,wave1,0.4803276419466772,0.3813849960506151,0.3832205830484797,-0.2603949653198043,wave2,-0.162040297376514,-0.3699504297465676,-0.047624236393104,-0.6896575547609047,wave2,-0.491636466978834,-0.521302068200665,1.177714232520834,0.2636158475010057,wave2,0.4894183620742358,0.1150516859979179,1.2275427758260735,0.2279072455438312,wave2,0.5112153461367349,0.3313413840471081
2e7ea2ddd0,0.7750618178461987,0.6730015756679222,wave1,0.9033458073962148,0.688257818641328,0.7350010848475598,0.2155741607175666,wave1,0.5044406003844598,-0.0140454068335879,0.6286178150031932,0.5840393148284674,wave1,0.9643547049943624,0.6586557750315037,0.2995210556943627,0.4581403082305759,wave1,0.8282790862480547,0.5118535510215407,0.69807064562807,0.911599988870534,wave2,0.724226535206763,1.1831124802251158,0.5623826959715017,0.1109857642213,wave2,0.0508200105071662,0.3915978149853348,0.6293163527270543,0.8704389006014285,wave2,0.7568164584316109,0.9155408797244874,0.1600172764271911,0.638615371131094,wave2,0.753678560242705,0.598211351549871
2ebc48abf0,-0.6174421281371923,0.0526967435049468,wave1,0.4152293511754428,0.607837960271352,-1.026311376581793,-0.5054211329751817,wave1,-0.0743223307925085,0.0809277935825889,0.807720020140669,0.458748234632371,wave1,0.4285860276903144,0.5947836485243598,0.9476270603802072,0.2025122714155944,wave1,0.122319330410948,0.3196601442983557,-0.1095251066635132,0.0846449545664056,wave2,0.2793071770019149,0.8509650413423111,-1.3617590702280071,-0.3746826609080833,wave2,-0.0239513712960328,0.2912146388378938,-0.0730534071576224,0.0705707151326848,wave2,0.1985505539898484,0.5817700401375776,0.0787259434984272,-0.0570137839609619,wave2,0.2192321961599206,0.4102174231108892
2f16b8a059,1.9028897265786016,0.3597164122639438,wave1,0.2697391111592002,0.6239347129935833,0.4851071567639776,0.5521287522554381,wave1,0.6377434203709726,0.7272257081823583,1.5287540270154625,0.5218052619636013,wave1,0.3483994710063831,0.5059055195822018,1.4947122727376272,0.3408277207910717,wave1,0.3858994545512932,0.4913209033210699,1.7196159288464918,0.3002154650145729,wave2,0.718269286959133,0.6333910826299427,0.6615664312003741,0.6416215328540771,wave2,0.618640287763546,0.6210134442995416,1.8157468522739508,0.2614839888203846,wave2,0.5521457617257768,0.3687683397672956,1.1842523510759833,0.0942048576126448,wave2,0.0866071246491371,0.2329048839559306
2f655f0d5f,-0.5252681418241361,-0.2047021374094895,wave1,-0.0462869056481176,-0.3550839902253013,-0.0470168258544844,-0.5908170769516334,wave1,-0.4295828964625698,-0.4080752239332734,0.3974277383140382,0.3097290272252039,wave1,0.4113995832664356,0.1084945174001578,-0.9074019122954796,0.0999495490134589,wave1,0.3932884266173487,-0.0451965454746659,-1.121886557034392,-0.0736212675302587,wave2,-0.7206021270777734,-0.1684810750885144,-0.3423550435600132,-0.6145896138813369,wave2,-0.6178402914351686,-0.2943683369400456,0.0116991723719888,0.3943499572540065,wave2,-0.1864640132494,0.1717951295308536,-1.352883299910275,0.1812069901613832,wave2,-0.0657844047166945,0.2327747434293627
3015cb799a,0.1237622863048039,-0.5503325798828218,wave1,0.2365354413005183,0.066842189633602,-0.06565673513298,-0.197387080682893,wave1,-0.1522903004319744,-0.0190209647572159,0.8751194391039568,0.0878627329931254,wave1,0.7153830417687133,0.3440829578537194,1.0625378310963096,0.175269817771479,wave1,0.7384515706880017,0.1753386934159783,0.5465394268378717,0.1943791017763421,wave2,0.3181232023012992,-0.1008342991500086,-0.4081845624619354,-0.0874312055151003,wave2,-0.0071974633955422,-0.1948975039264013,1.191506712333613,0.6993280765182444,wave2,0.5564462352613038,0.4528909343750664,1.009894121843113,0.6140306923458949,wave2,0.6985634190456138,0.4312944033566599
303933720a,-0.0168887943112853,0.1499094151130009,wave1,-0.1470314663268355,-0.1497707061481255,-0.1530495119217777,0.1415756441806477,wave1,0.0061031905890736,0.069784623817114,-0.0727866170179471,0.2928197870499015,wave1,0.0071937632259034,0.0553709370755545,0.2121317309497243,0.1881424092364337,wave1,-0.022448078566326,0.0228618180411351,1.3369926690513008,0.0491550308976904,wave2,0.4519823929587696,0.3875876176397446,0.5855313035931944,0.1090102963385268,wave2,0.2846922241038057,0.2086497580642061,0.3323728741425365,0.1747807398395756,wave2,0.1344487493000913,0.1941598555169862,0.4340347059511105,0.2279692653079719,wave2,0.1846089918877074,0.1559717917492307
3081c70ba8,1.0351322527636333,-0.2187848244975356,wave1,0.4206519003319258,0.3689668804730566,-0.6097796653244606,-0.7141168363562675,wave1,-0.2178715369085964,-0.1015169936811206,0.6383349008314505,0.1207054435512848,wave1,0.5170119247757936,0.7778327302502708,0.1205198656921637,0.5733973352841245,wave1,0.5443008466365465,0.5704160642624588,1.4474314924922895,0.3481956269825843,wave2,0.4611411652960222,0.2985570941201931,0.6603458233012792,-0.1680432610619937,wave2,-0.5443662420009718,-0.0658593619341454,0.079431005725427,0.5178128143377971,wave2,0.6020811099368444,0.4370225749965481,-0.4394511409293083,0.6228876639519184,wave2,0.5562608887970849,0.5115001926299506
30b6c0d177,1.0134905526822566,-0.6896616242312557,wave1,-1.1307373951292083,-0.1296106009463207,1.0283453555239457,-0.3353502966442956,wave1,-0.8618521767874789,-0.3258309869850155,1.0461438020421372,-0.3166676335971135,wave1,-0.4311229682136239,0.407182120814882,0.4811119712810019,-0.5435712955050711,wave1,-0.5620913903822324,0.1214772692115188,1.175126647081052,-0.0208808188547959,wave2,-0.5201552698181686,0.2113542252084812,1.1802794047640826,-0.6821659594249849,wave2,-0.6797601224861014,-0.2405601790990903,0.4527487622688032,0.3501649187210909,wave2,-0.0234916358860195,0.5149041233746974,-0.3417814209584796,0.0787546650446593,wave2,-0.3513814323238029,0.0447501034630936
323914c7d5,0.2584507069007816,0.4751538136099644,wave1,0.3369448190528432,0.4613489985055738,1.0233329920981231,0.2873065468975413,wave1,0.2777631328878864,0.456426596825336,0.184710562745838,0.4084410803290432,wave1,0.4139562770448144,0.4370831577055192,-0.4239103846952044,0.4705974072996698,wave1,0.3795313453327736,0.1362840686423397,-0.4674643672317475,0.8292704217877693,wave2,0.2326812263397584,0.3206448657806677,0.5474930727009555,0.5055780505666105,wave2,0.314402903233461,0.2196623284514489,-0.8420316866718939,0.6155604803637522,wave2,0.1308735991907479,0.5411462924306618,-0.4488410794166133,0.6708109605240292,wave2,0.2445928343166518,0.472282283982021
328259efd1,0.1744689085818598,0.357561825475428,wave1,0.6368670097301408,0.7619002855299644,1.3276434002359845,0.1736075998504793,wave1,0.2811617024320021,0.1369848994261067,1.1169226947649775,0.496151034220029,wave1,0.7047887647612423,0.8772162283419795,0.5270394866483117,0.4845065842930043,wave1,0.5786983404547557,0.8431156923225736,1.4712545030803377,0.6501991355715835,wave2,0.9732644580568944,0.404468500649553,1.7423301701092373,0.085650186893637,wave2,0.4438444598005582,0.161948372274115,1.4581831439196065,0.6283386976275451,wave2,0.8646219617347539,0.4048859495092698,1.0436035491254425,0.5832910159687605,wave2,0.7277745287704356,0.5860316382234911
351e5e1c6b,0.7698768552940273,0.2450159683806401,wave1,-0.0667088418384596,0.3093724492075766,0.677103477735292,0.2878240691990823,wave1,0.2391536459798893,0.4183068139864565,0.9448214245126252,-0.2130561863708243,wave1,-0.2599096282994745,-0.3192371074192878,0.4403834213574009,-0.3506144369024801,wave1,-0.4362795457595365,-0.5554525169803796,0.4526697990056575,0.4423529508943553,wave2,0.3327464389138939,0.7328465053808428,1.4961849582208613,0.6158036158707076,wave2,0.6043227142296501,0.7159258780997801,0.2190027096221953,0.2823529990762711,wave2,0.0012656724835778,0.3179704934507118,0.30355121589386,0.2195362964809227,wave2,-0.0654245828413108,0.2517850754436468
35fa171832,-0.3192732674717353,-0.2140396005768092,wave1,-0.1596066784365102,-0.4263944789341742,-0.6898389089327877,-0.5515991485796579,wave1,-0.2577454056428099,-0.391107378522618,-2.1030856908385904,0.0893885860763024,wave1,0.0331360503922149,-0.2136785469319353,-0.475312038485281,0.0039045114659862,wave1,0.1397139714111345,-0.0676733641800427,-0.1766369374807948,-0.6282212762992287,wave2,-1.0064099189157996,-0.024884120736929,-0.516853545256644,-0.3672160584033488,wave2,-0.7533353316022726,0.0642685588013272,-2.74579657036824,-0.2380116696617411,wave2,-0.7295776935022629,0.1610986956782738,-0.8529905929139151,-0.0541487654124101,wave2,-0.6040702724571979,0.0555684996031272
36413004e2,0.3831242515760649,-0.4646289568147945,wave1,-0.2946801579809415,-0.4904450709368284,0.8071508813050582,0.0898186992185287,wave1,-0.0338473136577101,-0.0618241962959341,0.1880720608570751,-0.3175147980011689,wave1,-0.0565647335610007,-0.2009044883280016,-0.1002994094334165,-0.1347191497251754,wave1,-0.2539612051696092,-0.2425293755338061,0.1579716106968975,0.2521601270098357,wave2,0.0675318048103126,-0.4983163283293004,-0.283091170402772,0.3027272940389328,wave2,0.3253595069727445,0.242165137071674,-0.8721558221551498,0.3897231122024823,wave2,0.0615466401966989,-0.2586500193781297,-0.2332716530656904,0.3499494930216151,wave2,0.0366121804976335,-0.3082252222709064
36647813b6,0.4946544368346748,-0.0012598579880178,wave1,-0.5812408740752117,-0.1250957522224645,1.6484033703839824,0.66892012020298,wave1,0.1391643108943432,0.266020180665182,0.6482555526142411,0.0189825968260903,wave1,-0.3734820870609161,-0.1484687604563197,0.7449614732742191,-0.1713793153385023,wave1,-0.4129378435984332,-0.3979709463864895,0.1240741627019204,0.0013101580074261,wave2,0.0221333842322735,-0.3674243852418069,1.315248369905068,0.2969972777737788,wave2,0.6012068516910976,0.3605257759683833,-0.0444357865842198,-0.2715070659295919,wave2,-0.1839338243937198,-0.5734040776774474,-0.0125533705781705,-0.2392786280636545,wave2,-0.221479180694236,-0.4978369585582478
3674f8fb6a,0.3744210458572145,0.3354681487530069,wave1,0.0394281414922392,-0.1874499403117466,0.789476581316552,0.349598402274496,wave1,0.193754066257876,-0.0402400470137449,-1.694433932544562,0.0523361251125686,wave1,-0.2526020824891657,-0.4091210567777406,-1.6445249426410198,-0.0103077752246515,wave1,-0.0323511184582269,-0.3882657849986678,0.1292294662148163,0.5104025403583847,wave2,0.1524162171890721,-0.0091061839539574,0.6282379418750837,0.5866230645835391,wave2,0.5864149863525203,0.5298697550855713,-0.905338838953484,0.0881154085580537,wave2,-0.3161421304512766,-0.3507717521514175,-1.227545145285221,0.1877788576332816,wave2,-0.1096143380921866,-0.3228725890268057
3701f5a12c,0.4668252382350476,0.5287112606934006,wave1,0.5681358606369105,0.8332678948231256,1.6176576393022006,0.721846230946104,wave1,0.7242075491174591,0.5323681951208286,-0.4710924983409075,0.4794947924668513,wave1,0.3899734449667675,0.6384868890977111,-0.4651158112605075,0.1492896121152629,wave1,0.2615986390401565,0.2933023529642051,-0.4146558664371161,0.7461517985132438,wave2,0.2064329198004952,0.6008858712200786,1.4023248560719688,0.9779295144821034,wave2,0.4285249259388866,1.0365237682818444,-1.0904050673932468,0.4799183561928306,wave2,-0.0143862433935486,0.5173420242475435,-2.597201460511767,0.2594370086418247,wave2,-0.0822285277242005,0.244128058523497
373f9aded3,2.0772258142806357,0.5489742146671102,wave1,0.6208032583854992,0.8221649928424504,1.0726358722804956,0.3059781357813909,wave1,0.369571098130437,0.3836065531996582,1.4062381178518828,0.6430946574630149,wave1,0.8035654215450899,0.904035131985528,1.1357619478501049,0.3842585221599318,wave1,0.4939397727211694,0.4385943172380165,2.1014121574481743,0.8666232945010575,wave2,0.7741437209095707,0.5048812999395214,1.0314832356656274,0.4672466695532129,wave2,0.4951504144607799,0.3689489647694322,1.809316955933851,0.7950215464294753,wave2,0.754911876911475,0.5858745949216108,1.8129733969409936,0.5445495964857018,wave2,0.5857864339568716,0.3284986337679477
387b8636b9,0.7147019690080304,-0.4045501834888567,wave1,-0.0308611359376176,0.4959522349248069,-0.1254326989151937,-0.6742956380732193,wave1,-0.2743766881419119,-0.1191574421216071,1.0599119661466303,-0.3405715317136289,wave1,0.1890440396427041,0.8783170658273599,1.1225268352671782,-0.0504686420213472,wave1,0.2584938390735169,0.7351833977423334,0.9613848865437254,-0.273499991106884,wave2,0.0758075824598381,0.701854960060875,-0.6007601576016325,-0.256396158574104,wave2,-0.1631748834926266,0.0999661510244364,1.4165894201841485,-0.0034569714929749,wave2,0.3786628233160293,0.9265278790154284,1.5103859204044578,0.2897471189379232,wave2,0.542537223161411,0.9822018724082472
39cc58864b,1.1117823217843066,-2.072434231299008,wave1,-0.1067060688350405,0.5405390640910681,1.1764455243287886,0.2164047944601548,wave1,0.419022142039787,0.7215515634879703,1.013349110833392,-0.8967969437586656,wave1,-0.0387515017315898,0.1510882668571875,0.9094364065607016,0.186450660519875,wave1,0.3624409670765694,0.2326858121479574,0.5240617670431965,-0.190741563913088,wave2,-0.0465339162568974,0.3883540548292836,0.5946505657979957,0.5006098937889432,wave2,0.6616530280585953,0.4994580184217674,0.8924810115433618,0.0640883347395973,wave2,-0.0388422346268226,0.2291708669425078,1.0562745885189395,0.3349000408933183,wave2,0.4280777410948371,0.2155210894766602
3fa9253b9c,-0.1473021225056119,0.5371054430130497,wave1,0.444094777979561,0.0509854335735142,1.4641771299050437,0.5061119599891741,wave1,0.2465674060309459,0.5018803612840355,-0.827275554086063,0.2931837341496265,wave1,0.1490353639498384,-0.1809484398116765,-0.7456522846362691,-0.1161345733321937,wave1,-0.2948366103609471,-0.4373088070081786,-0.368716618871146,0.2313461690295981,wave2,0.5810862787837792,0.2529664525574773,1.6038492431531295,0.4268136373368207,wave2,0.5159387629550882,0.6199290617296938,-0.7455502977086225,-0.1421516274086827,wave2,0.1343784760380375,-0.0508716632363246,-1.6630271751082388,-0.3377369762078767,wave2,-0.0413383699751704,-0.3321782067742126
40b19037fe,0.2976384189250559,0.2683151463099831,wave1,0.0568491773755472,-0.2902150224716231,-0.8014078922032702,-0.3365397944976421,wave1,-0.3024907298375742,0.0983474814492478,0.5989568331477563,0.4453436308624272,wave1,0.0990213425052551,0.0702821472876513,0.9172826006024516,0.5405953901563565,wave1,0.058811985708483,-0.0057646886891611,1.3202202889514112,0.0310726945792279,wave2,0.5575253793949342,0.1176641931565245,0.1030790407175683,-0.020184129281121,wave2,0.4112146749203197,0.1324503897447945,0.6257474208906764,0.1115858263031126,wave2,0.4921033522666886,0.106295254819958,1.1880730916510756,0.2282878022403498,wave2,0.5109168224717491,0.3791378446805116
4222a6acd0,0.23070585465005,0.2026433544603452,wave1,-0.0930353509382087,0.1849084835152132,-1.616831525114194,0.0985883145160204,wave1,0.0231601512391848,0.2634948054807224,0.2382962788155759,0.1595344554851709,wave1,-0.1522705211996344,0.1811649564595894,-0.9576548984516632,0.5592876534598328,wave1,0.0372446515204414,0.3831725619061092,-0.0564605997795744,-0.0165607589598772,wave2,0.2761530581761757,-0.0340128112850739,-2.047123557090614,-0.5010009420383976,wave2,0.0663577090905958,-0.1837494498497094,0.7972797751102828,0.1650043692957352,wave2,0.4801525532949322,-0.171381471675666,-1.1254951646529348,-0.0784534270510884,wave2,0.3553601041826932,-0.0978341862997829
4222f07252,1.030883501987414,0.8512066825061946,wave1,0.8331377610741959,0.5654751767132828,-2.24852096244005,0.4893188018869689,wave1,0.357076906681572,0.0050047214511412,0.7668309419320757,0.969372590290905,wave1,0.8729601852133744,0.663246445970969,-0.4142761182362424,0.7632920989883943,wave1,0.7275599227460076,0.5264064306613873,0.9040216191906068,0.6041920204540281,wave2,0.7607344776759839,0.3247503990132383,0.8120106323106917,0.378198464655364,wave2,0.2347374254768361,0.2035772791175618,1.153800964020419,0.6639110697534232,wave2,0.795353533910705,0.2672163393251323,0.96898007370088,0.7478109190726482,wave2,0.7939838765917476,0.4568396864275393
4508c72a94,0.4470855404682254,0.3162519016348233,wave1,0.2438118989256252,0.2032158329732543,-1.3305291148512657,0.1068336119180993,wave1,0.1053077277608368,0.2150702773607188,0.6004822851825369,0.2092508051172718,wave1,0.0455221600243586,-0.0829607028662106,1.0572474186045246,0.0157414292236545,wave1,0.0953701790592757,-0.0194961735800416,0.1731620923334803,0.1447258707828551,wave2,-0.126900064722333,-0.4295905108154472,-0.3283453309416909,0.0501696555098615,wave2,-0.3018578508905721,-0.1478285032415652,1.065691685751903,0.0098266772991685,wave2,-0.192188396744431,-0.3656422123858075,1.4356841137463472,-0.0705257515304423,wave2,-0.2738616557957792,-0.2484640837553922
45151470be,-0.8651437891314963,-0.4206936890224944,wave1,-0.1693692509094193,-0.7365534738597177,0.3181776909196449,0.5364207598047552,wave1,0.580465109709484,0.1915837131684101,-0.2030903819324651,0.0061652914820895,wave1,0.2023807804129738,0.1134482195985437,-0.2279789332303581,0.0655656557751545,wave1,0.1912850420692523,0.2707092044535671,-2.0277082474631483,-0.5009217176920344,wave2,-0.7841760658048711,-0.6706165864221278,-1.300592989558989,0.0436615024890132,wave2,0.0806404861709912,0.4162181069137203,-0.7972201874094946,0.0362641763945346,wave2,-0.5644808059651085,-0.2049603762357359,-1.498622528733924,0.2259326926852627,wave2,-0.6263151400276286,-0.3345633027400864
476c31df63,-0.4325041138564774,0.3305997855500873,wave1,0.2183272959162081,0.3940100119484884,1.0852399017421497,0.3680813265192055,wave1,0.2261426413128031,0.1967172851928218,-0.5346381345227632,0.4672487588428458,wave1,0.1517338864241419,0.5476520655673551,-0.6486600174707822,0.5506652651815389,wave1,0.2479811767480177,0.3831989872034715,-0.7653435426570704,0.4186665001931178,wave2,0.2335888166779753,-0.3978216399247258,1.1245352256334793,0.4298560660747252,wave2,0.1305692378082907,0.0515691051198312,-0.7133005268577514,0.3831167905818635,wave2,0.0791414347764807,-0.4164047879902723,-1.0273478140516632,0.3662996015717832,wave2,0.0661185063809277,-0.468760222896901
484965fccb,2.2004401701651743,0.1799700905973276,wave1,0.1375859355592481,0.0813556450753074,1.1644439344771784,0.0957317791531204,wave1,0.0579862994538471,0.2805930346802658,1.2906827495382425,0.1303510597788545,wave1,0.1049469710843086,-0.054040603986524,0.46892220176794,0.1037178375986004,wave1,0.0283913916963342,-0.192656666936766,0.9338028624222962,0.034694591873609,wave2,0.1697897660235436,-0.0304468140538725,0.5972980598961266,-0.0079135580646707,wave2,-0.1950725175779806,-0.0479990049898884,1.4348819823171857,-0.1492198247836119,wave2,0.1087321510185587,0.0085350347943524,0.7266894982318104,-0.1819260286847125,wave2,-0.1111162695532982,-0.2118098486746084
49c62b4193,-0.8711275875598433,0.4258602159226268,wave1,-0.2437867180369648,0.6766362790599401,0.34237503176348,-0.2537822305995725,wave1,-0.4184014410681689,0.0686824924677975,0.1668337987956773,0.2438500612408224,wave1,-0.1731826494535971,0.6770015163446128,-0.8041754596554147,-0.0599456773206811,wave1,-0.23185831883245,0.2414861951182639,-0.5875468600605025,0.0652405281713861,wave2,0.4325694490939813,0.0687840924644105,0.9082924458939348,-0.2020524481604515,wave2,-0.2011435374053696,-0.5205385643460878,-0.1760574668759009,0.2218345346262131,wave2,0.4516328042469976,0.1623157604016546,-1.2253284219459348,0.0494820669414825,wave2,0.1660198250311261,0.0336565749372309
4aa206c8fb,1.9888850553924224,0.261983923301218,wave1,0.6662402635210083,0.8465570691282052,1.3468674451851532,0.6581384711582177,wave1,0.727590225906446,0.6271624785646444,0.9810153345258122,0.197190222439581,wave1,0.5630157405593806,0.7865149046021643,0.8623723689178476,0.2552755753208267,wave1,0.6381686650754973,0.7289027880870506,2.4253647840681887,0.4077932960560857,wave2,0.5781972194487404,0.338994523378505,0.9229810091898928,0.8113929754106748,wave2,0.5789460994937052,0.3444574357065895,1.6554083146335752,0.4319892314640948,wave2,0.4704709499693004,0.0800067870926862,1.6335883817768106,0.5843371661839295,wave2,0.7531366828022633,0.3380857296477671
4b746ecef0,-1.0563774738024403,0.4148090717671298,wave1,0.555993813110166,0.17927643022083,-0.3674628353319685,0.5319999667944022,wave1,0.6388407882699298,0.382205488616004,-0.7919336538504256,0.499460034327204,wave1,0.4582045170379329,0.1628587781901558,-0.5206146096379101,0.5853918092545918,wave1,0.6065613735412061,0.2307563148331355,-0.2727194709656332,0.4218604954319127,wave2,0.8434182657947942,-0.1557200689334938,1.3964841314802297,0.5165690020048732,wave2,0.7952525446284082,0.1972638789090717,0.2922629253663447,0.4514025301945878,wave2,0.628432156116016,-0.1141351008977624,0.6504038527864922,0.5620154428937028,wave2,0.6145553205324061,0.0805407385256309
4b8278f4dc,0.2542255439406932,0.2684079539177748,wave1,0.4538664948558684,0.5001484293357876,0.9278563094372,0.2089907366164718,wave1,0.2508331911813566,0.0769020875532073,0.2339845196657983,0.3810333036284594,wave1,0.3512451075480884,0.5455823535360371,1.3037002778658004,0.3473389287976512,wave1,0.2452407175206045,0.3137569316787284,-0.2531105995787694,0.3630897478459212,wave2,0.095910382392383,-0.3244302964819381,0.4399201676555384,0.2834850271032021,wave2,0.0362145454200213,-0.0359711859053324,-0.3247020573743099,0.5731621915943708,wave2,0.293801155666346,-0.2843793801105747,0.9131656983502744,0.4508609973064089,wave2,0.207286065888851,-0.2881609860880579
4bf3e6edc8,0.2183119849453809,0.6416534291726395,wave1,0.2567672633763525,1.0253966017712672,0.2534057850371731,0.9553867724333652,wave1,0.3598632363029579,0.7494398855293687,0.1067195381967932,0.3740500327398505,wave1,0.0205243184481129,0.5301076872990051,0.4263257791164012,0.221112329296799,wave1,-0.007953662764378,0.3437051188463657,1.0337336026663158,0.38950070011574,wave2,0.2402518216962612,0.7194483443866364,0.2846090076188865,0.8288575233738422,wave2,0.3473968872073092,0.9152855631487786,0.2177520081871908,0.1704781800464624,wave2,0.1535547033825179,0.3851511491851444,0.2417269112390475,0.2638552685225012,wave2,0.1651009811165945,0.2573683371406857
4c633c1b86,-0.8950476860310591,0.2213047365988476,wave1,0.0843461762034945,0.2599922003171158,0.4402711860986426,-0.180037029398308,wave1,-0.2170537799509031,0.1204005437031636,-0.2372919774368483,0.2957904861442499,wave1,0.0652937509108957,0.2700250133523099,-0.5187345792887774,0.0115131145376664,wave1,-0.119474490283867,0.1325673727987985,-0.6431482295916284,-0.3253499447704255,wave2,-0.1467191471571394,-0.0182457747486393,1.6847367181399495,-0.1575396652763394,wave2,-0.2651302978512129,-0.2406511648611375,-0.1994443078106351,-0.2863662149050325,wave2,-0.0941396107671832,0.1847202288973743,-0.6298925549887611,-0.1916917432068466,wave2,-0.0335241120239485,0.1676601823007463
4d70aa7143,-0.2136108370686879,0.0436999155640209,wave1,0.2499120743465235,-0.0331059454647577,0.0230457803981844,0.6038104915686882,wave1,0.7291654394082006,0.3836622620704828,-0.7166947793662309,0.0663117602654423,wave1,0.2406239824806302,-0.1943556303628086,-0.8260616081943194,0.39801044092337,wave1,0.5116906319713084,0.0067388177270105,-0.5536198786212255,0.3456093204018209,wave2,0.1013269013333852,0.124438210261532,-0.6896490744509837,0.7027832001052667,wave2,0.6293399084924807,0.5267444396982035,-1.0721335815576531,0.185122807827851,wave2,-0.0319774284271112,0.3157230063291967,0.1401981600323667,0.2070043011099143,wave2,0.305305640709741,0.3233484313042112
502a01a70a,0.7426396134841355,0.1343354253491611,wave1,0.0141635217554203,0.2571523476301316,1.1564571327907829,0.5928421307860662,wave1,0.4574410743926856,0.8208733608996553,-0.3406060746228143,0.2911736059633146,wave1,0.1774173079353026,0.3734561134105097,0.9838669571767564,0.6549808743222569,wave1,0.5543946814474379,0.7455765536861443,0.4639187022513674,0.1691662300548355,wave2,0.2498397888432981,0.1612855936929536,0.0340967370792282,0.383643375632417,wave2,0.2562210489809874,0.657512772739541,0.1050244583855183,0.1400077417260931,wave2,0.3088957530485884,0.315366093225112,0.7273191261012724,0.5017360867445757,wave2,0.5825602054403785,0.598162068756797
5116e1ef95,1.0071906325040292,0.4309250586015032,wave1,0.6542788407891329,0.3251552654312022,0.5737028377613009,0.7000326831274767,wave1,0.7720327548932843,0.6607527486984616,0.6090719340508868,0.5222795004782691,wave1,0.8458194647060323,0.6483372089726774,-0.0702318372304113,0.7737232353136436,wave1,0.9712040611021586,0.6976951637974129,0.3106244371214364,-0.0358145415455364,wave2,0.6340545706611473,0.1825520701966001,0.6247517401685575,0.2022256852553706,wave2,0.4267701126181334,0.5267913779417329,1.1158228874848686,0.3069870356848819,wave2,0.7852905621733045,0.4940040587511646,0.7791109200988031,0.2993908397970912,wave2,0.7154496982998393,0.6074325731627499
513793492e,-0.8565649088305785,-0.2330716946616777,wave1,-0.4904099108433395,-0.5691334001943265,0.0722467941711551,0.3840893168376098,wave1,0.1614416297719572,0.3148045488797257,-0.9747636240627116,-0.0458768703488823,wave1,-0.1645572955503811,-0.5029455947200063,-0.3127353553072531,0.0020812568214528,wave1,-0.1166329773332372,-0.2980700475495484,-0.1275639079823174,-0.1124330117066225,wave2,-0.8513469282661328,-0.9774029306462708,-0.7667213456557317,0.478965606288376,wave2,0.1801069946290505,0.0464085092125627,-1.4755788848999616,-0.0355218574193616,wave2,-0.4424786990988798,-0.485626951570713,-0.453957784495438,0.1393108246378335,wave2,-0.1878058086276773,-0.2763065197467941
5435671b7e,-0.6867852926005987,0.1045205137669809,wave1,0.0063290040897472,-0.1612519462550783,-0.1260433216364156,-0.1627277188820517,wave1,-0.303052880725019,-0.4039851286431408,0.1758046343786633,-0.0149652865816468,wave1,-0.1361368823248659,-0.3765883550438754,-0.0784905507125687,0.0180269838097442,wave1,-0.0405582209129477,-0.327502933535424,-0.7805013229523443,0.225838312568861,wave2,-0.0366536240665826,-0.3424974192232888,-0.1945772215873689,-0.2191155793886479,wave2,-0.4259717943236991,-0.5192062323295608,0.4014423937601976,-0.0524488519292781,wave2,-0.1782297210823417,-0.5146035141963886,0.1346377926491978,-0.0776782820396832,wave2,-0.262889577313067,-0.3118258059481746
554afd4747,-0.5361692456065572,-0.1446428751038382,wave1,-0.1920734137625703,-0.3036970857092693,-0.2313110536852445,0.0251009489714939,wave1,-0.0958220267742326,-0.0300170146731661,0.4579189273784486,0.08655644829106,wave1,-0.0302360986990737,0.0335008156154501,0.4396132767298172,0.0393873306877817,wave1,-0.1133618565076791,-0.0909230283797429,-0.8148202483654775,0.3551657500924838,wave2,-0.073815308657305,0.2251239118167525,0.447859064512943,-0.0029025073677577,wave2,-0.299634573335898,-0.079031788357009,0.0637728158206429,0.4690833584063169,wave2,0.4680986233466015,0.7239347599078543,-0.0315405120896849,0.6692657894237503,wave2,0.6252612742554403,0.9652911131090516
56e457183e,0.0237243867780856,0.116145917942759,wave1,0.2418709943143917,-0.0596501428794131,-1.2232556272020352,-0.3111454138850835,wave1,-0.0693086914329661,-0.3064343067491333,0.5755575002183698,0.2181603663294351,wave1,0.363291542418225,0.2233247960969564,0.0275110231495011,-0.0437769451646281,wave1,0.1211549056638467,0.1573376820662866,0.0666929768516629,-0.3434271158542659,wave2,0.1093139429790461,-0.2268660587946671,-0.2055533031559212,-0.650579754326148,wave2,-0.2188912970498304,-0.5501220354501359,0.240515174972843,-0.1967538590717767,wave2,-0.0116802161997606,-0.0234765035182455,-0.7998803865127257,-0.1975953884208974,wave2,-0.2233056703197573,-0.4387669876323965
5778bda759,1.0032766345775774,0.8614639898448997,wave1,0.6975570500569923,0.2846716680497001,-0.2586974061006223,0.78489991139926,wave1,0.6864986060622976,0.3713103409868902,0.6648448310232153,0.9213425747619328,wave1,0.8242577610515561,0.5482121786298885,0.0864839631014111,1.114620098193324,wave1,0.8935442270806431,0.5824562693094184,0.1295757240917899,0.593065052868843,wave2,0.532584373124614,0.7075217255166615,-0.8538886744284694,0.8354480693598033,wave2,0.604031803208733,1.0209278568818707,-0.2030390153140978,0.5208921717910212,wave2,0.2542654833245613,0.9918949395147306,0.1448254202339772,0.8446088421337081,wave2,0.3326175824547367,1.1491408011883255
583e65e253,0.908118799708683,0.2274391979808105,wave1,0.3546824539763238,0.5518900709410246,0.1750652839391415,0.6191957456362026,wave1,0.6850553595258219,0.5951741544389063,1.264350319571322,-0.086451140999289,wave1,0.0834766739678939,0.3072950516274154,0.7804891828331566,-0.389532314991012,wave1,-0.2855068073533001,-0.1156669384334217,1.131708924888953,0.613155243873097,wave2,0.294232129437147,-0.1299013808426516,1.0946043655054878,0.9915770472698708,wave2,0.3650260632518739,0.3711873214863718,1.3737909720493595,0.1930410758558872,wave2,0.0056061616641008,-0.2741363802179802,0.5440773298669908,-0.0739312522421591,wave2,-0.2857497816637471,-0.3602589804656043
58fe52b037,0.3467294231223411,-0.2611836981908078,wave1,-0.2900166072650862,0.3339070432630562,-1.3669552142164314,-0.1029251838266335,wave1,-0.0714221827679272,-0.1019040924593804,-1.143860773857671,-0.2712028747390442,wave1,-0.3823639172362758,0.1500319692681888,-0.554713911785659,-0.2397337582960046,wave1,-0.0598623964867643,0.1387480183361173,0.2533790901178672,0.026464349870551,wave2,-0.0338437470882229,-0.0929396676808154,-1.4181769266664743,0.2934121040028462,wave2,-0.233806886079687,-0.1745824617616361,-0.4516960771724564,-0.1396654319860537,wave2,0.0985079700216313,-0.1138651293037404,-0.807606798895068,-0.0207656201244585,wave2,0.0947541655502732,0.1244644710470417
593b371f2e,-0.5194066353885138,-0.9813114998059216,wave1,-0.3999232522564357,-0.3297854084984861,0.1616315995646006,-1.038113022529104,wave1,-0.6623513132898586,-0.5689072044659098,0.3455790048551022,-1.0383052716508694,wave1,-0.4939997404763574,-0.40573920891555,0.3039275645009507,-1.053423681621911,wave1,-0.5951411303346159,-0.5917662777656849,-2.2020004869924352,-0.6717623164499591,wave2,-1.0806992077499962,-1.8944061340293503,-0.2437730441038487,-0.4976274017180184,wave2,-0.3963273072366191,-1.0464123679347417,-0.0575154908466175,-0.8004203175193687,wave2,-1.0207502066159275,-1.618230519661621,0.0118579041554518,-0.7039121054642066,wave2,-0.8453136017177241,-1.3248855047439756
596b0aeb7b,-1.8731959846861332,-1.3237492599998202,wave1,-1.0101447984363423,-0.9555864179932668,0.1523421941035382,-0.826379392067113,wave1,-0.7720185634425036,-0.5320149279922639,-0.0436879776201324,-0.9227090514597328,wave1,-0.387113292569246,-0.5402378676868365,0.5198332403287227,-0.95186568452482,wave1,-0.6786737803101403,-0.6937528624477171,-1.8840271134611428,-0.6300892354718561,wave2,-0.8434574754545925,-0.7841681176982149,-1.9054256168122412,-0.914263218194786,wave2,-1.167620865978802,-0.8373807437376912,0.1333286028633253,-0.1517615338870146,wave2,-0.4778980937984478,-0.478768028997214,0.0271004088642476,-0.3390683523816954,wave2,-0.7559569088320214,-0.6251589728431973
59bd8d82dc,-0.2693141825438821,-0.0888274356122922,wave1,0.0570381812745677,0.2782200291394385,0.5297268415092593,-0.3593463910965802,wave1,-0.4111694676826805,-0.2551028815905989,0.1497697828475881,-0.1257724964318949,wave1,-0.0447159565273278,0.2151160809088039,0.8225826903216741,0.0280370641540317,wave1,0.1899938464509949,0.7835381620718893,-0.0379559649331479,0.4052459866822131,wave2,0.4508653391397721,0.2587906929694812,0.5196370303127927,-0.0438377238480953,wave2,-0.0295830470825035,-0.0960541826586152,0.337343316051224,0.3590710212755106,wave2,0.3686190824696729,0.5083747459400472,0.3556796490785251,0.420874206022491,wave2,0.4908943712189684,0.4965799562491746
5a7b0b0e96,-0.1108928429972196,0.9908011090316357,wave1,0.8281080562074146,0.9926733086671926,0.8162559109321507,0.9288619394262618,wave1,0.6268556524746776,0.7873151894403716,1.1364857077996044,0.9379065075212298,wave1,0.782911938955448,1.1192604894761793,1.0394924991145118,1.0503739477166645,wave1,0.7735157387687971,1.0994901962156,1.3322674730062376,0.6509097587944965,wave2,0.5682827354601319,0.6074612606701368,1.2754991590721914,0.7821590340720073,wave2,0.5522627536541969,0.6394001301777748,1.3500390243071638,0.514797169108153,wave2,0.405872314459482,0.5833446235070641,0.7289642069223229,0.5719732206437526,wave2,0.3976327448947488,0.6291008130096399
5aeeda377a,-0.846385157783545,-0.1611868726511605,wave1,-0.0348429124988434,-0.3997267198598622,-0.8790001355185854,-0.6211055208687528,wave1,-0.5350372386771431,-0.586403050884752,-0.2904883030816418,-0.0557934170643148,wave1,-0.0527355171494032,-0.2108627601558825,-1.6605436185467326,-0.1268463640163246,wave1,-0.1107114249773739,0.1936743915191048,0.2531197712481546,-0.5292345278488781,wave2,-0.155000479602398,-0.0489263085246185,-1.7575675204567556,-0.5601251724525966,wave2,-0.3694538871249107,-0.5635598445605432,-0.6555804327785412,-0.0178947970013394,wave2,0.2314065359488279,0.5218905994068936,-2.9958897712591077,-0.0941365168326773,wave2,0.0264407431178103,0.2555852567685464
5bf811eba3,-1.06782452178025,0.0719054378930823,wave1,-0.1580390569526031,0.352745326150103,0.5689815891513421,0.5481775792214892,wave1,0.2387657871999694,0.4524777421056808,-1.932244183901426,0.1193374419263231,wave1,-0.2570385012731775,0.0438902334496507,0.0772078396656027,-0.0394945888687738,wave1,-0.2429957205181263,-0.0356351743748339,0.1679140027396758,0.4070242146542639,wave2,0.4713717676379487,0.0686060730821651,0.8314127452709814,0.6317963320066963,wave2,0.726374066839642,0.623660493094924,-0.3051375160463628,0.0698591684402216,wave2,0.2926571245660152,-0.0552864877862699,-0.1224438037210331,0.2736787026383742,wave2,0.4150099142078909,0.1557642206976781
5cf82ab878,-0.3932338605077805,-0.2121716296532809,wave1,-0.3577496790273449,-0.785341037014218,0.2368895198768111,-0.2077808474354534,wave1,-0.4812749296827925,-0.5964064370214603,1.250968302977884,-0.2060328303952638,wave1,-0.0907318878294725,-0.5279540967105711,0.9876755947853544,0.1424918410861453,wave1,0.0651874901200986,-0.1037833378408578,-0.3712030291635798,-0.6651523218496254,wave2,-0.7951606632225261,-0.8602607958636763,-0.0396631922967135,-0.5960583962198562,wave2,-0.6917771063020388,-0.8683152922849384,0.9481164390382218,-0.4355848142991307,wave2,-0.5637041132346541,-0.4196322391853173,0.3155516902734286,-0.2032758835243559,wave2,-0.3762083115024794,-0.1854330097757083
5df660993d,0.0009501806711435,0.8240292282603039,wave1,1.1005451954508638,1.0480818213975995,0.1234720168794301,0.181248383279775,wave1,0.299716862070987,0.0139492372632673,-0.1016256881163731,0.7453063381427911,wave1,1.0804751509945494,1.0155006185061832,0.516018633127057,0.5567857570922674,wave1,0.8661276965427243,0.7675409711651151,0.4316207928960966,0.7008800585904091,wave2,0.8316390516273677,0.2643636666930575,0.6059105910708392,0.2315263376278115,wave2,0.417169560473101,0.3562860223251211,-1.412222257987906,0.6334810455060256,wave2,0.6318408358921925,0.0161030680353986,0.2256909432278265,0.6250174864461051,wave2,0.7258238570181124,0.220576153858661
5e90bdb86e,-0.5837139320892694,0.3588096899656878,wave1,-0.2844424885880909,0.5181996268325444,0.966581968641579,0.4070812352818689,wave1,0.2367414707846324,0.7411648302580929,-1.6406347655001383,0.4293107827038225,wave1,-0.2719585746364978,0.2782673501102857,-1.0827903042363252,0.5220438546280883,wave1,-0.0048243924830785,0.4774851286993749,-0.297242318406868,0.1917160052271993,wave2,0.2052979614309242,-0.2143572739166754,-0.6366894444372198,0.4751967748068435,wave2,0.4139274772933663,0.1824498454561607,0.1164592689486049,0.1711665462002536,wave2,0.1262153150205729,-0.0454782822355794,0.1932380488098486,0.1800420990439267,wave2,0.1659129160169468,-0.1301509694629849
5eabb36cfb,-0.7686174586198637,0.4376704568594085,wave1,-0.0300877404291546,-0.224413523871539,-0.0995195328398296,0.299864564469552,wave1,-0.0581803947135178,-0.1409563577759022,0.39103443149915,0.2639104162980178,wave1,-0.0325753394311819,-0.209944571098876,-0.1469329171560504,0.3568474705158104,wave1,0.0185157185004784,-0.2812218584037751,0.9044451528339308,0.1317967971789999,wave2,0.5881963835875197,0.2937438377655053,0.8433471973498055,0.0241803840295867,wave2,0.1690920104213301,0.1219236788380581,0.7568200291588927,-0.2764485378235016,wave2,0.2278385622607456,0.0506810337277569,0.2384998968837228,-0.6052118303346048,wave2,0.0132797779670101,-0.1376798419846388
5ede40db09,0.4077856776211614,-0.1283356555942409,wave1,0.04064974926104,-0.1267567783917211,1.3588066660184568,0.0089223983217152,wave1,0.5356648868052494,0.5782363855679886,0.0421027764038113,-0.0989610585008045,wave1,-0.0809319637320966,-0.2236321925449564,0.6358881477397779,0.2618857382817653,wave1,0.2614090226893365,0.33917439583983,0.9013524805650042,0.5287242169570003,wave2,0.4387646509667604,-0.0461566102948713,0.7603539001840482,0.4394346882185842,wave2,0.6704425450443328,0.2426642805184924,0.8038924088126829,0.5927301023169267,wave2,0.4225437651201085,0.3225904685869147,0.952462620929365,0.7466987845303902,wave2,0.6009529727932804,0.3156856194238336
5fdb236881,-1.227080556646411,-0.1270762769057056,wave1,-0.1778226961356908,0.0297855157744062,-2.6476832294459896,0.206940909806,wave1,0.0823744149491203,0.2836301669293772,-0.8054614348648548,-0.1023742940148902,wave1,-0.0074438157993931,0.2432859633891398,-0.5602502155480753,0.1031942992957649,wave1,0.1821889730099122,0.4260251816363741,-0.7047037198106558,-0.1400650125667657,wave2,-0.2313994364398479,0.3636987195219934,-0.267326073365626,0.1558876063043015,wave2,0.1218861169059961,0.2261052669861796,-0.891449427855484,-0.3145863247286969,wave2,0.1640476857251945,0.3376088286194681,0.1249459452449788,0.0676379470864217,wave2,0.2909243996737123,0.193631971219475
6140f2c896,0.4783779832408829,0.6582336978342878,wave1,0.6787740971295748,0.5938869875175996,-0.3253278749488825,0.6956159172700163,wave1,0.9380805181259076,0.7200206791419836,0.4789181137004152,0.2719917893036174,wave1,0.2185066956178101,0.1763619646652308,1.1956405398785552,0.5526721161151095,wave1,0.5874078319595065,0.2844893550862101,-0.2212782394516662,0.1161441727000411,wave2,0.8908947242717136,0.4219213807594451,0.0826477147784433,0.4163960847338901,wave2,1.0025948537697993,0.6041768332837159,-0.1722966930535866,-0.3300097654610501,wave2,0.3178452571699832,0.1823630203788813,0.991976293178028,-0.1009857078028052,wave2,0.4212071102864466,0.2408754124047979
614e3d3a72,0.3240258942498535,0.1093636259660337,wave1,0.0984782215768569,0.0963089347888876,-0.8723009390656851,0.2403029821487672,wave1,0.0132809890565173,0.0859376791281925,-0.2661389223160925,0.0266588619046805,wave1,0.1151181161226009,0.0583446428183032,-0.5279702105533447,0.1347364677744322,wave1,0.0289112858116102,-0.0026795496245935,0.8776337685593698,0.6220820133597527,wave2,0.1494814465359786,0.0031734117096027,-0.3688192197533543,0.4878669047075641,wave2,-0.0051052592083224,-0.0477341732088876,0.3509626746859798,0.4081924829350318,wave2,-6.083071250251315e-05,-0.1268926740530311,0.35357637633529,0.2852163056114642,wave2,-0.001524873005331,-0.1054164907650161
62423df244,-1.414881529354424,-0.7803608235105179,wave1,-0.8660867651960835,-1.2692156061038309,-2.1997969056537836,-0.2911483587599487,wave1,-0.2373685373445085,-0.2837730349672892,-3.4276601662690664,-0.495292967318701,wave1,-0.4189533330432435,-0.7901352450128802,-1.261114201114285,-0.4694250137929814,wave1,-0.3730957105310371,-0.720210374559288,-0.9424265514562854,-0.1805884102195678,wave2,-0.3043518269942247,-0.7190989477741097,-1.3300182015564197,0.0452909382874086,wave2,0.1102008270488615,-0.9100911878559758,-1.8636730656111855,-0.0431007555240714,wave2,-0.106700294578925,-0.2422592427145164,-1.3730387258817045,0.0338500951341294,wave2,0.0540979338075546,-0.4059996789959881
64af6501d3,-0.2100379994915183,-0.3822825881543701,wave1,-0.5225255929234467,0.0680790199418357,-1.736817396007153,-0.9207405232967644,wave1,-0.957624771452293,-0.0591918319614135,-0.1430830067592476,-0.1185891770808054,wave1,-0.068066844426563,0.0629573890423331,0.5181211275724228,-0.2122392307159409,wave1,0.089076048662541,0.0902349469751664,-2.7585926916147887,-0.9500423933566472,wave2,-1.1356417159614738,-0.6607313018608161,-2.1226048420008623,-0.4172624822792075,wave2,-0.6654630763794567,-0.3502097478333577,-0.6169281253954765,-0.7201610861695509,wave2,-0.510796600623393,-0.2310061837825221,-0.1656843919988928,-0.3982606895551273,wave2,-0.1718035235260067,-0.2970107004859534
6587e0bf91,-0.3009252742390148,-0.2248736504802304,wave1,-0.5887666091511743,-0.595210374139634,-1.839421822887495,-0.0246014856326931,wave1,-0.0148405145566233,-0.3821991066229308,-1.163842341180762,-0.7633776933414557,wave1,-1.10616334162468,-1.0367825269380413,-0.710630343748174,-0.6747878056949754,wave1,-1.036045687947745,-1.0375490037748296,-0.2416953757084309,-0.1293513148820719,wave2,-0.4362604456892118,-0.6590661391558392,-1.5389684227395402,0.1566140938139276,wave2,-0.1377149060490786,-0.0428898093644488,-1.7158236907957611,-0.8173050081182681,wave2,-1.2048542680243766,-0.8891042635112322,-0.7334384484015092,-0.9095993480864824,wave2,-1.341994131280463,-0.8046392601460037
65e2dae427,-0.5426723419944506,0.4566910918754947,wave1,0.34265334797384,0.3436232401762613,-0.0307458878812272,0.5618923407730613,wave1,0.401976217418219,0.523075106113796,0.4272372649058164,-0.0151603526351867,wave1,0.1048467558510187,-0.033750559208202,0.5186998913538645,0.1216496141650895,wave1,-0.0028129354810047,-0.0849932285534232,-0.1260935741829096,0.4152291636867,wave2,0.2136133561647579,-0.1487124755919502,0.6597113927733823,0.4318399877053581,wave2,0.5746152561925394,0.7859735617659488,0.2512552147939728,0.2610539542019715,wave2,-0.20715123429641,-0.5198611274074999,0.6084365974088772,0.354181284953086,wave2,-0.0744567723553229,-0.4849738210603132
68234bea49,-0.1965071831913974,0.3815601326676126,wave1,0.5687062839850678,0.191730034780625,0.7445065729719722,-0.3593841706412463,wave1,-0.2450148501236969,-0.2102862876731394,-1.0376748520573644,0.5391673445957207,wave1,0.7156314831239613,0.1997313917700153,-0.2256810647221138,0.4832356316816923,wave1,0.7394873709241767,0.3543347894322925,0.213671647086592,0.6720396064271548,wave2,0.4964935031641289,-0.1214139564296676,1.4001579656756755,0.1023906075947441,wave2,-0.2260730397593476,-0.1091312972816761,-0.3966304851987705,0.4439303301619913,wave2,0.3616343277747765,0.0582278004222208,-0.2610194189603127,0.6049818642504943,wave2,0.472892473154808,0.3412466698993838
68b946ea34,0.4553778199459562,0.3481270215399799,wave1,0.2830327836687494,-0.2947330930628085,-0.3054101140327924,0.1741469608398661,wave1,-0.1486321575711607,-0.4961319721870741,0.5524689592308636,0.5487116833783514,wave1,0.5238260321694421,0.328053260522364,0.1785039976055818,0.530438925388282,wave1,0.4046607928907348,0.172019983139174,-0.0853867077326353,-0.108293224291363,wave2,0.1256297493512552,-0.0374660347209965,0.1238952683411848,-0.1830548781714901,wave2,-0.1658940586232998,-0.2889746884263512,-0.0679360423686236,-0.0908775690602216,wave2,0.1843188145841974,0.4044265235033644,0.4373407202238116,0.0242755626976347,wave2,0.1904156657083981,0.2833538135010449
6b317493d6,-2.528899944112497,-1.3389709870840332,wave1,-0.4405558524880166,-0.71548235207136,-0.7006640534081091,-0.256063830179121,wave1,-0.199267791645706,-0.0305623283589903,-1.7528565378629553,-0.8439940819365327,wave1,-0.4432974360340945,-0.3907589800780769,-1.9811771726158312,-0.5552541117112781,wave1,-0.3057543310502187,-0.5106491107288988,-1.6088677312418551,-0.0593220708066886,wave2,-0.3854739723443383,-0.2300951709335341,-2.0171459235076385,-0.2777315007921171,wave2,-0.335464398402942,-0.1657579772515468,-1.4681802141930644,-0.1384970765387684,wave2,-0.3772745600948975,-0.2853645726773935,-0.7651836084967772,-0.2026209399524364,wave2,-0.3928931886905725,-0.1319362079257238
6b5f3d7b27,-0.8049562052148708,-0.3852968567268835,wave1,-0.0874221739009715,0.0374867842955342,-1.1033456908763222,0.0940747306352427,wave1,0.5834876251893537,0.2662622006704052,-0.4126656200683348,-0.1391358649128486,wave1,0.216968048837004,0.109716981225308,-0.3174587091516551,-0.0394259578746876,wave1,0.3489725141035991,0.1647844086781371,-0.9047737246552454,0.1950560159249681,wave2,0.1214415463201259,-0.2134007013348395,0.6153854674814,0.3261778910239432,wave2,0.4822489401742265,0.3240926344740595,-1.1344559320946797,0.1501567428193368,wave2,-0.0826767056936261,-0.2344530320111391,-0.2383630834073602,0.1339880211557025,wave2,0.0769966872227607,-0.1801453635223149
6bb20b084b,0.3396335870820697,0.2044075269444205,wave1,0.1871432257461578,0.1541780124647147,1.1144711417437183,0.1592086694525183,wave1,-0.1107242941227264,0.0497081571236153,-2.447296975272383,0.0298945083553665,wave1,0.0320539206983416,0.132395351157726,0.439045395501308,-0.0186966556896366,wave1,-0.119629782542368,-0.0196079853374699,1.0195277523470587,0.0367418539087263,wave2,-0.4142259108546768,0.1964434288678458,1.506183131432701,0.1200136375934408,wave2,-0.2508303575359867,0.1375092026997642,0.7322782967356459,-0.2876885685140424,wave2,-0.4753719578200643,-0.019397609044631,0.8113087760824241,-0.2783703924723339,wave2,-0.3549677558329258,-0.1049349912037951
6c0699685a,0.41504465237491,-0.2377426601955079,wave1,0.193210472150104,0.8393975630746362,0.1599985408515482,0.325566624209197,wave1,0.3326979034698256,0.5720684455673775,-0.2253216312187283,-0.168472750455612,wave1,0.2227285485034402,0.656721013490609,-0.5132361074276967,-0.2137381426517609,wave1,0.3268414838871102,0.3720900743427474,-0.5439732970637333,-0.9086150362276452,wave2,0.077696389317218,0.0354969688555999,0.2383678200251332,-0.1951337918701323,wave2,-0.2291100498705907,-0.0113208589967586,-0.2824848103398377,-0.671562379046249,wave2,0.1762834108826954,0.1056875512410153,-0.1008038415175707,-0.7157270390130718,wave2,0.002120478024261,-0.1750121170607418
6cc3ca99aa,0.607191406396951,0.0494332076992249,wave1,-0.0081486204722187,-0.6231495960050144,1.0659828433901355,0.249073367583186,wave1,0.1493326893631763,-0.2349744633753532,0.9878834076485804,0.1985203127351529,wave1,0.0144932274691533,-0.1484064573118966,1.341428958963188,0.3876663292880784,wave1,0.3374354027222845,-0.1686892550995096,,,,,,,,,,,,,,,,,,,,
6db0abec3e,0.2268974431014026,0.4924938399876843,wave1,0.3545288355279119,0.2912472312083674,0.3004817073668017,0.3506596936750383,wave1,0.3549373784492047,0.3833512494662734,-0.0248852251212861,0.3383566640066036,wave1,0.1808238485237456,0.3405130780318295,1.1142996781549404,0.100309995234341,wave1,0.100805513734597,0.4755985298267881,0.6805156078117582,0.0586335432747708,wave2,0.4083238369654145,0.4144640690072094,0.2020619770567905,0.2102312030991602,wave2,0.3495678991597513,0.4812818558889213,-0.3560115434740327,0.1160715045479094,wave2,0.1297148676208794,0.3952086437787718,0.6250274705862326,0.134344532125935,wave2,0.0953772617200617,0.3082157929176717
6fa7a78d64,0.3816193637324298,0.4885460246997688,wave1,0.6023639938212324,0.4451220997950753,1.6489771626824776,0.8308745794684917,wave1,0.6765240474123819,0.6346227936603495,0.3788263655347716,0.2523305582307898,wave1,0.1597513868075576,-0.0238077801306165,0.9253132651389664,0.2157846083990895,wave1,0.2398895993507386,0.1761405554761373,1.2618973311977315,-0.1788428200978264,wave2,0.6838282304309073,0.5967086877722609,1.5796610407196696,0.181887178921235,wave2,0.5232259264380301,0.4556619373178547,1.1774061003441725,-0.4641649495068337,wave2,0.634642412244293,0.2500082815122778,0.579406889680102,-0.3173361739866491,wave2,0.6074243743645883,0.2934975258936272
713e823836,-0.4531469943169884,-0.3903683094118395,wave1,-0.603003028954898,-0.1877749373579653,0.0009402208412589,-0.4508212596784458,wave1,-0.4320825408546169,-0.4988311513186119,-0.2313144081716279,-0.1456044175138291,wave1,-0.2229710357524326,-0.2840614758959023,0.1568841656094147,-0.1788563115340342,wave1,-0.2240828947951811,-0.5733424420043525,-0.2433450294344923,-0.2291334228185506,wave2,-0.5824015072259117,0.4560217084189608,0.1206641761196818,-0.3815616793480445,wave2,-0.5281040310015603,-0.2003583242299238,0.6345668530099456,-0.078630171338778,wave2,-0.4360318718004186,0.4415881212751353,0.7814985594953436,-0.1673177490840283,wave2,-0.4865424130773084,0.152855565822938
72c91073b3,1.2590686749808262,0.0455518874191265,wave1,0.2992752232549069,0.056626958920382,1.1659968135884766,0.3248915190493715,wave1,0.3910797451855163,0.0610446580378005,0.4958397375247419,-0.0002077966728165,wave1,0.1230044224084609,0.0303180010018139,0.167274015834743,-0.1303971377695302,wave1,0.0251292384018327,-0.219078795056946,1.4501367634960776,0.3872687581624443,wave2,0.3589922319872991,0.1702477251848229,1.3014861059620653,0.2456203683871516,wave2,0.4197121290069843,0.1913764961649433,0.7720226714215936,0.1380741263710227,wave2,0.3246418487707806,0.0520245770471174,0.933117530806296,-0.0918186396555554,wave2,0.1621946981991439,-0.1085792850602377
73c1e4c345,,,,,,,,,,,,,,,,,,,,,-2.2343839830377425,-0.6055766435710459,wave2,-0.1668629343599588,-0.1729402881908268,-1.294250162453729,-0.2654926180228126,wave2,0.026592616145418,0.1423210120616448,-2.354487988705663,-0.388056788414868,wave2,-0.3254143061576038,-0.4176064593969764,-1.215805403004856,-0.5635791213943342,wave2,-0.271125588488742,-0.5400888700072495
73cea42f1a,-0.403213366369024,-0.5670366114661451,wave1,-1.2461387360291334,-0.8376965256300508,0.390139375037462,-0.0340081307174329,wave1,-0.2804833229240318,-0.2364609220135656,0.0868480091613098,-0.3108308340957431,wave1,-0.529938738222848,-0.2563471181436558,-0.1254097477771885,-0.1634574290480072,wave1,-0.2594343615773496,-0.22537054543918,-0.5768879775082246,-0.7455763101102009,wave2,-0.959374391774273,-1.2907770228994413,0.4567482110876322,-0.1459302534569015,wave2,-0.2759959544731871,-0.1928369519240553,-2.1947906129032804,-0.3139557702945448,wave2,-0.4618456688600465,-0.6886429632249673,-0.3518103238362015,-0.1866823459301324,wave2,-0.3907681105110675,-0.4397352773093869
760b6e1230,1.7052198316396243,0.7279463345856014,wave1,0.765268366729974,0.7689073593629161,0.6922398396060085,0.9165496505700248,wave1,1.0457557054653188,0.7714949215190714,0.712949661939894,0.7247316789242733,wave1,0.7807945409434554,0.7573485133544491,0.7794668338740278,0.8221278132514259,wave1,0.8153508424401382,0.9425813647179272,1.5164727881169917,0.5101829190565292,wave2,0.7270298482523605,0.5403400212981333,1.3873149159009854,0.9367036439310524,wave2,0.837747165056685,0.7775602694914223,0.6898966166412729,0.5649008040844918,wave2,0.8286875350851943,0.4555239129595942,1.02644019256455,0.5505798823885121,wave2,0.836606576823611,0.6585146284861559
761cb03ec9,0.4854009970521531,0.2101436393997047,wave1,0.7330845161083945,0.424658618799838,0.7680333811850564,0.0679666339333613,wave1,0.3354394720128726,0.0867430057403371,-0.0944845325805901,0.4898036893264581,wave1,0.7635553027692412,0.5148614749738207,-0.5065914794769446,0.5291999758363697,wave1,0.7414630010014114,0.2704273289010852,0.1917109945188245,0.1215489245891037,wave2,0.8138184841937584,-0.2143797462118066,0.2523303698400022,-0.2494765512725465,wave2,0.2952971333814369,-0.4479025643376888,-0.4727834569473896,0.1653214219842127,wave2,0.8997228693621764,0.1159811794900511,-0.5181369159425084,0.0875036776106212,wave2,0.686950461006369,0.1669627208637138
77f6d80908,,,,,,,,,,,,,,,,,,,,,-1.205805982800542,-0.1802056678579293,wave2,-0.5932739142510113,-0.3130623147254008,0.4206557142073927,-0.336823117885132,wave2,-0.1904845861870268,0.0068184912672017,-0.1353382540668456,0.1632082168000762,wave2,-0.1564150983501239,-0.1188331941878949,-0.2296646414202905,0.195259809862248,wave2,0.0095458541663582,0.2034822787304762
788c47d392,-0.988920960887603,-0.6045271029307593,wave1,-0.4791007814494883,-1.129624816730021,0.1282025159109373,0.0649345777243217,wave1,0.2193862757601006,-0.1661298701040658,-1.1212660829942966,-0.3199243421374944,wave1,-0.4432488497305609,-0.9555712118156754,0.05049801368673,-0.1574530757514574,wave1,-0.0631209874978875,-0.4629931232673083,0.6867998475939922,-0.8346663826743732,wave2,-0.7402064738770904,-0.2297948237481237,0.3611238024397814,0.2243213865778481,wave2,0.0826181969880304,0.1454534236371314,0.2785021936400115,-0.9070767252760784,wave2,-0.6986078836091407,-0.3335185546657866,-0.3077872293682011,-0.699763732974982,wave2,-0.5128742025721396,-0.4597885337553871
78bde5f036,1.6447069378126715,0.9782517500636532,wave1,0.8590011154020125,0.8821659965841935,0.5567628047245864,0.6844715593840556,wave1,0.8113268938153915,0.807545262684833,1.2540932848225743,0.9525209951733362,wave1,0.7601979140909407,0.9447916538154552,0.2816078472245144,0.6468167277507888,wave1,0.4699965971232149,0.713679192216929,2.21245328147043,1.0018501453498287,wave2,1.102398162787721,1.1511082891484363,1.198604372695587,0.7477523078651414,wave2,0.8671431856317409,1.0063512315170555,1.0451651646256,0.6875354591110237,wave2,0.7134926475479657,0.7829264115188932,0.3961114059366335,0.588132216114913,wave2,0.5222909308234169,0.5318582157395899
799e745a79,1.8001406814351733,0.493091856685204,wave1,0.297978141589245,0.1240403141007722,0.3596036994215825,0.7183476661711783,wave1,0.4316984855393806,0.4683167635844705,1.5243446287129307,0.4322174443897018,wave1,0.1566985425491027,0.3192537020456376,1.543885000914985,0.3151734451721291,wave1,0.1407235761961813,0.1394682817255081,1.6931498672284475,0.6477120479229492,wave2,0.1794437308589682,-0.0416810216450829,0.8734738180708836,0.6682135494192023,wave2,0.5910515804175782,0.5334002241104181,1.2765409258171263,0.4275993700394698,wave2,0.0495961494751553,-0.0810878797499123,0.993214419795566,0.324234255409404,wave2,0.1194092260356751,-0.0929471808560227
799f6aa59a,-0.6282106048124115,-0.0704673010117074,wave1,0.2945876073957598,0.0269566492078681,-0.8870912127279736,0.0979408669282968,wave1,0.3950132306191942,0.1370089737667099,-1.1340850321578737,0.0400631424963539,wave1,0.2276102787837138,0.2227842403152086,0.6192849344138621,0.1764588237376588,wave1,0.23710768526001,0.2703779730227614,-0.9256894078420402,-0.2840700239775633,wave2,-0.3171803020885164,-0.8754876210997966,-0.0573376747427283,-0.0056192276401507,wave2,-0.0306996455539854,-0.4032836916280893,-0.2431121640290431,-0.313070164918856,wave2,-0.4629376300131497,-0.6747941181092457,0.8586405809211258,-0.2015922475706725,wave2,-0.2464525631506643,-0.5940239618920325
7a05516457,0.2361248237367773,-0.0046886127540917,wave1,-0.0155009043348264,-0.4312772229737072,-0.7842685809678729,0.2266905780193211,wave1,0.3567555788618046,-0.1592003622054167,0.4619488788667114,0.1551341253892229,wave1,-0.071870223744054,0.0925463154383927,0.1161171694268854,0.1711114966098531,wave1,0.2461803750060586,0.0212453556826336,0.8123730479975474,-0.1114579683448142,wave2,0.6316118516955349,0.0241860375570346,0.5814977362861047,0.3387482192505191,wave2,0.6114621131441853,-0.0265952371678588,0.9489246849980946,-0.1204783976786405,wave2,0.5690576403110885,0.1837013660644442,0.9250511442509848,0.1177526988307647,wave2,0.6842448684893664,0.1530795739873199
7ac9a33d14,-0.5673549553708169,0.4302407462791096,wave1,0.3329446300437135,0.0286411859749047,-0.4414087162012062,0.2444159833221086,wave1,0.1106862344021344,0.0045929438894583,0.1757636600265034,0.4833182426093227,wave1,0.4309729570057399,0.2861561146431584,0.6811906661910111,0.5516230576529474,wave1,0.5880507946777657,0.548628282432066,-0.7964504781335177,-0.2919283423054213,wave2,-0.3222786584307227,0.1260060757294372,-0.4666092257275233,-0.4421106954902045,wave2,-0.2608200170296171,0.0288502570443807,0.4000851150513852,-0.0038799347188474,wave2,-0.2378801042821556,0.2395148341518111,0.5880175883905203,0.1418483788752066,wave2,0.1960759038858482,0.4156914516546898
7ec590718b,0.5537893031152791,0.5879344532038084,wave1,0.6504455724342151,1.1302690937902296,1.0802793246028406,0.7612478717567726,wave1,0.5638203118359932,0.680593682947161,0.9829993451133748,0.347405705570299,wave1,0.5094673392499673,0.7006736213900935,0.2371478428527775,0.2166413744647136,wave1,0.3493148758157539,0.5409745471964259,0.2642563247608699,0.5236098754385732,wave2,0.5264010544714521,0.7725907288342455,0.9090283055976304,0.6293187027971281,wave2,0.5922124964776954,0.7706665302688998,0.95232758420287,0.2333635912632907,wave2,0.2147634073592478,0.337357970344146,0.5525147376247236,-0.1668192544811243,wave2,-0.1322586388936212,0.0110205565031324
7fa2708b28,0.6206298547323386,0.5290252879585213,wave1,0.3758223147321828,0.6240159164570445,0.5395777298185519,0.5718196806124674,wave1,0.6894089503420413,0.5071213647261907,-0.0508021954423457,0.3678452133317657,wave1,0.0722293090005809,0.0551539042724963,0.5531595457986198,0.2433117464099476,wave1,0.1024442838486227,-0.0924292876476323,-0.0355849510322753,0.2916830430552499,wave2,0.0466313148655039,0.5974325491830212,0.1172264876972569,0.4702285117100726,wave2,0.2459189455514221,0.6606078300248663,-0.6288751542085473,0.0798909285824739,wave2,-0.1487954850942168,0.1970212943306155,-0.047702850584336,-0.2617900574512201,wave2,-0.302961277088721,-0.2257081238525654
80ea87b3c9,-1.0242685489541254,-0.223425361387145,wave1,-0.6656347414348198,-0.0717782816426713,0.3549032677209637,0.2801130640425229,wave1,-0.0968211644598153,0.3109424204503752,-1.3936658457269588,-0.4543295761556354,wave1,-0.8023994788199857,-0.4584763424856506,-2.4189592792274976,0.2626177889286283,wave1,-0.1980748993047471,0.1535921296832816,-0.6994243921041646,-0.595469418266594,wave2,-0.2610543384045385,-0.7487863677872604,0.054038162271174,-0.0345262813461806,wave2,-0.0078363253137152,0.1497492414331462,-0.7336661470499054,-0.4550207628846023,wave2,-0.1948262505268034,-0.8072333970927943,-1.6972549929725598,0.0394429469954543,wave2,0.0786493137412543,-0.2704764202265263
80f93dd8c8,-0.3293717157329842,0.1584128298372786,wave1,-0.5741335385940665,-0.3711323557627877,-0.6059394799802116,0.5408447730362602,wave1,0.224873380046632,0.2330674791546259,-1.0041110015442796,0.0400471696297023,wave1,-0.4823870487711346,-0.2877168136817867,-1.7951008578172225,0.6165235084589594,wave1,0.1044352069911706,-0.1468156459916983,-0.3773813973307018,-0.0143825946939064,wave2,0.0599768575663002,-0.0441407689594917,-1.204689171616432,0.3778628107955524,wave2,0.2856406694930467,0.1588863205647355,-0.3793382862631967,0.1226178930881671,wave2,0.103805640894645,0.1233370565797586,-0.8584232292238247,0.3011412083427448,wave2,0.423588295726372,0.3498148261320085
819e6beaa2,-0.0103095650359786,0.1734920006647162,wave1,0.1197214846132102,0.1043207171821047,-0.487498739571722,0.0049937239084382,wave1,-0.2532012300973792,0.0746721829520974,0.5356422536579041,0.3536718062890271,wave1,0.1267669979990249,0.2103359247163279,0.1906266979973283,0.4154601078541173,wave1,0.366679991093888,0.0834715642761414,0.0377374831503951,0.5178068956454451,wave2,0.1921297016162428,0.1843294795566845,0.7063643392582051,0.1304920094050604,wave2,-0.0301631161627905,0.060376762940418,-0.1997523553097733,0.46776970822702,wave2,0.2328117921293729,0.4028220941671583,0.6001423602492783,0.3593413517944468,wave2,0.3785612939294809,0.5064867126108703
8367876d1c,-0.3823515425801983,0.2468296524156041,wave1,0.5875558207413567,0.4840949671856984,0.7791623837228229,-0.0607877488151198,wave1,0.0640235467474885,-0.005575353222899,0.6854094862100213,0.4558149905522569,wave1,0.7599278110016617,0.7809362446672631,0.2272485959167317,0.1382608219733328,wave1,0.53964007583012,0.4287979790387331,0.0568125227804472,0.4212092363733735,wave2,0.3910776004491567,0.0856691814793131,1.34510653084844,0.0598180899986349,wave2,-0.135006307989846,0.006085015656337,0.6230703748261723,0.7402876554078089,wave2,0.705252608942062,0.3331861940762951,0.4143279158259697,0.4757559136276091,wave2,0.4215305209939855,0.0984226467272089
839ef11e8e,-0.2910323674809579,0.0053917414157509,wave1,0.2344723054871704,0.1303510932864955,-0.5831192765323929,-0.1677216723419257,wave1,0.0490413959019904,0.3482220111941709,1.049083586546853,0.2109882301649406,wave1,0.32709646567435,-0.0886876869015151,-0.3575505068151014,0.1417842724744695,wave1,0.2142322375843592,0.0658648747037382,-0.4607445466244869,0.2485340470202381,wave2,-0.0047448629355533,-0.1237034222619195,-0.5830481578778896,-0.0458186696429481,wave2,-0.2154303807610571,-0.1248750211462048,1.1368117078862885,0.5339639775618756,wave2,0.4182012203207963,-0.0572737795527478,-1.750392207220642,0.303142607011523,wave2,0.1108318821038704,-0.1569457433250623
860c682a2b,-0.3077832733449452,-0.4992749595878718,wave1,-0.3389000081714013,-1.3335303883818013,-0.077545686461922,-0.3629533114810335,wave1,-0.4301559862372364,-0.5102061781023481,1.3363436559152733,0.132700703929611,wave1,0.1155739613930501,-0.0500250129953449,1.3253964026774054,0.0552883482582983,wave1,0.1770323720475307,0.2982507143302731,-0.2213646514489793,-0.3970751241925854,wave2,-0.4199567777918813,-0.3041025843363079,-1.7681271889536558,-0.661549893543524,wave2,-0.7577937846987917,-0.7803903291112544,0.9844625137788804,-0.1050024911945733,wave2,0.0201894397207861,-0.1045004272212895,1.2399710033144349,-0.1169537284720746,wave2,-0.0557155636546976,0.0805755168417473
86b6f6f3e5,,,,,,,,,,,,,,,,,,,,,1.2979696851708675,0.4986373456965822,wave2,0.7631869174556731,0.6489511932091359,0.930745503964956,0.1852241841035048,wave2,0.1376430191827237,0.1099589179199901,1.4419236154570585,0.5907308344231822,wave2,0.653734953184342,0.5495180184097931,1.0730272125167974,0.3910299487128936,wave2,0.4751165510215433,0.4654654845514229
86cdf539c0,0.2354482986864424,-0.2350430987582494,wave1,0.072280594742063,0.7264445849482459,-0.4342113582911205,0.0509202648416017,wave1,-0.0564526460444544,0.3745519389603583,-1.2644298263285696,-0.0222546470567063,wave1,0.1468379892278449,0.6665001425321874,-3.2345076055306112,-0.0016076630773436,wave1,0.1076711243844567,0.5024767661543472,0.5545749144728006,0.2979902707670099,wave2,0.0037188602897064,-0.3731674764252612,-0.7187550548653151,-0.1596412523954596,wave2,-0.0161864281704849,-0.1101327160490818,-0.4669927245476891,0.3709224481216154,wave2,-0.0054498941362451,-0.3749747653646397,-1.3782884972080789,0.2372935026428603,wave2,0.1075024773758616,-0.2955087154441017
86d5124ede,-0.9954748939605506,-0.5080866546171299,wave1,-0.8544015605801634,0.0256497936933346,-0.1309482506092666,0.2102653559087746,wave1,-0.0713841964139412,0.3022054849268047,-1.140118771460095,-0.326678861365109,wave1,-0.6925783857002916,-0.3016026781578482,-0.8146500992334664,-0.6282889656515406,wave1,-0.901158703569268,-0.43799424255461,-0.69351914022318,-0.2761887458105074,wave2,-0.4944445002367308,-0.2197077700620417,0.1441428803064803,0.1870625551094038,wave2,0.1503869233230874,0.2009359753231039,-3.3321979178113934,-0.3935178525157472,wave2,-0.6562912020571054,-0.4193604382218134,-1.605742687972521,-0.7836416408275376,wave2,-0.8757939112049243,-0.6912734488525035
87aa41b4a8,0.5164686363300379,0.6746334589891152,wave1,0.8146984866582168,0.3913938141577207,-1.7036287301480215,0.0337190882711215,wave1,0.0008466315511665,-0.1210629352822403,0.4560446049166364,0.6394761497315311,wave1,0.7290581372454461,0.4664435946403228,0.257827823330663,0.2496883522290024,wave1,0.4614399634898772,0.194847108634503,0.7860262458534075,0.7273773267979751,wave2,0.5735663144929775,0.6041639207823115,0.6564414647510153,0.3853820954299323,wave2,0.2676492622555209,0.2123366352216273,0.8413230252049604,0.863698271261274,wave2,0.8208842137270966,0.7703929722186926,0.8649445186216237,0.4585651136142968,wave2,0.5195485646481087,0.40942851739046
8b1c700f8b,0.7145322891019569,0.5525331535502813,wave1,0.3715342460123212,0.394293440988648,0.4311910257025218,0.6957416093293628,wave1,0.6683751724577806,0.5972567039191773,0.7496050369157891,0.4715207870756785,wave1,0.3849935477864028,0.3313692139854509,0.0748890736472426,0.4836981368548441,wave1,0.4482602016016181,0.2486771286189759,0.8802743870643384,0.1845704040161533,wave2,0.3731499869685497,-0.0368084384490114,0.6282399525521919,0.4392610793314867,wave2,0.7321578027996097,0.4159025886892292,0.32414940942087,0.0896008734052678,wave2,0.1893577876235113,0.2820297165565699,0.4730837710998551,0.0629322140753407,wave2,0.0953932107594555,-0.0576809230591874
8b3a04f86c,-0.2190219491333962,0.2440907620030528,wave1,0.0137903753329136,0.0196522333637065,1.179983065954988,0.3327671372836045,wave1,0.245892525406377,0.4109800310744105,0.1951282868204187,0.1652378034551211,wave1,0.0812865794950423,-0.2490544829187599,-0.0550092997564521,0.0734029354859151,wave1,0.0996256440749649,-0.1067533479959177,0.7537332671034198,0.5325125166768523,wave2,0.1698454197378598,0.2696530841070494,0.2888487209376122,0.317214422779918,wave2,0.2088992402783889,0.4019194545027318,-0.1075823324676228,0.3758395858549919,wave2,-0.0066936559185617,0.1130134269104734,0.5972650838180467,0.1367835120751239,wave2,0.036963542438094,0.0334094933090782
8b443f7c22,0.8273751896198986,0.120425723629701,wave1,0.217858165790711,0.0329797048879125,1.7495879853668836,0.5591962104928541,wave1,0.5359027619738452,0.0778432091629481,1.1606462198242855,0.2496948975035203,wave1,0.245522891729602,0.1990473599135463,1.5467629682266806,0.6012935563681429,wave1,0.6561432523063245,0.4722059582927401,0.1311603287691532,-0.054787455204075,wave2,-0.3670142985387583,-0.2509532043601572,-0.6178342064939121,-0.111407692444126,wave2,0.2049787923422996,-0.0378786499277759,1.164072920082051,0.0756549530315698,wave2,0.0016691832009844,0.0225618097272067,1.387144904748527,0.2353502935892347,wave2,0.0487980666463459,-0.0698857088395072
8d74b05fe6,-2.364566342684771,-0.7252428994467062,wave1,-0.5567578563308286,-0.3543022343403272,1.1700529048548096,0.0339144677784746,wave1,0.2239805209765639,0.3394963681703122,-1.5779366209942212,-0.7165239259030494,wave1,-0.6264347565750819,-0.5565270583360742,-0.1005380118660664,-0.6224821809291256,wave1,-0.2271100018247852,-0.3871476570137367,-1.214545956567622,-0.4883469616277942,wave2,-0.0007265880790479,-0.4570221109600911,1.552557150771588,-0.0939645961695048,wave2,0.3668149790673267,0.053264417076918,-0.9307450057859084,-0.5772020064154684,wave2,-0.1879562235578777,-0.5268324482134936,0.2123639812553222,-0.4903537844169808,wave2,0.0935904848817862,-0.544144159064066
8ed6071d39,0.3632058191402665,0.6864687601741568,wave1,0.5883685641532053,0.9040245067667676,1.2119349310930958,0.6002384247243691,wave1,0.4486438261488477,0.7221089993528644,-0.3543121686699624,0.5349293886130753,wave1,0.6028788198426158,0.4982360299266876,0.9343320124697578,0.4065577070422247,wave1,0.390000508976761,0.2448006461027733,0.4091517195039568,0.8378924489362347,wave2,0.8075003363514488,0.9083580952868048,1.2191389148135674,0.7300643414618904,wave2,0.5122705013840485,0.6684187377848927,0.727658971426571,0.7124434745926584,wave2,0.6737256749454101,0.7120685773137327,0.4922437206508608,0.685973031696055,wave2,0.6151863405452157,0.6162841899477979
90623d25b5,0.1353871750684887,-0.0477660539389863,wave1,-0.191056826667161,0.210694766436136,-2.6595716866817667,-0.2430119676857676,wave1,-0.4255605036536685,-0.4997906889125167,0.1723129526588055,-0.0657502807460372,wave1,-0.0535936732208555,0.2188332952240299,-0.6485701678650396,-0.1514420694935135,wave1,-0.0848345901985664,-0.0987552537971955,0.5133361707243619,0.3233917812921536,wave2,-0.1080345225643664,0.3640210775518393,-1.1297348053214828,-0.2411353905409639,wave2,-0.3386616065138352,-0.0959088225137088,-0.1653031577440662,0.3705769317100527,wave2,0.1765554578628239,0.5776615830059131,0.0727307895271136,0.249364491829151,wave2,0.1669538868486445,0.3653092763910192
908a3257df,-0.2983612503595396,0.316700048655679,wave1,0.1954523570965194,0.333966022806758,0.4267652339292082,0.4667681496520596,wave1,0.5969280881922806,0.4582421388654855,0.4169198359498419,0.2440290667588008,wave1,0.0823003381451308,0.2838131853201171,0.3341903104398918,0.2783389519770807,wave1,0.3520887836589461,0.2833878793233821,1.068943401302041,0.2550170340565323,wave2,0.7389433906364578,0.3052941681727725,0.761317167441426,-0.0474932846990424,wave2,0.5326550797602406,0.5294580943440591,0.6255222127438808,0.2051268923439571,wave2,0.5822635241835388,0.0273088405554638,0.3080064920136401,0.2600317114269754,wave2,0.7309659991773059,0.193354569318368
9145cf24d3,-1.682081666869737,-0.6783521787562963,wave1,-1.01594556016174,-0.4647446212995918,-2.196523694636566,-0.5792652548435414,wave1,-0.7979073420149893,-0.7180791269088168,-2.1533667791578406,-0.4795764911682847,wave1,-0.7160581326703206,-0.0870932129609986,-2.406566583038269,-0.1754939805267625,wave1,-0.5217557956258807,-0.069962262531569,-1.4479903752892318,-1.2125976505532483,wave2,-1.0125372177853311,-0.3466032323403585,-3.1056941348154576,-0.9374771653880352,wave2,-1.206673396704805,-0.7445983993548696,-2.340092187487533,-0.9788973655736644,wave2,-0.7557637646181139,-0.1330518874371231,-1.4999694407739057,-0.626476191039252,wave2,-0.5252443802493965,-0.0555164264354839
917fb0a062,1.2978847224196084,0.5211542427058304,wave1,0.5358747975472051,0.478510718267868,1.425241039421558,0.345047258845867,wave1,0.8605433978060177,0.8572246086411277,0.5630538158149804,0.4042996188829224,wave1,0.3966340801957571,0.5604098440926426,0.667227008276536,0.3342148594545548,wave1,0.5232550306309895,0.5148265897121664,0.9024871177867476,0.2876193215913709,wave2,0.3980036725003153,0.5457765121969838,1.506277442356508,0.6176129560130423,wave2,0.890556065241551,0.5787758009061008,0.1500789109090434,0.2399029015014375,wave2,0.1168475258224284,0.2389920566180634,0.601386306976637,0.4659652856725236,wave2,0.4616403166232485,0.3998437875309162
919aaf4850,-0.9334094746360342,-0.4426972864905996,wave1,-0.2013258785367249,0.3131433220354238,0.5152310338013099,-0.0336509061386475,wave1,0.0508347598080453,0.3222218692007049,-0.0318696428534243,-0.3085466567885155,wave1,-0.0858575958390124,0.2191280109668929,-0.4692044462071419,0.1755318702195818,wave1,0.1985257201876635,0.6363066921342868,0.0368138787301765,0.0318724023193355,wave2,-0.1707299464971159,-0.004981977049506,0.7616776957110406,0.2544540342113589,wave2,0.217779236465838,0.2208865845381898,0.2485940746669528,0.0607253654983306,wave2,-0.1561558954693948,0.0284574014181495,0.2303269651083999,0.374166963817762,wave2,0.3422093183280343,0.4176791221411593
91c728e6a6,0.0100696066811171,0.3932732857600201,wave1,0.7176940782924077,0.9237122585402824,1.1595446085011976,0.647811205860747,wave1,0.7125520453504035,0.8191594834172133,0.3853025077318023,0.1468038618214009,wave1,0.3699680953125281,0.4458041585932288,0.2386359219826877,0.1519989148377712,wave1,0.2542588324001871,0.3742280044432973,0.5744281466085401,0.2669587337748356,wave2,0.2225576317074848,0.5812055741312865,1.1120833648352584,0.3267401284292703,wave2,0.4576573483720776,0.547702683395634,-0.0825610040232937,-0.0425412179772206,wave2,-0.2537137608408293,0.003298020682297,-0.4675351216562456,-0.0225069361005031,wave2,-0.1964257279951397,-0.0439514819943864
9218f3f56b,1.145768232397604,-0.4637203341390252,wave1,-0.3032159824520692,-0.2522275376935008,0.5919652204431359,-0.1160242326535849,wave1,0.177472197785472,0.2000438555960266,1.081359440100511,-0.5701354343981396,wave1,-0.6010414053466383,-0.3709465893749754,1.2256448638973032,-0.2322478757957697,wave1,-0.1601706294708006,0.1698405262748426,0.6674022383281056,-0.0579500767624012,wave2,0.0983395625505587,-0.0768922149068509,0.9463657697900826,-0.1641448949522426,wave2,-0.0116314350978738,-0.2819564456322501,0.0493081163198352,-0.1956714227791919,wave2,-0.072475412150616,-0.1898826874219125,0.8342508890451139,-0.034933561679756,wave2,-0.071909010885224,-0.137541245040527
921bc75ff6,-0.488628102955907,-0.0884037777177408,wave1,0.1029858803267378,0.4598121843519527,-1.459392602158581,0.0173024196977027,wave1,-0.021827900729904,0.1732692027879228,0.5244677832499802,-0.3013390118784021,wave1,-0.0093476506988444,0.3289556460586491,-0.2957986849190789,0.0491300021279054,wave1,-0.0077402662963213,0.2695289387566674,0.0943982818689001,0.2331957978257621,wave2,0.2091003747532225,-0.0595623068835553,-0.9108475629338952,0.0845662443000376,wave2,0.1282192810752254,-0.0171212107680225,0.5352563947820134,0.0306811374155532,wave2,0.016700905755808,-0.2179297072882494,-0.3897408786557621,-0.0114232026598476,wave2,0.0411512885817778,-0.1103026695295795
92412d02d5,0.1236477469678027,0.5862526790839002,wave1,0.6996662787548336,0.5708904147495057,0.1054574288416571,0.0771157675775947,wave1,0.0877488947214665,-0.0869361240069866,0.2686569185337796,0.3811649236421768,wave1,0.6138905040598448,0.2488000923830185,-0.2343059026251225,0.4633320506996414,wave1,0.7550338608957328,0.4704097286488904,0.4205946559440644,0.5517070115016973,wave2,0.1636385679997469,-0.0267568201258563,0.555613232699823,-0.0047368619575746,wave2,-0.0775938756020125,-0.3809416135849434,-1.193837996392626,0.3558708420317644,wave2,0.0490785338931945,-0.0489315468280639,-0.4887558097551453,0.4818340497446096,wave2,0.2952505665608791,0.1161143365621406
92cdffedd5,0.7956250893766137,0.1510887769562312,wave1,0.1558973221704989,0.4083623424402438,0.2807315639516974,-0.1049570701674618,wave1,-0.2591138094011458,0.0849394949361941,0.3806746422063953,0.1964395746743607,wave1,0.259366834231184,0.5589517557425356,0.2851936625899682,0.2375409981734041,wave1,0.1743886170783622,0.5017639189104562,0.7066526136386958,0.6011349516777755,wave2,0.0988600773265184,0.6333166069501133,1.0870845217938043,-0.2934208203607933,wave2,-0.4657461504604403,0.0878581443103048,0.649281239298561,0.6822858552500775,wave2,0.2567212454969917,0.5614062766963119,0.6431951002165952,0.783254232521002,wave2,0.2013663966386675,0.6698215540415441
92fe9fa388,-0.7277896509651709,-0.1151693046734745,wave1,-0.0571015171403119,-0.2150735957626504,-1.4832265258951267,0.098000006874432,wave1,-0.2935225567374417,-0.3855514873817327,-1.603452851721663,0.4027860640084268,wave1,0.6072053910231918,0.3571805867382893,-0.4683864052584466,0.2905574240704265,wave1,0.3083178501870312,0.1016113818541626,-0.5704395889992818,-0.0553354982507767,wave2,0.3306162453215944,0.2009198591218146,-0.8458915793975685,-0.2399721176891991,wave2,-0.3771748075376266,-0.1819519941441432,-1.7946141653659895,0.4216672685543379,wave2,0.6550757449244047,0.5756788011174683,-0.5837591552044037,0.2540081247746997,wave2,0.1752034261861235,0.3521507090528222
955a25b81e,-0.5990859303845579,0.0742327480393549,wave1,-0.387110765628581,-0.3400979338483438,-0.7910875034222352,-0.0708316336110512,wave1,-0.2402988965707315,-0.313600399944665,0.22930972345706,0.3171199927008449,wave1,0.0306890259440379,0.0589891662428593,0.8641956750819163,0.3111386976847133,wave1,-0.1251958232617956,0.040401992579473,-0.9790342624142072,-0.0052534731203259,wave2,-0.1792819779531436,-0.4460490461275495,-0.3823456686855035,-0.5566397613305121,wave2,-0.1259319623914163,-0.5160607425689787,0.4918098100393794,0.3018759874088523,wave2,0.170256946996611,-0.2397966157659577,0.9251993093927564,0.3949155971006753,wave2,0.3343420066312,-0.1256785410245807
95ef3196cd,0.2863021468796015,0.1483485244005249,wave1,0.2389532186743153,0.6111592397421626,0.34786617398871,-0.3645314178239583,wave1,-0.2927819315680023,0.3978698544015709,0.4992403347542524,0.3368588334924242,wave1,0.4734435922663297,0.7027481186921588,0.6941424197655492,0.5296998542964371,wave1,0.5948239409825264,0.9344382141320696,0.831170320546692,0.1932387424435087,wave2,0.4790744216604337,0.2595354790764206,1.0738812989627733,-0.1449478082544225,wave2,-0.2142530606235094,-0.15449198521694,0.3719389285703346,0.2793460460693343,wave2,0.7350333165650417,0.2691301055641933,0.2194791507682123,0.2585225672206372,wave2,0.6455802497150627,0.1713907102315767
9669e4ef16,-0.1327218855617683,-0.5793015800340813,wave1,-0.4432348641672954,-0.3898525868141282,0.4947943795803266,-0.0746792697058895,wave1,0.0503194926308545,0.1014140262264995,-0.6336136169749127,-0.2008431143272212,wave1,-0.17745074673061,-0.3198982932424415,-0.773709037223384,-0.2559646379780397,wave1,-0.1657724691919355,-0.3286289096552792,-0.7482756636167102,-0.4463404307116052,wave2,-0.3053087951946178,-0.3425648337848468,0.5540687993825267,-0.1068503184974105,wave2,0.3241220695506814,-0.0950751630955923,-0.0483368310494496,-0.4181893302032836,wave2,-0.4401902246803554,-0.3722544978448966,-1.26292547430334,-0.6071169660018295,wave2,-0.3961031779335413,-0.3808729963845944
96a30f7819,-0.1154839355881813,0.0009055235795161,wave1,-0.1116937823027099,-1.4459679740072255,-0.4824277130106054,0.0078129278173765,wave1,-0.3095428228096214,-1.0773999368396758,1.057558205794887,0.4882572710459232,wave1,0.386215826255343,-0.5473551821898852,0.940974406633164,0.6155304070143395,wave1,0.5142565880959415,-0.0545249449716787,1.0223478669951434,-0.4215787940093971,wave2,0.309473606566832,-0.0677266667999521,0.1467234573474332,-0.3465331507801076,wave2,0.068926272723515,-0.3082476129691881,1.2271361768093605,-0.0568136728749501,wave2,0.5051428731517447,0.2328622464032606,1.3379655750857595,0.2454668047627561,wave2,0.6620935038391955,0.3573564146423924
9756d9eec1,1.0466645372285457,0.1750938649870068,wave1,-0.3538471571120971,-0.1927269955142709,-0.8500941998829433,0.3746661065556846,wave1,0.2282771260218479,0.2552930708527516,0.6383983825287771,0.2053074047621137,wave1,-0.3733334213063093,0.066698188282386,-0.719449366983328,0.1251225467504108,wave1,-0.2604688876080995,0.1046734488704633,0.2227109486039548,0.1781078897997248,wave2,-0.2565532384453353,0.190399116202276,-0.1867394534469693,0.274665984316977,wave2,0.1730817064416618,0.5858500399099822,-0.7123910925127489,0.2178190207780608,wave2,-0.1421743387588898,-0.0159274639653028,-0.0395309165159077,-0.0192460394024435,wave2,-0.1787283219171193,0.0281548942975983
97f4a22925,0.5544652197822294,0.2766151129088698,wave1,0.7407755668897429,0.747953486328468,0.5738339377034183,0.1532879628458021,wave1,0.3650429274026197,0.4183659312720647,1.2142677189856577,0.2858159293857534,wave1,0.6917652634593245,0.8083668515162812,1.250298797989878,-0.1827716410523923,wave1,0.3042329194640385,0.3589758882947103,0.2309879243128979,0.3070633193550365,wave2,0.4474715880893289,0.0945453047385629,0.7920693922933881,0.3289385210089908,wave2,0.4595101526932452,0.1774983478601461,1.1986944039650795,0.1545006287751695,wave2,0.4900679468560505,0.2899344511463166,1.0243414849295676,0.0294965366740793,wave2,0.2095494180674961,0.0564895657479009
98252b9c6e,2.109702799651803,0.9617504381982332,wave1,0.8849011338784134,1.256694739225352,0.9726572055603134,0.7873156464996884,wave1,0.9116354995952948,0.9325674749599272,1.5640803418759863,1.0099396054256389,wave1,0.8057935120992561,0.9118700182060542,1.2381967135885517,0.7890894200306106,wave1,0.6721966337484672,0.4775835082500556,1.9742702605862483,0.1496583502274571,wave2,0.9014336593589842,1.0653039650013874,1.3443769029522863,0.59665003468296,wave2,0.7591414979599374,0.9809044617325204,1.583244018537704,0.1980818040182456,wave2,0.5095539931363702,0.6703799268481279,1.2225789293643516,0.1870996278397438,wave2,0.446057728404171,0.4928228085268312
9911d6c397,0.9757995041647016,-0.6981576155763229,wave1,-0.0149909600658453,0.0747299003066213,0.532088080008087,-0.4310914569045216,wave1,-0.2327926663587098,-0.1568557716196572,1.3666474831057265,-0.357242691556053,wave1,0.2499940688244401,0.1672901159336974,1.391171888099778,-0.1235006651592137,wave1,0.1306868500480661,-0.0816489542401094,0.1765892238417664,-0.1632924295125133,wave2,-0.1867346695978342,-1.2687764296734807,-0.3138061001448457,-0.0092077481536008,wave2,-0.3320040221859601,-0.5869219763373721,1.0376729425716034,-0.1329206917911916,wave2,-0.3124349429834051,-0.551161139856079,0.7888778797891033,0.1073701631518121,wave2,-0.2432189198106698,-0.3242110603970863
996653258f,0.7920627905547183,0.4472574523288113,wave1,0.3546829722372044,0.1972451576089002,1.0665425265197357,0.0171399049473977,wave1,-0.2934601583231195,-0.2632825229321072,1.3052346131120844,0.4312842031047104,wave1,0.3215956212718309,0.2723766847351438,1.3869385336422435,0.51998934772309,wave1,0.2609036749647261,0.3025817227773498,0.4081616037864337,0.3548054344717548,wave2,-0.4972165736741982,0.0029319724746836,1.137482572157798,-0.3403712761402855,wave2,-0.589218473746628,-0.2992400071155785,0.6398154838253663,0.3300784656788986,wave2,-0.3055137026754522,0.0445397011874384,1.2184823026076623,0.3944696774017354,wave2,-0.1501672200844971,0.2290930113198749
9ac8322b97,1.2109299321563112,0.7746164041952976,wave1,0.3609339000325624,-1.3071649291294567,0.0074027059464755,0.0625760354478124,wave1,-0.0446527813185084,-0.6598582481779494,0.192320048730014,0.7386525293722914,wave1,0.4728256415710774,-0.7748118906895716,-0.6855716763989294,0.4063643272227263,wave1,0.3247663582044123,-0.8364636491385337,1.166211535793369,0.1431742011055701,wave2,0.5822170875178241,0.3823463589702052,1.1019032701477582,-0.2897365835824395,wave2,0.0673347412173115,-0.2168726806157102,0.6081541554872283,6.814165612656353e-05,wave2,0.4165817568312997,0.1511428637226552,-0.9134295261737332,-0.1442251669244248,wave2,0.1843186824368868,0.0503388839957034
9b5440a63a,-0.5545341698564965,-0.4565740604920778,wave1,-0.5983439899879524,-0.5747824754861397,-1.3153109281916116,-0.2847375697176553,wave1,-0.4187934757769163,-0.0607251681927232,-0.2270818685901396,-0.3141859065268986,wave1,-0.2681273482337074,-0.401246652743461,-0.6894711431497582,-0.2986722019699862,wave1,-0.2929131353348965,-0.2613065903229289,-1.0592971249857643,-0.504839568314901,wave2,-0.8780366891046025,-0.7620479645570692,-2.199996739641157,-0.1360951145704023,wave2,-0.1345589218918215,0.0109460190915353,-2.766421884756717,-0.5341837988965055,wave2,-0.6295629486301899,-0.6504887971349484,-1.334666719354002,-0.5196012838355525,wave2,-0.7916179242533884,-0.8611800807281588
9c3ece9924,0.0768517439068595,-0.2151919014388357,wave1,-0.5320481525645542,0.0101848834555584,1.6602185600103736,-0.0519676889898121,wave1,-0.2626920717292487,0.2129198680983242,0.5530449837010597,-0.1801400914418265,wave1,-0.3577377356139,0.0970549014441382,0.7668057750644963,-0.0161572339720414,wave1,0.0707683963565597,0.2116421328341275,0.4227387549578935,-0.8007334474862382,wave2,-0.095383107622663,-1.261275315460315,1.6107406263840107,-0.4778133342588915,wave2,0.1455212793720695,-0.5015930198151537,-0.1048156042635539,-0.6728084517620478,wave2,-0.3261334126845108,-0.9742438569490608,0.6505449044688186,-0.3558384686724154,wave2,0.0594286600474096,-0.3427583390712501
9cafa4356a,1.4706173618623144,1.1262335536651271,wave1,1.155044730593218,0.882115949357801,0.6935830129491062,0.860590629665153,wave1,0.6540888793807852,0.7235174272241353,1.2693517342427345,0.939897597577869,wave1,0.8966936931176763,0.8158716003365754,-0.2907106836373332,0.6934931564238418,wave1,0.6541499769711552,0.4804797094980253,0.5746663317160478,0.5062002305478752,wave2,1.0387565541685082,0.575312831822719,0.7013709350869287,0.3212463368596906,wave2,0.6400373670216227,0.3091155457748783,1.1513373658702533,0.3367488001450398,wave2,0.7069351188924828,0.6212983299861776,-0.9497132358907778,0.1361046190031574,wave2,0.4308499285598055,0.2707615945414654
9d345a9091,1.4781413349889183,1.104044849277624,wave1,0.7756486540234906,0.9286443383267724,1.667865820450166,0.509325454384316,wave1,0.4740476303200425,0.3331188334808854,1.56416783739401,1.0546896715290115,wave1,0.7035345869452012,0.8839533758051812,1.6937251166600098,0.9383461533455224,wave1,0.6218775617545843,0.860786787541954,1.126731258841828,1.3531056845590224,wave2,0.9755034839106064,0.5424284279710536,1.2010476029929096,0.2290771859703433,wave2,0.1690275246663954,-0.2666107241112203,0.3225396398871204,1.1700891643108429,wave2,0.8631969022013568,0.2823051573990999,1.0029261637052902,0.7717420417849211,wave2,0.8598987908873427,0.4189333570667518
9e0545bb05,0.0039235564200056,-0.1333471279951521,wave1,0.010082771441837,0.2195272169794415,-2.5209295073053917,0.1730352136626964,wave1,0.1662120974547183,0.4600957731852428,0.0655480673747038,-0.239982210590629,wave1,-0.2663954268016064,-0.0512116405641227,-0.3775795239452211,-0.3480600084461835,wave1,-0.3664940094397,-0.1439379200066626,0.0850682766342799,-0.0383948743350572,wave2,0.0961516123062395,-0.214557920050425,-2.635352850815076,-0.0779412924641267,wave2,-0.0925768098753079,-0.2052878753179219,0.3792419208861106,-0.2896248544695672,wave2,-0.2051586160081255,-0.6132241386996202,-0.0083844402812779,-0.4534507821761711,wave2,-0.3096370633192236,-0.418984376976355
9e08a6173b,-3.205234625580138,-0.476346092699518,wave1,-0.4443535340920508,-0.8802195712776781,-1.7021580907769485,-0.1993058873783058,wave1,-0.2351691826295026,-0.09699074271693,-2.513233398843501,-0.078459742908078,wave1,-0.2626183223856582,-0.5089210377379241,-3.7807340548263904,0.0195630358280642,wave1,-0.0625544234581214,-0.2541375654292457,0.1158672089215993,-0.0227985923251721,wave2,-0.5951420539506385,0.2862940442852888,-0.6915444723419918,0.2974602802844011,wave2,-0.4676501984592303,0.0325288487360251,-1.1197279166690133,0.1830692707161099,wave2,-0.4090026747433495,0.3014256614625668,-2.9656204222787412,0.2624855236460486,wave2,-0.2833372089598218,0.3673168771458277
9f01eb721f,-0.4860500677155502,-0.4137245679661978,wave1,-0.8752529903115378,-0.4642411050229782,0.2742103842654919,-0.1898573940085023,wave1,-0.3894288017792126,-0.2437791169942237,-1.328733403077362,-0.0735264965187598,wave1,-0.3867428471525798,0.2519607479366665,0.4932835673127152,-0.2093155724861823,wave1,-0.3080412230406664,0.1229555360676066,-1.1607256366737222,-0.0637076517916166,wave2,-0.0401012936500699,-0.0875453605145102,-0.4649418590778309,-0.317997543286055,wave2,-0.0829360802234476,-0.3260468576194829,-1.0126395040399183,0.2369062215472002,wave2,0.3173232744360559,0.1810504225848988,-1.8033909353516933,0.12765985191452,wave2,-0.0038277578753638,-0.1470179472625583
a04c18b602,0.5876355758487938,-0.1973537227851567,wave1,0.1175934260086672,-0.8010901389842409,-0.1338525113873033,-0.9161726448108488,wave1,-0.3068887712472541,-0.49318941013614,0.4388674568986569,0.2302298094098056,wave1,0.3940238317983418,-0.3676434304308886,0.4186512249851095,0.1743780425545788,wave1,0.1296191502808578,-0.6654021538358386,0.5064017004772173,-0.0671649960829263,wave2,-0.5054100530955128,-0.92360606424366,-0.5764975787562706,-0.4988023002542545,wave2,-0.4884166402239069,-0.8821313222860485,0.3349858231114181,0.0812954231752367,wave2,-0.1863431532619694,-0.2405176866860594,0.1671321570449419,0.0805770776101377,wave2,-0.1248819366087486,-0.2314370319413346
a0ae7d95ce,-2.409995706824009,0.4996149710993205,wave1,0.3157632816563256,0.2454405189180744,-0.9593552105774198,0.491378200852731,wave1,0.4829629254862273,0.5437549651516411,-3.5359114699063983,0.26912994483931,wave1,0.0828957824052307,0.0558581130212436,-1.7969626145674649,0.2166815219850862,wave1,0.0133332152176853,0.0122108094283725,-1.3054650404839327,0.3145188465999615,wave2,0.1555783433077888,-0.2884019423266577,0.4951036755891762,0.5766156997233369,wave2,0.4233685337436674,0.1846353985608138,-1.9594925764962956,0.0209477871743901,wave2,-0.2151473900589036,-0.2799543119536747,-1.089083683655917,0.1301113011416769,wave2,-0.0948374622827609,-0.1205485389176165
a1c66e51c9,-0.8369105342899411,0.2817240511217962,wave1,0.2404362184017818,-0.0408704729436117,-1.372436498660363,-0.3055597541328014,wave1,-0.1061444319803752,-0.4425568329110134,0.2451600487088647,0.3868682902376461,wave1,0.3924416966725244,0.2043890179224954,0.9558495623343408,0.4739428472729626,wave1,0.4379421670984161,0.1977254317168021,-0.5105011933503928,0.5375324855201322,wave2,0.1543711514084016,0.5527843192117134,-0.8940270655762087,-0.0326006123981807,wave2,-0.233403044004363,-0.1050828218691888,0.1056241959971274,0.5167753606919439,wave2,0.2444533700060009,0.3658890324894845,0.9907479705973694,0.4705832352095208,wave2,0.223291842421074,0.351332285345976
a2505a5f88,0.1416843035279325,0.0505069476438508,wave1,0.132128416993881,0.6515935043376873,-0.8342419736347202,-0.1955094243334004,wave1,-0.1900300659849568,0.3960920289759818,0.0153801576290531,0.02778323945523,wave1,0.2013524134849283,0.4397772910754585,-0.8931918753289513,-0.0759552050257859,wave1,-0.0175063825581307,0.2761819314955873,-0.0557551354552067,0.7451963463737976,wave2,0.3099409622304194,0.1373534630748829,-0.3888458773752177,0.1746649233650105,wave2,-0.2586946119174517,0.0979522759698937,-0.648986819437422,0.7699467162611866,wave2,0.248548529410699,0.235252105290275,-1.8851499567385932,0.7414492330113982,wave2,0.0812706074991471,0.3688090532804537
a6ad1591a9,-0.1532425518810375,0.5733507976202918,wave1,0.5878135034965333,0.5846494780793938,-0.2919020029047316,0.5980095533118278,wave1,0.7110878012043621,0.6677867830735261,0.1428566599368197,0.3929153425738464,wave1,0.3664227237257175,0.3807324308872161,-0.9642645018853374,0.2441606020212833,wave1,0.2212609361490946,0.1109543324086041,0.5679861170048824,0.1187277619199111,wave2,0.4606366774648089,0.2850107182670045,1.0768660708612132,0.3479236981073944,wave2,0.6018303907589645,0.5294632859282099,1.144428736878454,-0.0254477911351599,wave2,0.38667529840724,0.2947672113294096,1.2571583424993793,-0.0390532890644946,wave2,0.1126841933978672,-0.0500784706674553
a8f94b8d79,-0.1029295988037536,0.6184839100820079,wave1,0.5497807058163415,0.7198708398030824,0.5112585997549784,0.5022742440886747,wave1,0.6620619027503543,0.7321240439208785,-2.049843529028116,0.317289265041234,wave1,0.2287187576907472,0.2739201466979022,-1.784978822319341,0.4386237384149184,wave1,0.3987738780411308,0.448908730660465,-0.7931783795488655,0.0882022746062385,wave2,0.2244909047796222,0.0731052301337564,1.3281523914009086,0.2136796927918924,wave2,0.2999837158332477,0.3140608165182457,-1.8592217312969168,-0.1606285440447661,wave2,0.010881009579494,-0.0574959766283531,-2.1942264748619245,0.0813906334287432,wave2,0.0553917922612959,0.1284343096303116
a9d94d1efb,0.5099585062764643,0.1094547960186906,wave1,-0.211128273697206,0.3924693038029436,0.6767711577853237,-0.3185215988198679,wave1,-0.1862984204001141,-0.3937465641226683,-0.8555722287366151,0.1724570419722491,wave1,0.0237552272391392,0.3887298981424607,-1.1328587869334878,0.2976970243731465,wave1,0.2576882569889798,0.3392553014492852,0.8594046796642626,0.147568690475323,wave2,-0.2973263527767356,-0.1486640352654051,-0.0104502443823246,-0.3774001247357605,wave2,-0.6683442683556389,-0.4712691047298478,-0.6375918134258091,0.0276379985924821,wave2,-0.2575768061557755,-0.191955710251525,-1.4020587760968366,-0.0602065129480635,wave2,-0.2298698081093602,-0.1778093297679355
aa6a81f980,-0.6391563400861613,0.342146626094419,wave1,0.365685747915792,-0.0737691042462747,0.0315813355107183,0.4586937874398326,wave1,0.5321794379498569,0.2791888511337598,0.2189410922439942,0.4124644150603258,wave1,0.4497716058455172,0.0543142674823504,0.4763548907306749,0.6953994283547711,wave1,0.794519226907586,0.3738882883641461,0.3328250501114578,-0.0110723105223065,wave2,0.2110912932260316,0.4129743292653534,0.6549724936509771,0.1949322820393159,wave2,0.454336874242775,0.5420903519260428,0.4086297234813467,0.1005913051832563,wave2,0.1883368755578882,0.4559426078216499,1.0246223338238925,0.520344451089805,wave2,0.7555592810117207,0.8279340641308799
ab0422cff5,-0.4554023443824587,0.0602489670642885,wave1,-0.0061291834204746,0.5464252707030373,-0.505734032718496,0.2358696074732442,wave1,0.3794924124033496,0.525220361676972,-0.977257325333296,0.1628734803404843,wave1,0.0545203659577018,0.7537349039885093,-0.5016337933372371,0.2633672209197737,wave1,0.1879057242819897,0.8437231373410419,0.4478500097092756,0.3702205724552272,wave2,0.2926166458134542,0.7453136584873541,0.4760824202729215,0.5059135203221254,wave2,0.1829595235994623,0.569524205069095,-0.1261897542288191,0.5209990482994435,wave2,0.2839206489440509,0.8933352901690792,-0.9287800450280324,0.5056226308203939,wave2,0.3844111279046296,0.897755991476322
ab377cec7d,0.7260544057741095,0.6039161362960135,wave1,0.2170351684402494,-0.0388169582885264,-0.5050089327727793,0.4964874268020404,wave1,0.315053345628092,0.2095702277462802,1.0513266932167509,0.3402248463195272,wave1,0.1596742541743235,0.0244313902866666,1.4534472073922993,0.5198830196998963,wave1,0.3706916118403123,0.2759004090014232,1.20577042174895,0.2023198917937931,wave2,0.3600705820155356,0.1425428513473172,0.4319250580813378,0.3181166677828803,wave2,0.1398688794128578,0.139584115017516,0.5349757940635677,-0.0242834432727387,wave2,0.338483651835366,0.0372344569161018,0.588224808272326,0.177587766466871,wave2,0.4311852295463108,0.0752677593298731
ab9278ed99,,,,,,,,,,,,,,,,,,,,,1.829386979799177,0.7887568544224199,wave2,0.5850085835533088,0.8403466611942514,-0.2256301402521599,0.1825715513513564,wave2,0.0722824731810347,0.2468475555046869,0.2258055621306185,0.6796600299667648,wave2,0.5139081088396196,0.6815081847378945,0.3442650562895625,0.184307737995173,wave2,0.162166347825039,0.3019237221501312
aca25703c1,-0.5115512443985866,0.3132820904705145,wave1,0.2140568935585542,0.0120670988226276,0.0480153955914628,-0.2679182639644661,wave1,-0.3963031742810696,0.0448235612221323,-1.6784913743605658,0.4170121111244735,wave1,0.4249628552136317,0.226406965504761,-1.0939292788139932,0.3469008662752296,wave1,0.2342008263003948,0.205607508746363,0.2109503275958199,-0.4291843870154672,wave2,-0.6927618738756973,-1.115757254203179,-0.2864250659694111,-0.4264757422509397,wave2,-0.783434442350841,-0.7119467949106801,-1.305023813025278,-0.205988848157525,wave2,-0.3937877063478668,-0.5580900120824428,-0.269808267312226,-0.259477781229099,wave2,-0.435864050979969,-0.6272298537485729
acc5cd03b5,0.1898151353660488,0.3698698914793659,wave1,0.3596471659986311,-0.0388708031017519,0.9881039672924689,0.9671298253619904,wave1,0.7137776322886167,0.2081549618397444,-0.1356461621996887,0.4982994950820046,wave1,0.2958293583839838,0.2160768014953894,0.463417507884547,0.4836631681042585,wave1,0.4345271487642757,0.1448107912805208,0.5937221550591493,0.4839495788801278,wave2,0.3622913118612092,0.8972426244885461,0.9210141043472976,0.5950282205069646,wave2,0.7860187990125611,0.7110460595542676,0.2802138370191485,0.316925988787376,wave2,0.4473618378392651,0.4296962351965173,0.4451239697704655,0.1713166719985226,wave2,0.5500238663049558,0.2543499739110131
ae0acd73c5,-0.8184358438390009,-0.698830105003633,wave1,-0.5560558780513523,-0.228782601824232,-2.3890138549046114,-0.3330307064355871,wave1,-0.4439692824010459,-0.4015546074157876,0.0971436025841403,-0.351195427557,wave1,-0.261613578887251,0.2028964334698694,-0.2040891792032009,-0.0858886395279054,wave1,-0.0300988625318411,0.1939298174121129,-2.7413108185027624,-0.1948710189457285,wave2,-0.370782757190498,-0.3758398085424139,-2.697902559705391,-0.2456508290273678,wave2,-0.7584836444757694,-0.6054294641920486,-0.0191915228967155,0.1304588875736191,wave2,-0.1224405171732269,-0.0188122723182345,-0.8348214030600106,0.2669224747661989,wave2,0.0984014488694665,0.1777676498358938
aee04ed7ca,1.4444443979792967,0.7554455167722296,wave1,1.0048853618937017,0.588977836929691,0.785334641575524,0.4799483793659722,wave1,0.6701558878840279,0.3554836298090564,1.3178088519635136,0.5417746280350344,wave1,0.8699266668681152,0.3498197874951369,1.1060134950244045,0.314135875930671,wave1,0.6451749324918247,0.0675328649508354,1.2620853179983758,0.2284739922673175,wave2,0.8328559816488952,0.8093082387392376,0.5787126647929254,0.3545562068269619,wave2,0.6924438718573187,0.5249961765792954,1.1540020815802368,0.1734117979739748,wave2,0.8063157572135353,0.5169094535574912,0.8874078503078578,0.0397578890568796,wave2,0.5067023364154611,0.3207630495319816
b014a00400,0.5671072487996847,0.5884787150235056,wave1,0.5463269173341714,0.3870016537170615,0.8917845030618926,0.7404057025048425,wave1,0.6347653124359949,0.3929027176750128,1.230713683416378,0.4839472531430813,wave1,0.3530374239403127,0.5305097112966108,1.7527138938587452,0.5042317145936265,wave1,0.4554104930065371,0.4306932473344177,0.8986962049771696,0.5834273266508267,wave2,0.4474587146238429,0.1986471686545652,0.8262839596500859,0.6295486342462218,wave2,0.7065143914344512,0.5990198540545679,0.7125787164907774,0.4754175811042995,wave2,0.2192079081840177,0.0294317022599699,0.8275052841985577,0.3559377257695467,wave2,0.1735935402255332,-0.0251777504889484
b02f991897,-0.8613174450718799,0.2514784536836587,wave1,0.1292220295813835,0.2207667317962105,-0.2678665196327994,0.5481098916846159,wave1,0.2214184246998745,0.2243002976326733,-0.6027630212896427,0.3454210423632071,wave1,0.0366268765213342,0.1107021561162691,0.3012796223014933,0.5288345916779066,wave1,0.4797872909935431,0.3319037210840326,0.4389818013302627,0.3804917703462322,wave2,-0.0274539707141769,0.0297812300337922,0.4782432014023273,0.6747095710982436,wave2,0.212213124866673,0.3598401771081894,-0.2737068322875932,0.2251459724501647,wave2,-0.0205953501515834,0.0531392917321227,0.6035728915488608,0.4259762087008961,wave2,0.2620193253385326,0.172551212411861
b032c8e13b,0.5655655832154789,-0.0254125506686959,wave1,0.1500006565146014,0.4342130799403429,-0.670110374200834,0.1183723658253046,wave1,-0.0977814843978781,0.3670675302424211,0.9526235311743896,0.0425144601462014,wave1,0.3390415297908841,0.4900752390517324,1.1226370404380055,-0.0306284814106228,wave1,0.1351229419264112,0.536411248845691,0.2156344167620538,0.1711636441836694,wave2,0.2224018078322465,0.6167075323555018,0.4847826050270969,0.2527527535359932,wave2,0.3879473530264601,0.3818349649295234,-0.0427576644102112,-0.0874233637627266,wave2,-0.0236950771158531,0.3452086071731177,0.6689814729865747,-0.1570693374168,wave2,0.0211730864918499,-0.0267417731377598
b13592da72,-0.6164275882063288,-0.0730033372499179,wave1,0.2408885211658373,-0.1707988953152066,0.397052086406946,-0.4246032083730194,wave1,0.011553456751948,-0.0861315437528035,-0.0289458837909823,0.1407651747417831,wave1,0.3734436863783802,0.0121630521135881,0.4923234062665058,0.0461720180998294,wave1,0.5470419439082272,-0.0296914079729707,-0.2090429742380601,0.0785993052086106,wave2,0.0904690121808677,0.0369042359851381,0.2366550758069107,-0.4362165914989936,wave2,0.1058181873489646,-0.4096745927204014,0.0320080387988207,0.1726609188457314,wave2,0.1046397401422826,0.3880525169888175,0.4684981618400217,0.1616312094966025,wave2,0.2813659751808086,0.1553813198147592
b220fa000a,0.6537935751841094,0.6332590128397673,wave1,0.3628014501906138,0.2376855607134476,0.7183141832785953,0.4288869482633886,wave1,0.2456615665109627,0.187816554948335,-0.8762550251790886,0.5174469459458295,wave1,0.3664992242518685,0.1279768198595692,-2.342021803251091,0.3438810957803201,wave1,0.324035383999471,0.0836026477572339,0.688204558968665,0.3459747662136703,wave2,0.5022516701986808,-0.009243403787404,0.6408418440003378,0.4074897602779415,wave2,0.4247021866502574,0.1790508587643104,0.0615107357599082,0.2536490266316968,wave2,0.511227959079936,0.0592800779582523,-0.473998666711668,0.3302762723162605,wave2,0.4920007381835293,0.2031310790454327
b2722593ad,0.1595667677479382,0.064157470738142,wave1,-0.0880957162387963,-0.0991222013745458,0.957327951714961,0.3624314616415425,wave1,0.3564693211397769,0.4542189799652079,0.4535253423696602,0.1722303579346928,wave1,0.0097820440837961,-0.1145394258370542,1.0912065538397149,0.2422835889267643,wave1,0.0963615639942326,-0.0235792362680914,0.2221408653025218,0.0314390961117201,wave2,0.048649617939279,-0.5745895894471231,0.9055100482317554,0.4480979603046149,wave2,0.2487056065194142,0.1189617581770348,0.2305386132545959,0.1552021058944439,wave2,0.1222759709626286,-0.3591339923993688,1.2058883956271,0.2505074034889444,wave2,0.2945341168791425,-0.273622228212706
b3b1287091,-1.6638301446942525,0.2317171736380214,wave1,-0.0031786776685953,0.0417297242493848,-0.1012835922581531,-0.3215579736050813,wave1,-0.0251284688572197,0.1078246086131442,-0.9465120652003088,0.1316564675089441,wave1,-0.1022932417970244,0.1395304715153844,0.3477645004472559,0.0757179174058199,wave1,0.2687306429564243,0.0324820691642388,-0.9778689604661116,0.3486997323080321,wave2,0.3252780267969277,-0.0915894514550581,-0.7508147540924814,0.3290908031693167,wave2,0.0174942887925837,0.0634108614415498,-0.7997479377901167,0.3042667639477822,wave2,0.1727220532417856,0.0110922250613285,-0.1993994111295167,0.1675443149246792,wave2,0.1071526080899941,0.0023303820542223
b3cfef728d,-0.1758774491981587,0.6505497763581798,wave1,0.4740637429015177,0.5140114264324791,-1.3088511629433923,0.4057703077205559,wave1,0.5556900523192707,0.9460508939870385,-0.3763276257032477,0.2621586491365433,wave1,0.0932964470708557,0.0981695840199339,-0.6019599263753639,0.1208262520462581,wave1,0.3648927272530731,0.3082741205139649,-0.5836234826222664,0.1839880498000994,wave2,0.5191856824895029,0.3556556591780349,0.449614342023972,0.446066131835612,wave2,0.5010164195140481,0.4199366931386212,-0.1913991223088701,-0.1174648211994042,wave2,0.0391087891553982,0.0674831403011164,-0.1559337267192921,-0.2686067205466584,wave2,0.0888610532013136,0.0041070435446068
b43fbb8431,1.97455827867301,0.1125684037612138,wave1,0.3335280994771734,0.2456208777696527,0.2568239236455544,0.415404712707039,wave1,0.6357192610646061,0.5070353716742491,1.114611360543787,-0.0237807183964056,wave1,0.0420770233963561,0.0808213193037945,0.5377479923668056,0.0265821508557775,wave1,0.0729989098257113,0.0305973759490569,0.6566940639256852,0.3814610482726768,wave2,0.339081282387681,0.2523084506071278,0.8842999715881575,0.5862684232083779,wave2,0.5786354106932274,0.5592099906943695,0.1378403832068125,0.0156020259796931,wave2,-0.0885174133600681,-0.1729756233769459,0.7974528144131106,0.1989345850005061,wave2,0.0726078590748628,0.0749336943784841
b4f56b0b36,1.4915917360013695,0.2970884763966659,wave1,0.065832508684948,0.3036002343349577,0.7889195793023306,0.1400084019773292,wave1,0.0236345176657658,0.2436548944743198,0.7162559841767746,0.3764900228801505,wave1,0.2117535932147397,0.6092921754169968,0.4239047107643371,0.0966140654377638,wave1,0.0452061773961908,0.1465450413654067,1.2526003215934238,0.3422436220444489,wave2,0.1123824907471016,-0.1288508397333958,1.1673639238693465,-0.0686804399086001,wave2,-0.0226677633833841,0.0441980629128645,1.222854490795213,0.144993034435198,wave2,0.1746577943283548,-0.0616451079082264,0.3968689273593612,-0.1887479355151372,wave2,-0.0347021869835702,-0.1806993875746499
b5398ecd0a,1.5517417271901963,0.6110129020714228,wave1,0.2148217896036792,0.5901098008207437,1.2103756399894143,0.2472968676026865,wave1,0.2017973129134738,0.5081845220823542,0.235804641529344,0.7742108929766041,wave1,0.312207635765126,0.7560069307223827,1.032670501526369,0.5551562367850313,wave1,0.2764081614685598,0.3734111920558898,1.1351465321635674,0.516079143412244,wave2,0.7253627214707203,0.497683380735465,-0.0061238397675804,0.2639201502554908,wave2,0.1985357964218765,0.1335725159227401,0.7936443598982307,0.6721359550811863,wave2,0.6399204814140493,0.5822495511064767,0.5492409975716892,0.4724630749219831,wave2,0.6350979157928158,0.5694750233936277
b5e77c3b32,-1.3225125624264964,0.2564402485626751,wave1,-0.3938334272879034,0.4780847827706516,0.7965741932421064,-0.3492003842713553,wave1,-0.5180026901353632,-0.0612741971437218,-0.4204294435120512,0.0950615406782053,wave1,-0.5309633875768129,0.1648271612890426,-0.1856731716013766,0.0986267754405907,wave1,-0.2618997619526029,0.430720714395993,-1.779766404502571,-0.0324216844400433,wave2,-0.0475067545183882,-0.2729999742577356,-1.1981152968145747,-0.0748856912491442,wave2,-0.0316510863332331,-0.3757957524270554,-1.5946228464919745,-0.2500569406726922,wave2,-0.2907717027694192,-0.5337486499140411,-3.0431203622465355,0.0724704122502815,wave2,0.2397273521411227,-0.1204884610663503
b61658f497,-0.5092228802016745,0.4120126340574437,wave1,0.1154300085549446,0.2161227466626283,1.048967438912912,-0.0122182355843345,wave1,-0.2617880729102668,-0.2378325772918921,0.672097413746616,0.5016644402152661,wave1,0.3737068414376587,0.4902218491438367,0.8569375471285406,0.422047460678789,wave1,0.5134249193540318,0.6663782093228395,0.4369753756547512,0.1370005473847111,wave2,0.1471012882258486,0.4442574224486817,0.2302970374487006,-0.0821275230004943,wave2,-0.32417344923148,-0.0708381496938903,-0.1418452635616175,0.3586599627329573,wave2,0.2125138197894608,0.4962890007829725,0.6096676495814792,0.5323270899200613,wave2,0.4037519538418862,0.7565869701453335
b875bb2b68,0.0607098260035041,0.3122009713181484,wave1,0.2596747296129575,0.4482067249539203,0.8517052643893702,0.4514620250054328,wave1,-0.0610982375414963,0.1021155283944839,-0.4576999366843052,0.3788492638358615,wave1,0.3747300527366018,0.4136110035062202,-1.283831758229991,0.255058201379899,wave1,0.3287923408441121,0.2664474193779576,0.5216114781689332,0.5553719943327509,wave2,0.2282795685862,0.3898037642463148,-0.068396755850724,0.4975262900279136,wave2,0.0382979464407837,0.2644314496253315,0.2774784180493088,0.2748175614260782,wave2,0.1998912375323801,0.3332491010718296,-0.5075359468104516,0.4323212802055214,wave2,0.1972042780777415,0.2700390526317165
ba798b9e8b,1.0753660607378666,0.4002947378433381,wave1,0.0249943021874852,0.2730118884264585,0.1424877145228934,0.2444014369542011,wave1,-0.0188670462233684,0.2390160357709154,0.8058300971391057,0.5709807191087168,wave1,0.1369042623607164,0.7842009978799303,0.967203412823868,0.5544299181080471,wave1,0.0309971063101229,0.6059175432882128,1.2389757057481556,0.3435506717264047,wave2,0.3950205386857215,0.1911643598421291,0.859315175651911,0.1285577825132851,wave2,0.1426129989671865,8.48238688435643e-05,0.2599431060815994,0.4421821412436653,wave2,0.4832078122157719,0.4847563632292428,0.8649798410205817,0.5752187310577218,wave2,0.4179479420216559,0.5864823786127665
bb86303c95,0.3537508672482301,0.3211418539644539,wave1,0.3842709205955297,0.5897073198519587,1.3025718834887048,0.572597770548334,wave1,0.6775975163984667,0.8677043242053735,0.1269732337411254,0.0718158366294391,wave1,0.1066344363216109,0.1639841881665875,-1.1227670435553323,0.0568125246142795,wave1,0.1107262297577534,0.1363395631156782,0.8798172589249256,0.5401266467815555,wave2,0.608228273473393,1.00685226530536,1.426602013488097,0.5941346774685154,wave2,0.7855226980771381,0.99195654774584,-0.5217957197564428,0.3273818498091489,wave2,0.3570428423508415,0.5481326639113622,-0.6868066838590896,0.3285154886342983,wave2,0.2277203342135211,0.6202847329464106
bc33f3ea52,0.206898610507958,-0.334864595723954,wave1,-0.1842276859526685,-0.7138063225807378,-0.1041195711608415,-0.2209313287432599,wave1,-0.5888555475200268,-0.8093672216484582,0.4150823687829715,0.1777752485586747,wave1,0.3177673143874227,0.1148624521752705,1.299625485785003,0.1479618479945586,wave1,-0.009023344427665,-0.2974626527318448,0.3717335651082982,-0.2074774718021028,wave2,0.0665347929040287,0.1718651723217774,0.901000283318464,-0.7338246931725689,wave2,-0.5376525868257169,-0.4034144293755375,0.6730210020672328,0.0278567091768726,wave2,0.4798186078044915,0.313628524123557,1.1760167977777023,-0.1305529501642687,wave2,0.17817519586333,0.1820448482609649
bcacb4a7bf,-0.215892541558392,0.8822896029891758,wave1,0.547382645801268,0.4242586072657202,-0.1505166160858656,0.9874682962964004,wave1,0.7459957953501477,0.6122262695204603,0.3134018466369122,0.8441213178416931,wave1,0.4221461270372523,0.503308159197813,0.5414045395694488,0.948351188724066,wave1,0.6550258046801224,0.5812038056712191,-0.4034903650209321,0.5907836921828815,wave2,0.3037775732267309,0.1911342614467057,-2.267986412019631,0.9877623576665018,wave2,0.6196037924781361,0.6288680240692632,-0.401959701181358,0.6174142247572785,wave2,0.170237137573006,-0.0965425501890562,0.3153392382834054,0.7841881677486994,wave2,0.340604284641311,0.1297125549990455
bf241a2bfc,-0.1652692864182847,-0.1517993969549309,wave1,-0.5211986417432135,0.3465506660562161,-1.062390482278094,-0.1048887630757779,wave1,-0.2118201406156998,0.1939912612982492,0.1029670393039615,0.3388238032419949,wave1,-0.0129225696554813,0.5617041693852298,-0.1202052973449206,0.303187833057995,wave1,0.1242543274546396,0.4644370333586401,-0.1787984387416825,-0.4181159577454683,wave2,-0.3326859459308355,0.0529570959628953,-1.636003262740253,-0.2844995701275206,wave2,0.0492597732386057,0.035263163977977,-0.5411826535606633,0.0317590387548973,wave2,-0.0309984854905803,0.4538586072201808,0.167924713559882,0.0449646002682812,wave2,0.0214616034124409,0.1860827616917345
bf78accc3c,,,,,,,,,,,,,,,,,,,,,0.0048197896720591,-0.6028374082756249,wave2,-0.335933978226604,-0.458175948597042,0.5907107368906191,-0.1254068006124928,wave2,0.1156866920195998,0.0630255197294833,-0.7455924111654468,-0.2244199362412038,wave2,-0.5228647110608438,-0.0848553776642448,-1.0032788093275262,-0.293469582470489,wave2,-0.4015318582187229,-0.0610249423738248
c16938c655,0.3387848215827668,0.6592026354271885,wave1,0.9859533407386876,0.6708069425236964,0.8161542237897871,0.6439906908223567,wave1,0.9471382896118544,0.4433281109203046,0.2192906359534451,0.6492585479771762,wave1,0.8344669918008023,0.6375171798202222,0.2928176057506095,0.3079262472771025,wave1,0.4595900678053511,0.3589910751355681,1.4576581408989957,0.6221455832479827,wave2,0.6475320001021398,0.1052556207539645,1.5968192220305693,0.6666426774927339,wave2,0.8452660213809695,0.5430230774321885,0.3640412474618611,0.5699393783779034,wave2,0.5538244537845314,0.3298307921802028,0.6048324586769206,0.2312373240053578,wave2,0.3533476720002997,0.0910478054211659
c188e62f46,0.5003661795555935,-0.3276994354941758,wave1,0.020056036677019,-0.4474409827277275,1.0248847724931878,0.4518826683467484,wave1,0.5361266213120993,0.4996050156086581,-1.0735112079783733,-0.2171574183479998,wave1,0.1477922431509817,-0.486818494986138,-0.7866275542380486,-0.1767448330237095,wave1,0.2798875087465202,-0.2043329481336926,0.575881545392138,-0.0766290514021958,wave2,-0.0131201987788029,0.370389056962574,0.244041783907307,0.3544477451835498,wave2,0.6314544936673866,0.8354131262221202,-0.0896626701330504,-0.1885560844810452,wave2,-0.3358515827736548,0.0208416504916682,0.2870450302140858,-0.1409899585811207,wave2,-0.0901642197615661,0.1617213448983496
c1c1c1018c,0.3728859081187028,0.1103361186123748,wave1,0.433742944628134,0.4402498249623794,0.2232109965420194,-0.0610277859351844,wave1,0.1699111138205624,0.1396605052814499,0.359008778824946,0.2723446324948049,wave1,0.5168421223764712,0.6136563183739385,0.6464840115105512,0.2956278461303624,wave1,0.4539929614578218,0.6593675361053993,0.2913885469477865,0.2994759910464002,wave2,0.235455699623456,0.2166885268251053,0.719625241321934,0.1328734294175884,wave2,0.1794652763675539,0.2143254927511366,-1.827121609719684,0.5858539879676701,wave2,0.4675802924709753,0.574455477826914,0.2124143417267875,0.7166334748378028,wave2,0.4688932453809739,0.5918475431891866
c25ccf8467,0.991507302051264,0.9470283789462008,wave1,0.8755108833214871,0.6173408483605807,0.6879404983634142,0.7380635431892597,wave1,0.7919751556514947,0.9440191817231818,0.1297544387735013,0.893326619554013,wave1,0.789816705516432,0.4255188384054384,-0.1014209675379388,0.590046935889291,wave1,0.5195889559906397,0.243047075829292,1.3730761635033135,0.8102031710796893,wave2,0.9119323989306294,0.5420383565891826,0.1999171569495929,0.6165474848576364,wave2,0.4870590596525899,0.391817486321504,0.7412353364737179,0.6165584783978255,wave2,0.656842604133735,0.2568320598614009,0.3391598437892825,0.737352525713884,wave2,0.6555921184551226,0.4397406439356311
c447e44f1d,1.6359959057962556,0.8132878481260826,wave1,0.675356860315552,0.5130468431622823,1.201065409504457,0.8550627674828707,wave1,1.03204585352738,0.6604671849052924,0.5285440784831738,0.5896051219089593,wave1,0.3903090049684652,0.4360396966108906,0.6205193512065625,0.5214519606155321,wave1,0.575450061473102,0.4892953629290668,1.005905529101003,1.0635379438922166,wave2,0.7179124696996535,0.5012917017854259,1.2468048233282452,1.0989594344900817,wave2,1.0388981396722945,0.7959840654487461,0.0321401056653119,0.7044938226508164,wave2,0.2832586790753792,0.2018516541184623,-0.1950959018248884,0.631297706209301,wave2,0.4347609325763806,0.3262912865941507
c4ed58de27,1.9485239585186207,0.5935361912605344,wave1,0.506237263897185,0.8487350260223372,1.378581814657009,-0.0004966024635175,wave1,0.0034198835310725,0.1243520212857129,1.6151649216625008,0.3429767432015322,wave1,0.3773903661040141,0.7694516900095374,1.2332872833474904,0.3186608536220454,wave1,0.3534421981263893,0.6477916866459945,2.2561047059388533,0.6826586603277893,wave2,0.6593481359979867,0.4774252824067124,1.6522246273578416,0.2711506018750997,wave2,0.3255567100674088,0.0601041491933902,1.617572849722169,0.6095227521183271,wave2,0.6100402323750489,0.5570810919091784,1.1826682761537446,0.6394985360459549,wave2,0.6860691503834024,0.765877545681724
c5d8a78b04,-0.7817505870083801,0.421666452023302,wave1,0.1073434893403559,0.4884438794639858,0.4311483901751925,0.3466310923153992,wave1,0.2278730927212726,0.3715951245975391,-0.9461278753839408,0.3040301715592648,wave1,0.0558199400612273,0.5023980598749997,-1.7171253699779134,0.2768559375026956,wave1,0.1996364137683536,0.6800453496934916,-0.4864329011153687,0.1866380546312909,wave2,0.4381842648901779,0.5677190539134949,0.1212877905379541,0.0341527980525659,wave2,0.1312595838063459,0.4215161701036773,-0.9349555594547556,0.0977598518478657,wave2,0.2415757077654559,0.4775065517216232,-2.8491390225136297,0.1520410217924629,wave2,0.2215332698551247,0.5409124209090702
c6584f5f09,1.1381136597320054,0.5064044927204612,wave1,0.3032476531132761,0.5378485229373196,1.0248296255134808,0.6140467783228061,wave1,0.4892577673502083,0.6515021745867171,0.7661151643735249,0.2565822753746134,wave1,0.0952928951331821,0.1952417933817185,0.0537457006690252,0.1324088741169821,wave1,-0.0176767980581673,0.0633348428209634,1.6488634130876292,0.4874035784711483,wave2,0.3968602058942552,0.1942001779199365,1.105959097936151,0.4553691237998019,wave2,0.3995837793999961,0.5209592136765713,0.6765971777021876,0.2012279844629481,wave2,0.1766416151894609,-0.3497251547019016,0.6221760883723307,-0.0079390544630562,wave2,-0.015082761799682,-0.3699243444354403
c65cf1e13f,0.9767303871627868,0.0412596388853236,wave1,0.3446848586702489,0.1280573233218784,-0.1235296977622823,0.4330096858824204,wave1,0.5418871783131656,0.3349753153753538,0.8876433451706387,-0.0029053111072447,wave1,0.1619697313490955,0.1419732904499324,0.6929926304169803,0.0420186250050692,wave1,0.230008884147737,0.2269327582874272,-0.0564808718716553,0.2855790192986107,wave2,0.2927307719539926,0.3305395982267993,-0.7823307266330533,0.3879245566487412,wave2,0.5691951329995191,0.5536409198585956,0.6984935167375751,0.47311840163585,wave2,0.35029435038303,0.4027494347594369,0.5503142421995512,0.6674423684090374,wave2,0.6908441057562906,0.6596220613344377
c678740dbc,0.5493555850006754,0.222556558572758,wave1,0.498470383067118,0.2108290133227075,-0.1024843351348085,0.2167500433018437,wave1,0.60650160117119,0.633808414841207,0.2428536096958785,0.1833413712421786,wave1,0.4620722358644727,0.2211055888922469,0.3524667956765298,-0.0112392179774195,wave1,0.3257898280737436,0.2150745907914978,-0.0321546188171215,0.5282686530667695,wave2,0.3362955237668086,0.3316829812793676,0.3093612375184216,0.5524821761791104,wave2,0.6642090785434932,0.418264964458929,-0.7872596211385138,0.4055696583652083,wave2,0.228007015614131,0.2844241767216803,-0.5613348857064224,0.0936085408971089,wave2,0.2180532490587658,0.0040217500933854
c6eef426b8,-1.5787789477623215,-0.7260196442938815,wave1,-0.445353628039167,-0.2894108482859752,0.2654505120827976,-0.7680616387504249,wave1,-0.6432118045422386,-0.7965772586001161,-1.77068458328838,-0.6653033921186233,wave1,-0.6882534011969106,-0.4265317208185617,-1.2620892963187436,-0.5473317945628917,wave1,-0.5054395402215266,-0.309182146861767,-1.8485681662802411,-0.0900799283018931,wave2,-0.2081878084143558,-0.8361601471469047,-1.5037926669933026,-0.795440403786837,wave2,-0.6338694021701885,-1.2179655449755744,-3.5624117660175454,0.0467051100085618,wave2,-0.2381095004810329,-0.9141690243547218,-2.5900751574197325,-0.1258634456181013,wave2,-0.3338465445488041,-0.8816185656355091
c74ee01945,-0.615425471119741,0.6907937591005506,wave1,0.194804243338285,0.3163717350761854,0.2540216620496769,-0.0239928278499401,wave1,-0.2513749312712738,-0.2504333032649166,-1.3490739333437511,0.7076948527362703,wave1,0.2595917092954896,0.249802408566407,0.063173740167409,0.3874499923026242,wave1,0.2849542553945778,0.1383389646117722,-0.2339812392444403,0.0536228363128743,wave2,0.0364120238197172,0.04499104716729,-0.4475867743864123,-0.21200888116285,wave2,-0.2045492254519894,-0.3653205250915461,-1.9903176644831069,-0.0300998966693788,wave2,-0.0434412931257768,-0.0048625758153424,0.2589024019286133,0.0576279615897208,wave2,-0.0150876210488091,0.1970735881107423
c78339b3df,-0.1826906827957953,0.830125393953631,wave1,0.5870552575187531,0.6447447129229589,0.8568401616398151,0.5031751722441893,wave1,0.6447908473883621,0.5613564322574285,-0.5186637534249801,0.2931943106778986,wave1,0.1598917867640352,0.4605485231438652,0.186300495019916,0.2726118135642822,wave1,0.2392442337901018,0.3475920060583594,0.7379066551365046,0.9326390476474018,wave2,0.3836414372003347,0.7828823311291353,1.205466144195929,0.8651397618817502,wave2,0.7279056005533104,0.754799796992212,0.5302571487378616,0.6238369386838369,wave2,0.0470591113942444,0.3657927871376016,0.2015887489106534,0.6392085576588201,wave2,0.0775076882288133,0.3395993990735798
c814c0feef,2.1717220291351405,0.0507960289785855,wave1,-0.0291175207247043,-0.0701332737450048,1.477425691355755,0.1014742623275903,wave1,0.4664690256550328,0.1934269315582044,1.3010647519553082,-0.0426708747324152,wave1,0.0012011244737554,-0.2659181352806388,1.1518640520306145,-0.0042464313706459,wave1,0.1390386524990204,-0.2916762275123229,1.9430839869595915,0.5183573943887183,wave2,-0.1163283920851789,-0.5322083125137345,1.1989100221808349,0.390589604902094,wave2,0.3144257839609823,-0.1120567706823791,0.8621454806583422,0.173475876223061,wave2,-0.1185823399392096,-0.7375643758011261,0.3133767607169928,0.0864082751626035,wave2,0.0074919867199431,-0.6798293217261232
c8190e8c5e,-1.2009495048811136,-0.857655742315965,wave1,-0.5037748365252672,-0.575262649405464,-0.8025254295513244,-0.3813478367281588,wave1,-0.1518482187825192,-0.1674561223488908,-1.4401586442608003,-0.3126840284621405,wave1,0.2860513194642361,0.1548252007801142,-0.6728599687735081,-0.1598818763849684,wave1,0.1398164544620073,0.0083368417491703,-0.9655589185020104,0.0685276800738354,wave2,-0.193544063617145,-1.0564008267933271,-0.717156595018577,0.0602030953085603,wave2,-0.312733073119144,-0.2909870761262711,-1.543502516187946,0.452052884089314,wave2,0.3351333740675014,-0.2290295338607849,-1.2428693052106103,0.51224885871178,wave2,0.2695283242414739,-0.0466268470584564
c90f20d05e,1.6105577203112762,0.0184954625794111,wave1,0.056458126961991,0.4459678849597559,0.9676148168311712,0.3228399285812827,wave1,0.6484283199641877,0.6744374961462168,0.5740857749651755,-0.058253767408286,wave1,0.0188123594429602,0.3076356870227438,0.3484799858678407,-0.1147300476799345,wave1,0.0515547693813588,0.4895443894897599,0.3738050931977736,0.0516232685211697,wave2,-0.0177806509692926,0.1391848040360239,0.9475003950566104,0.2562251363980167,wave2,0.2537758120488612,0.368971553038275,0.1638734104246869,0.1440938461815094,wave2,-0.0056614347441935,0.0452304929182879,0.8298115075837496,0.1446487014114374,wave2,-0.038506003915971,-0.2398439605621286
c946a59629,-0.7280016820502258,-0.2981211588878709,wave1,-0.6802772745275356,-1.1313700434462737,0.438109012260555,0.0657365511459671,wave1,-0.3824478831765592,-0.4743504243145422,-0.1516520734910033,0.0039070608980624,wave1,-0.247707234407573,-0.3470090280348792,0.5798162288056126,-0.1414083490901284,wave1,-0.1275269099527242,-0.0487103206507896,-0.4700640283158295,-0.3609975930543583,wave2,-0.6767642786093773,-0.2876099518561039,0.2178324011097925,-0.160170295958667,wave2,-0.2014227323983923,-0.1343975275632682,0.3212751315302515,-0.1244812064828781,wave2,-0.1038031993203163,0.2855810926780506,0.6230152191637994,-0.2453747082170213,wave2,0.1369551678466992,0.3421099145371485
ca232b68ef,-0.976022306692269,0.1840119456066564,wave1,0.2214787032021594,0.2601171667973494,-1.6970309371973258,-0.729799934277432,wave1,0.0789852674249174,0.041429388439653,0.0493842699498178,0.3452066283361877,wave1,0.1491817215143936,0.0914055859202186,-0.1580271732171048,0.1035026046717205,wave1,0.0650697115502457,0.0513574854879333,-0.001460491391542,0.3467693267763372,wave2,-0.1434355741446618,0.482694495341073,-0.6088642477094773,0.2430675511979079,wave2,-0.1669309493625721,0.2730866429548804,0.2549750628910968,0.1813173820688464,wave2,-0.367415409007051,0.3286667038545997,-1.100543785467364,0.1723296732916353,wave2,-0.1654528523981828,0.1415610753754511
cb018f0677,-0.2800445810380735,-0.9735647423905238,wave1,-0.6524598045560213,-0.1698545455061979,1.3556155583832383,0.5025183107229481,wave1,0.3769530212387084,0.8570830297552998,-0.6177429112763283,-0.3788093978624942,wave1,-0.0739587435435293,0.1887738202304876,-0.0270824021836097,-0.1218568377662495,wave1,0.183805568505006,0.15761825180311,-0.2921455655737696,-0.189170735727008,wave2,-0.4772588508565643,-0.4528245356671556,1.5510316303257,0.3845833093667652,wave2,0.0610759771029072,0.3259152427613605,-0.0400216333618921,0.0072642683134602,wave2,-0.2853497586438818,-0.121011433333438,-0.2710687585816119,0.0740648116057588,wave2,-0.2028295462836188,-0.134001925090622
cc0fed0c48,1.444258181211285,0.7373259174197995,wave1,0.8978384216684385,1.020311306561811,1.6532211477818877,0.4381134791408607,wave1,0.3856351436618759,0.5335339832704484,1.4258840211723889,0.2032061892742011,wave1,0.5601360034305392,0.8360331412870028,1.556493410439675,-0.1030223720945054,wave1,0.1764146921600808,0.4974482057112853,1.3861154095775954,0.7214550626455853,wave2,0.7638581598713072,0.8052877120547661,1.558698145871039,0.282629521418261,wave2,0.2342119158660525,0.4680389062359356,1.2229370471054877,0.2083071117961867,wave2,0.1583498860842704,0.0708190257665687,0.8064063733977042,0.0550943132651792,wave2,0.0321706300147101,0.0205650815633845
cc2cee90df,-0.1376580585256135,-0.6401880625012109,wave1,-0.6721240010009131,-0.7407235640810204,-0.124268584936129,-0.5577486764023187,wave1,-0.4817425429884796,-0.4515266770204542,-0.5703733708850448,-0.1451673498348549,wave1,-0.1411750109873752,-0.3521651352480488,0.7768899178968001,-0.0825544617722844,wave1,0.0284175755038917,-0.2293720479946754,-0.3717707569121819,-0.7422838660396571,wave2,-0.5529395555226329,-1.4216475080820703,-0.1566724468099975,-0.680932090054664,wave2,-0.5001860108073002,-0.8057523449548483,0.2336071823839269,-0.2471399439929362,wave2,-0.183111204722626,-0.4435652974130317,0.8847143127955027,-0.124788688068647,wave2,0.061058831439678,-0.4059267916346001
cc7a4de2a4,0.0806379262172312,0.5324953931732104,wave1,0.2505345248161652,0.2497431555818443,-0.0584069327364327,0.3396568968373941,wave1,0.0275879228987678,-0.1905500888334199,0.7529705637955372,0.7349412500332352,wave1,0.6343598905447335,0.4724284476989787,1.1421975846883117,0.6782524966358846,wave1,0.7946328786801834,0.6560617993344572,0.1533548795464684,0.3767991919362954,wave2,0.5697639696768397,0.4137091517590234,-0.0702527995313235,-0.0839383083261668,wave2,0.1468640402150478,-0.1602938488537064,0.7327769854051802,0.6575358537767088,wave2,0.8462169504869445,0.5134322580707559,1.441801307929944,0.7403940622957209,wave2,0.8092958080331526,0.674200360243893
ccd20e206f,0.9587122025002118,-0.1406665690449615,wave1,0.0003061874132461,-0.5047055138782623,-0.9167696691633486,0.124362633868881,wave1,-0.0145881236107041,0.0529927266949785,1.066319628442551,-0.0465911970393527,wave1,0.1482668387445904,-0.1160484844808791,0.51738891684423,-0.2442850477037973,wave1,-0.1738199111491812,-0.3328849309512564,0.3389975843952993,0.0051423102312717,wave2,-0.6475898441091539,-1.344192634944793,-0.4622640378844216,-0.3178898786393453,wave2,-0.1316273382363619,-0.2125666132373624,1.0550316078997826,0.3377951224373656,wave2,-0.2733596691767628,-0.6979382461558647,0.4623442309345531,-0.2734055859038785,wave2,-0.441772341344908,-0.6381593723108047
cd44d4a222,0.7563509294707241,0.0932995395772129,wave1,0.3971431748192706,0.4170468758370214,-1.7120152401584638,0.1865221843958027,wave1,0.0170723157429604,0.3112338496696289,-0.6043854917092102,-0.0373780846318792,wave1,0.3402877132685724,0.4216598897924383,-1.7703920379309124,0.0707551757226966,wave1,0.2728901942509615,0.2476026337743212,1.2288472565506685,0.1867417409818965,wave2,0.6267258429864218,0.8641066017964432,0.1288716605105795,0.1466911015527379,wave2,0.4704000915447506,0.4508774109564317,0.2517020567713964,0.0805295103189251,wave2,0.2692675230563072,0.5271282242355229,-0.4358220856148636,-0.0377616326285806,wave2,0.2338598484142094,0.2898595498123116
cef55f10f6,-0.1676114152326645,-0.2687353964484207,wave1,0.1044135392289478,-0.4070011677491316,-0.0726091568875662,0.0753578278528799,wave1,0.0792879010731133,-0.1883187487706781,0.5779748265328527,0.1871382819415104,wave1,0.48665184301573,0.2483101416569402,-0.0976625655581747,0.0185894139294558,wave1,0.3118158938401824,0.2312607020015192,-0.4562775408362524,-0.5281006780254476,wave2,-0.3303957938561543,-0.7499684891549125,-1.16056828378691,-0.3625529476277505,wave2,-0.1653203507214544,-0.490387042934322,-1.3880501169706774,-0.2671789889461931,wave2,0.0698669520724133,-0.5207374006140697,0.0206874331050204,-0.1181644046284585,wave2,0.1685636447042159,-0.1943337170292066
cf71b1c6da,0.4901939277069885,0.5881761560140184,wave1,0.3738639994890045,0.6790272666491459,0.0360989123643736,-0.2032655621009409,wave1,-0.1967362651141724,-0.1507149336594806,1.1059425275853063,0.6284530928081786,wave1,0.5684542562639334,0.9062443645772984,1.2227062924345198,0.2748762171037754,wave1,0.2092627981049545,0.3731727704819377,0.1292203571157489,0.1694362896606662,wave2,0.5004071067346745,0.6982226762811723,-0.4744508243005931,-0.8204789530885228,wave2,-0.2316521331847365,-0.4852001770130507,1.1708800983440464,0.5098642748224436,wave2,0.4279983341956034,0.8484314285585974,1.0196997366265308,0.3265016218982463,wave2,0.1793807892293545,0.4683794445673995
d12a9740d9,2.072056922253447,0.9086507952122485,wave1,0.9499699013582829,0.7798076252179322,1.0057142351803672,0.3656578859082056,wave1,0.2214511013671827,0.3742029097057169,0.4450126679769515,0.8992650474599699,wave1,0.8211363271160799,0.7510182383847952,-0.7687196633548881,0.4885139240519388,wave1,0.3674633911675756,0.3734737027724387,1.870862724481616,0.6546553471751129,wave2,1.032625866756667,1.0304975533385818,1.387085474814682,0.4026068322014562,wave2,0.4856487643468909,0.6119417700674812,1.223183780766467,0.8458918496864909,wave2,1.0920249015825716,0.9197387078400808,-0.709907807836414,0.5554002650907474,wave2,0.7051288934714278,0.7701086964257954
d162e74fd2,0.7136843411374718,0.2697232432945151,wave1,0.3511436681232291,0.6681605657481589,1.541731449815512,0.5624399318737264,wave1,0.577711792466263,0.4103878000325179,0.6625031072974933,0.3423548443335125,wave1,0.4171385613021028,0.7258976485753708,0.5020775116924491,0.1418969326549437,wave1,0.2315770681556592,0.4231787699328599,0.7331031601912148,0.2456287193269823,wave2,-0.4900343690877298,0.2085558850170614,0.9992570609942526,0.5589631002940266,wave2,0.1300022899717737,0.5606890015960463,0.3807011820060437,0.3544220869031667,wave2,-0.51365106830029,0.201649047542521,-0.3431608915324844,0.300905823407313,wave2,-0.453920044982335,0.126312864028198
d2304e26e1,0.7412282129266284,0.2857801218939202,wave1,-0.0476522490032209,-0.5754562572497073,-1.2551933581597945,-0.4601005374583182,wave1,-0.8298224554571372,-0.71450422784557,0.1349824204413947,0.1646074704767985,wave1,-0.0114209355822056,-0.4836367983077316,0.3266868213593975,-0.0568628693853708,wave1,-0.2223990354307655,-0.5511976078855584,-0.2981561077930731,0.3762358178072347,wave2,-0.3092740161585627,-0.4409227062330649,-2.854500887232292,-0.5334440332329897,wave2,-0.8221793157069655,-0.6071466407169239,-0.1226157796354771,0.294666955557564,wave2,-0.1787117490384058,-0.1652929032655037,0.0962146515654775,0.0931679381776812,wave2,-0.2759715036374465,-0.0298814146629288
d3109d3bfc,,,,,,,,,,,,,,,,,,,,,2.8759367686175223,0.7353016277793358,wave2,0.4098594750728503,0.7455577006136282,1.7360991651295667,0.4795834199879745,wave2,0.609012691848462,0.6488242126376118,1.42045923696524,0.5626097620632058,wave2,0.2048751440973572,0.4505993151475531,1.5937616844620155,0.1724705170062318,wave2,0.0228969766253987,0.2057300405466017
d397aef9a0,1.1884510651855715,0.7727444210035994,wave1,0.5349503818370769,0.8515446638509006,-0.0174223045231582,0.696523619001342,wave1,0.1963450174009409,0.5137119558413701,0.8617328380767669,0.6318413080971107,wave1,0.3975929267110577,0.6945659113751291,0.610211634111566,0.2701724444305591,wave1,-0.0293037460890816,0.0983410945063223,0.2177413779038853,0.6769282182859646,wave2,0.61708182582302,0.7349299704256693,0.2911021280472772,0.3708263921119006,wave2,0.2492708037957134,0.280299707035067,0.783951040237683,0.4960642234851017,wave2,0.4550104298254106,0.6865544523202766,0.9446917094951894,0.2334788642176524,wave2,-0.0845285336726972,0.3324488011976841
d49f57b08c,0.4920967392651376,0.7237603877389907,wave1,0.6922838766418931,0.4107764723975906,0.5636147902296674,0.7621158934586774,wave1,0.6873898836978944,0.3258121647453151,0.2135518881978799,0.3949780415915132,wave1,0.4815104074820941,0.3310320929101065,0.7220993221263228,0.4213527944028888,wave1,0.3441968158062573,0.2074400524552645,0.0217955628035636,0.9578751293886127,wave2,0.6326739824736181,0.3640714644741356,0.9049676828995274,0.7375416760662876,wave2,0.6896170059015301,0.587089488794684,0.4880128236488215,0.5856291974478822,wave2,0.4459988286084473,0.4061209325711112,1.054439276435891,0.4896077374703965,wave2,0.44786156708142,0.3262053801378622
d4cb6976da,-0.8837255228249377,-0.0335051713475968,wave1,0.0481966281502757,0.3711919249872242,-1.046698453739596,0.225717960019202,wave1,0.2934235247842369,0.6413115303991546,-0.8283121324418271,0.0714895325159363,wave1,0.2629772942145321,0.1696771812266084,-2.150356117260629,-0.0109007041090508,wave1,0.3022155665184042,0.0403046504532139,-1.464810035912388,0.1217916533103049,wave2,0.193299219757733,0.3993764329024962,-2.149327330798925,0.0551912345719645,wave2,0.3256056436587295,0.3698641602422927,-1.0442627562422873,0.0478169880477659,wave2,0.08279614774594,0.4954082797060204,-0.1210238722950139,-0.0968337528889157,wave2,0.0510887527186177,0.3088931204851485
d5eb4017e6,-1.6770258971332803,-0.0438121098068602,wave1,-0.3199658675405494,-0.9544898646004742,-1.6863648032843852,0.5165807633141588,wave1,0.246048541033971,0.1032673364271632,-1.9304551311986025,-0.1989894247222208,wave1,-0.3709129987719247,-1.0484990766812026,-1.345215478086579,0.4809879363426815,wave1,0.2382227909374138,-0.3185850350183593,-2.143657069122341,-0.0031560822397151,wave2,-0.4036228440824461,-0.0054251796215127,0.0179441094565206,0.3529018019353986,wave2,0.0599255216521363,0.5306819824994933,-1.3762321713910677,-0.2927973270427107,wave2,-0.5556673893615083,-0.4083914668701801,-0.5723089193887472,-0.2335732358797682,wave2,-0.3764110252134743,-0.264247608660021
d6079ca025,1.1129169193111004,0.4578778392889739,wave1,0.4664324626213185,0.2445604235920495,0.3672672164942686,0.2092402291036315,wave1,0.0621966792390362,-0.2196298023549432,0.6300255436893258,0.7193993525826496,wave1,0.6713921206336535,0.7809107664981496,0.619545705389042,0.7930389822610131,wave1,0.6071934835199517,0.5731617249640322,-0.1386346278337309,0.8070180403429388,wave2,0.488886813980393,-0.1646129355286201,0.4643345946216116,-0.0911700062172835,wave2,-0.2930576425356439,-0.7627580909246308,0.3871822452080507,0.8728603432412181,wave2,0.4991077012329488,0.3961855661025957,0.4421941206205319,0.8151326128135903,wave2,0.5280661073779074,0.2809160757620863
d61172d976,-0.1621379215423637,-0.2446138850365513,wave1,-0.08030496033005,-0.7193481274134019,-0.5644355970435352,0.1437006454652518,wave1,0.3718134272224058,-0.0401808722956618,-1.0384017336297586,-0.1799427592336491,wave1,-0.24627916697549,-0.8297407950903228,-1.2624326270995043,-0.2343233308051452,wave1,-0.1207013230037306,-0.6480725335239782,-0.2136239658816069,0.091545371163227,wave2,0.1168974795189758,0.4000275522713243,0.5718717420741568,0.3578477184381685,wave2,0.446306707548378,0.3328441888574835,-0.6580592099529474,-0.1767720584002228,wave2,-0.1638404491854144,0.0483952103822586,-0.8777417974173756,-0.2175058968660431,wave2,-0.2611708043944917,-0.1654858384164045
d632ace838,0.981494837268366,0.803460930091809,wave1,0.8859011677486797,0.8119857250107014,1.5750361691197576,0.9445083551247068,wave1,0.8063637225679456,0.8639388281536373,1.5437455814455188,0.5585178871344911,wave1,0.543437046961458,0.4812674322309,1.8590225765084016,0.2921512831152508,wave1,0.4372723193887586,0.3928864434701475,0.0296213554476308,0.6296289068524208,wave2,0.685390326071184,0.7380965474630516,1.6843084089705136,0.6929060313235906,wave2,0.7180667635259983,0.8564295445163506,1.4522171917324904,0.2512940562790551,wave2,0.3034021339086841,0.3585104274199937,1.8803018796712947,0.2755602866808204,wave2,0.3003544681686292,0.3839259686958129
d67c9ac40e,0.0488262807026576,-0.3222700889640946,wave1,-0.7320080430528912,-0.986828058130678,-1.5357338365708388,-0.5861383835145184,wave1,-0.9016138668149,-0.5409522862371094,0.1179036263006062,0.1423084740700271,wave1,-0.2516050242070213,-0.3189374098047266,-1.0420364934238575,0.1643846561615301,wave1,0.0020427121367104,-0.161667569457053,0.2850360341629128,-0.7699749314872608,wave2,-0.1074034194191007,-0.3960887027583968,-1.6759920389260292,-0.5986130761253254,wave2,-0.4441338976337419,-0.3495389368246417,0.270045887631385,-0.2509765717531702,wave2,0.2707569024350449,0.2562363911411973,0.4123932117936869,-0.0112985185522957,wave2,0.5057520021569881,0.4976625693658656
da14895c3d,0.5005256190587838,0.2825920700480135,wave1,0.6193999150459153,-0.2367794659422786,1.0504566028442917,0.0971319365808107,wave1,0.4938190009826839,-0.0398570674485507,0.9869038678512132,0.1497274745596379,wave1,0.6229726666429289,0.1211971184671805,1.0382524155701105,0.0514317694528121,wave1,0.5652299442625925,0.1815179379906966,-0.5204432841045624,-0.1913228636844681,wave2,0.3522152438564718,-0.5339667301843514,0.0973881332951295,-0.1191822674785259,wave2,0.3807839221369908,-0.0179198260740549,0.5436113287427766,0.203346172724171,wave2,0.8023077084088293,0.1850251143822512,0.7861074826301043,0.1684282598803324,wave2,0.5180112875990317,0.0503356805678323
da61bb512c,0.498264263320137,0.3899078032554319,wave1,0.8654667924012069,0.9716946520238148,0.409442776636546,0.0326032993706297,wave1,0.329565566692392,0.471448454913004,1.4128106342493267,0.3390399744734709,wave1,0.9382788565280222,0.8949577633533856,0.488471522315283,0.2931855249433607,wave1,0.8031665827796625,0.7845108287438208,-0.057560871812192,0.376650575773477,wave2,0.6506261584619235,0.8051482619776382,0.9925197914064766,0.1440462938471773,wave2,0.4140628664736814,0.2072412242681303,1.2883970073826445,0.32435039276384,wave2,0.4786120797191664,0.6788273914045186,0.8301218894760152,0.3450831164982096,wave2,0.5559540099731063,0.8321144179600309
dba65639c6,0.2409759518467424,-0.1726179172923978,wave1,-0.227664998517485,-0.2279054270941665,0.4945414112253076,0.0702608077267721,wave1,0.001476558199615,0.2053002185603702,-0.8694475320708791,0.2464341662277125,wave1,-0.0105762955518804,0.1195303880672871,-0.4415807077227875,0.1356167826014136,wave1,-0.128084109056573,0.0529088110781547,1.5518971797130288,-0.0351528341218436,wave2,-0.1210922392792879,0.1754910214268177,0.8550176392068911,0.1275987607789208,wave2,0.0638400153919691,0.0529281161132486,0.5131549859663507,0.1095042770460434,wave2,-0.0199192929636795,0.5250003439359154,0.4876145631233785,0.2864296543878772,wave2,0.2866596283177567,0.5001041726207003
dbd62eee0a,0.4258694497255292,0.8534431635416078,wave1,0.6005575981969211,0.4077912433434267,-0.6824891764707107,0.2281382452204616,wave1,0.2361538379420213,0.0660981764841071,0.0020268275736668,1.030880488065302,wave1,0.8719379390545978,0.6520443229134221,0.2040160471667299,0.7006015110445992,wave1,0.6198262217585867,0.3686430417146081,0.676432148789469,-0.0169190058314137,wave2,0.1736238442374742,0.4601661489350093,-1.2877655597633098,-0.0730593948221711,wave2,0.377219681583774,0.4726533967789024,0.2050214627231187,0.1319118884046972,wave2,0.2782178410464466,0.3786407041760247,-0.0501267791420899,0.1126951101907266,wave2,0.3258892326736536,0.5328324822744491
dd5002b2da,1.436095658919883,0.6057688017808731,wave1,0.6093898387606247,0.1098081992535835,1.713335554443909,0.3681830679598226,wave1,0.658034230352442,0.2561727898139707,1.457180066135066,0.2595912716441191,wave1,0.3656299342967255,0.2410608391875568,1.2722791691575326,-0.0308335205875293,wave1,0.2758190338650054,0.2587754993472378,1.25375533764665,0.5871111167475385,wave2,0.5763178751728826,0.0447845946264693,1.837355805441539,0.5015726412480113,wave2,0.4423194509739285,0.3074909923646716,1.360764220265327,0.2163269751793204,wave2,0.2948590446034957,-0.22378038970544,1.1465757207796858,0.2321297358892465,wave2,0.1494237433374255,-0.1580148039875027
ddef568e0c,-0.2412357785777591,0.4553216505214639,wave1,0.4053642725830584,-0.0510965319166034,-1.0134218699526554,0.1210711192422802,wave1,0.1122821577122197,-0.2828801088512493,-0.4578437334847623,0.5081680734429648,wave1,0.4213434319739966,0.2014581728310609,-0.1491228524947322,0.293724214246878,wave1,0.1364678549243002,-0.0989895741715335,0.8837309625854883,0.5130204325707401,wave2,0.5703376239257563,0.7002089525379298,-1.1504037152749689,0.2258221976487435,wave2,-0.1536933577828589,0.3546875941044649,-2.371041269244389,0.3213664091836221,wave2,0.5327986472899673,0.5519901735190278,-0.6865297841692303,0.2046843253567386,wave2,0.1845604741014396,0.3571160281297673
dee9bbfb17,-0.8598761329967736,-0.0340754264916856,wave1,0.1565483589030907,0.3449656692820939,-0.9800857967914456,0.1847204583991917,wave1,0.3680734818443707,0.2330827585551229,0.8568727599646527,0.0321208014758004,wave1,-0.0079805032805259,0.3853628321093972,1.2761202394795037,-0.2096276197459729,wave1,-0.2191465856922851,0.0700821408386139,-0.1208161842024859,-0.049591032332104,wave2,0.3043827578484435,0.3079583624992352,-0.8306358519957325,0.0537380010277883,wave2,0.4627729904106361,0.5561293663373827,1.038997755995169,0.0707219732235656,wave2,0.3690025297243112,0.5744114504803718,1.130073097388924,0.1430275469521214,wave2,0.3267228330904977,0.5835951612832347
df1344e4be,-1.3466087193956806,-0.5105055677253414,wave1,0.2526093864543408,-0.8971791884593048,0.436557212546381,0.0523452391213893,wave1,0.8611026051047413,0.1321133677450993,-0.7558323573205468,-0.2635008213643358,wave1,0.1834502443565288,-0.4674506474447187,0.1182328944169712,0.0787188805649913,wave1,0.4373315945671673,-0.0330366988803621,-1.2742494568213156,0.1112432830991829,wave2,0.0156543603287888,-0.4677137864642675,0.9261252999091972,0.4669361975882499,wave2,0.4099611385347256,0.2640917890177495,-0.1850405763181085,0.1256375742813172,wave2,-0.0172286885521067,-0.3022919434220853,0.3764395611620421,0.1169282164270332,wave2,0.2663614157968505,-0.0405041507822128
df58685442,-1.2604905320046589,-0.5213547771508509,wave1,-0.0798997866792712,-0.5393367512895733,-0.4208438018754289,0.3407096606480517,wave1,0.4599497932428096,0.2170458437554772,-0.4066381143517379,-0.0724028101842024,wave1,0.1418013515377321,-0.0534664568571165,-0.5768185879038135,0.3459817130797534,wave1,0.6097179894963846,-0.0982409587123008,-1.0508939363448038,-0.1363237261507546,wave2,-0.7510626206713948,-0.3975147615109402,-0.3163200613670423,0.3698279144808016,wave2,-0.2486528259754834,-0.1077213162571144,0.1697728438946561,0.2975667648253883,wave2,-0.0504152315862882,-0.1645961254210151,0.0465518411710459,0.5398512780042947,wave2,0.1627078042454973,0.0334203793105997
e1c99baf96,-0.4195919276274776,-0.2717749740842641,wave1,-0.255185763537523,-0.0446942278062412,-0.092787132694253,-0.1026436494129591,wave1,-0.1675984818954284,-0.2422770954019754,-0.5228080689093644,0.1642223795637998,wave1,0.0357476734773712,0.3258837534601289,0.0180980673788685,0.3378159373092713,wave1,0.0842165785187061,0.191773555824849,0.6159440445853542,-0.1341411537361279,wave2,-0.0993325216964953,-0.3376779322673906,-0.43646268386115,-0.0099680365416335,wave2,-0.0461059115433536,-0.3455273046653487,0.5050907208888957,0.2350096900266634,wave2,0.2182580351834933,0.1853014452449664,0.3596185546394324,0.0725893351378654,wave2,0.1519034940143002,0.1990270530670954
e2cbc665ef,-0.4107425859531938,0.5021784914749508,wave1,0.2830924275137725,0.7018958359690783,-1.1469688539720806,0.036705010448172,wave1,0.0349023314932606,0.0482581412125999,0.4661629895887746,0.5537807298661199,wave1,0.3366395993225126,0.7915495078480059,0.8078727582678671,0.6292179727676782,wave1,0.5312076726346936,0.5638894652392908,1.9836190983860424,0.8122947666577565,wave2,0.8802892557158515,0.8721780848790326,0.7865773742146424,0.2127669282545197,wave2,0.0599952182217928,0.0332733922647876,1.1008296787563905,0.7401560109572494,wave2,0.8432773497676169,0.8731068021733372,0.9640138103913236,0.6841977863081273,wave2,0.7295519931306172,0.8296267264352554
e3cdd42f78,-0.425405481008238,0.0291286781472723,wave1,-0.2808946291756833,-0.3942938083414045,0.6447689864107241,-0.0260242272646976,wave1,-0.0042069467674109,-0.1585095705358358,-0.76921442518724,-0.3915989643387091,wave1,-0.869126228983729,-0.8090927734075756,0.1435563139153454,-0.5177503302929698,wave1,-0.788930746549493,-0.5755111131359469,-0.5121738614410692,0.3013695231775697,wave2,0.357823173421375,0.1152006272583163,0.2139366406100137,0.1477935485592457,wave2,0.2254735595631164,0.2864235361864381,-1.2437325665098735,-0.0419058046254902,wave2,0.0458933139380864,-0.1267312202317719,-0.0234866458229796,-0.2875667469832046,wave2,-0.2070083544401866,-0.1474463219241251
e443b9fd2c,-0.8113812216293311,0.1220893666780551,wave1,-0.1108895207227524,-0.0317337439422724,-1.0829528644973456,0.2508740306831893,wave1,0.0856620157085097,0.1434125180750833,-0.1791028309342839,0.1010639826000463,wave1,0.0212082322262017,-0.2002102558114222,-1.402399590483548,-0.0617926097762304,wave1,0.0004025741234889,-0.2194598697091492,1.036123990000109,0.1960295644846204,wave2,0.2307223862096619,0.1025014130308583,0.5086300569513421,0.3181618847057499,wave2,0.3947000786886288,0.1406069557706937,0.653332748082893,0.0142538422456037,wave2,0.0478357638876822,-0.1852807817552271,-0.5899463393250367,0.1231935826793555,wave2,0.281461627773528,-0.164769684917859
e4518c64e5,0.5516693176621535,-0.4193328178005566,wave1,-0.1904189357307693,-0.0499785353072079,-0.6426261534082747,0.0322128618742101,wave1,-0.223915683323316,0.0225015454594679,1.322355512875547,-0.0493283453738493,wave1,0.035060720649066,0.3195385544197808,1.2561525701120004,0.0881540535500043,wave1,0.0988030373837399,0.3133758795870968,-0.0322908099837154,0.1929393558870884,wave2,0.010220703493821,-0.2048279396831314,-0.2092919704345177,-0.2082518731864677,wave2,-0.1306797946036373,-0.0616231136358504,1.3560871340339082,0.1196672209256643,wave2,0.2766169667796822,0.0437916875640682,1.2907384262501655,0.2045268967006978,wave2,0.4128212320007521,0.0991553949847495
e4a14ede09,-0.6208561794274062,0.2624691452324188,wave1,0.4535253506561125,0.4164383493878585,-1.7927933878226563,-0.0833224084023285,wave1,-0.0285914113559691,0.1970527807795214,-0.447489388166329,0.4520865969916796,wave1,0.5660997735109894,0.5521621755952171,0.1893177618230512,0.3407964471468575,wave1,0.5299505098106528,0.49110074488007,-0.4431699240196826,0.5623617653889279,wave2,0.6862183916904447,1.0659356462532354,-2.443972492823002,-0.1315075787930293,wave2,0.0439213101116646,0.2094912704189366,0.0657824154328178,0.740373150144594,wave2,0.791584799810614,1.0441723528799929,0.6249174341617345,0.3772161277333491,wave2,0.622287297968173,0.9343564093891056
e4a53c5fc0,-0.8751952332986103,-0.1393882111217124,wave1,-0.1869121263276438,-0.2880623519623426,-0.1612133556486411,-0.570857816156348,wave1,-0.5165107301556531,-0.4443757472560588,-2.9281488928456505,-0.2965381056441341,wave1,-0.0265968890323285,-0.2539243479876181,-2.386715386352412,-0.3393612903875088,wave1,-0.2561687232779567,-0.3364146609269779,-0.8367014005310115,-0.7995366031886222,wave2,-0.6363496354287004,-0.1967096872069726,-0.1715131635128584,-0.617541971661526,wave2,-0.5972507909148885,-0.7255703351364313,-2.571374789676558,-0.7811704645513802,wave2,-0.4512986984073757,-0.2147096217420963,-1.8895591879367857,-0.6679271088060926,wave2,-0.5640944268747491,-0.2766440321026912
e4d11eca77,1.5060245327574393,0.3261053208148472,wave1,0.3807459426765196,-0.9317105965790048,0.5956983737593983,-0.2785510206483834,wave1,-0.0146583113064087,-0.5904755038418743,0.9788561326970264,0.6982718068532292,wave1,0.7849009941948526,-0.0951632814487157,0.9402473608022108,0.6781439429564903,wave1,0.7307233009809427,-0.0552364251626492,0.2053118957101143,0.1330614091890511,wave2,0.0431161707669751,0.1036819722788893,0.2298432524867067,-0.3146010452368559,wave2,-0.3795211473106124,-0.2190623004056975,0.4628553956150399,0.6795159433341111,wave2,0.4651452072471795,0.6219431108410407,1.168177820012782,0.6378065367274025,wave2,0.3628651409585234,0.4466850600989313
e52464d9dd,1.8379895987803812,0.2378498264687882,wave1,0.3547794220254743,0.2104156043172604,1.3844356369419757,0.3925027860342454,wave1,0.4543465129206858,0.4204554604315154,1.1449424621122049,0.1045239265622919,wave1,0.0703858243172848,-0.0499226180752512,1.8594740693160323,0.0946057411633844,wave1,0.0252035211917003,0.0368456554972142,-1.738916445381803,0.6098209669992971,wave2,-0.0759889047619153,-0.1066716025788783,1.5043744974512725,0.3802405815616396,wave2,0.1495389119086356,-0.0071791322520413,0.7904983537184407,0.2934063958259487,wave2,-0.1273350680985208,-0.1708355419144418,1.447733706640563,0.2903476340537825,wave2,-0.0497059612863468,-0.0602668555554921
e59793e83b,0.7510315941712726,0.4185942280506594,wave1,0.6143189820431516,0.1184317025781094,1.3413454983522783,-0.1041721383185989,wave1,0.0965592578953189,-0.2002471418316256,0.6999254057338524,0.6426016955349867,wave1,0.8117765446095875,0.066187125972086,1.5774755477174969,0.4140000510382343,wave1,0.4753859050971037,0.2200601447301734,0.6138942283462591,0.1361546770301469,wave2,0.3177847616456781,0.0983434350018161,-0.1605983004250909,-0.079243749371789,wave2,0.0378423327479118,-0.1766154239361101,0.5792048837255508,0.4331946969552211,wave2,0.5121662969733645,0.1937667363616701,1.2422744631608682,0.2634185276120641,wave2,0.4265011261886676,0.1605398683027716
e7a9dd45eb,-0.9805096853806626,0.4704788243683868,wave1,0.5038963721647813,0.7217517432641283,-2.663748270123582,0.6594313768989009,wave1,0.490833717526973,0.8262148185109257,-0.0637293272026407,0.2020678860458908,wave1,0.35435829854964,0.5075853143323585,-1.3098525037182909,0.1909652260762052,wave1,0.0536843759917303,0.3445145465563094,-0.5177859937635586,0.7200967198135246,wave2,0.5712033762216882,0.2434057167140677,-2.689996688614646,0.6094001125834756,wave2,0.4141268375853626,0.330115979520827,-0.5433878251458136,0.5732990356805141,wave2,0.3895787381804405,-0.0668558372504475,-1.26251901753909,0.3121469104720767,wave2,0.1843930384919213,-0.0529703037171785
e969f940db,,,,,,,,,,,,,,,,,,,,,-1.1390997488777297,0.0628236579075778,wave2,-0.2140113157280752,-0.9218318584054572,0.545504248365804,0.5611846486779895,wave2,0.2879595362829592,-0.0292562182655409,0.4565632811068303,0.2381475839223689,wave2,0.017691788355159,-0.4970777568890617,-0.3737600114378753,0.3912982848349281,wave2,0.338367100372544,-0.1033635363688042
ea0c12984b,-0.7530336319795071,-0.6918022255390757,wave1,0.0035204960471737,-0.218169597026659,-0.270346920461232,-0.955531259208974,wave1,-0.1851142454025258,-0.0924214952364566,0.5952257931622548,-0.292248625893136,wave1,-0.0714421940695619,-0.2518160709494523,1.0557594280146465,-0.0060333368895068,wave1,-0.2002340268963122,-0.2961426717409607,-0.3245074874914395,-0.4925140180158196,wave2,0.1367429307154808,-0.8222469499915779,-0.4438705973481158,-0.7498547594930169,wave2,-0.2161156035212617,-0.4025928123388598,0.1713675892587056,-0.3108096370306503,wave2,0.3963801758110716,-0.1828984220887703,1.0124207921493382,-0.6306730610148836,wave2,0.3434806059930216,-0.2232283043940452
ea94d43487,0.1096867630777093,-0.2925485371417935,wave1,0.2499547018745598,0.1379255275766955,-1.448649997228057,-0.2111946103592344,wave1,-0.0491664459782715,-0.130281936271884,0.5668084798432615,0.0069943391937971,wave1,0.6278477042029563,0.4264320570803729,0.6516212291000538,0.2703434600401859,wave1,0.6493400566719165,0.6043521087837109,-0.1647495691045405,0.0936605543780262,wave2,-0.2849110156245922,-0.9398112322448168,-1.313391127456654,0.2419128452202105,wave2,-0.1705533254644241,-0.1913523487248468,0.2939986287354334,0.2359957611946977,wave2,-0.0524657863832708,-0.4888707756339988,-0.7039426531865861,0.4119876793571863,wave2,0.0304962407130719,0.0396973845785559
eaed254579,-0.7149282330516681,0.3878945650756642,wave1,-0.0379301974871806,0.4984587701750995,-0.6482163767331321,0.2029650110230252,wave1,0.3208005324053211,0.5602810055846723,-1.5650468543085077,0.3304071819197044,wave1,0.1822243031788116,0.4068818338875554,-0.2669875586932882,0.0062238698443431,wave1,0.002402953124939,0.3544294792183274,-0.0700849090901723,0.2334480559283855,wave2,-0.2041319959246776,0.568351729022702,0.613738676438573,0.3992283117366446,wave2,0.2733451102371054,0.4424051276428382,-0.2876717894500497,0.3150100064934468,wave2,-0.0871531830312773,0.4766373823878208,-0.3086228291655143,0.1127590868821429,wave2,-0.1132354666950136,0.1417530600521016
eb21487c55,1.2740428816973344,0.5053139897845118,wave1,0.4571029823019166,0.3288718661872503,0.1976437434582732,0.2224618228834936,wave1,0.1097230249737697,-0.3441288109165159,1.657568509880836,0.5247576086341544,wave1,0.3988887016152783,0.4116324435630553,1.229398132905556,0.5417632459441158,wave1,0.511470985763761,0.1822819516953271,1.8322612620119865,0.5568047437055959,wave2,0.5563705117521089,0.2043778897330392,1.425401048666624,-0.0133292001906306,wave2,-0.1002216601891829,-0.0474374228611644,0.9770239631178848,0.5483402974867767,wave2,0.5676187663754498,0.4038614934227996,1.2263954922533278,0.5814525302206169,wave2,0.4878988874611743,0.4511095705446917
ebaee9de3b,0.5516670223548814,-0.3110002845821558,wave1,-0.3437107357116018,-0.1391940403022664,-0.3431896881513977,-0.0840150130951057,wave1,-0.1172199221786843,-0.2216658852957159,0.4103175848846254,-0.1211500585045582,wave1,0.0139360971310139,0.0238772619850545,0.0782405775118678,0.0992440692495226,wave1,0.0771239615867238,0.0939815865432702,0.6979188205246644,-0.222524004500533,wave2,-0.4447203178142616,-0.0943619609913961,-0.1543654279305006,-0.151774034716332,wave2,-0.340110522838822,-0.3529735184236852,0.987015923383426,-0.0589643874977886,wave2,-0.155355367150524,0.4070696121020044,1.0584208163762148,-0.0053716487080879,wave2,0.0007471637315616,0.4394981482241981
ecb04a3998,-1.8731103493738908,0.3679660448939701,wave1,-0.0079636878218642,0.351100188129035,-1.0019972041531882,0.408722985949792,wave1,0.283315743791682,0.4266078266344335,-2.1077551410163835,0.4474301285412041,wave1,-0.0149081747650696,0.2078947622684337,-1.0184194999164122,0.8298953989548195,wave1,0.5446432731797661,0.5321674672599341,-1.0283609826374238,-0.0328859547942308,wave2,0.2460075793379339,0.1085836452480595,-1.4479697534240463,0.0673440888435408,wave2,0.1176149699397322,0.1424303076620323,-0.9578287892291562,0.1886777171876639,wave2,0.1633841850086508,0.1288217524917689,-0.8555375765207653,0.1340564054505058,wave2,0.5061783645004789,0.2687311932424508
ed0c65f112,-0.4116717663517571,0.1712800902453002,wave1,0.3225667056188832,-0.068654452290535,0.1385319218332603,0.342916628109116,wave1,0.3782699345697216,0.1749974306316701,-2.7265033883724854,0.1519458067374215,wave1,0.330018235427455,-0.2203138742254402,-1.6761963736377743,0.269070331384345,wave1,0.2409371801711177,-0.1090114809470375,-0.7172032889703533,0.1737370481051339,wave2,0.4037949675470644,0.0656741498593713,-0.7110046945559588,-0.3622078526001333,wave2,0.1550841060796348,-0.0899537450429224,-0.7835639145676261,0.1439623085688077,wave2,0.3783449228460289,-0.0643114035458471,-1.3558963710397045,0.1048169355003327,wave2,0.3693742344621453,0.0408233816883161
ed5cf7e212,1.1786207190533438,0.4946092998637335,wave1,0.3243679731868307,0.3292076071369019,0.6800904101960255,0.800607775836361,wave1,0.5783002247323619,0.4792086622451708,0.7888489856033862,0.0814481163632119,wave1,0.1125257568669289,0.0662290597592227,0.878178092674881,0.1610215702498864,wave1,0.1278984682288612,0.309928892945612,0.7257437537478361,0.2626544411479905,wave2,0.1827901809598966,0.0912006921906218,1.1587678522006428,0.6607120999166869,wave2,0.6563375588988756,0.3933225421188642,1.0154548475196332,-0.0586266402112385,wave2,-0.0569544555965668,-0.2576475550278241,1.081135047487762,0.0572497580901784,wave2,0.0156092084803588,-0.0915511959448917
ee1f4fdd9c,0.3674726056827822,-0.5222670610989522,wave1,-0.3949173777247929,-0.1063408028932928,0.7541682026553805,-0.5883850482712938,wave1,-0.8473807803553979,-0.4037195019208313,-0.0484923551244352,-0.1236333480967155,wave1,0.0404216169492097,0.2127893135746372,0.4251309164498458,-0.2313577598427686,wave1,-0.0842670624774787,0.168438152418545,0.104820965096099,0.171611955011415,wave2,0.1857299555054845,-0.3906123409086552,0.8487385172427588,-0.3616607348837104,wave2,-0.258216742307972,-0.6371797356584668,0.5642190370942737,0.2651100171126335,wave2,0.2520501097778254,0.1259063773890156,-0.0802492464997551,0.5897759537798852,wave2,0.5143033458907817,0.4413925793193397
ef6aa2e300,1.267299042914999,0.0215643532640963,wave1,0.1626884652394586,-0.5541417875224508,1.0124816275970197,0.3887877629035712,wave1,0.4217619385206124,-0.0194722492396199,1.4842464301275455,0.0066167742376228,wave1,0.075022943091948,-0.4647138849954102,1.5435082604958077,0.1775974690116418,wave1,0.1429190354342754,-0.3330104999253499,0.8147452172031411,-0.3708691675313451,wave2,-0.2009855725766236,0.2325889074045068,0.6617142682877133,0.19095895707957,wave2,0.2646173958240898,0.3471921251925098,0.8835074419063748,-0.3716717064019399,wave2,-0.1958407685690339,-0.0167169405771361,0.94677696770137,-0.0998622518816293,wave2,0.0973555157273872,0.3961495860027043
efacffa04d,1.223094246551366,0.5367302168209505,wave1,0.5173574230434879,0.8820412078186122,1.1936725868907327,0.5079016230201389,wave1,0.3458848223726368,0.6308424227429626,0.1121998038283093,0.5025979155000526,wave1,0.4800921411413716,0.600092061870982,-0.077011135652875,0.208424981054131,wave1,0.2095201168168545,0.3585344811397319,0.6192840810643979,0.2221963905825608,wave2,0.3408276421463454,0.059651165156854,0.630809013371279,0.3144412584224313,wave2,-0.0375458631425839,0.3292406633191461,0.7195999948926086,0.0723195844196509,wave2,0.2834162953094841,0.1578821536293449,0.6196252166954148,-0.0403340365977682,wave2,0.0058894460837251,-0.1031858963970708
efc9027703,-0.1242557726219232,0.7140779374299224,wave1,0.8544799437820452,0.7704183266781357,-2.263450202789769,0.4707014192140124,wave1,0.7178921932129914,0.4088082236148271,0.1048538823680874,0.828382974468143,wave1,1.0361749965711755,0.8961361107815495,0.9158424613375444,0.6300574802213661,wave1,0.7167806238382513,0.7965413142484299,0.101912548173631,0.9843125343858448,wave2,0.686499326183341,0.3410322323816761,-1.73595880355151,0.443543661394389,wave2,0.4850773330815969,0.4210350971847343,0.0115733202844329,1.0808838019653084,wave2,1.0443673681682295,0.6342937633666155,1.021232814627574,0.7560778207565728,wave2,0.730296485048803,0.5469434598867258
f19261b7cf,0.4455017066543169,-0.2872099000477182,wave1,0.2820070356158075,-0.118173904696232,-2.260356797851577,-0.7379332632143938,wave1,-0.5706979299226025,-0.7241239308469871,0.3831270545724705,0.1044009951800857,wave1,0.3550470297676023,0.2811320514817603,-0.8544068605819595,-0.2014494072266579,wave1,0.1452630790648648,0.1403064869462102,-0.6405427421766999,0.1242847871791907,wave2,0.1912766986876113,0.3952700780247851,-1.73985807193384,-0.6009761346147782,wave2,-0.4188652470621972,-0.332258961869845,-0.4445546804029455,0.2737545808495987,wave2,0.4262752116957731,0.4602808015941024,-0.6635864632240273,0.1553954314014807,wave2,0.1824349262027085,0.2060081701482734
f25a9bf5b2,-0.8004185780640504,-0.1801871324502535,wave1,-0.2986173211867156,-0.0776311042292419,-1.1335194050718618,-0.21044632492042,wave1,-0.2441512259996425,0.0139495369938256,0.0455867444651565,0.3742086360053027,wave1,0.2435408961368803,0.284595989300674,0.4560965070926425,0.5330775207682644,wave1,0.6540177405101794,0.6926235716023766,-0.1536785706247566,-0.3862117321658194,wave2,-0.4813462716787393,-0.0554828347973042,-1.9098989133710609,-0.5458589215944953,wave2,-0.6616576528266314,-0.0770017627190022,0.0642995756637113,-0.1223128094738663,wave2,-0.2267949476554662,0.2919024419351885,0.387400324269448,0.358194808517929,wave2,0.2165584380462942,0.7292739309031128
f3682c37fa,-0.1350726508509649,0.7135338908823603,wave1,0.4567425202971531,0.2040201829619365,0.307706108642805,0.7465645570352006,wave1,0.8105114305365124,0.6401523216016549,-0.3898456089070192,0.5808239648351124,wave1,0.3502403791937741,0.1724732167410151,-0.3401983117612322,0.3124145268099397,wave1,0.1043039953316578,-0.1841085734348432,0.3911366818362784,-0.0919070412762885,wave2,0.3054118838892838,0.0311491889276829,1.1256407923933816,0.2041535949078332,wave2,0.4362937611179103,0.3303289797970341,-0.2373838215130992,0.0682999824429307,wave2,0.4357349198214845,0.1745764199558369,0.3545682372938085,0.3107302640280798,wave2,0.3364240561550229,0.079705469987553
f40c72ae7e,-0.2286839686014563,-0.1237638435406378,wave1,0.1965261291470226,-0.2866918189754728,-0.0137540763070902,-0.3333331118415841,wave1,-0.1794515093360487,-0.6777411128090383,0.8493602325085247,0.3683222432182193,wave1,0.4194848960094334,0.092334191416804,0.3611241909901178,0.3664538168089365,wave1,0.2637185269381957,-0.2204299508102839,-0.0367659380437658,0.2170685572787631,wave2,0.3823319106638478,0.2865150172600128,-0.537105517249635,-0.2781355914621199,wave2,-0.1368835562802379,-0.2709156065749645,0.9211292081335644,0.5936670921746305,wave2,0.7066906991281388,0.7178378350875956,0.0921476299329631,0.4832511090218273,wave2,0.572075447204537,0.5167565420550352
f64b1b4202,0.0619501681021813,-0.2715737603430928,wave1,0.6675857885691483,0.5244267733953125,0.3909626018418252,-0.4352628489617003,wave1,0.045358508138761,0.0234030223673218,1.3658287846310406,0.4758574335385186,wave1,0.90030675202013,0.5569193357415994,0.1168569467734563,0.3462734859485104,wave1,0.779594094564318,0.3528345206525469,0.0256166674815195,0.5060817512603009,wave2,0.1130602850730146,-0.0095090125081005,-0.0922067955598745,0.0885007762132201,wave2,-0.1280703851252855,-0.1744241238343482,1.2765963791234942,0.5140429061345564,wave2,0.1767124115399674,0.2233858932217407,1.336315098046209,0.538302304889426,wave2,0.0195192656578848,0.0690321916298644
f6a6665561,1.4158425081701709,0.8634960204074618,wave1,0.7012901751887821,1.1329621600758688,1.4212134684993196,0.5992533244916189,wave1,0.5059855067659593,0.8355550684987163,1.1688270529369436,0.5579723501910969,wave1,0.1802269811470206,0.6931621155350107,0.7489621475299781,0.1872583181952462,wave1,0.0493400946729917,0.5111734595489531,2.303708686002948,0.6053867343369139,wave2,0.5882623154437814,0.6523494448519542,1.5166292043978613,0.5588304650608746,wave2,0.8276065867144431,0.9114904620738646,1.6020281265315428,0.1907720099263052,wave2,0.1650810787495792,0.2766940039801772,1.1844672233697466,0.0656880546605395,wave2,0.0847382795802588,0.3986092777225717
f7752a1bde,0.1986692572421522,-0.1671446451668792,wave1,-0.3972312468993617,-0.9190151513518512,0.4214057333733369,0.1675655198577469,wave1,0.3508917759248994,-0.2776335646234104,0.697997858346044,0.0885468440739564,wave1,-0.3652681277492077,-0.5048790499921717,0.7309727518017062,0.1366233186147582,wave1,0.0758817636887596,-0.2549111302821734,0.6722202274522856,0.1259729926436035,wave2,0.233131134367386,0.2187404234727863,0.0096172929404265,0.4172064436597785,wave2,0.4303016814261503,0.628326956975248,1.556039672588519,0.1109091840412371,wave2,0.2346218976124684,0.2979006557080578,1.238478815549763,0.291859609381257,wave2,0.3243493198537507,0.2627045398108282
f79d33f18d,0.0907864053356735,0.4382186422182588,wave1,0.8536297086985163,0.8901037696205865,-1.9372457785848,0.5529969735335492,wave1,0.6609425045887951,0.7499409665848336,-0.3945520941651982,0.610718058785064,wave1,0.7850352074787674,0.7480651197992867,-0.0215246927197466,0.1320220717667677,wave1,0.3509369942686118,0.2818103035475316,0.5385004006138123,0.7281380511850861,wave2,1.1164052205242851,0.5674869433186533,0.2061972431270813,0.5623058461826704,wave2,0.5657716827140034,0.610090678969712,-0.0622901176300351,0.6078217883501058,wave2,1.0388101480365732,0.4680655413716048,0.5145263088357614,0.1787211775717869,wave2,0.5053582527145681,-0.0085512464534507
f9839e79d2,-3.0829145914391263,-0.3903172222236652,wave1,-0.1557683921029129,-0.6175123915980332,-0.9007039287665013,-0.4996684013154381,wave1,-0.5396654891195874,-0.7399596937032148,-1.4797119915645929,-0.1121305249319448,wave1,-0.0396764126362467,-0.2461396715998407,-2.1286566690402724,0.4062973336536839,wave1,-0.2205259090724112,-0.4707869316335034,-1.1624514174273402,-0.0772035883734822,wave2,-0.2658713439665261,-0.2082883908934563,-1.119343849282544,-0.0836965242648429,wave2,-0.2519706870455761,-0.0646100605301703,-0.4857485090218476,0.1421223076359019,wave2,-0.0164433621041319,0.1504529412284541,-1.0970821867175216,-0.1046533458985596,wave2,-0.1739281055923778,0.0873697768175041
fa5579e04b,-0.9574063282563376,0.2690854697044473,wave1,0.6355023726863522,-0.5701092073173255,-2.3300324706099707,0.4620629062976185,wave1,0.8391530989085749,0.2991674905240178,0.0658821540460925,0.3872811092763351,wave1,0.4416350391880115,-0.5818043782875362,0.565585265794064,0.4719932882892075,wave1,0.6811154577913223,-0.6726597072274192,-1.0001216368786554,0.1057836228742239,wave2,0.0034895475971361,-0.5818665626811894,-2.8766090324146947,0.1940146728868412,wave2,0.2776102364218069,-0.1625577617836564,0.122402734735481,0.3493807955411869,wave2,0.2128220800666949,-0.4012979594015367,0.1835820932456483,0.7138704132200826,wave2,0.5568516170940683,-0.5039234209312067
fb5094f9be,1.115175406790163,0.4095000253545664,wave1,0.1969717170935343,0.2062693833759601,0.8285876350486829,-0.3023996127129009,wave1,-0.2860402438449825,-0.2604628134535141,0.8784397326744848,0.2169222897900528,wave1,0.0777955939063331,-0.0191921520664067,0.1931544349346694,0.3415734581674448,wave1,0.1608055381998819,0.0976557552120165,0.749528158203966,-0.0399402414897722,wave2,0.148854046766675,-0.0432932919580335,0.673660842177858,-0.66695381441199,wave2,-0.5234292052474145,-0.3884030114584902,0.8870385475236904,-0.1440509851887464,wave2,-0.1636068459632395,-0.1116858655338227,0.3628908990034858,-0.1305965208047434,wave2,0.0354892951492576,-0.0449085870921707
fbc2d6f448,0.6326899073463349,-0.002741015888886,wave1,0.3865773468156814,-0.1078300645972683,-1.2093530549493523,-0.5586171705153983,wave1,0.1325332448783646,-0.2284417269255688,0.2204767762481091,0.436802655722057,wave1,0.3681939329360408,0.1059686616546089,-0.4502504314841475,0.168383513302621,wave1,0.2279829981236159,-0.1837732602480104,1.2045561834406593,0.718490354246164,wave2,0.3793401139167307,0.5993445151324224,-1.685410708366217,0.3925304045745456,wave2,0.0184015240576641,0.0204272827793342,0.7517148218795342,0.5733155658032019,wave2,0.4068844313986053,0.4784622380147538,-0.3674827533649283,0.4746866072626956,wave2,0.1583487699261214,0.2067421975573398
fbdafd951f,0.5132166534874771,-0.1548913534263698,wave1,-0.620600844683046,-0.0347139992016189,-0.700051973470455,-0.230706452230152,wave1,-0.5037399008263237,-0.2291884048907269,-0.5305780904789363,-0.0955614103785666,wave1,-0.4379892006853598,0.1335856671021733,-0.980038592992286,0.0448198761009797,wave1,-0.2561277760771187,0.4185511510971996,0.9735082149027472,0.1561031804078949,wave2,-0.4438506899714809,0.4991885516179792,-0.7561673777487715,-0.2497263223774637,wave2,-0.4821789998221253,0.1991489338181553,0.1617145990195991,0.2697587112468611,wave2,-0.0943290102310931,0.6405662604740183,-0.7206978855798192,0.3032089277798278,wave2,0.1148477987661583,0.5321532446701274
feccc75c1f,-0.3241492235248,0.4567962024560676,wave1,0.8809656954038032,0.8543755790969998,-0.6004682546602311,0.0151763624100719,wave1,0.3334326931745418,0.1471426356189459,1.2924638474908057,0.5900816151519328,wave1,1.0962901406308128,0.9495713703732138,1.4461443608802644,0.4604445086007993,wave1,0.7802139077861472,0.6340695564128691,-0.4840265582308958,0.8474188919515999,wave2,0.7160946850372008,0.5469465496800305,-1.929824165999431,0.2669020082343601,wave2,0.1095750793623143,0.3475599913444734,1.2391314076945863,0.8218850150848367,wave2,0.951220446981303,0.616965864518306,1.1304210440675388,0.6472322285055585,wave2,0.8124691757643141,0.6985337723040173
ff30c563d8,-1.0112616721568664,0.2439348688381801,wave1,0.0470345439055377,-0.1908107968988004,0.1521215726649321,0.3464251242473266,wave1,0.2392845829212277,0.2666882808424047,-2.07968532865113,-0.1357978976159704,wave1,-0.1700693898883556,-0.2859902449319254,-0.1983566381141205,-0.0066146387789691,wave1,-0.0911405778564366,-0.1115986674779953,-1.636731681074075,0.2393399515130878,wave2,-0.0938368138783414,0.0907352624965776,-0.6584007363313186,0.1844263274364919,wave2,-0.1714534533344553,-0.0934784303021065,-2.6352785445810354,0.0437711384897381,wave2,-0.2694725631848969,0.029814607355719,-1.4088950376866174,-0.0149059144876559,wave2,-0.1668756493898841,0.1448477850373915
